duration,event,X_CEM_Historico,X_DOE,X_DMU_Actual
1,0,46.33333333333333,21.166666666666668,8.0
2,0,2.9537037037037037,44.166666666666664,0.0
3,0,1.9027777777777777,11.666666666666666,0.0
2,0,7.773412698412699,40.041666666666664,0.0
2,1,1.4083333333333332,55.708333333333336,11.0
1,0,3.5000000000000004,16.208333333333332,0.0
2,1,1.0476190476190477,55.208333333333336,254.0
1,0,2.094973544973545,49.541666666666664,0.0
2,0,2.407407407407408,31.416666666666668,0.0
1,0,1.8477777777777777,60.875,66.0
3,0,3.248677248677249,72.91666666666667,70.0
3,0,2.916666666666667,34.291666666666664,0.0
1,0,3.087037037037037,32.458333333333336,0.0
3,0,1.1412698412698412,47.333333333333336,0.0
4,1,33.737037037037034,47.25,0.0
2,0,10.666666666666668,26.916666666666668,11.0
3,0,2.1930555555555555,75.75,0.0
4,0,1.3333333333333333,43.208333333333336,0.0
6,0,2.473346560846561,72.5,0.0
1,1,5.5,14.166666666666666,0.0
2,0,1.027777777777778,34.125,0.0
2,0,3.6423280423280424,52.791666666666664,0.0
4,0,3.9,34.958333333333336,0.0
1,0,0.0,12.041666666666666,0.0
3,0,0.0,37.166666666666664,0.0
2,0,13.833333333333334,24.25,19.0
1,0,6.666666666666667,17.083333333333332,0.0
3,0,42.833333333333336,21.708333333333332,0.0
2,0,7.388888888888889,27.708333333333332,0.0
2,0,0.0,18.833333333333332,0.0
2,0,1.9506613756613755,45.125,0.0
1,0,7.055555555555555,22.166666666666668,5.0
2,0,2.39,51.916666666666664,12.0
1,0,2.2486111111111113,45.791666666666664,0.0
1,0,1.5,30.041666666666668,0.0
2,0,1.4277777777777778,37.291666666666664,0.0
6,1,2.462037037037037,58.416666666666664,0.0
1,0,19.0,24.166666666666668,10.0
1,0,5.9111111111111105,40.916666666666664,0.0
2,1,1.916666666666667,25.666666666666668,0.0
2,0,1.079047619047619,31.5,0.0
2,0,3.95,48.125,0.0
3,0,5.305555555555555,31.916666666666668,0.0
2,0,2.0331443688586543,71.70833333333333,0.0
1,0,11.333333333333332,18.916666666666668,0.0
1,0,5.402777777777779,19.125,0.0
5,0,1.806878306878307,71.29166666666667,0.0
12,0,8.945380629471538,111.20833333333333,0.0
1,0,5.333333333333334,24.708333333333332,0.0
2,0,9.5,23.541666666666668,0.0
4,0,1.9296296296296296,44.458333333333336,0.0
3,0,5.651058201058201,54.75,0.0
6,0,0.0,52.041666666666664,0.0
3,0,8.166666666666666,27.208333333333332,0.0
2,1,4.669444444444444,42.875,0.0
3,0,3.3333333333333335,20.833333333333332,0.0
5,0,5.316666666666666,51.541666666666664,0.0
2,0,6.805555555555555,43.833333333333336,19.0
1,0,6.666666666666666,27.75,0.0
2,0,4.555555555555555,26.5,0.0
1,0,2.666666666666667,19.416666666666668,0.0
5,0,2.830793650793651,55.416666666666664,0.0
4,0,1.612962962962963,39.333333333333336,0.0
1,0,14.347222222222221,18.291666666666668,0.0
1,0,1.1111111111111112,11.75,0.0
1,0,0.0,11.583333333333334,0.0
2,1,2.388756613756614,70.25,0.0
4,0,2.674074074074074,41.333333333333336,0.0
3,0,4.890873015873016,44.916666666666664,0.0
2,0,1.555952380952381,66.91666666666667,0.0
3,1,14.256944444444445,42.708333333333336,0.0
1,0,26.0,9.041666666666666,0.0
1,1,2.8981481481481484,46.583333333333336,0.0
5,0,2.556031746031746,51.958333333333336,0.0
5,0,2.3333333333333335,50.541666666666664,0.0
4,0,0.74,63.625,0.0
1,0,34.22222222222222,30.958333333333332,0.0
3,1,39.44444444444444,36.083333333333336,29.0
1,0,2.925925925925926,28.208333333333332,0.0
2,0,11.333333333333332,17.25,0.0
1,0,8.416666666666668,24.833333333333332,2.0
3,0,0.0,33.5,0.0
3,0,1.1111111111111112,7.708333333333333,0.0
6,0,1.6230158730158732,61.75,0.0
1,1,16.0,50.958333333333336,0.0
1,0,2.519285714285714,44.458333333333336,0.0
1,0,11.333333333333332,28.083333333333332,0.0
2,0,2.462962962962963,30.041666666666668,0.0
3,0,4.964417989417989,58.791666666666664,0.0
2,0,0.9277777777777779,46.208333333333336,0.0
2,0,3.0999999999999996,25.166666666666668,43.0
1,0,29.666666666666668,0.0,0.0
1,0,97.8888888888889,22.333333333333332,0.0
4,0,68.08333333333334,35.75,0.0
2,0,0.0,19.625,0.0
1,1,0.9091080876795162,81.08333333333333,0.0
2,0,63.5,14.791666666666666,70.0
2,0,8.986111111111112,41.416666666666664,0.0
2,1,3.7415343915343917,69.04166666666667,0.0
3,0,0.8333333333333334,33.708333333333336,0.0
3,0,0.0,24.166666666666668,0.0
2,1,9.833333333333334,32.5,0.0
3,0,4.125947971781305,81.33333333333333,11.0
2,0,2.9629629629629632,44.458333333333336,0.0
3,1,6.166666666666667,39.625,0.0
1,0,3.0821428571428573,45.708333333333336,0.0
2,0,3.6944444444444446,39.041666666666664,0.0
2,0,12.666666666666668,22.75,0.0
2,0,130.0,15.333333333333334,0.0
3,0,10.06111111111111,74.16666666666667,0.0
1,0,7.583333333333334,29.291666666666668,0.0
2,0,29.944444444444443,33.416666666666664,0.0
1,0,203.0,22.791666666666668,0.0
1,0,9.666666666666668,29.166666666666668,0.0
2,0,3.5,21.333333333333332,0.0
1,0,40.38888888888889,50.541666666666664,25.0
5,1,4.625,18.083333333333332,0.0
1,0,26.12962962962963,37.625,0.0
2,1,43.666666666666664,32.875,0.0
3,1,17.402645502645502,54.666666666666664,0.0
3,0,33.333333333333336,26.0,0.0
4,0,2.4074074074074074,0.2916666666666667,0.0
4,0,0.4955555555555556,72.95833333333333,0.0
3,0,8.555555555555555,28.375,0.0
4,1,26.037037037037035,44.625,0.0
1,0,9.637619047619047,55.875,0.0
2,0,5.943333333333333,50.708333333333336,54.0
2,0,103.4,42.833333333333336,0.0
2,0,19.12962962962963,34.333333333333336,0.0
1,1,11.555555555555555,44.375,31.0
2,0,11.333333333333332,7.875,0.0
1,0,106.0,10.041666666666666,11.0
2,0,12.340277777777779,31.458333333333332,0.0
1,0,2.5,16.333333333333332,0.0
2,1,3.6666666666666665,41.958333333333336,202.0
2,0,4.0,14.416666666666666,0.0
1,1,12.518518518518519,33.75,0.0
1,0,25.5,40.0,0.0
1,0,57.99999999999999,12.708333333333334,0.0
1,1,2.077970177970178,110.33333333333333,0.0
3,0,45.5,24.0,0.0
2,0,31.333333333333336,18.916666666666668,0.0
3,0,4.138888888888889,37.0,0.0
3,0,16.944444444444446,3.9166666666666665,86.0
3,1,12.833333333333334,1.875,0.0
1,0,4.911111111111111,37.083333333333336,0.0
2,1,7.12037037037037,39.958333333333336,30.0
2,1,3.953205524634096,67.70833333333333,0.0
2,0,33.77777777777778,20.333333333333332,0.0
6,0,5.08587274548813,126.125,0.0
1,0,254.0,23.666666666666668,0.0
7,0,6.593178382464097,113.875,0.0
2,0,10.13888888888889,61.875,0.0
4,0,26.52777777777778,43.958333333333336,0.0
2,0,6.0,64.16666666666667,0.0
1,0,4.75,60.375,23.0
3,0,25.666666666666664,29.458333333333332,97.0
4,0,11.370370370370368,35.333333333333336,0.0
2,1,2.3666666666666667,75.29166666666667,0.0
4,0,8.738888888888889,69.75,42.0
2,1,4.0,36.833333333333336,29.0
1,0,203.5,21.541666666666668,0.0
3,0,28.333333333333332,47.0,0.0
2,0,1.4722222222222223,63.666666666666664,14.0
2,1,2.4583333333333335,76.95833333333333,3.0
2,0,9.541666666666666,50.666666666666664,16.0
1,0,18.333333333333332,48.083333333333336,0.0
2,0,18.215277777777775,68.16666666666667,0.0
2,0,3.6319444444444446,35.458333333333336,0.0
1,0,11.703703703703704,29.791666666666668,0.0
1,0,4.320833333333333,55.791666666666664,0.0
2,1,6.0,42.875,106.0
1,1,13.925925925925926,55.375,69.0
1,1,14.000000000000002,47.291666666666664,0.0
1,0,151.0,19.5,0.0
2,1,0.0,42.458333333333336,9.0
4,0,80.11111111111111,46.208333333333336,0.0
2,0,0.0,2.0416666666666665,0.0
2,0,4.115555555555555,28.541666666666668,0.0
2,0,6.0,16.666666666666668,0.0
2,0,10.0,11.291666666666666,0.0
4,0,4.645701058201058,98.0,0.0
1,0,38.24874338624339,85.75,0.0
1,0,3.238095238095238,91.625,0.0
2,0,95.77777777777777,27.916666666666668,0.0
1,0,71.22222222222223,22.166666666666668,0.0
2,1,10.0,26.875,156.0
3,0,180.0,14.875,0.0
2,1,34.333333333333336,61.166666666666664,107.0
4,0,12.869444444444445,65.79166666666667,0.0
1,0,8.0,10.166666666666666,0.0
2,1,356.0,37.166666666666664,36.0
6,0,7.035555555555556,16.5,0.0
3,1,9.833333333333334,53.708333333333336,11.0
2,0,6.833333333333334,28.625,0.0
3,0,102.44444444444444,24.416666666666668,0.0
4,0,19.583333333333336,39.708333333333336,0.0
2,0,4.888888888888889,53.5,0.0
2,0,113.66666666666667,18.125,0.0
7,0,21.421296296296294,68.33333333333333,0.0
3,0,106.83333333333333,11.166666666666666,0.0
3,0,33.333333333333336,21.75,0.0
5,0,0.5333333333333334,37.333333333333336,0.0
1,0,64.0,12.416666666666666,0.0
3,0,11.088888888888889,45.5,0.0
2,0,2.4722222222222223,50.916666666666664,0.0
2,0,8.31984126984127,61.916666666666664,0.0
2,0,3.4208333333333334,54.458333333333336,0.0
6,0,8.26031746031746,84.91666666666667,0.0
2,1,26.333333333333332,58.125,153.0
3,0,6.333333333333334,28.458333333333332,0.0
3,0,1.5833333333333335,20.458333333333332,0.0
1,0,32.833333333333336,22.208333333333332,0.0
3,1,26.708333333333332,37.0,0.0
2,1,60.07777777777778,52.75,0.0
2,0,33.666666666666664,15.875,0.0
1,0,9.569444444444443,44.291666666666664,0.0
2,0,162.83333333333334,22.208333333333332,0.0
3,0,32.736111111111114,38.416666666666664,0.0
1,0,0.0,9.0,0.0
1,0,35.0,27.0,0.0
5,0,48.893518518518526,54.25,0.0
3,0,13.333333333333334,19.791666666666668,47.0
1,0,9.75,24.791666666666668,0.0
1,1,0.0,18.875,135.0
1,0,0.0,15.583333333333334,0.0
4,1,1.777777777777778,37.0,19.0
6,0,14.534391534391535,50.041666666666664,72.0
1,0,127.16666666666667,17.708333333333332,10.0
5,0,5.541666666666667,42.791666666666664,0.0
5,0,6.5738095238095235,70.875,0.0
6,0,73.1888888888889,53.083333333333336,0.0
4,1,8.804285714285713,69.45833333333333,5.0
1,0,50.44444444444446,27.75,0.0
2,0,31.666666666666668,25.333333333333332,7.0
2,0,142.0,16.208333333333332,0.0
1,0,44.666666666666664,17.583333333333332,0.0
1,0,139.79166666666666,38.541666666666664,7.0
3,1,6.666666666666667,33.5,0.0
2,0,4.0,12.875,0.0
3,0,54.77777777777778,34.833333333333336,0.0
3,1,105.5,35.666666666666664,0.0
1,0,72.0,12.958333333333334,0.0
1,1,12.333333333333334,32.458333333333336,0.0
3,1,223.33333333333337,24.041666666666668,0.0
2,1,6.05,64.875,0.0
5,0,4.236111111111111,31.958333333333332,0.0
2,0,210.0,13.458333333333334,0.0
2,0,102.0,16.25,0.0
3,0,113.41666666666669,29.125,26.0
3,1,23.666666666666668,24.75,0.0
2,1,20.0,18.458333333333332,0.0
2,0,10.0,13.291666666666666,0.0
3,0,6.583333333333333,17.583333333333332,0.0
5,0,5.861111111111111,42.666666666666664,0.0
2,0,3.3333333333333335,26.875,0.0
2,0,4.0,15.916666666666666,0.0
4,0,112.53703703703705,22.791666666666668,33.0
3,0,9.5,29.625,0.0
3,0,1.3968253968253967,32.583333333333336,0.0
2,0,0.0,0.0,0.0
3,0,1.525,38.291666666666664,0.0
7,0,1.5085537918871255,79.25,0.0
1,0,4.111111111111112,16.041666666666668,8.0
3,0,3.9166666666666665,46.458333333333336,31.0
3,0,1.2000000000000002,10.291666666666666,0.0
6,0,2.847010582010582,58.125,55.0
4,0,3.2685185185185186,40.375,18.0
2,0,3.166666666666667,21.708333333333332,0.0
2,0,25.5,26.666666666666668,0.0
3,0,1.4214983164983166,53.041666666666664,17.0
2,0,6.666666666666667,21.083333333333332,0.0
3,0,1.1587301587301588,35.833333333333336,0.0
2,0,11.666666666666666,18.166666666666668,0.0
6,0,3.8776984126984124,60.583333333333336,0.0
2,0,0.0,9.833333333333334,0.0
3,0,0.4583333333333333,21.625,0.0
2,0,2.2222222222222223,16.25,0.0
5,0,1.4069444444444446,36.75,0.0
4,0,5.412962962962962,37.916666666666664,43.0
2,0,3.3333333333333335,7.0,0.0
2,0,3.3888888888888893,26.5,0.0
9,0,0.4623015873015873,80.91666666666667,0.0
7,0,1.7145061728395061,57.791666666666664,0.0
2,0,0.0,21.625,0.0
2,0,6.333333333333334,21.208333333333332,0.0
3,0,3.3333333333333335,31.25,0.0
3,0,1.5694444444444444,38.333333333333336,0.0
1,0,1.1447330447330448,71.20833333333333,0.0
7,0,3.4210317460317463,75.875,22.0
5,0,3.0944444444444446,29.458333333333332,0.0
11,1,0.5183333333333333,41.875,0.0
1,0,6.666666666666667,16.666666666666668,0.0
4,0,28.240740740740737,37.958333333333336,0.0
2,0,6.666666666666667,25.916666666666668,0.0
2,0,0.0,17.583333333333332,0.0
3,0,5.0,33.833333333333336,0.0
6,0,1.7785493827160492,64.29166666666667,0.0
3,0,0.0,34.541666666666664,0.0
4,0,3.268518518518519,31.5,50.0
3,0,1.9722222222222223,35.666666666666664,0.0
3,0,0.0,30.25,0.0
5,0,1.806746031746032,55.666666666666664,0.0
4,0,2.4277777777777776,0.0,0.0
2,0,5.166666666666667,29.875,0.0
7,0,1.3939531368102798,78.04166666666667,0.0
1,0,1.5723815536315537,79.33333333333333,0.0
1,0,3.265079365079365,47.333333333333336,0.0
1,1,2.82037037037037,46.416666666666664,0.0
3,0,1.3055555555555556,34.708333333333336,0.0
4,0,3.034920634920635,38.25,0.0
1,0,4.477777777777778,35.041666666666664,0.0
6,0,1.9493121693121693,62.916666666666664,61.0
3,1,3.7777777777777777,34.416666666666664,0.0
3,0,2.7777777777777777,34.541666666666664,0.0
1,0,2.166666666666667,25.75,0.0
4,0,2.925925925925926,36.958333333333336,0.0
3,0,0.6944444444444444,26.708333333333332,0.0
1,0,2.3871882086167804,75.45833333333333,0.0
3,0,4.444444444444445,40.458333333333336,0.0
6,0,2.7188888888888885,51.041666666666664,0.0
5,0,29.02777777777778,46.083333333333336,0.0
5,0,3.3075396825396823,49.125,0.0
5,0,2.066468253968254,54.125,0.0
3,0,4.5,42.875,7.0
2,0,7.0,42.583333333333336,0.0
1,0,7.698611111111111,48.125,0.0
1,0,4.333333333333334,27.5,0.0
1,0,8.333333333333332,23.25,0.0
2,0,3.055555555555556,35.333333333333336,0.0
1,0,2.666666666666667,13.083333333333334,0.0
1,0,6.9444444444444455,22.916666666666668,0.0
1,0,6.0,18.833333333333332,0.0
2,0,6.0,12.375,0.0
3,0,56.666666666666664,54.791666666666664,0.0
4,0,2.2069745069745066,96.16666666666667,0.0
7,0,1.4898067981401315,120.45833333333333,0.0
5,0,2.6388888888888893,5.333333333333333,0.0
3,0,2.6944444444444446,23.666666666666668,0.0
2,0,1.224184545613117,100.54166666666667,0.0
7,0,0.0,6.625,0.0
4,0,3.2888888888888883,42.833333333333336,0.0
7,0,1.9259259259259258,17.166666666666668,0.0
1,0,0.0,21.125,0.0
3,0,9.416666666666668,25.0,22.0
2,0,1.8207936507936509,53.0,0.0
4,0,3.3888888888888893,50.875,0.0
4,0,4.3243386243386235,47.208333333333336,0.0
4,0,5.3,29.125,0.0
2,0,0.16666666666666669,27.25,0.0
2,0,6.5,13.5,0.0
2,0,1.7222222222222223,29.541666666666668,0.0
6,1,7.824126984126984,12.125,0.0
3,0,4.181481481481481,11.583333333333334,0.0
1,0,6.333333333333334,21.083333333333332,0.0
3,0,9.5,31.5,0.0
5,0,3.652777777777778,50.791666666666664,18.0
5,0,6.027777777777778,42.625,0.0
5,0,0.888888888888889,54.958333333333336,0.0
4,0,3.1203703703703702,36.583333333333336,0.0
1,0,0.0,1.2916666666666667,0.0
6,0,2.278888888888889,57.458333333333336,4.0
1,0,6.166666666666667,22.666666666666668,0.0
4,0,4.703703703703704,60.416666666666664,0.0
7,0,1.8335537918871252,86.41666666666667,0.0
4,0,25.11111111111111,33.708333333333336,0.0
5,0,4.5680555555555555,48.666666666666664,0.0
2,0,0.0,17.708333333333332,0.0
3,1,3.738095238095238,36.666666666666664,0.0
7,0,2.1520545591974165,79.375,0.0
6,0,2.726666666666667,67.70833333333333,0.0
1,0,2.2222222222222223,36.708333333333336,0.0
3,0,18.083333333333332,54.0,0.0
3,0,2.0,28.0,0.0
7,0,1.902469135802469,64.29166666666667,10.0
6,0,3.167777777777778,51.458333333333336,0.0
2,0,0.0,27.875,0.0
3,0,6.977777777777777,48.583333333333336,0.0
3,0,7.666666666666666,27.5,0.0
1,0,2.666666666666667,21.958333333333332,0.0
2,0,0.0,11.875,0.0
3,0,7.5,18.291666666666668,8.0
2,0,3.320370370370371,53.208333333333336,0.0
5,0,2.0875,17.833333333333332,14.0
7,0,1.2104875283446712,76.79166666666667,0.0
5,0,1.75,9.5,87.0
1,0,137.0,17.458333333333332,0.0
7,0,2.901851851851852,66.125,0.0
1,0,2.277777777777778,36.291666666666664,0.0
2,0,13.333333333333334,12.166666666666666,0.0
3,0,4.0,27.75,0.0
1,0,13.333333333333334,20.5,0.0
2,0,3.305555555555556,31.75,0.0
1,0,6.222222222222221,41.041666666666664,0.0
5,0,3.904166666666667,51.125,0.0
8,0,3.9806998556998563,92.58333333333333,123.0
4,0,10.75925925925926,35.708333333333336,0.0
2,0,338.0,5.875,0.0
5,0,0.52,47.666666666666664,0.0
1,0,5.555555555555555,48.041666666666664,0.0
5,0,108.16666666666666,50.375,0.0
2,0,16.02777777777778,19.0,0.0
2,1,4.2875,51.041666666666664,0.0
2,0,124.61111111111113,25.5,11.0
4,0,27.092592592592595,27.125,0.0
2,0,6.0,12.5,39.0
3,0,7.805555555555556,30.541666666666668,29.0
3,0,22.25,21.333333333333332,0.0
1,0,7.000000000000001,15.083333333333334,0.0
2,0,63.66666666666667,22.5,0.0
2,0,21.180555555555554,48.75,0.0
3,0,21.666666666666668,70.58333333333333,0.0
2,0,135.83333333333334,40.916666666666664,0.0
2,0,187.5,21.291666666666668,0.0
2,0,6.0,22.833333333333332,12.0
3,0,15.925925925925926,36.708333333333336,0.0
1,0,9.666666666666666,24.416666666666668,0.0
3,0,26.166666666666668,29.666666666666668,0.0
4,0,30.814814814814813,47.291666666666664,0.0
3,0,168.0,20.791666666666668,0.0
2,0,1.6666666666666667,20.791666666666668,0.0
1,0,126.5,27.791666666666668,0.0
1,0,3.1666666666666665,39.166666666666664,65.0
4,0,11.333333333333334,41.458333333333336,0.0
1,0,116.44444444444446,28.083333333333332,0.0
1,0,48.92222222222222,59.25,0.0
3,0,46.77777777777778,36.041666666666664,0.0
3,0,23.666666666666664,42.791666666666664,0.0
1,0,7.552777777777777,48.041666666666664,0.0
7,1,81.26207482993198,89.375,0.0
4,1,28.88888888888889,49.0,80.0
3,0,23.333333333333336,24.708333333333332,0.0
1,0,20.211111111111112,53.875,0.0
2,0,8.277777777777779,67.20833333333333,0.0
5,0,4.022222222222222,57.208333333333336,0.0
1,0,6.0,23.083333333333332,0.0
2,0,24.833333333333332,37.416666666666664,0.0
2,0,207.99999999999997,21.166666666666668,0.0
1,0,10.425925925925926,37.5,0.0
4,0,11.083333333333334,56.875,0.0
2,0,15.981481481481481,34.25,0.0
1,0,3.294066515495087,81.75,31.0
4,1,69.77777777777777,39.625,0.0
3,0,126.33333333333333,17.916666666666668,0.0
7,0,2.0315312993884422,92.20833333333333,0.0
6,0,2.4713227513227514,101.91666666666667,0.0
2,0,19.3,49.791666666666664,0.0
1,0,6.0,14.333333333333334,0.0
2,0,12.769651274651276,115.41666666666667,169.0
3,0,0.8333333333333334,28.291666666666668,0.0
3,0,71.0,21.666666666666668,0.0
2,0,9.333333333333334,0.875,0.0
1,0,204.0,14.083333333333334,0.0
2,0,36.41203703703704,58.958333333333336,0.0
3,0,7.333333333333334,23.625,48.0
2,1,364.0,20.166666666666668,0.0
3,0,100.33333333333333,9.125,0.0
3,0,54.166666666666664,31.041666666666668,0.0
2,0,24.0,12.75,0.0
4,0,105.44444444444444,38.0,0.0
4,0,8.569444444444445,49.333333333333336,0.0
2,0,130.38888888888889,33.791666666666664,0.0
1,0,32.94444444444445,30.25,20.0
1,0,6.462962962962963,46.333333333333336,0.0
1,0,81.0,24.25,0.0
1,0,120.0,18.375,0.0
4,0,10.185185185185185,49.25,0.0
1,0,300.0,1.4166666666666667,31.0
4,0,3.588888888888889,73.33333333333333,0.0
4,0,7.37037037037037,34.875,27.0
6,0,71.05555555555556,51.666666666666664,0.0
2,0,20.333333333333336,27.458333333333332,0.0
1,0,32.0,19.75,0.0
8,0,10.292857142857143,64.25,0.0
3,0,7.159722222222222,52.375,0.0
1,0,48.0,15.5,0.0
4,1,4.533333333333333,54.333333333333336,10.0
2,0,6.361111111111112,42.25,0.0
1,0,12.59259259259259,1.0416666666666667,48.0
3,0,12.402777777777779,37.0,0.0
2,0,2.4722222222222223,55.625,0.0
1,0,30.62962962962963,27.333333333333332,0.0
6,0,11.133333333333333,58.125,0.0
3,0,17.666666666666664,35.041666666666664,0.0
3,0,0.0,13.5,0.0
5,0,17.152777777777775,38.916666666666664,0.0
3,0,21.166666666666664,23.208333333333332,0.0
3,0,6.833333333333333,24.333333333333332,0.0
2,0,54.0,13.458333333333334,0.0
5,0,20.48809523809524,69.875,0.0
5,0,71.11111111111111,40.416666666666664,0.0
2,0,0.0,12.416666666666666,0.0
5,1,67.5,59.625,0.0
1,0,32.0,8.916666666666666,0.0
3,1,2.3333333333333335,52.041666666666664,42.0
1,0,133.0,25.25,0.0
3,0,29.27777777777778,32.958333333333336,0.0
3,0,14.000000000000002,19.0,0.0
3,0,52.666666666666664,21.041666666666668,0.0
2,0,92.83333333333333,22.541666666666668,0.0
2,0,8.666666666666668,25.041666666666668,0.0
4,0,33.763888888888886,44.541666666666664,0.0
1,0,6.0,14.333333333333334,0.0
3,0,60.388888888888886,29.166666666666668,0.0
3,1,95.91666666666667,46.0,67.0
3,0,25.333333333333336,28.333333333333332,0.0
1,0,2.0,31.958333333333332,0.0
2,0,34.0,12.666666666666666,0.0
1,0,0.0,18.125,0.0
3,0,159.5,25.875,0.0
1,0,6.666666666666667,35.958333333333336,0.0
3,0,15.0,25.583333333333332,0.0
1,0,6.0,14.166666666666666,0.0
2,0,14.000000000000002,19.083333333333332,0.0
4,0,36.0,31.5,0.0
1,0,3.555555555555556,38.708333333333336,0.0
1,0,92.66666666666667,20.458333333333332,0.0
3,0,71.0,21.5,0.0
2,0,10.0,12.5,0.0
2,0,7.666666666666667,18.875,0.0
6,0,22.227777777777778,67.75,0.0
2,0,5.583333333333334,27.708333333333332,12.0
2,0,2.0,14.041666666666666,6.0
2,0,8.0,17.0,22.0
1,0,134.83333333333334,12.0,0.0
2,0,24.0,15.791666666666666,0.0
2,0,6.5,28.166666666666668,0.0
2,0,155.66666666666666,23.166666666666668,0.0
2,0,10.0,16.0,0.0
2,0,6.0,14.916666666666666,0.0
2,1,30.0,14.166666666666666,0.0
2,0,0.0,17.333333333333332,0.0
3,0,0.0,2.4166666666666665,31.0
3,0,1.5,12.041666666666666,0.0
3,0,31.037037037037038,35.125,0.0
3,0,5.722222222222222,31.708333333333332,0.0
2,0,0.0,7.833333333333333,0.0
2,0,12.0,12.333333333333334,6.0
5,0,10.277777777777779,34.208333333333336,0.0
2,0,92.81944444444444,43.958333333333336,0.0
1,0,21.5,14.25,0.0
2,0,146.0,5.0,24.0
1,0,7.833333333333333,22.833333333333332,0.0
1,0,24.0,12.708333333333334,0.0
1,0,8.0,13.666666666666666,0.0
2,1,14.000000000000002,2.2916666666666665,0.0
2,0,366.0,15.708333333333334,0.0
2,0,0.0,8.875,22.0
2,1,25.666666666666668,28.083333333333332,26.0
2,0,0.0,11.375,0.0
1,0,80.0,4.0,0.0
4,0,8.740740740740742,38.708333333333336,0.0
4,0,4.605555555555556,56.833333333333336,0.0
9,0,1.2459265271765272,94.83333333333333,123.0
5,0,24.055555555555557,57.125,0.0
1,0,6.027777777777777,28.583333333333332,0.0
4,0,1.6040564373897708,40.541666666666664,0.0
6,0,2.971340388007055,60.666666666666664,0.0
2,0,1.5833333333333335,28.083333333333332,0.0
5,0,1.8777777777777778,51.333333333333336,0.0
1,0,4.444444444444445,16.166666666666668,0.0
2,0,1.2365410052910053,49.25,0.0
7,0,1.334388142721476,65.16666666666667,0.0
1,0,7.472222222222222,16.541666666666668,9.0
4,0,2.4407407407407407,39.5,0.0
3,0,2.825,32.666666666666664,15.0
2,0,1.1666666666666667,25.625,0.0
1,0,1.1666666666666667,24.25,4.0
2,0,0.8222222222222223,33.458333333333336,0.0
3,0,3.680555555555556,23.458333333333332,0.0
2,0,1.9152813852813853,50.791666666666664,0.0
5,0,0.46279761904761907,48.75,0.0
1,0,2.2666666666666666,24.25,0.0
2,0,2.525,30.625,0.0
4,0,4.009259259259259,41.458333333333336,0.0
1,0,6.166666666666667,21.041666666666668,0.0
2,0,3.375,56.041666666666664,0.0
2,0,6.666666666666667,22.041666666666668,0.0
4,0,1.488888888888889,46.375,1.0
4,0,2.0264550264550265,46.958333333333336,0.0
4,0,1.8629629629629632,36.333333333333336,0.0
5,0,4.387059082892416,59.666666666666664,0.0
4,0,1.351587301587302,41.25,0.0
3,0,3.7638888888888893,31.625,0.0
1,0,3.6944444444444446,37.041666666666664,0.0
4,0,1.701851851851852,42.166666666666664,0.0
2,0,6.5,23.916666666666668,0.0
2,0,5.342592592592593,46.083333333333336,0.0
3,0,4.772222222222222,42.458333333333336,0.0
3,0,3.1666666666666665,25.708333333333332,14.0
6,0,2.394444444444445,108.625,0.0
1,0,3.2222222222222223,31.0,0.0
2,0,1.0,17.75,0.0
3,0,1.9722222222222223,39.916666666666664,0.0
4,0,2.7370370370370374,50.333333333333336,0.0
7,0,3.9722222222222228,60.291666666666664,0.0
3,0,5.888888888888888,53.416666666666664,0.0
5,0,1.6423809523809525,67.20833333333333,0.0
1,0,4.666666666666667,24.083333333333332,0.0
3,0,1.9621031746031745,74.91666666666667,0.0
2,0,13.333333333333334,11.833333333333334,0.0
5,0,5.222222222222222,42.541666666666664,0.0
3,0,10.5,15.25,0.0
3,0,4.798110355253213,81.41666666666667,82.0
2,0,4.416666666666666,28.041666666666668,0.0
2,0,0.8333333333333334,24.458333333333332,24.0
7,0,6.190740740740741,57.0,0.0
2,0,0.0,7.916666666666667,0.0
5,0,2.819727891156463,79.04166666666667,0.0
1,0,6.166666666666667,28.916666666666668,0.0
3,0,3.111111111111111,27.166666666666668,0.0
5,0,3.354852975307521,125.5,0.0
2,0,4.313492063492064,74.66666666666667,0.0
1,0,9.166666666666668,22.541666666666668,0.0
2,1,7.0555555555555545,44.458333333333336,0.0
6,0,4.953703703703703,64.58333333333333,43.0
2,0,5.665277777777779,68.41666666666667,0.0
1,0,2.0,10.166666666666666,0.0
1,0,114.00000000000001,24.791666666666668,0.0
3,1,28.722222222222218,35.166666666666664,0.0
1,1,5.333333333333334,21.708333333333332,0.0
4,0,7.777777777777778,45.208333333333336,0.0
2,1,18.25925925925926,33.916666666666664,0.0
2,0,190.66666666666666,24.041666666666668,0.0
4,0,18.328703703703706,61.25,0.0
2,0,71.0,3.7083333333333335,0.0
3,0,23.203703703703706,32.458333333333336,45.0
2,0,156.0,18.125,0.0
2,0,2.0,17.0,0.0
2,0,0.0,4.0,0.0
1,0,33.22222222222222,29.458333333333332,0.0
5,0,36.44444444444444,41.666666666666664,0.0
1,0,48.0,19.625,0.0
1,0,7.322222222222221,60.166666666666664,0.0
2,0,46.0,15.5,7.0
3,0,4.0,20.791666666666668,0.0
3,0,2.0634920634920637,43.833333333333336,0.0
4,0,2.015873015873016,44.583333333333336,0.0
1,0,0.6625000000000001,41.958333333333336,0.0
1,0,1.8333333333333335,31.125,0.0
3,0,1.888888888888889,23.541666666666668,0.0
2,0,3.0833333333333335,21.166666666666668,0.0
2,0,3.3333333333333335,19.833333333333332,0.0
2,0,0.0,9.541666666666666,0.0
1,0,2.218999518999519,76.375,0.0
6,0,2.601269841269841,59.0,15.0
1,0,1.5836309523809524,45.458333333333336,0.0
4,0,1.4347442680776012,37.833333333333336,0.0
2,1,0.0,18.666666666666668,0.0
1,0,2.0634920634920637,29.75,0.0
3,0,1.8384126984126987,58.875,58.0
4,0,1.9266666666666665,61.541666666666664,0.0
1,0,2.0,21.041666666666668,0.0
4,0,0.5535714285714286,45.666666666666664,0.0
1,0,2.916666666666667,26.208333333333332,0.0
1,0,4.222222222222222,20.125,0.0
2,0,0.0,17.458333333333332,0.0
2,0,6.166666666666667,12.75,0.0
2,0,5.166666666666667,14.666666666666666,0.0
4,0,1.5767195767195767,40.041666666666664,22.0
3,0,3.5972222222222223,32.5,0.0
3,0,1.8055555555555556,20.833333333333332,0.0
1,0,8.5,19.541666666666668,0.0
2,0,6.0,18.958333333333332,7.0
2,0,4.0,14.5,0.0
1,0,6.5,28.791666666666668,0.0
4,0,1.5431547619047619,44.75,0.0
2,0,2.650198412698413,47.375,0.0
1,0,2.0,43.0,0.0
4,0,1.638888888888889,36.875,0.0
1,0,3.263888888888889,31.25,0.0
1,0,3.866666666666667,34.291666666666664,0.0
1,0,3.3666666666666667,28.708333333333332,36.0
7,0,1.8541979184836328,81.79166666666667,0.0
1,0,4.333333333333334,18.666666666666668,0.0
4,0,4.392592592592592,40.041666666666664,0.0
3,0,2.5500000000000003,37.291666666666664,46.0
6,0,2.223095238095238,57.75,0.0
1,0,6.666666666666667,16.166666666666668,0.0
3,0,2.1166666666666667,37.291666666666664,64.0
4,0,1.7984126984126985,35.625,56.0
5,0,1.4462632275132277,49.833333333333336,0.0
7,0,1.6533088824755493,68.66666666666667,27.0
8,0,1.7673469387755103,81.33333333333333,23.0
3,0,1.1545238095238095,60.0,0.0
2,0,2.07962962962963,49.666666666666664,0.0
2,0,1.8333333333333333,21.166666666666668,0.0
3,0,2.6916666666666664,34.0,0.0
3,0,1.4048941798941799,49.166666666666664,0.0
4,0,4.064814814814815,36.541666666666664,0.0
2,0,4.076190476190477,61.958333333333336,0.0
4,0,1.1111111111111112,50.666666666666664,0.0
5,0,11.947222222222223,41.708333333333336,0.0
1,0,13.0,19.75,0.0
1,0,3.1176266634599963,68.625,0.0
12,0,7.887954840805719,146.375,0.0
3,0,2.046031746031746,44.125,52.0
1,0,1.8845238095238097,40.125,0.0
3,0,1.037037037037037,34.916666666666664,0.0
1,0,0.5555555555555556,25.75,0.0
4,0,3.055555555555556,40.041666666666664,0.0
2,0,9.333333333333334,13.083333333333334,0.0
2,0,1.1333333333333333,20.0,0.0
3,0,3.166666666666667,26.541666666666668,0.0
2,0,0.6666666666666667,22.791666666666668,0.0
1,0,6.781481481481482,45.291666666666664,0.0
2,0,8.666666666666668,20.166666666666668,0.0
1,0,2.324074074074074,36.541666666666664,0.0
4,0,1.957671957671958,41.375,0.0
3,0,2.3666666666666667,40.5,0.0
2,1,2.5056712962962964,112.04166666666667,0.0
2,0,10.0,19.791666666666668,0.0
1,0,3.555555555555556,31.041666666666668,0.0
4,0,0.7604166666666666,45.333333333333336,0.0
2,0,0.0,17.375,0.0
2,0,2.006228956228956,71.0,0.0
3,0,3.277777777777778,21.583333333333332,86.0
8,0,1.6776118061832346,82.16666666666667,0.0
2,0,3.6370370370370373,41.375,0.0
2,1,5.666666666666666,38.041666666666664,0.0
2,0,2.7314814814814814,38.5,0.0
2,0,6.666666666666667,24.375,0.0
2,0,0.8333333333333334,29.5,0.0
2,0,2.166666666666667,21.208333333333332,0.0
9,0,16.633356227106226,65.29166666666667,0.0
1,0,3.9444444444444446,23.291666666666668,21.0
7,0,18.77070105820106,49.333333333333336,0.0
2,1,0.0,14.791666666666666,0.0
8,0,13.194193901336758,73.20833333333333,0.0
2,0,4.444444444444445,16.708333333333332,0.0
1,0,3.4833333333333334,58.0,0.0
2,0,6.5,19.875,0.0
3,0,0.0,23.458333333333332,0.0
10,0,12.85937992049103,108.16666666666667,0.0
1,0,2.475,62.583333333333336,0.0
7,0,3.38260582010582,77.58333333333333,0.0
2,0,4.92037037037037,30.25,0.0
5,0,3.3958333333333335,54.416666666666664,0.0
1,0,8.833333333333334,26.25,0.0
5,0,1.4092767417767418,113.20833333333333,48.0
9,0,1.8335250140805697,84.25,0.0
1,0,11.666666666666666,18.666666666666668,0.0
5,0,5.527777777777778,43.125,0.0
5,0,0.5625,13.25,0.0
3,0,3.0833333333333335,22.916666666666668,0.0
4,0,4.777777777777778,40.5,0.0
3,0,2.2398809523809526,51.208333333333336,0.0
3,0,48.49999999999999,23.708333333333332,0.0
3,0,4.5,27.875,0.0
2,0,1.6666666666666667,19.625,0.0
2,0,13.0,21.583333333333332,0.0
8,0,0.7189720332577476,67.95833333333333,0.0
4,0,2.479166666666667,53.916666666666664,0.0
1,0,6.0,25.666666666666668,0.0
2,0,2.513888888888889,51.875,0.0
3,1,7.416666666666666,37.541666666666664,0.0
5,0,1.5706349206349206,49.125,0.0
4,0,11.796296296296298,44.0,0.0
1,0,3.2222222222222223,29.125,0.0
2,0,5.833333333333333,26.083333333333332,0.0
1,0,7.25,25.791666666666668,0.0
4,0,2.4814814814814814,30.125,0.0
3,0,1.8888888888888888,27.958333333333332,0.0
2,0,4.0375,39.708333333333336,34.0
2,0,2.690608465608466,64.95833333333333,0.0
5,0,5.875,42.625,0.0
1,0,5.333333333333334,23.541666666666668,0.0
2,1,6.916666666666666,35.833333333333336,0.0
3,0,9.75,21.333333333333332,0.0
1,0,1.9074074074074074,33.791666666666664,0.0
6,0,2.5677777777777777,55.166666666666664,6.0
2,0,13.333333333333334,26.333333333333332,1.0
8,0,3.925181878306878,79.95833333333333,0.0
1,0,7.388888888888888,40.916666666666664,0.0
2,0,2.3333333333333335,26.333333333333332,11.0
2,0,13.333333333333334,11.208333333333334,0.0
2,0,21.555555555555554,23.041666666666668,0.0
5,0,2.930555555555556,42.333333333333336,0.0
2,0,51.33333333333333,17.416666666666668,0.0
3,0,10.333333333333334,22.208333333333332,0.0
7,0,8.282407407407408,71.70833333333333,0.0
1,0,6.574074074074075,36.583333333333336,0.0
3,0,6.791666666666667,52.916666666666664,21.0
1,0,19.666666666666668,21.375,0.0
3,0,178.66666666666666,20.333333333333332,0.0
2,0,4.833333333333333,9.541666666666666,259.0
3,0,6.555555555555556,35.416666666666664,0.0
3,0,3.7962962962962963,26.708333333333332,0.0
7,0,3.0583333333333336,62.875,0.0
5,0,368.5277777777778,13.291666666666666,0.0
6,0,16.240000000000002,61.708333333333336,0.0
9,0,15.709893578643578,95.375,0.0
2,0,7.000000000000001,23.75,0.0
4,0,18.13888888888889,44.0,0.0
9,0,13.905352633477634,90.29166666666667,0.0
1,0,7.333333333333333,14.958333333333334,0.0
5,0,8.569444444444445,48.916666666666664,24.0
2,0,6.015952380952381,54.333333333333336,0.0
6,0,7.913015873015873,53.333333333333336,0.0
4,0,0.0,38.583333333333336,0.0
1,0,4.916666666666667,34.541666666666664,0.0
2,0,6.880753968253969,78.20833333333333,0.0
1,1,112.00000000000001,19.583333333333332,0.0
2,0,360.0,9.916666666666666,0.0
6,0,72.88888888888889,43.291666666666664,0.0
1,0,244.0,16.375,0.0
4,1,4.952147323575895,70.29166666666667,0.0
2,0,65.66666666666666,9.625,0.0
2,0,6.333333333333334,23.416666666666668,0.0
1,0,59.833333333333336,18.125,188.0
1,0,6.935185185185186,39.291666666666664,0.0
1,0,130.0,13.625,15.0
1,0,6.081481481481482,41.875,0.0
6,0,21.27777777777778,53.208333333333336,0.0
2,0,22.5,27.0,0.0
6,0,14.329841269841271,64.45833333333333,16.0
3,0,12.069444444444445,1.3333333333333333,28.0
1,0,2.701851851851852,62.375,0.0
2,0,10.294444444444444,57.375,0.0
2,0,3.6402777777777775,54.5,0.0
2,0,5.666666666666666,11.541666666666666,131.0
2,0,214.0,11.875,7.0
1,0,51.5,38.791666666666664,0.0
1,0,27.25,28.208333333333332,0.0
1,0,12.648148148148145,39.75,0.0
2,0,194.66666666666666,18.916666666666668,0.0
2,0,380.0,14.375,0.0
1,0,20.583333333333336,38.125,44.0
1,0,150.0,10.125,0.0
1,0,6.0,7.5,64.0
2,0,0.0,14.291666666666666,0.0
3,0,167.83333333333334,16.083333333333332,0.0
2,0,38.0,13.458333333333334,0.0
2,0,1.3333333333333335,15.625,182.0
1,0,238.0,18.041666666666668,0.0
2,0,2.7123015873015874,65.04166666666667,0.0
4,1,1.7962962962962965,68.83333333333333,0.0
4,0,9.51388888888889,74.375,0.0
2,0,55.611111111111114,26.75,0.0
4,0,21.11111111111111,40.708333333333336,0.0
11,0,12.054078884078885,118.08333333333333,0.0
7,0,20.553703703703704,59.666666666666664,0.0
5,0,50.02777777777778,41.833333333333336,0.0
5,0,91.73333333333333,44.208333333333336,0.0
2,0,148.66666666666666,29.875,0.0
11,0,6.759860509860511,111.08333333333333,0.0
9,0,18.97113095238095,66.79166666666667,0.0
2,0,48.0,12.333333333333334,0.0
1,0,17.166666666666668,35.041666666666664,0.0
1,0,0.0,8.208333333333334,0.0
1,0,229.99999999999997,23.375,0.0
5,0,9.42361111111111,64.0,0.0
3,0,6.166666666666666,31.416666666666668,0.0
15,1,0.7481481481481482,224.91666666666666,0.0
5,0,6.875,43.625,0.0
2,0,0.0,15.291666666666666,0.0
3,0,0.0,7.375,0.0
1,0,28.14814814814815,44.916666666666664,8.0
2,0,4.0,14.125,44.0
1,0,10.666666666666668,24.333333333333332,0.0
1,0,7.333333333333334,18.958333333333332,0.0
1,0,8.666666666666666,14.416666666666666,0.0
1,0,7.444444444444444,29.208333333333332,0.0
2,0,6.472222222222222,63.958333333333336,42.0
1,1,69.5,30.541666666666668,0.0
5,1,17.03472222222222,83.29166666666667,12.0
7,0,0.8571428571428571,69.91666666666667,0.0
3,0,7.5,22.041666666666668,0.0
1,0,6.666666666666667,24.625,0.0
3,0,136.16666666666666,23.0,0.0
6,0,7.222222222222223,52.0,0.0
3,1,4.371541950113379,54.583333333333336,0.0
1,0,115.99999999999999,3.375,0.0
1,0,0.0,16.833333333333332,0.0
1,0,2.0,10.75,0.0
5,0,2.0,20.166666666666668,0.0
2,0,18.0,14.416666666666666,0.0
1,0,10.0,10.25,0.0
2,0,18.63888888888889,56.708333333333336,36.0
4,0,94.88888888888889,49.416666666666664,0.0
7,0,2.845238095238095,76.0,0.0
1,0,94.94444444444444,28.541666666666668,0.0
1,0,81.61111111111111,23.583333333333332,0.0
1,0,23.11111111111111,27.0,0.0
3,0,3.2222222222222223,67.41666666666667,0.0
4,1,6.444444444444444,0.16666666666666666,0.0
1,0,94.0,17.166666666666668,0.0
2,0,39.833333333333336,20.208333333333332,0.0
3,0,4.333333333333334,31.75,0.0
2,0,23.98148148148148,44.125,0.0
1,0,4.037037037037037,38.083333333333336,0.0
3,0,8.38888888888889,31.125,0.0
7,0,13.557539682539682,25.916666666666668,0.0
10,0,11.926484420928865,55.625,0.0
2,0,264.0,16.916666666666668,0.0
2,0,264.0,14.666666666666666,0.0
2,0,118.66666666666669,19.875,0.0
1,0,100.0,15.583333333333334,1.0
5,1,84.56222222222223,58.083333333333336,0.0
2,0,262.0,16.541666666666668,0.0
5,0,104.93055555555556,42.125,0.0
1,0,118.0,16.833333333333332,0.0
1,1,53.0,27.958333333333332,0.0
3,0,189.83333333333334,22.5,7.0
2,0,44.666666666666664,20.0,0.0
6,0,11.51468253968254,63.791666666666664,0.0
1,0,44.0,25.458333333333332,0.0
2,0,30.0,7.833333333333333,5.0
2,0,0.6666666666666667,10.458333333333334,0.0
2,0,80.0,11.041666666666666,0.0
4,0,0.0,13.125,0.0
1,0,8.0,14.583333333333334,0.0
4,0,6.648148148148148,42.791666666666664,0.0
3,0,3.8333333333333335,18.541666666666668,1.0
2,0,0.0,12.708333333333334,9.0
2,0,106.0,10.208333333333334,0.0
4,0,3.011111111111111,60.625,0.0
3,0,51.41574074074074,65.41666666666667,0.0
5,0,21.861111111111114,41.916666666666664,0.0
1,0,204.0,19.125,7.0
3,0,29.166666666666668,27.541666666666668,0.0
4,0,232.33333333333334,2.2083333333333335,0.0
4,0,8.370370370370372,34.5,0.0
2,0,34.0,16.375,0.0
2,0,14.333333333333334,21.375,0.0
1,0,17.0,20.041666666666668,0.0
3,0,0.0,3.875,0.0
2,1,80.0,13.625,6.0
4,0,84.33333333333333,51.75,0.0
3,0,50.27777777777777,31.75,0.0
2,0,6.0,11.958333333333334,0.0
2,0,50.0,8.791666666666666,0.0
2,0,26.0,12.916666666666666,0.0
4,1,9.38888888888889,40.083333333333336,0.0
1,0,138.0,14.541666666666666,0.0
3,0,27.88888888888889,29.125,0.0
1,0,6.972222222222221,41.5,0.0
1,0,13.333333333333334,15.333333333333334,54.0
1,0,16.5,50.916666666666664,0.0
3,0,5.333333333333334,22.583333333333332,0.0
2,0,6.0,7.375,0.0
2,0,5.333333333333334,15.708333333333334,50.0
2,0,10.0,11.375,0.0
1,0,62.0,10.25,0.0
2,0,20.0,8.583333333333334,0.0
2,0,0.0,5.125,62.0
2,0,6.833333333333333,18.5,0.0
1,0,46.666666666666664,17.125,0.0
2,0,70.0,17.541666666666668,43.0
3,1,36.833333333333336,18.083333333333332,0.0
3,0,9.5,28.791666666666668,0.0
2,0,25.333333333333332,27.333333333333332,37.0
1,0,13.333333333333334,9.583333333333334,0.0
1,0,108.0,9.5,0.0
4,0,7.0,27.375,0.0
2,0,13.333333333333334,12.583333333333334,0.0
1,0,54.0,10.625,0.0
2,0,74.0,7.0,0.0
1,0,4.0,14.166666666666666,0.0
2,0,56.00000000000001,10.416666666666666,0.0
1,0,0.0,15.25,21.0
2,0,12.0,10.125,0.0
2,0,24.0,11.458333333333334,0.0
2,1,12.0,14.291666666666666,0.0
1,0,28.000000000000004,11.375,0.0
1,0,0.0,0.041666666666666664,0.0
3,0,0.0,12.625,0.0
2,0,56.00000000000001,7.958333333333333,0.0
1,0,13.333333333333334,11.708333333333334,0.0
3,0,38.333333333333336,18.291666666666668,0.0
1,0,32.0,10.208333333333334,0.0
1,0,20.0,6.25,0.0
2,0,24.0,12.958333333333334,0.0
3,0,0.0,24.708333333333332,0.0
2,0,22.0,4.583333333333333,0.0
2,0,140.0,15.0,0.0
2,0,10.0,10.291666666666666,0.0
1,0,13.333333333333334,10.125,69.0
2,0,128.0,10.625,0.0
2,0,0.7777777777777778,20.458333333333332,83.0
2,0,2.666666666666667,19.333333333333332,46.0
1,0,8.333333333333332,1.1666666666666667,0.0
5,0,4.034722222222222,54.375,0.0
2,0,70.0,10.416666666666666,0.0
6,1,3.4305555555555554,5.25,0.0
2,0,15.873015873015873,18.75,0.0
5,1,0.6899381868131869,46.083333333333336,0.0
3,0,1.390952380952381,64.33333333333333,0.0
1,0,3.688888888888889,54.833333333333336,0.0
2,0,0.2222222222222222,11.5,0.0
2,0,1.5312169312169315,33.666666666666664,0.0
5,0,1.032034632034632,35.541666666666664,0.0
4,0,3.412962962962963,37.166666666666664,0.0
2,0,4.444444444444445,17.375,83.0
2,0,1.5851851851851853,31.291666666666668,0.0
2,0,1.242063492063492,37.5,0.0
1,0,9.63888888888889,25.958333333333332,0.0
1,0,0.9355026455026454,55.625,0.0
2,1,1.6037037037037039,47.708333333333336,94.0
4,0,46.611111111111114,35.708333333333336,0.0
2,0,1.9312169312169314,33.958333333333336,0.0
1,0,2.210066939233606,66.29166666666667,0.0
2,0,2.0,14.458333333333334,2.0
2,0,0.7021548821548821,64.95833333333333,54.0
1,1,3.170326278659612,45.166666666666664,0.0
3,0,1.3333333333333335,29.0,0.0
3,0,1.0827200577200577,58.333333333333336,0.0
2,0,4.444444444444445,23.666666666666668,0.0
2,0,1.888888888888889,41.5,0.0
8,0,1.0002266252266252,72.29166666666667,0.0
3,0,1.5287301587301587,59.458333333333336,66.0
3,0,5.930555555555555,24.5,4.0
3,0,3.7777777777777777,23.666666666666668,33.0
1,0,1.2111111111111112,31.375,0.0
2,0,4.444444444444445,14.958333333333334,0.0
6,0,6.3100000000000005,57.708333333333336,0.0
3,0,2.7384920634920635,43.916666666666664,0.0
1,0,1.1455026455026456,47.5,0.0
2,0,8.333333333333332,16.833333333333332,0.0
2,0,2.8,27.5,0.0
1,0,1.5074555074555076,58.125,0.0
3,0,2.2222222222222223,36.0,0.0
2,0,5.333333333333334,18.791666666666668,0.0
2,0,4.444444444444445,18.291666666666668,0.0
7,0,6.491666666666667,65.41666666666667,0.0
2,0,2.0,15.625,0.0
3,0,4.538888888888889,23.541666666666668,0.0
2,0,0.0,26.875,0.0
4,0,1.8574074074074076,36.0,0.0
5,1,3.939583333333333,52.416666666666664,0.0
2,1,33.0,15.958333333333334,0.0
2,0,3.888888888888889,19.583333333333332,35.0
2,0,4.444444444444445,21.583333333333332,0.0
1,0,2.7777777777777777,25.541666666666668,0.0
4,0,3.0370370370370368,39.166666666666664,0.0
4,0,1.029100529100529,42.708333333333336,0.0
1,0,2.7222222222222223,26.875,0.0
2,0,160.16666666666666,22.708333333333332,44.0
1,1,1.4095238095238096,52.5,0.0
1,0,2.4027777777777777,26.125,0.0
6,0,1.754997594997595,58.125,0.0
1,0,1.2083333333333333,33.958333333333336,0.0
1,0,2.3,44.166666666666664,18.0
2,0,5.5,27.75,0.0
2,0,2.5623015873015875,49.5,0.0
2,0,2.744268077601411,36.833333333333336,0.0
3,0,2.9333333333333336,46.75,0.0
2,0,8.625,42.75,0.0
3,0,5.0,29.333333333333332,0.0
1,0,2.5361111111111114,49.458333333333336,0.0
4,0,2.740740740740741,52.458333333333336,29.0
5,0,2.162857142857143,52.208333333333336,0.0
2,0,6.5,20.208333333333332,0.0
2,0,6.666666666666667,15.958333333333334,0.0
1,1,1.8476190476190477,39.666666666666664,0.0
2,0,1.1645322270322271,47.583333333333336,0.0
2,0,8.333333333333332,16.875,11.0
2,0,6.166666666666667,21.625,0.0
5,0,0.9533730158730158,49.208333333333336,0.0
5,0,5.072222222222223,56.166666666666664,30.0
2,0,9.666666666666668,23.625,0.0
2,0,1.620811287477954,45.125,0.0
5,0,1.5505952380952381,47.083333333333336,0.0
2,0,2.2222222222222223,36.875,0.0
5,1,11.126190476190477,44.791666666666664,0.0
1,0,5.833333333333333,21.333333333333332,0.0
3,0,1.6324338624338623,60.083333333333336,13.0
2,0,3.6805555555555554,48.541666666666664,16.0
2,0,2.2749007936507937,47.041666666666664,10.0
3,0,6.157407407407407,39.875,48.0
2,0,6.0,16.625,0.0
1,0,10.0,17.916666666666668,0.0
6,0,2.9375156325156326,59.083333333333336,0.0
6,0,2.816137566137566,75.625,0.0
6,0,1.7711111111111113,63.25,0.0
2,0,1.2712301587301587,55.125,0.0
5,0,3.765277777777778,51.125,33.0
2,0,6.666666666666667,16.083333333333332,0.0
2,0,65.0,20.25,0.0
2,0,0.0,15.583333333333334,0.0
2,0,5.0,15.125,0.0
2,0,8.333333333333332,13.416666666666666,0.0
2,0,2.3486772486772485,49.291666666666664,0.0
1,0,2.2222222222222223,20.916666666666668,0.0
1,0,0.0,19.166666666666668,0.0
1,0,0.0,20.25,0.0
1,0,0.0,17.416666666666668,0.0
2,1,2.6,23.125,0.0
2,0,1.7037698412698414,48.208333333333336,0.0
3,0,8.916666666666668,30.041666666666668,0.0
4,0,2.7646825396825396,51.083333333333336,0.0
2,0,1.6917658730158731,60.833333333333336,0.0
2,0,1.0785714285714287,59.583333333333336,0.0
1,0,2.2222222222222223,21.75,0.0
1,0,3.1527777777777777,35.458333333333336,0.0
4,0,2.9201489868156534,89.70833333333333,0.0
3,0,2.7777777777777777,28.5,0.0
4,1,3.515476190476191,33.625,79.0
5,0,4.038888888888889,52.791666666666664,0.0
5,0,1.363888888888889,51.666666666666664,0.0
3,0,1.0690632284382284,88.0,0.0
4,0,16.314814814814813,33.541666666666664,0.0
7,1,5.066666666666667,70.91666666666667,0.0
1,0,1.2916666666666667,25.833333333333332,0.0
1,0,3.6481481481481484,27.083333333333332,0.0
3,0,0.7222222222222223,30.375,0.0
1,0,1.1806349206349207,45.541666666666664,0.0
1,1,0.681804152637486,67.20833333333333,0.0
3,0,3.1833333333333336,40.541666666666664,0.0
7,0,0.8654761904761905,60.458333333333336,0.0
12,0,8.481187825840232,105.95833333333333,0.0
1,0,0.9047619047619048,34.166666666666664,0.0
4,0,1.8,35.583333333333336,0.0
1,0,2.2,34.541666666666664,0.0
1,0,1.5,18.75,0.0
1,0,3.533333333333333,48.375,0.0
1,0,1.8819444444444446,51.916666666666664,0.0
4,0,6.1000000000000005,32.666666666666664,0.0
1,0,1.3333333333333335,23.291666666666668,0.0
2,0,2.125,26.083333333333332,0.0
3,0,8.757936507936508,23.416666666666668,31.0
5,0,1.4014550264550265,56.916666666666664,0.0
1,0,2.9563756613756613,45.625,0.0
6,0,1.6851851851851856,51.958333333333336,0.0
2,1,3.7777777777777777,2.9583333333333335,0.0
1,0,1.3492063492063493,29.375,0.0
2,0,1.5,15.0,0.0
5,0,1.5424074074074074,65.33333333333333,0.0
3,0,8.722222222222223,39.875,0.0
2,0,3.2962962962962963,41.833333333333336,3.0
4,0,8.162962962962963,20.333333333333332,0.0
3,0,29.27777777777778,2.9166666666666665,0.0
1,0,3.925925925925926,35.5,0.0
5,0,1.6746031746031746,50.75,0.0
2,0,0.0,21.75,0.0
2,0,1.0732122815456149,61.666666666666664,0.0
1,0,4.3432539682539675,49.375,0.0
1,0,21.255555555555556,51.833333333333336,0.0
1,0,2.8194444444444446,31.833333333333332,0.0
6,0,3.083809523809524,71.16666666666667,0.0
4,0,2.777777777777778,39.5,0.0
4,0,0.0,0.625,0.0
1,0,0.33333333333333337,16.583333333333332,0.0
11,0,15.678804713804713,106.66666666666667,0.0
2,0,13.333333333333334,19.666666666666668,0.0
1,0,1.4055555555555554,57.041666666666664,0.0
2,0,1.0555555555555556,32.666666666666664,0.0
7,0,1.2300304633637966,80.375,0.0
1,0,2.3333333333333335,29.458333333333332,0.0
5,0,0.27380952380952384,55.208333333333336,0.0
2,0,1.07569544652878,71.75,28.0
5,0,2.136111111111111,46.875,0.0
2,0,2.236111111111111,48.791666666666664,0.0
3,0,1.6700033762533761,125.33333333333333,0.0
4,0,3.1203703703703702,52.375,0.0
2,0,2.9166666666666665,0.08333333333333333,60.0
1,0,9.722222222222221,30.833333333333332,0.0
2,0,8.666666666666668,17.375,0.0
2,0,2.0107142857142857,45.125,0.0
7,0,2.0261243386243386,69.20833333333333,47.0
2,0,6.5,25.208333333333332,0.0
1,0,1.287037037037037,29.875,0.0
2,0,0.0,8.5,0.0
5,0,2.1194444444444445,50.916666666666664,0.0
8,0,1.6584106369820655,110.75,0.0
4,0,3.111111111111111,47.833333333333336,5.0
3,0,1.1262175324675325,103.95833333333333,0.0
3,0,2.4027777777777777,29.791666666666668,0.0
3,0,5.111111111111112,26.291666666666668,0.0
4,0,0.7314814814814814,53.583333333333336,0.0
4,0,2.75,57.125,0.0
2,0,2.361111111111111,18.958333333333332,0.0
6,0,15.266666666666666,69.625,18.0
2,0,1.7666666666666668,32.708333333333336,0.0
1,0,12.666666666666668,17.75,0.0
9,0,2.0420664983164984,114.54166666666667,0.0
1,0,5.916666666666667,36.958333333333336,0.0
4,0,7.356666666666667,54.25,0.0
3,0,15.5,34.833333333333336,0.0
1,1,13.0,23.375,0.0
4,0,5.166666666666667,37.666666666666664,0.0
3,0,13.666666666666668,22.583333333333332,0.0
3,0,5.472222222222222,29.083333333333332,0.0
2,0,6.333333333333334,30.958333333333332,0.0
2,0,16.0,10.875,0.0
2,0,2.3583333333333334,33.333333333333336,0.0
5,0,32.333333333333336,106.70833333333333,0.0
2,0,1.617777777777778,58.666666666666664,0.0
1,0,0.0,24.208333333333332,0.0
1,0,1.4166666666666667,30.541666666666668,0.0
3,0,32.333333333333336,29.416666666666668,0.0
1,0,0.8333333333333334,11.625,0.0
2,0,16.916666666666668,64.45833333333333,35.0
6,0,8.952222222222222,52.791666666666664,43.0
4,0,5.5555555555555545,0.16666666666666666,0.0
2,0,6.0,12.458333333333334,0.0
2,0,3.6527777777777777,29.708333333333332,0.0
2,0,2.184554730983302,103.33333333333333,0.0
2,0,2.229166666666667,35.833333333333336,0.0
3,0,0.5,32.625,0.0
6,0,15.84,81.04166666666667,0.0
2,0,2.8703703703703702,55.583333333333336,0.0
2,0,1.3333333333333335,27.125,3.0
2,0,2.3361111111111112,44.083333333333336,0.0
3,0,5.166666666666667,37.541666666666664,0.0
4,0,132.88888888888889,33.708333333333336,0.0
3,0,0.3380952380952381,62.166666666666664,0.0
1,0,2.527777777777778,29.458333333333332,0.0
2,0,0.2777777777777778,13.416666666666666,0.0
8,0,12.205191798941799,113.95833333333333,0.0
1,0,3.0555555555555554,36.708333333333336,0.0
3,1,0.0,0.0,0.0
1,1,4.0,12.25,135.0
1,0,4.916666666666667,30.208333333333332,0.0
4,0,8.055555555555555,20.875,0.0
6,0,1.2923941798941798,68.25,0.0
2,0,5.319444444444445,65.20833333333333,0.0
2,0,1.7323809523809524,61.083333333333336,0.0
1,0,3.5238095238095237,49.458333333333336,0.0
2,0,3.564814814814815,40.833333333333336,0.0
7,0,1.4406084656084657,82.45833333333333,0.0
4,0,1.4083694083694083,78.29166666666667,0.0
1,0,2.7777777777777777,31.291666666666668,0.0
5,0,4.9315476190476195,41.75,573.0
2,0,4.0,12.666666666666666,0.0
1,0,7.020833333333334,19.458333333333332,0.0
6,0,1.2943121693121693,58.416666666666664,0.0
3,0,3.3444444444444446,51.041666666666664,0.0
4,1,1.0,42.041666666666664,0.0
2,0,4.666666666666667,21.541666666666668,0.0
2,1,2.8518518518518525,44.458333333333336,0.0
5,0,2.506666666666667,37.333333333333336,0.0
4,0,0.0,2.9166666666666665,0.0
1,0,9.601851851851851,49.875,0.0
2,0,4.666666666666667,15.0,0.0
1,0,1.2430776014109348,62.875,0.0
6,1,54.27192827748383,77.83333333333333,0.0
5,0,6.180555555555555,52.166666666666664,0.0
7,0,1.6972411186696903,75.625,0.0
1,0,7.666666666666666,13.5,0.0
9,0,1.017940392940393,90.91666666666667,22.0
3,0,0.0,0.0,0.0
2,0,10.0,20.75,0.0
1,0,1.8333333333333335,27.75,0.0
8,0,0.6840277777777778,78.25,0.0
13,1,0.5414529914529915,6.208333333333333,0.0
1,0,5.75,44.791666666666664,0.0
2,0,2.443430335097002,79.45833333333333,0.0
2,0,5.673333333333334,43.875,0.0
2,0,13.0,16.416666666666668,19.0
5,0,2.4722222222222223,2.25,0.0
4,0,4.185185185185185,46.125,0.0
7,0,3.690249433106576,89.0,0.0
8,0,0.9608087679516251,89.5,0.0
2,0,4.722222222222222,28.291666666666668,0.0
4,1,12.083333333333334,59.333333333333336,0.0
1,0,13.0,27.583333333333332,0.0
2,0,30.0,14.583333333333334,0.0
5,0,4.241666666666666,51.083333333333336,0.0
2,0,4.0,1.2083333333333333,0.0
1,0,2.725,50.5,0.0
5,0,16.02777777777778,57.708333333333336,0.0
1,0,3.1388888888888893,40.666666666666664,0.0
1,0,2.9444444444444446,36.5,0.0
3,0,5.6,52.416666666666664,0.0
3,0,4.916666666666667,27.666666666666668,9.0
1,0,2.166666666666667,22.791666666666668,0.0
4,0,2.9166666666666665,34.833333333333336,0.0
4,0,1.6333996250662917,94.95833333333333,0.0
8,0,0.5476190476190477,83.41666666666667,0.0
2,0,25.0,30.708333333333332,0.0
5,0,5.365277777777778,47.708333333333336,0.0
3,0,94.83333333333333,26.291666666666668,0.0
1,0,4.916666666666667,24.958333333333332,0.0
1,0,8.083333333333334,28.416666666666668,0.0
4,0,6.944444444444445,0.0,189.0
2,0,3.1083333333333334,31.75,66.0
3,0,3.5833333333333335,17.625,0.0
2,0,3.518518518518519,36.125,69.0
1,0,0.0,11.833333333333334,0.0
2,1,1.2973905723905725,66.58333333333333,0.0
2,0,3.3466666666666667,61.666666666666664,0.0
2,0,19.72222222222222,54.166666666666664,0.0
4,0,8.111111111111112,39.75,0.0
1,0,2.655555555555556,46.25,0.0
2,0,22.0,14.458333333333334,0.0
9,0,0.8277637999860222,84.75,0.0
5,0,3.9355555555555553,55.958333333333336,0.0
3,0,0.0,31.458333333333332,0.0
2,0,9.666666666666666,24.0,0.0
3,0,6.592592592592593,42.833333333333336,0.0
14,0,1.7832861283119281,164.375,162.0
2,1,35.666666666666664,26.0,0.0
1,0,13.333333333333334,21.75,0.0
1,0,13.0,19.208333333333332,0.0
6,0,4.6531746031746035,61.625,0.0
4,1,1.4786931175820066,61.125,0.0
4,0,2.5972222222222223,55.0,0.0
10,0,1.1136291691847249,100.66666666666667,106.0
6,0,3.5694444444444446,73.29166666666667,0.0
1,0,4.319444444444445,33.541666666666664,0.0
9,0,19.510830026455025,74.75,0.0
1,0,0.0,16.208333333333332,0.0
2,1,1.4444444444444444,19.0,0.0
1,0,6.666666666666667,15.125,0.0
1,0,8.916666666666666,21.041666666666668,0.0
3,0,15.5,24.666666666666668,49.0
4,0,4.200892857142858,89.625,0.0
2,1,162.34027777777777,11.875,0.0
6,0,25.913095238095238,76.79166666666667,0.0
7,0,3.0069727891156464,86.95833333333333,0.0
6,0,5.707671957671958,71.20833333333333,0.0
1,0,9.166666666666668,25.291666666666668,0.0
6,0,2.2794784580498866,84.20833333333333,0.0
19,0,7.4926215913944185,165.83333333333334,0.0
3,0,2.843424036281179,81.66666666666667,0.0
3,0,5.75,15.75,0.0
4,0,3.0,31.541666666666668,0.0
5,0,2.5448412698412697,53.083333333333336,0.0
3,0,7.319444444444445,43.25,0.0
5,0,17.277326839826838,39.083333333333336,0.0
13,0,2.6723928836996436,114.45833333333333,0.0
1,0,3.777777777777778,24.708333333333332,16.0
13,0,0.4022717049032839,138.41666666666666,0.0
4,0,110.5,37.166666666666664,0.0
3,1,4.538888888888889,63.25,15.0
2,0,29.166666666666668,20.0,0.0
3,0,6.090277777777778,56.916666666666664,0.0
1,1,17.5,41.416666666666664,0.0
4,0,41.96734693877551,71.45833333333333,3.0
4,1,180.97222222222223,57.458333333333336,0.0
2,0,19.666666666666664,22.958333333333332,0.0
3,0,10.453703703703704,53.708333333333336,3.0
2,0,1.9406415343915344,55.625,0.0
4,1,4.640740740740741,70.5,0.0
3,0,4.740740740740741,57.375,0.0
5,0,1.411111111111111,73.29166666666667,0.0
2,1,15.803703703703704,59.333333333333336,0.0
3,0,21.14814814814815,37.708333333333336,0.0
2,1,246.0,11.0,0.0
5,0,3.2877946127946127,104.75,0.0
1,0,27.583333333333336,21.916666666666668,0.0
2,0,6.8,57.458333333333336,0.0
2,0,3.166666666666667,70.83333333333333,14.0
3,0,5.451851851851852,61.75,0.0
1,0,20.270833333333332,33.458333333333336,0.0
1,0,13.333333333333334,23.0,0.0
2,0,10.291666666666666,54.708333333333336,0.0
4,0,5.533333333333334,44.458333333333336,0.0
7,1,1.7379329004329005,84.79166666666667,69.0
8,0,5.123866213151928,83.04166666666667,0.0
4,0,13.666666666666666,55.333333333333336,0.0
2,0,6.666666666666667,8.875,131.0
1,1,116.24999999999999,34.125,0.0
1,1,564.0,15.0,0.0
1,0,41.50000000000001,49.5,11.0
5,0,22.430555555555554,34.541666666666664,0.0
3,0,6.611111111111112,33.833333333333336,0.0
1,0,2.5555555555555554,42.916666666666664,0.0
5,0,4.0128571428571425,102.83333333333333,0.0
1,0,2.8791666666666664,78.5,0.0
5,0,4.026507936507937,74.875,0.0
2,0,0.0,35.791666666666664,0.0
2,0,14.41031746031746,63.041666666666664,0.0
3,1,34.81481481481482,36.083333333333336,0.0
2,0,2.2222222222222223,57.5,0.0
4,0,4.055555555555556,31.291666666666668,0.0
2,0,1.7407407407407411,39.25,12.0
2,0,6.666666666666666,20.541666666666668,0.0
1,1,4.333333333333334,24.458333333333332,0.0
2,0,9.018518518518519,47.125,0.0
2,0,72.66666666666667,22.5,0.0
3,0,62.66666666666667,27.708333333333332,0.0
3,0,18.61111111111111,48.5,0.0
3,0,111.92592592592592,29.5,0.0
2,0,11.0,16.375,0.0
2,0,89.66666666666667,23.166666666666668,0.0
6,0,2.422222222222222,83.70833333333333,0.0
3,0,141.16666666666666,13.833333333333334,0.0
1,1,4.4967618360475505,93.0,0.0
3,0,59.33333333333334,23.291666666666668,0.0
2,0,98.83333333333333,38.541666666666664,21.0
6,1,17.071428571428573,68.66666666666667,0.0
1,0,163.83333333333334,15.833333333333334,0.0
3,0,7.79265873015873,83.08333333333333,0.0
3,0,136.5,24.708333333333332,36.0
4,0,82.16666666666667,31.041666666666668,0.0
4,0,68.04166666666667,38.916666666666664,35.0
2,0,14.069444444444445,53.625,0.0
2,1,41.25555555555555,66.5,41.0
2,0,14.5,23.583333333333332,0.0
3,1,9.777777777777779,49.208333333333336,0.0
3,0,112.48148148148148,29.083333333333332,0.0
12,1,0.5688034188034189,117.16666666666667,0.0
1,0,0.0,0.041666666666666664,0.0
3,0,8.381944444444445,59.0,0.0
9,1,6.188433685655908,121.16666666666667,0.0
2,0,14.5,22.583333333333332,0.0
8,1,1.4355664405922404,183.125,0.0
3,0,12.666666666666668,21.875,23.0
1,0,2.666666666666667,17.416666666666668,0.0
4,0,11.666666666666666,38.583333333333336,5.0
7,0,6.023809523809525,87.625,0.0
3,0,17.12037037037037,67.125,0.0
5,0,5.2027777777777775,74.25,0.0
4,0,7.5,44.958333333333336,13.0
5,0,6.9,42.833333333333336,0.0
2,0,2.3333333333333335,13.875,48.0
1,0,31.25,23.166666666666668,0.0
3,1,2.243055555555556,68.375,0.0
12,1,0.14022819285977178,181.95833333333334,0.0
3,0,76.67592592592594,57.541666666666664,0.0
2,0,82.59259259259258,29.958333333333332,0.0
2,0,6.627017195767196,95.29166666666667,0.0
2,0,206.0,14.5,0.0
4,0,58.25000000000001,42.166666666666664,0.0
3,0,87.83333333333333,0.0,27.0
3,1,45.416666666666664,38.875,0.0
2,0,9.5,20.833333333333332,0.0
4,1,5.891666666666667,75.33333333333333,0.0
1,0,40.666666666666664,21.458333333333332,0.0
1,0,134.0,14.875,0.0
5,0,0.0,56.75,39.0
6,0,0.0,75.91666666666667,0.0
2,1,127.65277777777777,46.25,0.0
2,0,55.0,36.291666666666664,0.0
1,0,84.0,11.625,0.0
2,0,13.708333333333334,41.041666666666664,0.0
2,0,23.333333333333332,20.791666666666668,16.0
7,0,5.563492063492063,87.45833333333333,0.0
8,1,2.041666666666667,107.45833333333333,0.0
6,0,1.7619047619047619,85.45833333333333,0.0
9,0,4.464814814814814,102.375,0.0
4,0,117.44444444444444,32.458333333333336,0.0
2,0,194.0,17.875,0.0
3,0,17.333333333333336,4.833333333333333,0.0
1,0,13.416666666666666,29.583333333333332,0.0
3,0,136.66666666666666,35.916666666666664,0.0
3,0,135.55555555555554,36.791666666666664,0.0
10,0,7.707730746619636,86.66666666666667,3.0
6,1,2.283922558922559,85.29166666666667,7.0
1,0,72.11111111111111,35.375,0.0
3,0,56.5,25.375,0.0
3,0,69.77777777777777,40.916666666666664,0.0
3,0,10.333333333333334,22.416666666666668,0.0
3,0,6.9444444444444455,37.916666666666664,10.0
3,1,13.722222222222223,54.416666666666664,0.0
1,0,73.85185185185185,39.416666666666664,0.0
3,0,11.777777777777779,38.083333333333336,0.0
4,0,4.644444444444444,51.625,0.0
3,0,51.888888888888886,27.083333333333332,0.0
1,0,39.5,24.125,0.0
3,0,104.16666666666667,22.708333333333332,0.0
2,0,4.333333333333333,37.416666666666664,0.0
1,0,20.0,9.75,0.0
3,0,33.36111111111111,38.375,111.0
1,1,0.0,0.0,0.0
3,1,39.666666666666664,28.0,0.0
2,0,0.0,22.291666666666668,0.0
6,0,4.955555555555555,43.833333333333336,0.0
2,0,21.333333333333336,28.125,0.0
7,0,5.190476190476191,60.416666666666664,0.0
2,0,13.666666666666668,44.708333333333336,0.0
1,0,6.166666666666667,28.541666666666668,0.0
4,1,10.148148148148147,36.416666666666664,0.0
1,0,0.0,19.291666666666668,0.0
3,0,11.166666666666666,37.791666666666664,0.0
4,0,126.0,31.166666666666668,0.0
4,1,12.222222222222223,36.5,0.0
1,0,356.0,16.583333333333332,0.0
4,0,43.53333333333333,56.625,0.0
4,1,6.814814814814814,41.208333333333336,21.0
3,0,0.0,10.166666666666666,0.0
2,0,91.52777777777777,33.375,0.0
1,0,2.3333333333333335,19.0,0.0
2,0,10.166666666666666,27.375,0.0
4,1,9.2,51.458333333333336,0.0
3,1,8.055555555555555,50.833333333333336,0.0
2,0,0.0,17.583333333333332,0.0
9,0,21.011022927689595,85.0,0.0
2,0,57.99999999999999,17.875,0.0
3,0,103.5,21.166666666666668,0.0
4,0,53.666666666666664,38.958333333333336,10.0
5,0,7.513888888888888,58.541666666666664,0.0
7,1,18.24814814814815,69.54166666666667,0.0
3,0,7.5,19.125,0.0
2,0,0.0,9.416666666666666,0.0
1,0,0.0,5.125,0.0
4,0,7.555555555555556,41.125,0.0
2,0,8.333333333333334,25.791666666666668,22.0
3,1,7.5,39.041666666666664,0.0
2,0,24.0,26.0,0.0
2,0,40.0,17.333333333333332,56.0
5,0,6.569444444444445,42.916666666666664,0.0
7,0,59.31481481481482,44.791666666666664,0.0
2,0,2.0,11.541666666666666,0.0
1,0,0.0,16.0,0.0
1,0,0.0,18.583333333333332,0.0
2,0,96.0,0.125,0.0
3,0,6.944444444444445,41.458333333333336,0.0
5,1,54.083333333333336,43.125,0.0
4,1,5.0,30.416666666666668,0.0
2,0,21.666666666666664,26.583333333333332,0.0
4,1,5.388888888888889,30.833333333333332,0.0
3,0,78.92592592592591,35.75,0.0
3,1,6.703703703703703,36.75,39.0
4,1,7.537037037037037,37.666666666666664,0.0
3,0,51.666666666666664,16.541666666666668,0.0
3,0,4.180555555555555,43.583333333333336,0.0
2,1,9.108333333333334,55.125,0.0
3,1,7.468287037037038,55.875,0.0
2,0,254.0,8.291666666666666,0.0
3,0,7.222222222222221,33.708333333333336,0.0
1,0,4.081944444444445,47.541666666666664,0.0
3,0,33.33333333333333,59.041666666666664,0.0
2,0,8.444444444444445,25.375,223.0
1,0,5.083333333333333,32.208333333333336,181.0
6,0,3.144444444444444,59.083333333333336,0.0
9,0,2.613475529100529,91.375,0.0
6,0,2.550952380952381,55.166666666666664,0.0
3,0,4.138888888888889,44.416666666666664,0.0
3,0,4.79074074074074,90.125,0.0
3,0,29.240740740740737,61.541666666666664,0.0
7,0,5.1410740053597195,75.45833333333333,20.0
4,0,8.577777777777778,134.04166666666666,0.0
1,0,13.083333333333332,22.291666666666668,0.0
1,0,8.092592592592593,41.916666666666664,0.0
4,0,31.59259259259259,36.125,0.0
2,0,0.40740740740740744,67.875,0.0
2,0,11.065555555555555,53.916666666666664,0.0
1,0,11.01031746031746,79.45833333333333,0.0
2,0,12.666666666666668,10.291666666666666,190.0
2,0,1.3333333333333335,16.333333333333332,0.0
2,0,10.666666666666668,24.541666666666668,0.0
5,0,19.733333333333334,48.833333333333336,0.0
2,0,5.844246031746032,77.75,0.0
3,0,30.333333333333332,25.083333333333332,0.0
3,0,5.722222222222223,29.916666666666668,0.0
6,0,4.913968253968254,156.66666666666666,0.0
7,0,2.1063801278086993,96.875,0.0
5,0,1.1610449735449735,90.83333333333333,0.0
4,0,16.72222222222222,34.291666666666664,0.0
2,0,1.3333333333333335,22.208333333333332,0.0
5,0,8.555555555555555,60.375,0.0
3,1,36.0,41.708333333333336,0.0
7,0,9.592592592592593,79.20833333333333,3.0
1,0,1.953703703703704,41.166666666666664,0.0
4,0,26.611111111111114,74.66666666666667,0.0
6,0,6.935185185185186,62.625,0.0
1,0,7.833333333333334,29.333333333333332,0.0
3,0,9.159259259259258,49.5,0.0
2,0,1.4524631232964567,74.91666666666667,0.0
3,0,3.7500000000000004,32.375,0.0
3,0,1.8166666666666667,27.666666666666668,0.0
1,0,1.3944444444444446,35.416666666666664,0.0
4,0,2.2645502645502646,39.833333333333336,0.0
3,0,1.5417418229918232,51.958333333333336,0.0
1,0,3.8333333333333335,33.041666666666664,0.0
2,0,0.0,13.791666666666666,0.0
4,0,1.3613756613756614,48.791666666666664,0.0
2,0,15.083333333333334,20.291666666666668,0.0
6,0,13.093835978835978,60.75,0.0
1,0,2.263888888888889,34.458333333333336,0.0
9,0,4.439136904761905,90.125,75.0
1,0,0.0,12.5,0.0
4,0,5.222222222222222,31.625,0.0
3,0,2.525,35.166666666666664,0.0
2,0,47.66666666666667,18.583333333333332,0.0
1,0,3.805555555555556,31.25,46.0
2,0,2.158333333333333,22.708333333333332,1.0
2,0,1.6416666666666666,46.541666666666664,0.0
1,0,1.9444444444444446,41.666666666666664,0.0
2,0,22.0,24.416666666666668,5.0
5,0,4.631944444444445,44.583333333333336,0.0
3,0,1.0494611208896925,73.66666666666667,0.0
2,0,5.981481481481481,39.666666666666664,0.0
3,1,2.5583333333333336,30.25,0.0
6,0,8.100079365079365,68.29166666666667,0.0
2,0,1.0,16.791666666666668,0.0
6,0,1.3233333333333335,56.833333333333336,37.0
1,0,3.5555555555555554,21.625,0.0
5,0,14.12202380952381,92.375,0.0
2,0,2.2925925925925927,36.875,0.0
1,0,5.129629629629629,32.125,0.0
4,0,42.31481481481481,72.20833333333333,0.0
1,0,2.0,9.083333333333334,0.0
5,0,13.579166666666666,61.041666666666664,0.0
1,0,12.25,29.541666666666668,0.0
2,0,2.204761904761905,82.75,0.0
2,0,10.666666666666668,17.041666666666668,0.0
3,0,5.5,80.91666666666667,0.0
1,0,3.555555555555556,30.0,0.0
6,0,1.880138688472022,94.66666666666667,0.0
6,0,1.9064814814814817,64.66666666666667,0.0
5,0,1.840277777777778,3.75,0.0
5,1,2.084920634920635,66.66666666666667,0.0
7,1,3.7869047619047618,52.875,0.0
5,0,2.084722222222222,55.916666666666664,0.0
5,0,1.15510582010582,58.208333333333336,0.0
2,0,13.833333333333332,19.375,33.0
2,0,4.569444444444445,0.0,0.0
1,0,0.0,16.0,0.0
7,0,23.273148148148152,56.958333333333336,0.0
4,0,155.44444444444446,33.75,0.0
2,0,3.6544444444444446,50.958333333333336,2.0
2,0,2.0,15.625,0.0
5,0,10.416666666666668,58.791666666666664,0.0
1,0,7.5740740740740735,42.541666666666664,0.0
4,0,6.769179894179895,72.20833333333333,0.0
2,0,5.965277777777779,38.875,0.0
2,0,13.333333333333334,13.5,13.0
5,0,0.6333333333333334,2.9583333333333335,0.0
1,0,4.927777777777778,53.166666666666664,0.0
1,0,19.069444444444446,0.08333333333333333,0.0
4,1,1.8174873737373738,82.375,83.0
4,0,3.3944444444444444,34.208333333333336,9.0
1,0,4.666666666666667,23.0,0.0
2,0,2.361111111111111,67.875,0.0
2,0,40.0,24.875,24.0
6,0,68.26666666666667,62.333333333333336,0.0
8,0,0.0,91.79166666666667,0.0
1,0,133.33333333333334,18.333333333333332,0.0
3,0,0.0,29.166666666666668,0.0
1,0,9.833333333333334,36.666666666666664,7.0
3,0,35.833333333333336,24.083333333333332,52.0
1,0,10.0,20.416666666666668,0.0
2,1,10.391666666666667,69.04166666666667,0.0
4,0,113.22222222222223,38.75,0.0
1,0,124.5,28.583333333333332,0.0
2,0,36.5,37.958333333333336,0.0
3,1,12.444444444444443,61.083333333333336,0.0
1,0,62.0,14.541666666666666,14.0
1,0,34.0,18.833333333333332,0.0
1,0,0.33333333333333337,18.541666666666668,111.0
1,0,9.0,9.5,32.0
3,0,35.666666666666664,35.25,0.0
1,0,18.5,41.416666666666664,0.0
2,0,4.888888888888889,40.541666666666664,0.0
1,0,12.0,18.166666666666668,0.0
4,0,7.346891534391535,113.70833333333333,0.0
1,0,88.0,16.583333333333332,0.0
1,0,15.433333333333334,61.625,0.0
3,0,0.0,2.4583333333333335,0.0
3,0,21.755555555555556,25.75,0.0
4,0,11.703703703703704,36.166666666666664,0.0
4,0,5.259259259259259,32.708333333333336,33.0
4,0,4.814814814814814,31.625,0.0
1,0,4.0,17.833333333333332,0.0
1,0,5.0,21.791666666666668,0.0
1,0,13.333333333333334,9.416666666666666,0.0
1,0,2.7328042328042326,37.708333333333336,0.0
1,0,3.0,22.916666666666668,0.0
1,0,22.5,16.208333333333332,0.0
5,0,1.0764880952380953,45.166666666666664,0.0
5,0,1.5,0.8333333333333334,0.0
2,0,6.666666666666667,13.916666666666666,0.0
2,0,0.16666666666666669,26.5,0.0
6,0,3.44005291005291,58.708333333333336,0.0
1,0,0.9222222222222222,21.541666666666668,0.0
3,0,6.833333333333333,22.416666666666668,0.0
7,0,0.4113756613756614,71.75,0.0
2,0,4.444444444444445,30.333333333333332,0.0
1,0,1.335714285714286,36.25,0.0
2,0,1.2053571428571428,54.125,0.0
2,0,3.3333333333333335,20.041666666666668,0.0
5,0,0.7380952380952381,57.458333333333336,0.0
8,0,12.016419294990724,79.375,0.0
1,0,1.2,18.333333333333332,0.0
5,0,1.5225396825396826,48.416666666666664,0.0
2,0,1.0555555555555556,27.541666666666668,0.0
2,0,1.643915343915344,49.125,0.0
8,0,0.9043476364904937,80.20833333333333,0.0
1,0,1.9153439153439153,30.0,12.0
1,0,0.0,22.416666666666668,0.0
2,0,2.475033068783069,52.041666666666664,2.0
6,0,0.6825974025974026,64.0,0.0
3,0,1.2,25.666666666666668,0.0
10,0,2.1746749135638024,93.5,0.0
3,0,0.0,39.5,300.0
2,0,6.333333333333334,0.0,0.0
2,0,4.083333333333334,25.0,15.0
3,0,7.458333333333334,26.208333333333332,0.0
2,0,0.7333333333333333,22.791666666666668,0.0
4,0,6.240740740740741,42.541666666666664,46.0
3,0,2.305555555555556,35.166666666666664,0.0
2,0,0.0,23.166666666666668,0.0
1,0,2.925,34.125,0.0
5,0,0.7511111111111111,59.291666666666664,0.0
1,0,2.210582010582011,48.208333333333336,0.0
6,0,0.47074074074074074,57.041666666666664,0.0
2,0,4.333333333333334,14.875,0.0
7,0,4.240099406766073,58.75,6.0
3,0,3.378422318422318,52.125,0.0
2,0,0.0,21.666666666666668,0.0
5,0,3.2416666666666667,49.083333333333336,52.0
2,0,3.5555555555555554,19.5,0.0
7,0,1.1750944822373395,88.125,47.0
5,0,1.165873015873016,49.416666666666664,0.0
5,0,7.9375,50.666666666666664,28.0
5,0,1.4694444444444446,43.458333333333336,0.0
3,0,1.7361111111111112,23.416666666666668,0.0
2,0,3.888888888888889,19.75,0.0
3,0,3.179092512425846,70.33333333333333,0.0
3,0,1.3333333333333335,33.708333333333336,0.0
5,0,6.882539682539683,47.375,0.0
6,0,2.1953968253968257,55.041666666666664,6.0
2,0,4.444444444444445,26.166666666666668,0.0
2,0,5.5,13.333333333333334,1.0
4,0,1.8174603174603177,33.625,0.0
5,0,2.513095238095238,55.541666666666664,0.0
4,0,1.3796296296296298,37.041666666666664,0.0
5,0,1.1416666666666666,35.625,0.0
3,0,2.261111111111111,32.041666666666664,0.0
1,0,1.935714285714286,48.25,0.0
1,0,3.0,24.625,0.0
2,0,2.2222222222222223,21.75,68.0
5,0,1.886111111111111,42.791666666666664,39.0
1,0,8.0,26.875,0.0
2,0,5.833333333333333,14.541666666666666,0.0
3,0,1.6527777777777777,29.583333333333332,0.0
4,0,2.2648148148148146,43.708333333333336,0.0
2,0,0.0,0.0,0.0
3,0,10.695238095238096,31.083333333333332,8.0
2,0,3.833333333333333,14.833333333333334,0.0
1,0,3.263888888888889,30.625,0.0
3,0,0.4583333333333333,22.791666666666668,0.0
1,1,4.011111111111112,41.166666666666664,0.0
5,0,1.6613756613756614,47.625,0.0
4,0,2.4925925925925925,38.875,0.0
2,0,2.5833333333333335,19.541666666666668,0.0
1,0,3.930390211640212,54.041666666666664,0.0
2,0,4.444444444444445,23.208333333333332,56.0
6,0,3.3325396825396822,60.5,0.0
5,0,1.605952380952381,55.958333333333336,46.0
1,0,2.958333333333333,27.666666666666668,0.0
1,0,15.333333333333334,37.166666666666664,0.0
1,0,4.222222222222222,25.875,0.0
3,0,179.16666666666666,27.416666666666668,14.0
1,0,7.000000000000001,19.583333333333332,0.0
2,0,2.2753968253968253,41.208333333333336,0.0
7,0,1.0913660413660415,77.45833333333333,0.0
5,0,4.076587301587302,52.833333333333336,0.0
7,0,1.3316281601995887,77.45833333333333,0.0
6,0,2.2302469135802467,60.166666666666664,248.0
4,0,9.777777777777779,80.33333333333333,14.0
2,0,4.0,17.0,0.0
2,0,8.0,18.208333333333332,0.0
4,0,3.6851851851851856,34.75,30.0
2,0,1.6666666666666667,21.333333333333332,0.0
2,0,11.333333333333332,21.5,57.0
3,0,4.888888888888889,24.708333333333332,0.0
2,0,26.0,8.541666666666666,0.0
9,0,2.0136709355459357,90.45833333333333,0.0
3,0,0.0,25.875,0.0
2,0,9.333333333333334,11.833333333333334,0.0
2,0,2.555555555555556,43.166666666666664,0.0
2,0,5.5,22.708333333333332,0.0
4,0,10.888888888888888,57.291666666666664,0.0
1,0,1.124052028218695,61.625,0.0
1,0,1.338095238095238,19.416666666666668,0.0
2,0,2.544331065759637,80.75,0.0
4,0,0.961867021867022,104.91666666666667,0.0
1,0,3.4722222222222228,33.833333333333336,0.0
7,0,0.6563011063011064,82.375,0.0
5,0,1.1773809523809526,65.54166666666667,25.0
9,0,1.3059047434047435,89.875,0.0
4,0,0.5873015873015872,48.541666666666664,0.0
2,0,6.666666666666667,18.166666666666668,0.0
1,0,0.0,13.666666666666666,0.0
6,0,1.2222663139329806,63.208333333333336,0.0
5,0,1.6326190476190476,69.125,0.0
7,0,1.1227513227513228,89.75,0.0
5,0,1.1255555555555556,73.70833333333333,0.0
4,0,1.8,59.083333333333336,0.0
7,0,0.8802910052910052,72.125,8.0
3,0,1.4833333333333334,24.541666666666668,0.0
1,0,5.069444444444445,35.541666666666664,0.0
2,0,1.1012698412698412,61.75,0.0
1,0,3.2222222222222223,29.541666666666668,0.0
4,0,1.6888888888888887,56.625,0.0
4,0,2.564814814814815,34.833333333333336,0.0
2,0,5.151190476190476,77.54166666666667,0.0
1,0,3.3611111111111107,32.0,0.0
4,0,2.2037037037037037,22.958333333333332,0.0
5,0,20.0,48.958333333333336,0.0
4,0,0.0,0.0,0.0
7,0,2.8175925925925926,72.16666666666667,33.0
1,0,6.333333333333334,20.625,0.0
5,0,2.2958333333333334,96.45833333333333,0.0
2,0,0.0,13.291666666666666,0.0
3,0,3.1180555555555554,59.083333333333336,16.0
2,0,13.333333333333334,17.625,0.0
4,0,2.7314814814814814,48.791666666666664,0.0
3,0,1.6228835978835978,73.20833333333333,58.0
2,0,12.333333333333334,20.166666666666668,0.0
3,0,6.416666666666667,38.583333333333336,0.0
3,0,17.083333333333332,40.125,0.0
1,0,5.048148148148148,71.20833333333333,0.0
7,0,0.4861111111111111,85.04166666666667,0.0
9,0,2.3710813492063494,0.0,0.0
2,0,3.875,31.208333333333332,0.0
2,0,6.0,22.791666666666668,0.0
1,0,3.5833333333333335,70.25,0.0
3,0,5.666666666666666,29.875,0.0
4,0,2.694444444444444,58.666666666666664,9.0
3,0,0.611111111111111,0.4166666666666667,0.0
1,0,2.8981481481481484,46.25,0.0
2,0,2.6388888888888893,21.333333333333332,0.0
5,0,2.479166666666667,49.041666666666664,13.0
3,0,2.4388888888888887,31.041666666666668,0.0
1,0,5.5,21.416666666666668,0.0
5,0,2.576388888888889,51.208333333333336,0.0
3,0,4.916666666666667,57.458333333333336,0.0
8,0,4.4970521541950115,77.375,0.0
2,0,5.083333333333333,14.041666666666666,0.0
1,0,0.0,14.125,0.0
2,0,4.333333333333334,24.583333333333332,5.0
5,0,1.8693877551020408,73.54166666666667,15.0
6,0,1.0949074074074074,62.75,0.0
2,0,5.321111111111111,62.833333333333336,0.0
5,0,2.084788191606373,129.58333333333334,0.0
1,0,5.333333333333334,21.208333333333332,0.0
3,0,2.8,30.583333333333332,0.0
4,0,4.481481481481482,42.083333333333336,0.0
5,0,13.916666666666666,58.0,1.0
5,0,8.877142857142857,46.666666666666664,0.0
1,0,0.0,0.0,0.0
2,0,2.0,18.25,18.0
7,0,4.132275132275132,62.083333333333336,0.0
4,1,5.888888888888889,42.833333333333336,0.0
2,0,4.657407407407407,41.375,0.0
2,0,276.0,17.458333333333332,0.0
2,0,11.333333333333332,72.5,0.0
1,0,13.0,22.791666666666668,0.0
2,0,2.9166666666666665,16.875,0.0
2,0,2.555555555555556,25.291666666666668,0.0
2,0,6.0,25.0,0.0
7,0,4.263265306122449,113.16666666666667,0.0
3,0,15.148148148148147,23.708333333333332,0.0
4,0,3.4722222222222228,1.625,0.0
14,0,4.976227476227477,122.0,0.0
2,0,5.722222222222222,25.541666666666668,0.0
1,0,12.666666666666668,14.375,0.0
8,0,2.7142857142857144,112.08333333333333,0.0
2,0,12.666666666666668,18.5,0.0
4,0,2.2074074074074073,42.208333333333336,0.0
2,0,0.0,16.0,0.0
3,0,2.5117460317460316,93.79166666666667,0.0
2,0,4.5055555555555555,57.958333333333336,0.0
2,0,4.0,14.708333333333334,0.0
3,0,6.388888888888889,36.958333333333336,0.0
1,0,13.0,19.916666666666668,0.0
4,0,6.5,36.75,0.0
8,0,110.509410430839,63.791666666666664,0.0
5,0,6.076388888888889,59.375,0.0
4,0,4.652777777777778,44.5,0.0
1,0,6.0,15.541666666666666,0.0
2,0,0.0,21.75,0.0
3,1,3.7644444444444445,69.0,0.0
4,0,18.194444444444443,41.25,0.0
1,0,0.16666666666666669,24.666666666666668,0.0
2,0,1.9090889049222382,72.70833333333333,0.0
3,0,5.286666666666667,67.33333333333333,0.0
3,0,12.541666666666666,48.083333333333336,0.0
3,0,3.9444444444444446,16.541666666666668,21.0
3,0,161.16666666666666,22.125,0.0
1,0,7.655555555555556,49.708333333333336,0.0
2,0,6.0,15.375,0.0
1,0,16.333333333333332,10.041666666666666,0.0
11,1,1.116883116883117,120.5,0.0
3,0,198.33333333333334,21.125,21.0
3,0,55.333333333333336,18.958333333333332,0.0
3,0,187.16666666666666,18.833333333333332,0.0
3,0,11.166666666666668,25.708333333333332,0.0
2,0,6.666666666666667,13.25,133.0
2,0,10.0,11.916666666666666,0.0
1,0,19.037037037037038,31.791666666666668,0.0
2,0,0.0,14.166666666666666,0.0
2,0,3.1203703703703702,28.583333333333332,0.0
5,0,2.66984126984127,62.708333333333336,0.0
7,0,4.170129870129871,104.75,0.0
7,0,1.8595899470899473,97.58333333333333,74.0
5,0,4.9125000000000005,63.041666666666664,0.0
4,0,91.33333333333333,31.083333333333332,0.0
1,0,8.333333333333332,19.125,242.0
2,0,19.416666666666668,38.541666666666664,0.0
1,0,190.0,11.041666666666666,0.0
3,0,15.5,44.0,0.0
2,0,4.083333333333333,30.083333333333332,0.0
3,0,96.83333333333333,36.333333333333336,15.0
3,1,32.0,84.95833333333333,0.0
1,0,13.0,20.25,0.0
3,0,6.111111111111112,59.75,11.0
3,0,81.54166666666667,47.958333333333336,0.0
1,0,125.33333333333333,22.458333333333332,0.0
2,0,7.111111111111111,45.833333333333336,0.0
1,0,103.83333333333333,53.0,0.0
1,0,26.0,11.166666666666666,0.0
7,1,1.1490672026386313,107.04166666666667,0.0
2,1,99.38055555555555,76.375,0.0
2,0,10.236111111111112,43.166666666666664,0.0
2,0,190.0,14.708333333333334,0.0
4,1,8.305555555555555,63.791666666666664,0.0
1,1,13.657407407407407,50.333333333333336,0.0
2,0,19.333333333333332,32.0,0.0
3,0,0.0,38.208333333333336,0.0
1,1,3.175320711034997,153.66666666666666,164.0
2,0,4.055555555555555,46.875,3.0
1,0,74.0,14.333333333333334,0.0
3,0,58.68055555555556,35.916666666666664,0.0
1,0,130.0,10.166666666666666,0.0
3,0,23.25,28.708333333333332,0.0
1,0,12.666666666666668,17.458333333333332,76.0
3,0,6.333333333333333,31.541666666666668,0.0
6,0,9.242460317460317,75.91666666666667,0.0
2,0,1.3333333333333333,40.333333333333336,0.0
2,0,0.0,1.75,0.0
1,0,2.0,12.083333333333334,0.0
1,0,2.3333333333333335,21.875,49.0
1,0,60.0,16.333333333333332,0.0
2,0,204.99999999999997,21.75,0.0
7,0,51.6712962962963,53.208333333333336,48.0
2,0,12.0,11.041666666666666,0.0
2,0,146.0,11.416666666666666,0.0
5,0,1.9801587301587302,100.5,8.0
3,0,70.61111111111111,43.958333333333336,0.0
2,0,71.27777777777779,34.208333333333336,0.0
6,0,0.3174603174603175,55.708333333333336,0.0
9,0,5.087169312169312,114.25,17.0
2,0,20.75,20.333333333333332,0.0
3,1,1.1666666666666667,33.75,0.0
4,1,22.11111111111111,6.75,0.0
2,1,80.5,1.6666666666666667,78.0
3,1,18.222222222222225,28.041666666666668,0.0
5,0,10.315555555555555,24.625,0.0
2,0,25.055555555555557,28.125,0.0
1,1,38.642857142857146,0.8333333333333334,18.0
3,0,54.14814814814815,27.208333333333332,0.0
5,0,0.0,54.625,0.0
4,1,16.01851851851852,16.333333333333332,0.0
2,0,7.666666666666667,19.375,0.0
2,0,110.00000000000001,9.5,0.0
4,1,0.0,0.0,0.0
2,0,108.0,10.0,1.0
3,0,0.0,13.25,0.0
3,0,13.833333333333332,24.833333333333332,0.0
2,0,48.0,13.25,0.0
3,0,9.666666666666668,25.25,0.0
4,0,14.796296296296298,43.625,0.0
3,0,6.333333333333333,11.75,0.0
6,0,0.8148148148148149,80.45833333333333,0.0
3,0,0.0,10.916666666666666,0.0
13,1,0.08469791078486731,213.66666666666666,0.0
2,0,0.0,21.958333333333332,0.0
3,0,21.5,20.958333333333332,0.0
3,0,70.16666666666667,34.583333333333336,0.0
2,0,76.0,2.2083333333333335,26.0
2,0,7.675793650793651,71.54166666666667,0.0
2,0,48.0,9.916666666666666,0.0
3,0,12.291666666666666,46.291666666666664,0.0
2,0,111.5,24.583333333333332,0.0
4,0,46.611111111111114,44.541666666666664,0.0
1,0,0.0,4.916666666666667,0.0
5,1,0.0,15.458333333333334,0.0
2,0,20.166666666666668,20.458333333333332,0.0
1,0,2.0,13.375,0.0
2,0,5.847222222222222,59.583333333333336,0.0
1,0,6.0,9.166666666666666,0.0
2,0,6.481481481481481,32.666666666666664,27.0
2,0,2.0,19.083333333333332,0.0
3,0,95.72222222222223,30.375,0.0
3,0,27.888888888888886,32.041666666666664,0.0
2,0,66.66666666666667,29.166666666666668,0.0
3,0,13.666666666666666,35.416666666666664,0.0
3,1,0.0,29.375,0.0
2,0,44.44444444444444,46.916666666666664,50.0
2,0,3.777777777777778,36.791666666666664,4.0
2,1,6.578584656084656,126.04166666666667,0.0
2,0,0.0,12.416666666666666,0.0
2,0,30.0,16.875,0.0
3,0,0.0,39.583333333333336,0.0
1,0,0.0,0.16666666666666666,0.0
1,1,90.1111111111111,40.875,0.0
9,0,0.0,104.58333333333333,0.0
1,0,176.0,28.583333333333332,0.0
2,0,12.0,14.375,0.0
2,0,8.333333333333334,24.291666666666668,6.0
3,0,47.0,22.833333333333332,0.0
1,0,14.000000000000002,16.0,0.0
1,0,52.36111111111111,45.958333333333336,0.0
1,0,2.0,10.291666666666666,0.0
1,0,12.0,12.583333333333334,0.0
1,0,0.0,8.541666666666666,0.0
4,0,0.0,50.083333333333336,0.0
2,0,74.0,15.041666666666666,68.0
2,1,12.333333333333334,25.916666666666668,100.0
2,0,0.0,9.708333333333334,0.0
3,0,0.0,31.791666666666668,0.0
6,0,0.36111111111111116,18.583333333333332,0.0
2,0,76.0,16.291666666666668,0.0
2,0,32.0,8.583333333333334,0.0
1,0,48.0,13.708333333333334,0.0
3,0,46.666666666666664,28.416666666666668,0.0
3,0,6.333333333333334,22.458333333333332,0.0
3,0,8.333333333333334,20.333333333333332,0.0
2,0,13.333333333333334,16.083333333333332,14.0
3,1,4.0,20.791666666666668,99.0
3,0,21.333333333333332,18.375,57.0
5,0,11.563392857142857,49.75,0.0
5,0,1.410813492063492,49.333333333333336,0.0
1,0,0.7777777777777778,22.25,0.0
5,0,1.6706349206349207,49.0,59.0
3,0,7.766666666666667,32.208333333333336,0.0
5,0,7.642526455026454,49.958333333333336,0.0
1,1,0.1111111111111111,19.458333333333332,88.0
2,0,0.08333333333333334,29.583333333333332,0.0
2,0,1.2644083694083694,61.75,8.0
2,1,3.0,20.75,1.0
2,0,1.472222222222222,22.791666666666668,0.0
8,0,3.718405139833711,91.70833333333333,0.0
5,0,1.1879629629629629,65.29166666666667,0.0
3,0,2.7666666666666666,37.291666666666664,0.0
1,0,2.666666666666667,21.708333333333332,0.0
1,0,0.0,18.916666666666668,38.0
3,0,2.861111111111111,21.833333333333332,0.0
2,0,3.3333333333333335,20.458333333333332,1.0
1,0,6.666666666666667,12.25,0.0
1,0,2.6666666666666665,24.333333333333332,0.0
2,0,2.1883597883597887,62.666666666666664,0.0
6,0,1.8596825396825398,61.916666666666664,0.0
3,0,3.555555555555556,43.666666666666664,0.0
3,0,3.5000000000000004,30.208333333333332,0.0
6,1,4.866666666666667,65.5,120.0
2,0,1.2962962962962965,33.0,0.0
1,0,1.8511904761904763,49.666666666666664,0.0
4,0,2.5703703703703704,53.166666666666664,0.0
2,0,13.0,23.625,0.0
1,0,2.588888888888889,53.875,0.0
1,0,1.0833333333333335,32.416666666666664,0.0
5,0,2.1911111111111112,114.33333333333333,0.0
2,0,2.177777777777778,64.41666666666667,0.0
4,0,6.3351851851851855,36.25,0.0
7,0,2.098185941043084,78.875,0.0
10,0,1.0569829347607125,91.25,0.0
5,0,4.022222222222222,85.41666666666667,16.0
7,0,1.8014109347442682,102.83333333333333,0.0
1,0,1.8740740740740742,45.083333333333336,0.0
1,0,1.6666666666666667,29.875,0.0
6,0,1.7254188712522047,78.66666666666667,0.0
9,0,2.61755692866804,66.45833333333333,0.0
8,0,1.2284202569916858,103.91666666666667,0.0
2,0,1.888888888888889,58.875,0.0
2,0,0.0,47.958333333333336,0.0
4,0,5.4444444444444455,50.875,0.0
1,0,9.722222222222223,47.416666666666664,9.0
6,0,1.9462301587301587,101.66666666666667,0.0
5,0,5.824801587301587,67.16666666666667,6.0
2,0,13.0,11.916666666666666,174.0
1,0,1.8333333333333333,23.0,0.0
1,0,0.2222222222222222,33.208333333333336,0.0
1,0,3.092592592592593,64.08333333333333,0.0
7,0,1.548184223184223,113.5,0.0
1,0,0.0,25.0,0.0
3,0,2.5,24.041666666666668,0.0
2,0,5.25,19.541666666666668,0.0
5,0,0.6222222222222222,54.458333333333336,0.0
1,0,1.9444444444444444,26.416666666666668,0.0
1,0,2.666666666666667,26.875,0.0
3,0,2.814814814814815,43.541666666666664,0.0
2,0,1.0555555555555556,30.625,0.0
3,0,0.0,0.0,0.0
3,0,0.0,0.7916666666666666,0.0
3,1,1.3569647283932997,84.16666666666667,0.0
2,0,1.2773628405147817,133.08333333333334,0.0
2,0,2.7222222222222228,36.541666666666664,0.0
2,0,6.833333333333333,17.791666666666668,0.0
5,0,2.7123015873015874,40.541666666666664,0.0
1,0,13.333333333333334,15.333333333333334,0.0
3,0,9.083333333333334,4.125,0.0
3,0,1.7666666666666666,34.041666666666664,0.0
1,0,13.333333333333334,19.416666666666668,0.0
6,0,3.241904761904762,67.58333333333333,0.0
1,1,11.777777777777779,19.166666666666668,0.0
1,0,9.333333333333334,31.541666666666668,0.0
1,0,2.3333333333333335,16.375,0.0
4,0,58.72222222222223,41.666666666666664,0.0
1,0,4.0,9.875,0.0
2,0,4.472222222222222,59.25,0.0
2,0,6.375,51.083333333333336,0.0
5,0,3.5277777777777777,96.125,0.0
6,1,10.787037037037038,54.833333333333336,0.0
1,0,0.0,15.583333333333334,0.0
4,0,0.0,54.625,0.0
1,0,0.0,23.625,0.0
6,0,4.131111111111111,61.041666666666664,0.0
6,0,43.65555555555555,51.541666666666664,66.0
1,0,102.0,13.416666666666666,0.0
1,0,2.666666666666667,15.291666666666666,0.0
1,0,1.6666666666666667,17.041666666666668,0.0
2,0,4.166666666666667,28.333333333333332,13.0
2,1,12.0,21.75,0.0
4,0,1.062169312169312,63.041666666666664,221.0
9,1,3.825305969750414,134.95833333333334,0.0
2,0,3.3333333333333335,26.958333333333332,0.0
1,0,26.0,17.75,0.0
1,0,187.66666666666666,20.708333333333332,4.0
1,1,1.4252645502645505,61.375,0.0
2,0,3.2800000000000002,63.791666666666664,0.0
8,0,8.11738683127572,86.08333333333333,0.0
2,0,0.0,18.125,0.0
2,0,25.333333333333336,20.291666666666668,0.0
6,0,43.63392857142858,76.79166666666667,85.0
2,0,150.0,25.666666666666668,0.0
1,0,96.16666666666667,39.958333333333336,0.0
1,0,11.0,15.583333333333334,143.0
2,0,71.16666666666667,11.541666666666666,0.0
2,0,12.0,11.75,0.0
2,0,40.0,5.625,0.0
1,0,4.0,10.375,0.0
1,0,0.0,10.708333333333334,0.0
1,0,8.0,17.583333333333332,0.0
4,0,12.588095238095239,85.33333333333333,0.0
1,0,2.4444444444444446,38.458333333333336,0.0
1,0,12.34722222222222,53.625,0.0
1,0,4.022222222222223,65.58333333333333,0.0
4,0,90.22222222222223,32.208333333333336,0.0
1,0,9.416666666666666,32.25,0.0
3,0,63.0,22.375,0.0
2,0,0.0,13.125,0.0
2,0,64.0,21.875,0.0
1,0,28.000000000000004,14.291666666666666,0.0
3,0,3.848677248677249,65.91666666666667,0.0
5,1,60.83597883597884,58.625,0.0
1,0,30.944444444444443,31.458333333333332,0.0
1,0,22.0,9.375,0.0
1,0,89.0,21.875,0.0
4,0,1.5,41.708333333333336,0.0
5,1,18.343503487253486,115.29166666666667,0.0
4,0,7.388888888888889,37.291666666666664,0.0
1,0,17.14814814814815,26.875,6.0
1,0,6.0,10.833333333333334,0.0
2,1,13.333333333333334,14.5,0.0
6,1,14.427777777777777,60.25,0.0
2,0,21.333333333333332,23.416666666666668,0.0
2,0,55.90277777777778,38.291666666666664,0.0
3,0,23.833333333333332,15.916666666666666,0.0
2,0,10.0,14.375,0.0
5,0,11.75,40.333333333333336,0.0
2,0,33.0,30.333333333333332,0.0
2,0,7.000000000000001,13.75,0.0
2,0,5.0,20.541666666666668,0.0
1,0,4.0,12.25,0.0
2,0,4.0,15.541666666666666,0.0
2,0,12.0,16.416666666666668,7.0
7,0,7.2405202821869485,69.08333333333333,0.0
2,0,1.5638888888888889,59.5,34.0
2,0,0.0,15.916666666666666,0.0
2,0,1.5594246031746033,57.458333333333336,0.0
5,0,2.455522486772487,51.0,29.0
4,0,1.201851851851852,42.166666666666664,0.0
2,0,4.444444444444445,15.541666666666666,0.0
3,1,2.7083333333333335,32.666666666666664,11.0
2,0,4.472222222222222,25.041666666666668,0.0
2,0,2.166666666666667,20.041666666666668,0.0
1,0,1.25,15.375,0.0
4,0,1.601058201058201,38.791666666666664,0.0
3,0,3.7222222222222223,28.583333333333332,0.0
2,0,3.3333333333333335,15.75,0.0
2,0,5.5,17.625,0.0
1,0,2.0833333333333335,40.666666666666664,3.0
3,0,2.986772486772487,35.916666666666664,0.0
2,1,45.916666666666664,4.75,143.0
5,0,19.54583333333333,50.208333333333336,0.0
2,1,5.166666666666667,3.9583333333333335,181.0
3,0,1.80005291005291,47.75,14.0
4,0,1.0018518518518518,33.5,0.0
2,0,2.05,26.083333333333332,0.0
1,0,11.5,19.333333333333332,0.0
4,0,2.625,49.083333333333336,0.0
4,0,2.4126984126984126,31.583333333333332,0.0
2,0,4.333333333333334,23.541666666666668,56.0
1,0,6.166666666666667,18.791666666666668,0.0
1,0,2.4333333333333336,45.75,1.0
2,0,0.0,22.375,0.0
2,0,3.4916666666666663,34.041666666666664,0.0
6,0,1.6213183421516755,64.375,0.0
1,0,2.041666666666667,27.166666666666668,0.0
4,0,1.777777777777778,37.791666666666664,9.0
2,0,6.333333333333334,24.833333333333332,0.0
4,0,2.6462962962962964,39.875,0.0
8,0,1.8413511092082522,91.5,0.0
4,0,1.9975198412698414,48.5,0.0
3,0,18.583333333333332,24.833333333333332,0.0
3,0,6.347222222222222,26.416666666666668,0.0
4,0,2.0833333333333335,41.708333333333336,0.0
6,0,1.3376455026455027,61.25,0.0
4,0,1.9044642857142857,41.0,0.0
8,0,21.05268329554044,74.66666666666667,53.0
5,0,1.6666666666666667,55.458333333333336,0.0
5,0,0.0,46.208333333333336,0.0
7,0,8.407958553791888,75.54166666666667,1.0
7,0,0.8287037037037038,68.54166666666667,9.0
4,0,3.0092592592592595,29.458333333333332,36.0
2,0,1.3253968253968256,37.291666666666664,0.0
5,0,5.308201058201059,45.208333333333336,0.0
5,0,4.038525132275132,52.166666666666664,0.0
2,0,6.857142857142858,24.666666666666668,0.0
3,0,2.041666666666667,31.833333333333332,0.0
3,0,2.833333333333333,34.0,0.0
1,0,0.0,24.791666666666668,0.0
7,0,15.72037037037037,64.83333333333333,0.0
4,0,1.4814814814814816,42.75,0.0
7,0,1.4145422478755814,59.291666666666664,185.0
6,0,1.4666666666666668,53.958333333333336,0.0
5,0,0.65,46.041666666666664,0.0
5,0,0.0,56.791666666666664,0.0
3,0,1.5416666666666667,31.0,0.0
4,0,0.0,49.583333333333336,0.0
4,1,2.1296296296296298,43.5,0.0
9,0,0.48722943722943723,93.33333333333333,0.0
1,1,1.775,39.458333333333336,0.0
5,0,1.902777777777778,52.208333333333336,0.0
2,0,2.666666666666667,25.0,0.0
5,0,0.8541666666666667,36.166666666666664,0.0
6,0,4.093333333333334,55.5,0.0
3,0,0.0,0.0,0.0
3,0,11.149999999999999,22.458333333333332,0.0
1,0,2.4444444444444446,31.208333333333332,100.0
2,1,2.2222222222222223,69.625,0.0
4,0,4.333333333333333,37.625,0.0
2,0,8.0,22.291666666666668,0.0
4,0,1.848148148148148,34.5,0.0
1,0,3.1527777777777777,19.125,104.0
1,0,9.833333333333334,30.583333333333332,8.0
2,0,2.3333333333333335,23.666666666666668,0.0
2,0,3.3333333333333335,17.375,0.0
3,0,55.22222222222222,32.541666666666664,92.0
5,0,5.6213624338624335,47.916666666666664,0.0
3,1,301.3333333333333,64.75,59.0
7,0,1.1076152683295541,73.75,0.0
4,0,1.4666666666666666,46.583333333333336,14.0
8,0,0.47179275750704325,81.45833333333333,0.0
4,0,1.1848544973544974,42.541666666666664,0.0
5,0,3.6910846560846564,56.375,0.0
4,0,3.844444444444445,36.5,1.0
3,0,0.05555555555555555,26.5,0.0
3,0,3.7222222222222223,26.458333333333332,0.0
3,0,0.9612962962962964,45.166666666666664,0.0
1,0,4.166666666666666,17.25,74.0
1,0,0.5555555555555556,18.166666666666668,0.0
8,0,2.2110312967455825,78.125,47.0
1,0,6.361111111111111,27.958333333333332,0.0
2,0,2.68968253968254,0.0,0.0
6,0,1.313742584575918,58.625,0.0
4,0,7.23126102292769,34.208333333333336,0.0
3,0,2.216666666666667,39.5,0.0
3,0,3.5,30.416666666666668,0.0
5,0,2.7382936507936506,48.958333333333336,27.0
2,0,4.333333333333334,26.833333333333332,0.0
2,0,4.222222222222222,24.291666666666668,0.0
6,0,3.2767075517075517,53.458333333333336,0.0
1,0,1.9492283950617282,81.20833333333333,0.0
3,0,30.972222222222225,46.541666666666664,1.0
6,0,3.8777777777777778,56.833333333333336,3.0
2,0,3.437037037037037,0.0,0.0
6,0,2.4350088183421517,70.08333333333333,0.0
4,0,2.5462962962962963,46.041666666666664,0.0
5,0,3.337777777777778,54.0,0.0
4,0,0.6166666666666667,43.041666666666664,0.0
1,0,1.1666666666666667,26.0,0.0
3,0,2.6916666666666664,25.708333333333332,0.0
1,0,1.8042328042328044,43.166666666666664,0.0
2,0,1.1656084656084658,59.333333333333336,34.0
5,0,2.0024891774891778,44.083333333333336,0.0
3,0,1.8611111111111112,34.5,211.0
6,0,8.441005291005292,62.916666666666664,0.0
7,0,5.861111111111112,68.16666666666667,0.0
3,0,3.8333333333333335,31.125,0.0
3,0,3.4444444444444446,35.916666666666664,0.0
8,0,3.8205215419501135,80.75,0.0
8,0,141.8373015873016,67.16666666666667,0.0
8,0,81.55068027210883,73.125,11.0
7,0,171.11111111111111,60.041666666666664,0.0
7,0,86.50462962962962,66.16666666666667,38.0
1,0,2.5,35.583333333333336,0.0
3,0,3.7222222222222223,27.791666666666668,0.0
5,0,8.463690476190477,51.083333333333336,0.0
3,0,5.232010582010583,43.583333333333336,0.0
1,0,9.833333333333334,20.041666666666668,0.0
1,0,2.25,25.541666666666668,0.0
5,0,0.4333333333333333,50.666666666666664,0.0
2,0,2.1333333333333333,3.7083333333333335,255.0
3,0,0.0,45.708333333333336,0.0
3,0,0.0,0.0,0.0
1,0,6.666666666666667,17.416666666666668,0.0
2,0,6.0,14.25,0.0
1,0,4.888888888888889,39.125,0.0
1,0,3.022222222222222,46.416666666666664,10.0
3,0,0.0,0.16666666666666666,0.0
6,0,1.0526014109347444,67.875,0.0
5,0,2.439206349206349,52.666666666666664,0.0
1,0,0.9583333333333333,30.458333333333332,0.0
4,0,2.785714285714286,36.375,8.0
10,0,1.2268549351882685,106.0,0.0
2,0,4.716693121693121,52.666666666666664,0.0
1,0,3.018518518518519,24.041666666666668,0.0
3,0,2.1038359788359786,52.0,0.0
2,0,4.166666666666666,12.416666666666666,0.0
4,0,1.9406882679609951,89.91666666666667,71.0
8,0,3.4205215419501136,75.95833333333333,0.0
4,0,13.703703703703704,37.166666666666664,1.0
4,0,6.055555555555556,32.75,0.0
6,0,26.81111111111111,55.166666666666664,0.0
6,0,224.1277777777778,51.791666666666664,0.0
5,0,43.111111111111114,39.083333333333336,0.0
6,0,34.03333333333334,55.791666666666664,0.0
8,0,44.98253968253969,70.625,0.0
2,0,14.000000000000002,50.458333333333336,0.0
3,0,123.33333333333333,27.333333333333332,0.0
5,0,1.8555026455026458,53.333333333333336,0.0
6,0,1.5555555555555558,62.125,0.0
4,0,3.027777777777778,36.333333333333336,25.0
3,0,1.2847222222222223,46.208333333333336,19.0
4,1,54.59259259259259,40.166666666666664,0.0
6,0,39.011111111111106,58.958333333333336,0.0
8,0,78.15702947845806,76.41666666666667,0.0
7,0,26.624074074074073,68.16666666666667,0.0
3,0,76.66666666666667,79.375,0.0
4,0,13.037037037037038,31.708333333333332,0.0
6,0,38.62222222222222,32.0,0.0
3,0,1.625,29.541666666666668,0.0
2,1,4.0,16.083333333333332,0.0
3,0,1.4166666666666665,2.4166666666666665,0.0
2,0,1.1666666666666667,14.833333333333334,0.0
5,1,2.638888888888889,49.541666666666664,0.0
2,0,3.283333333333333,47.583333333333336,0.0
1,0,4.576388888888889,27.0,0.0
2,0,0.0,15.708333333333334,0.0
3,0,1.5580447330447331,71.20833333333333,0.0
5,0,4.1218518518518525,1.4166666666666667,151.0
2,0,16.0,16.708333333333332,0.0
1,0,3.5,30.041666666666668,0.0
1,0,2.555555555555556,7.958333333333333,0.0
1,0,1.0666666666666667,32.333333333333336,0.0
10,0,3.1830443098416956,100.16666666666667,0.0
6,0,2.8153968253968253,56.333333333333336,0.0
6,0,4.221931216931217,53.541666666666664,0.0
4,0,1.5294642857142857,49.125,0.0
2,1,5.444444444444445,33.208333333333336,0.0
5,0,3.365396825396825,57.25,0.0
5,0,2.2632275132275135,58.25,0.0
5,0,2.641666666666667,54.291666666666664,0.0
5,0,2.7319444444444447,41.958333333333336,0.0
1,0,2.166666666666667,17.291666666666668,0.0
3,0,0.4222222222222222,34.083333333333336,0.0
4,0,4.564814814814815,34.833333333333336,0.0
3,0,20.333333333333332,24.166666666666668,0.0
3,0,2.5694444444444446,35.625,4.0
4,0,2.487037037037037,39.75,0.0
4,0,1.1833258912804367,132.58333333333334,0.0
3,0,1.5152336860670192,81.41666666666667,68.0
2,0,3.7666666666666666,59.708333333333336,0.0
4,0,1.4014550264550263,42.166666666666664,0.0
4,0,1.1277777777777778,24.333333333333332,0.0
2,0,4.5,21.791666666666668,0.0
1,0,9.555555555555555,30.625,0.0
1,0,11.5,6.333333333333333,0.0
1,0,1.7347222222222223,47.166666666666664,0.0
5,0,1.5710978835978837,90.75,0.0
3,0,16.88888888888889,29.958333333333332,13.0
3,0,7.333333333333334,24.541666666666668,0.0
6,1,5.180952380952382,68.375,0.0
2,0,0.0,13.625,0.0
7,0,1.9869047619047617,63.125,0.0
4,0,3.1018518518518516,34.791666666666664,0.0
4,0,2.2037037037037037,40.625,6.0
2,0,10.0,14.083333333333334,0.0
2,0,11.333333333333332,25.833333333333332,0.0
7,0,1.601300705467372,67.25,14.0
3,0,3.6666666666666665,4.416666666666667,0.0
1,0,5.194444444444445,32.5,0.0
2,0,2.4164021164021166,64.66666666666667,0.0
1,0,13.333333333333334,1.125,0.0
6,0,0.41111111111111115,103.83333333333333,0.0
4,0,1.7481481481481482,6.875,0.0
3,0,5.222222222222222,23.5,0.0
5,0,14.273148148148149,43.5,0.0
3,0,5.8,42.791666666666664,0.0
3,0,91.66666666666667,22.791666666666668,0.0
4,0,13.00925925925926,33.791666666666664,0.0
5,0,2.261111111111111,61.5,0.0
2,0,12.666666666666668,18.083333333333332,0.0
2,0,0.0,0.0,0.0
1,0,2.6166666666666667,56.875,0.0
3,0,3.3611111111111107,27.666666666666668,0.0
2,0,13.0,22.291666666666668,0.0
2,0,2.666666666666667,21.708333333333332,0.0
1,0,2.524074074074074,45.75,0.0
5,0,4.381746031746031,55.875,0.0
1,0,10.0,16.958333333333332,2.0
5,0,3.397222222222222,42.75,0.0
7,0,18.984391534391534,97.70833333333333,0.0
1,0,1.5583333333333333,27.541666666666668,0.0
2,0,2.036111111111111,61.0,0.0
1,0,2.9722222222222223,26.291666666666668,0.0
2,0,2.0,13.875,0.0
3,0,2.9027777777777777,30.75,3.0
2,0,2.9429629629629632,67.75,0.0
8,0,1.1189143032893034,120.29166666666667,0.0
1,0,3.5972222222222223,39.375,0.0
1,0,0.2,30.375,0.0
2,0,3.458333333333333,33.375,0.0
2,0,0.0,34.041666666666664,188.0
6,0,10.666666666666666,120.16666666666667,34.0
4,0,0.0,41.583333333333336,0.0
4,0,7.198412698412699,13.25,0.0
1,0,3.0,22.375,0.0
1,0,2.666666666666667,14.625,0.0
1,0,19.333333333333332,25.291666666666668,0.0
1,0,2.5805555555555557,71.75,0.0
4,0,3.4444444444444446,40.958333333333336,0.0
1,0,17.583333333333336,23.791666666666668,0.0
1,0,3.814814814814815,58.333333333333336,0.0
4,0,3.3333333333333335,3.1666666666666665,0.0
2,0,7.166666666666666,23.208333333333332,0.0
4,0,2.6666666666666665,36.25,0.0
5,0,2.180555555555556,50.625,0.0
2,0,12.666666666666668,16.25,0.0
2,0,9.666666666666666,16.416666666666668,0.0
1,0,4.0,9.916666666666666,0.0
1,0,1.5555555555555556,46.958333333333336,0.0
1,0,2.814814814814815,31.791666666666668,0.0
7,0,1.7441718775052106,67.625,19.0
6,0,3.2478571428571428,47.333333333333336,0.0
3,0,5.055555555555556,27.333333333333332,0.0
2,0,7.166666666666666,23.375,0.0
6,0,1.6988095238095238,64.25,0.0
3,0,3.4318452380952382,83.29166666666667,0.0
1,0,5.055555555555555,25.833333333333332,0.0
7,1,3.525036075036075,35.083333333333336,55.0
4,0,6.376832955404383,62.25,0.0
2,0,0.0,14.291666666666666,0.0
10,0,2.5656619101063547,100.25,0.0
9,0,1.0565728715728715,101.70833333333333,0.0
5,0,3.7847222222222223,41.041666666666664,0.0
5,0,13.9984126984127,47.541666666666664,0.0
5,0,2.726349206349206,61.916666666666664,0.0
2,1,4.333333333333334,4.875,0.0
4,0,0.0,44.541666666666664,0.0
6,0,2.0,54.25,0.0
7,0,2.8513227513227517,59.083333333333336,14.0
1,0,2.423611111111111,44.625,0.0
3,1,61.111111111111114,50.25,0.0
2,0,8.083333333333334,21.875,0.0
1,0,1.597222222222222,30.25,0.0
7,0,1.8508818342151674,58.375,0.0
2,0,6.0,21.041666666666668,0.0
1,0,2.077777777777778,41.875,0.0
5,0,0.7047619047619047,62.958333333333336,0.0
5,0,2.090079365079365,61.791666666666664,0.0
1,0,0.0,20.375,0.0
3,0,2.666666666666667,26.083333333333332,0.0
5,0,3.5972222222222223,43.875,0.0
2,0,6.5,22.25,0.0
8,0,2.52099395313681,94.83333333333333,0.0
2,0,0.0,19.875,0.0
1,0,9.666666666666668,30.875,0.0
2,0,27.75,23.25,0.0
6,0,31.088888888888885,64.29166666666667,0.0
3,0,44.50000000000001,27.041666666666668,0.0
6,0,0.8666666666666668,62.458333333333336,0.0
6,0,0.0,63.041666666666664,0.0
9,0,0.5296296296296297,97.41666666666667,0.0
4,0,3.3333333333333335,42.25,0.0
2,0,1.8148148148148149,34.625,21.0
4,1,1.8869047619047619,53.875,0.0
3,0,5.555555555555555,30.875,25.0
1,0,6.666666666666667,24.5,0.0
12,0,1.959631726298393,124.08333333333333,0.0
5,0,0.575,45.333333333333336,0.0
4,0,1.611111111111111,33.0,0.0
2,0,3.9629629629629632,38.875,0.0
2,0,13.0,2.7916666666666665,0.0
2,0,1.2222222222222223,28.291666666666668,0.0
2,0,24.615740740740744,60.208333333333336,0.0
1,0,1.7301587301587302,100.54166666666667,26.0
2,0,13.0,17.791666666666668,0.0
5,0,2.0625396825396827,67.04166666666667,0.0
10,0,3.001523168189835,91.66666666666667,0.0
3,0,5.111111111111111,30.75,0.0
1,0,10.0,24.291666666666668,0.0
2,0,2.0555555555555554,39.791666666666664,0.0
2,0,1.4814814814814816,29.708333333333332,0.0
1,0,11.0,10.375,0.0
1,0,1.277777777777778,35.541666666666664,0.0
3,0,3.8555555555555556,53.5,0.0
3,0,7.5,29.375,0.0
2,0,3.833333333333333,26.666666666666668,0.0
2,0,1.5174603174603176,48.916666666666664,0.0
5,0,1.5470238095238096,52.041666666666664,0.0
3,1,1.7954144620811288,39.083333333333336,0.0
3,0,8.75,26.5,0.0
2,0,6.0,24.041666666666668,151.0
3,0,1.8055555555555558,27.833333333333332,0.0
2,0,5.055555555555555,38.791666666666664,0.0
4,0,1.7685185185185182,39.875,0.0
1,0,0.0,14.458333333333334,0.0
4,0,6.37037037037037,42.041666666666664,0.0
1,0,0.0,9.5,0.0
7,0,4.944444444444445,70.25,82.0
3,0,4.416666666666667,17.375,0.0
1,0,5.5,15.625,0.0
1,0,1.0833333333333335,20.083333333333332,0.0
5,1,2.666666666666667,27.041666666666668,0.0
2,0,9.5,12.541666666666666,0.0
4,1,3.187037037037037,47.125,0.0
3,0,0.9722222222222222,31.083333333333332,0.0
6,0,14.022222222222222,52.875,0.0
3,0,32.46666666666667,51.0,0.0
9,0,3.227645502645503,97.91666666666667,0.0
5,0,2.75,57.666666666666664,0.0
7,0,0.5634920634920635,67.41666666666667,0.0
1,0,1.6169047619047618,87.79166666666667,0.0
9,0,1.3234953703703705,90.41666666666667,0.0
6,1,7.355026455026456,68.54166666666667,64.0
1,0,9.561111111111112,39.791666666666664,0.0
3,0,38.75,24.541666666666668,0.0
1,0,8.416666666666668,53.375,16.0
2,0,100.0,17.291666666666668,0.0
6,0,5.918888888888889,59.75,0.0
6,0,10.559841269841272,65.41666666666667,9.0
5,1,2.5889129389129386,92.375,0.0
2,0,10.666666666666668,16.041666666666668,104.0
2,0,134.0,7.041666666666667,0.0
6,0,7.0765079365079355,66.16666666666667,0.0
2,0,86.0,22.458333333333332,0.0
2,0,35.0,30.208333333333332,0.0
5,0,6.204444444444444,60.166666666666664,0.0
3,0,18.083333333333332,24.208333333333332,0.0
2,1,4.77037037037037,76.79166666666667,46.0
3,0,17.527777777777775,0.7916666666666666,167.0
2,0,0.0,13.0,0.0
2,0,7.527777777777779,45.083333333333336,0.0
2,0,0.0,15.0,0.0
1,0,24.583333333333332,36.041666666666664,0.0
2,0,2.719047619047619,43.0,0.0
3,0,5.833333333333334,23.833333333333332,0.0
1,0,34.5,22.0,0.0
4,0,0.0,37.208333333333336,0.0
4,0,2.685185185185185,37.583333333333336,0.0
6,0,1.0,69.25,0.0
3,0,38.55555555555556,29.916666666666668,0.0
2,0,7.166666666666666,25.458333333333332,0.0
5,1,0.0,95.375,0.0
6,0,0.5555555555555556,71.70833333333333,0.0
2,0,3.7407407407407405,43.375,0.0
7,0,3.0357142857142856,94.45833333333333,0.0
4,0,0.0,59.583333333333336,0.0
4,0,135.16666666666666,37.666666666666664,0.0
9,1,0.47619047619047616,100.83333333333333,0.0
3,0,1.6666666666666667,0.4583333333333333,0.0
3,0,9.5,42.0,0.0
1,0,11.257777777777777,0.0,0.0
2,0,0.0,19.541666666666668,0.0
2,0,9.202777777777778,97.83333333333333,0.0
4,0,24.833333333333332,32.416666666666664,0.0
1,0,3.0,22.625,0.0
2,0,1.6666666666666667,41.041666666666664,29.0
5,0,23.430555555555557,59.791666666666664,0.0
5,0,103.66666666666667,42.791666666666664,0.0
2,0,0.0,15.875,0.0
4,0,11.188888888888888,65.66666666666667,0.0
3,0,4.754166666666666,57.041666666666664,0.0
1,0,46.23611111111111,41.333333333333336,0.0
4,0,27.962962962962965,20.041666666666668,0.0
2,0,19.42361111111111,40.291666666666664,0.0
3,0,17.818888888888885,65.20833333333333,0.0
6,0,6.955555555555556,55.708333333333336,0.0
5,0,0.0,60.375,0.0
2,0,7.9259259259259265,31.041666666666668,0.0
2,0,4.0,15.166666666666666,85.0
4,0,2.2129629629629632,29.458333333333332,0.0
3,0,14.333333333333334,26.166666666666668,0.0
6,0,2.152777777777778,63.166666666666664,5.0
3,0,25.361111111111114,10.291666666666666,0.0
4,0,28.444444444444446,34.541666666666664,0.0
6,0,0.9074074074074073,77.04166666666667,0.0
6,0,5.109876543209876,72.70833333333333,0.0
5,0,0.9555555555555555,65.25,0.0
3,0,0.0,47.25,0.0
6,0,0.0,96.45833333333333,0.0
6,0,0.0,71.04166666666667,0.0
2,0,5.333333333333334,14.416666666666666,0.0
2,0,208.0,10.291666666666666,0.0
3,0,5.333333333333334,16.416666666666668,0.0
3,0,11.333333333333334,30.083333333333332,0.0
4,0,78.4814814814815,27.5,44.0
7,0,5.051549508692366,86.875,0.0
2,0,10.305555555555557,43.291666666666664,0.0
1,0,152.33333333333334,27.916666666666668,0.0
1,0,3.25,30.5,0.0
2,0,12.333333333333334,15.375,106.0
1,0,69.91666666666666,34.708333333333336,0.0
3,0,3.3930555555555553,59.958333333333336,0.0
3,0,71.65277777777779,41.75,0.0
1,0,10.712962962962962,54.833333333333336,0.0
1,0,186.16666666666666,20.333333333333332,0.0
1,0,17.916666666666668,21.625,0.0
1,0,112.00000000000001,8.708333333333334,0.0
2,0,0.0,5.541666666666667,0.0
1,0,5.290277777777778,63.666666666666664,0.0
2,0,59.0,28.083333333333332,0.0
3,1,3.907407407407407,61.083333333333336,0.0
2,0,41.166666666666664,21.458333333333332,0.0
1,1,9.5,36.125,0.0
1,0,68.0,11.583333333333334,0.0
3,0,9.676757369614512,82.54166666666667,0.0
1,0,38.5,32.583333333333336,0.0
2,0,6.0,25.333333333333332,0.0
1,0,66.02222222222223,52.75,0.0
1,0,3.5,28.166666666666668,0.0
9,0,2.1063786008230454,86.45833333333333,0.0
2,0,7.000000000000001,32.958333333333336,0.0
3,0,21.666666666666664,31.291666666666668,0.0
2,0,2.666666666666667,25.25,0.0
7,0,0.30158730158730157,81.20833333333333,0.0
11,1,9.828077200577201,111.75,0.0
1,0,36.833333333333336,25.041666666666668,0.0
3,0,15.749999999999998,42.25,0.0
1,0,144.0,12.375,0.0
2,0,0.0,21.416666666666668,0.0
1,0,6.7333333333333325,59.166666666666664,0.0
3,0,9.75,29.625,0.0
2,0,42.166666666666664,25.541666666666668,0.0
1,0,97.83333333333333,21.541666666666668,0.0
1,1,10.533333333333333,54.875,0.0
1,0,6.916666666666666,29.416666666666668,0.0
5,1,2.321405614587433,155.79166666666666,0.0
1,0,298.0,11.958333333333334,0.0
1,0,12.0,23.208333333333332,25.0
4,0,2.451388888888889,75.125,0.0
3,0,91.33333333333333,8.875,0.0
7,0,15.375000000000002,64.25,0.0
4,0,82.11111111111111,27.875,0.0
2,0,13.0,8.5,0.0
1,0,3.3333333333333335,1.5833333333333333,0.0
2,0,1.484209656084656,6.0,0.0
3,0,17.833333333333336,37.083333333333336,8.0
11,1,9.385101010101009,96.875,16.0
1,1,65.06944444444444,46.5,0.0
2,0,184.0,16.125,0.0
3,0,74.66666666666667,22.5,0.0
1,0,0.0,18.916666666666668,0.0
2,0,4.833333333333334,41.666666666666664,0.0
8,0,6.013442460317461,103.125,0.0
2,0,229.99999999999997,12.333333333333334,0.0
9,0,4.6305555555555555,105.5,0.0
3,0,88.33333333333333,16.166666666666668,0.0
3,0,131.0,23.333333333333332,0.0
2,0,138.0,16.625,0.0
6,0,2.497777777777778,65.95833333333333,0.0
2,0,33.0,26.041666666666668,0.0
3,0,20.515555555555558,58.916666666666664,0.0
5,0,17.588888888888892,59.875,0.0
2,0,33.0,23.791666666666668,24.0
1,0,11.36111111111111,38.875,67.0
3,0,0.0,23.666666666666668,0.0
3,0,0.0,25.541666666666668,0.0
2,0,1.6666666666666667,20.666666666666668,0.0
2,0,19.333333333333332,6.791666666666667,0.0
3,0,0.0,34.625,0.0
2,0,0.0,24.416666666666668,0.0
8,0,0.15151515151515152,106.5,0.0
5,0,57.6,13.5,0.0
1,0,82.66666666666667,33.791666666666664,0.0
3,0,144.0,24.583333333333332,0.0
10,0,0.9533333333333334,124.70833333333333,0.0
1,0,54.666666666666664,25.333333333333332,9.0
1,0,33.38888888888889,27.75,0.0
3,0,129.5,23.583333333333332,0.0
7,0,1.2261904761904763,25.25,0.0
1,0,3.0000000000000004,38.041666666666664,0.0
3,0,21.583333333333332,37.833333333333336,11.0
3,1,135.0,32.083333333333336,0.0
3,0,11.166666666666668,28.5,0.0
1,0,88.33333333333333,24.416666666666668,0.0
1,0,36.833333333333336,22.541666666666668,0.0
2,0,18.5,23.0,13.0
2,0,28.666666666666668,24.25,0.0
1,0,157.5,17.791666666666668,0.0
2,0,46.444444444444436,23.541666666666668,0.0
3,0,8.333333333333332,37.208333333333336,0.0
9,1,0.11396011396011395,8.833333333333334,0.0
3,0,0.0,0.7083333333333334,0.0
3,0,0.0,25.541666666666668,0.0
2,0,29.333333333333336,18.416666666666668,0.0
2,0,26.0,15.25,10.0
3,0,67.83333333333333,21.875,1.0
3,0,19.416666666666668,35.083333333333336,0.0
5,0,0.0,45.208333333333336,0.0
1,0,9.0,16.25,0.0
3,1,0.3611111111111111,47.041666666666664,0.0
1,0,9.166666666666666,37.375,0.0
1,0,158.66666666666666,20.541666666666668,0.0
3,0,5.783730158730159,81.91666666666667,0.0
3,0,54.722222222222214,49.75,51.0
3,1,17.333333333333336,26.583333333333332,0.0
4,0,3.314814814814815,45.166666666666664,0.0
6,1,0.6,32.166666666666664,0.0
3,0,3.25,35.625,0.0
1,0,216.0,15.875,0.0
2,0,23.895833333333332,48.833333333333336,0.0
4,0,1.7685185185185184,52.083333333333336,0.0
1,0,2.4722222222222223,39.75,0.0
9,0,34.42469135802469,89.75,0.0
2,0,10.0,15.541666666666666,0.0
3,0,5.0,47.125,0.0
4,1,5.851851851851852,46.625,0.0
8,0,0.0,97.79166666666667,0.0
1,0,92.0,7.5,0.0
1,0,32.07222222222222,50.875,0.0
2,0,10.0,15.0,0.0
4,0,30.888888888888886,27.125,0.0
2,0,90.0,0.16666666666666666,0.0
1,0,11.0,15.833333333333334,0.0
2,0,3.3148809523809524,92.75,0.0
5,1,0.75,40.875,0.0
5,0,0.0,36.625,0.0
3,0,31.222222222222225,25.875,0.0
2,0,0.0,30.25,0.0
3,0,33.333333333333336,31.791666666666668,0.0
1,0,2.3666666666666667,58.708333333333336,0.0
2,0,94.0,22.875,0.0
2,0,0.0,21.041666666666668,0.0
2,0,10.666666666666668,18.041666666666668,3.0
3,0,5.333333333333334,17.833333333333332,0.0
2,0,6.333333333333334,26.375,0.0
1,0,7.166666666666667,17.25,0.0
2,0,10.222222222222223,32.458333333333336,0.0
3,0,14.180555555555555,45.5,0.0
4,0,47.5,42.291666666666664,1.0
5,0,13.708333333333334,41.25,0.0
3,0,4.666666666666667,23.916666666666668,0.0
5,0,1.027777777777778,48.541666666666664,0.0
2,1,7.527777777777778,47.208333333333336,0.0
5,0,3.0833333333333335,55.458333333333336,0.0
2,0,4.0,13.833333333333334,0.0
2,0,12.333333333333334,43.166666666666664,0.0
2,0,5.3388888888888895,56.375,0.0
4,0,6.277777777777778,3.5416666666666665,14.0
2,0,7.919179894179893,3.75,0.0
2,0,36.077777777777776,46.333333333333336,0.0
1,1,7.492828720101448,123.75,0.0
2,0,0.0,15.458333333333334,0.0
2,0,8.166666666666668,21.75,0.0
2,0,4.583333333333334,56.916666666666664,31.0
2,1,2.0,20.458333333333332,0.0
5,0,60.277777777777786,50.75,0.0
8,0,4.512925170068027,68.83333333333333,0.0
1,1,7.115740740740741,68.54166666666667,0.0
1,0,30.0,15.833333333333334,0.0
1,0,7.666666666666667,23.875,0.0
7,0,68.37777777777778,27.583333333333332,0.0
9,1,0.9865319865319866,31.5,0.0
7,0,30.810185185185187,61.208333333333336,0.0
1,0,6.222222222222222,39.541666666666664,0.0
2,0,32.0,23.5,0.0
3,0,5.416666666666667,35.083333333333336,7.0
3,0,9.25,36.541666666666664,0.0
2,1,5.333333333333334,28.666666666666668,0.0
2,0,302.0,10.916666666666666,0.0
5,0,70.875,27.375,0.0
3,0,105.33333333333333,26.083333333333332,0.0
3,0,73.16666666666666,0.0,0.0
3,0,52.5,21.916666666666668,0.0
6,0,1.3333333333333335,63.5,0.0
1,0,36.21666666666667,52.833333333333336,0.0
3,1,29.055555555555557,50.041666666666664,0.0
2,0,19.666666666666668,19.916666666666668,0.0
2,0,26.833333333333332,21.208333333333332,0.0
2,0,120.0,15.625,0.0
1,0,8.944444444444445,47.041666666666664,0.0
3,0,27.166666666666668,17.958333333333332,0.0
6,0,3.194444444444444,53.416666666666664,0.0
5,0,40.09722222222223,66.75,0.0
1,0,158.0,17.708333333333332,0.0
1,0,85.77777777777777,56.791666666666664,0.0
1,0,23.833333333333332,30.0,0.0
5,0,0.5333333333333334,48.5,0.0
2,0,74.0,15.666666666666666,0.0
4,0,20.48888888888889,50.583333333333336,23.0
4,0,6.711111111111111,55.208333333333336,0.0
4,0,3.9666666666666672,53.375,0.0
3,0,6.383333333333334,44.0,0.0
2,0,20.59259259259259,34.875,4.0
12,0,0.10101010101010101,110.70833333333333,0.0
5,1,5.2666666666666675,11.416666666666666,0.0
5,0,0.0,13.833333333333334,0.0
2,0,6.0,14.416666666666666,39.0
1,0,87.33333333333333,32.083333333333336,17.0
1,0,134.0,11.375,0.0
8,0,1.4333333333333333,84.91666666666667,0.0
5,0,0.0,20.916666666666668,0.0
3,0,18.333333333333332,16.208333333333332,52.0
3,0,58.83333333333333,20.5,0.0
3,0,19.0,14.583333333333334,0.0
9,0,4.489980158730159,89.66666666666667,0.0
10,0,4.0,101.41666666666667,0.0
3,0,40.0,23.25,0.0
4,0,21.88888888888889,55.375,0.0
6,0,25.15555555555556,55.708333333333336,0.0
1,0,62.0,13.125,0.0
5,0,29.63888888888889,40.5,0.0
3,0,46.666666666666664,26.458333333333332,12.0
5,0,6.986111111111111,37.375,0.0
1,0,16.59259259259259,29.833333333333332,0.0
2,0,0.0,19.541666666666668,0.0
2,0,0.0,15.375,0.0
5,0,4.0,55.666666666666664,0.0
2,0,0.0,3.125,0.0
1,0,0.0,3.3333333333333335,0.0
1,0,7.333333333333333,32.541666666666664,0.0
4,0,9.0,9.541666666666666,0.0
2,0,10.0,19.25,0.0
7,0,2.598148148148148,92.33333333333333,0.0
3,0,108.33333333333333,19.708333333333332,0.0
5,1,88.16666666666667,56.166666666666664,35.0
2,0,5.0,20.333333333333332,0.0
4,0,0.851851851851852,12.583333333333334,0.0
1,0,16.0,19.125,0.0
2,0,13.333333333333334,11.708333333333334,11.0
2,0,0.0,15.0,11.0
4,0,69.22222222222221,33.625,0.0
1,0,166.0,9.791666666666666,0.0
3,0,85.66666666666667,24.583333333333332,0.0
6,1,4.111111111111112,56.541666666666664,84.0
6,0,1.6888888888888889,75.875,0.0
2,0,18.746825396825393,75.875,0.0
1,0,74.66666666666667,31.666666666666668,0.0
2,0,42.0,14.75,0.0
2,1,6.0,13.333333333333334,38.0
3,0,59.0,22.041666666666668,0.0
2,0,0.0,12.916666666666666,0.0
2,0,0.0,12.166666666666666,0.0
5,0,0.5333333333333334,10.416666666666666,0.0
1,0,99.3888888888889,23.583333333333332,0.0
6,0,3.655555555555556,59.625,0.0
1,0,99.8888888888889,34.958333333333336,0.0
3,1,26.622222222222224,61.375,0.0
1,0,4.333333333333334,22.0,0.0
4,1,29.222222222222225,47.083333333333336,0.0
2,0,26.0,15.583333333333334,0.0
3,0,9.25,22.166666666666668,0.0
2,0,10.722222222222221,38.208333333333336,0.0
1,0,24.0,10.166666666666666,0.0
3,1,103.83333333333333,29.541666666666668,0.0
2,0,0.0,15.458333333333334,0.0
6,1,22.77777777777778,45.541666666666664,31.0
1,0,4.333333333333334,30.958333333333332,0.0
3,0,26.444444444444443,33.333333333333336,0.0
2,0,10.666666666666668,22.0,0.0
3,0,106.33333333333333,20.833333333333332,0.0
2,0,49.55555555555556,52.125,0.0
3,0,9.5,43.458333333333336,0.0
4,0,7.805555555555555,48.041666666666664,0.0
4,0,69.0,51.083333333333336,0.0
5,0,4.783201058201058,67.33333333333333,0.0
4,1,14.965277777777777,50.75,0.0
2,0,0.0,0.75,0.0
1,0,86.0,19.166666666666668,0.0
4,0,98.5925925925926,27.25,34.0
3,0,7.0,21.208333333333332,0.0
2,1,103.61111111111111,48.0,0.0
5,0,1.2,53.416666666666664,0.0
3,0,52.30555555555556,40.166666666666664,0.0
4,0,11.648511904761905,74.625,0.0
4,0,0.0,41.083333333333336,0.0
6,0,10.533333333333335,53.958333333333336,0.0
2,0,188.0,18.458333333333332,0.0
3,0,13.944444444444445,39.041666666666664,0.0
2,1,0.0,21.458333333333332,0.0
2,0,40.0,12.0,0.0
1,0,40.5,24.125,0.0
2,0,4.0,16.416666666666668,0.0
1,0,7.194444444444445,45.083333333333336,72.0
1,0,5.333333333333333,32.666666666666664,0.0
2,0,0.0,18.458333333333332,0.0
6,1,4.203703703703703,0.0,68.0
4,0,0.8333333333333334,0.125,0.0
6,0,0.0,54.25,0.0
4,0,4.055555555555555,43.958333333333336,0.0
3,0,0.0,16.708333333333332,0.0
4,1,19.2,54.541666666666664,20.0
3,0,16.0,17.25,15.0
4,0,99.33333333333333,28.291666666666668,0.0
6,0,0.25,0.0,0.0
3,0,4.037037037037037,31.958333333333332,0.0
4,0,5.462962962962963,44.25,0.0
1,0,28.000000000000004,11.041666666666666,0.0
1,0,6.0,14.333333333333334,38.0
2,0,8.0,20.291666666666668,0.0
3,0,23.333333333333336,20.5,0.0
1,0,10.0,16.041666666666668,35.0
1,0,78.0,10.125,0.0
2,0,32.166666666666664,26.916666666666668,0.0
1,0,3.833333333333333,24.958333333333332,0.0
4,0,7.9444444444444455,39.666666666666664,12.0
3,0,0.0,1.6666666666666667,0.0
1,0,0.0,0.125,0.0
3,1,0.0,0.4583333333333333,0.0
3,0,6.666666666666667,17.083333333333332,0.0
5,0,0.0,32.75,0.0
4,1,0.8333333333333334,42.458333333333336,0.0
4,0,5.092592592592593,60.5,71.0
3,0,4.861111111111112,45.5,0.0
2,0,10.0,12.708333333333334,0.0
2,0,0.0,12.875,0.0
2,0,40.0,9.875,0.0
4,0,6.291666666666667,41.666666666666664,0.0
4,0,28.61111111111111,28.375,0.0
2,0,92.0,10.791666666666666,0.0
2,0,28.000000000000004,16.666666666666668,0.0
2,0,13.0,11.625,0.0
1,0,2.0,9.333333333333334,0.0
1,0,41.22222222222222,35.541666666666664,0.0
2,0,2.0,17.625,9.0
2,0,9.666666666666666,18.833333333333332,1.0
2,0,7.000000000000001,27.958333333333332,0.0
3,0,6.074074074074075,39.916666666666664,0.0
2,0,12.0,12.0,0.0
2,0,18.0,13.333333333333334,9.0
1,0,5.333333333333334,19.166666666666668,0.0
3,0,8.833333333333332,13.541666666666666,30.0
6,1,9.866666666666667,59.125,0.0
2,0,19.5,17.833333333333332,0.0
2,0,46.0,15.541666666666666,0.0
2,0,28.000000000000004,10.916666666666666,0.0
2,0,11.666666666666668,21.791666666666668,0.0
3,0,6.037037037037037,36.958333333333336,3.0
1,0,80.0,12.916666666666666,0.0
2,0,42.0,10.666666666666666,0.0
2,0,13.833333333333334,27.833333333333332,0.0
3,0,11.5,25.375,0.0
3,0,5.166666666666667,16.666666666666668,83.0
2,0,16.0,3.625,0.0
5,0,4.805555555555555,42.791666666666664,231.0
4,0,4.833333333333333,29.208333333333332,0.0
4,0,4.851851851851852,27.333333333333332,15.0
4,0,9.277777777777779,22.958333333333332,0.0
2,0,231.99999999999997,3.0,0.0
3,0,3.3333333333333335,22.0,34.0
2,0,16.0,19.041666666666668,0.0
3,0,17.037037037037035,30.208333333333332,29.0
3,0,30.333333333333332,32.541666666666664,0.0
1,0,4.0,12.666666666666666,0.0
5,0,10.5625,41.916666666666664,67.0
2,0,18.0,16.916666666666668,0.0
4,0,6.027777777777778,45.291666666666664,0.0
2,1,3.7555555555555555,55.791666666666664,0.0
1,0,0.0,9.791666666666666,0.0
3,0,19.333333333333332,27.625,0.0
4,1,4.354166666666666,50.083333333333336,0.0
3,0,0.0,26.5,0.0
2,0,0.0,17.958333333333332,0.0
2,0,13.333333333333334,16.0,6.0
2,0,13.333333333333334,13.708333333333334,0.0
2,0,7.333333333333334,26.791666666666668,0.0
1,0,11.666666666666666,29.833333333333332,0.0
4,1,0.0,40.5,0.0
3,0,0.0,28.708333333333332,0.0
2,0,6.666666666666667,11.0,0.0
5,0,0.0,47.5,0.0
2,0,0.0,20.375,0.0
1,0,6.2592592592592595,34.833333333333336,16.0
1,0,11.0,13.791666666666666,0.0
3,0,0.0,37.208333333333336,0.0
3,0,0.0,23.75,0.0
2,0,6.0,16.416666666666668,0.0
2,0,33.666666666666664,13.916666666666666,0.0
1,0,72.0,10.0,0.0
1,1,16.416666666666668,29.25,0.0
1,0,28.000000000000004,19.166666666666668,0.0
1,0,10.0,15.791666666666666,0.0
1,0,52.0,10.333333333333334,0.0
2,0,7.333333333333334,25.166666666666668,6.0
2,0,52.0,15.541666666666666,0.0
1,0,48.0,8.333333333333334,0.0
3,1,0.0,24.958333333333332,0.0
2,0,0.0,14.0,0.0
2,0,0.0,0.16666666666666666,0.0
2,0,13.333333333333334,11.083333333333334,0.0
2,0,0.0,2.0833333333333335,0.0
2,0,72.0,15.958333333333334,0.0
2,0,10.0,12.416666666666666,0.0
2,0,4.0,12.375,0.0
3,1,1.6666666666666667,37.125,60.0
1,0,0.0,15.625,216.0
2,0,80.0,26.833333333333332,0.0
2,0,4.583333333333333,21.708333333333332,0.0
1,0,6.545194003527338,24.958333333333332,0.0
1,0,13.0,26.208333333333332,0.0
2,0,17.333333333333336,16.375,0.0
4,0,2.6851851851851856,49.291666666666664,82.0
2,0,1.7708994708994708,38.666666666666664,0.0
2,0,5.166666666666667,24.541666666666668,139.0
4,0,8.824074074074074,43.625,54.0
5,0,13.722420634920635,51.25,0.0
1,0,1.756613756613757,35.666666666666664,30.0
1,0,0.0,9.958333333333334,0.0
4,0,2.4307936507936505,65.08333333333333,0.0
8,1,54.6873531230674,38.125,0.0
4,0,11.64814814814815,31.625,0.0
7,0,9.777481160814494,67.45833333333333,0.0
1,0,1.4166666666666665,23.5,0.0
1,0,1.670748299319728,69.16666666666667,0.0
2,0,4.0,18.708333333333332,0.0
2,0,0.3888888888888889,34.041666666666664,232.0
1,0,2.466666666666667,21.583333333333332,0.0
3,0,4.6759259259259265,47.083333333333336,0.0
4,0,4.777777777777778,55.125,0.0
3,0,1.4777777777777779,67.25,124.0
5,0,6.131944444444445,59.083333333333336,0.0
4,0,8.166666666666666,35.208333333333336,0.0
1,0,9.083333333333334,36.166666666666664,0.0
1,0,2.3333333333333335,46.375,0.0
4,0,4.314814814814815,41.833333333333336,16.0
1,0,5.027777777777778,35.041666666666664,0.0
2,0,4.972222222222222,31.666666666666668,0.0
1,0,167.33333333333334,9.208333333333334,0.0
4,0,3.9111111111111114,58.458333333333336,0.0
3,0,61.333333333333336,36.333333333333336,0.0
1,0,2.5055555555555555,38.708333333333336,0.0
2,0,6.166666666666667,25.791666666666668,0.0
1,0,2.0,11.875,0.0
1,0,11.666666666666666,21.916666666666668,0.0
2,0,2.25,32.375,0.0
2,0,90.0,20.041666666666668,0.0
2,0,104.0,14.833333333333334,0.0
3,0,70.5,27.625,0.0
3,0,9.217857142857143,72.54166666666667,0.0
4,0,5.814814814814814,64.08333333333333,0.0
1,0,8.0,12.083333333333334,0.0
3,0,77.40277777777777,33.875,0.0
1,0,104.0,10.0,0.0
3,0,13.5,9.083333333333334,0.0
1,0,5.0740740740740735,56.416666666666664,0.0
2,0,8.666666666666666,30.125,0.0
1,0,115.99999999999999,17.75,0.0
1,0,2.0,13.958333333333334,0.0
1,0,21.666666666666668,23.583333333333332,0.0
2,0,6.0,19.166666666666668,0.0
1,0,42.0,9.416666666666666,0.0
2,0,5.5,17.208333333333332,0.0
1,0,3.1481481481481484,51.458333333333336,0.0
1,0,1.866666666666667,26.291666666666668,0.0
1,0,3.4027777777777777,32.125,0.0
