no._serie,mant_registrados,DMU,DMU_log1p,DMU_log1p_2
2255000059,1,84.0,4.442651256490317,19.737150186794988
365738M-00K11C,3,71.0,4.276666119016055,18.28987309353985
368928M,2,139.0,4.941642422609304,24.41982983293195
375148M-NE154389,3,0.0,0.0,0.0
4100004M-001721038,1,0.0,0.0,0.0
4100032M-001862923,1,2.0,1.0986122886681096,1.2069489608125816
4100033M-001883885,16,196.0,5.2832037287379885,27.912241639350984
4100035M-001870282,5,0.0,0.0,0.0
4100037M-001869036,1,0.0,0.0,0.0
4100039M-001871852,4,0.0,0.0,0.0
4100041M-001871869,3,0.0,0.0,0.0
4100042M-001870283,1,0.0,0.0,0.0
4100043M-001872180,3,92.0,4.532599493153256,20.544458165333154
4100044M-001872179,1,63.0,4.1588830833596715,17.296308501055247
4100045M-001871864,5,167.0,5.123963979403259,26.25500686222208
4100046M-001871863,5,34.0,3.5553480614894135,12.640499838336531
4100047M-001868525,2,21.0,3.091042453358316,9.554543448463397
4100048M-001872181,2,254.0,5.541263545158426,30.705601676901725
4100049M-001900489,5,82.0,4.418840607796598,19.52615231711221
4100050M-001931400,4,0.0,0.0,0.0
4100051M,2,0.0,0.0,0.0
4100052M-001923811,6,66.0,4.204692619390966,17.67944002356086
4100053M-001929988,7,85.0,4.454347296253507,19.84120983564093
4100054M-001930722,3,0.0,0.0,0.0
4100055M-001930033,4,0.0,0.0,0.0
4100057M-001930816,2,0.0,0.0,0.0
4100058M-001923812,6,71.0,4.276666119016055,18.28987309353985
4100059M-001883259,4,473.0,6.161207321695077,37.960475660909026
4100060M-001883265,2,96.0,4.574710978503383,20.927980536839378
4100061M-001870239,5,0.0,0.0,0.0
4100062M-001944824,2,58.0,4.07753744390572,16.62631160645319
4100063M-001901651,4,0.0,0.0,0.0
4100064M-001882515,7,0.0,0.0,0.0
4100065M-001901652,3,0.0,0.0,0.0
4100066M-001901659,3,56.0,4.04305126783455,16.346263554338563
4100067M-001898891,4,5.0,1.791759469228055,3.210401995568401
4100068M-001901657,6,53.0,3.9889840465642745,15.911993723744294
4100069M-001901663,2,66.0,4.204692619390966,17.67944002356086
4100070M-001925771,6,170.0,5.14166355650266,26.436704128267586
4100071M-001929862,1,84.0,4.442651256490317,19.737150186794988
4100072M-001901667,4,82.0,4.418840607796598,19.52615231711221
4100073M-001902310,2,0.0,0.0,0.0
4100074M-001901656,4,0.0,0.0,0.0
4100075M-001902144,2,83.0,4.430816798843313,19.632137504912105
4100076M-001902146,2,0.0,0.0,0.0
4100077M,3,248.0,5.517452896464707,30.44228646470679
4100078M-001944834,1,0.0,0.0,0.0
4100079M-001882512,3,62.0,4.143134726391533,17.16556536103144
4100080M-001901670,1,0.0,0.0,0.0
4100081M-001883060,2,0.0,0.0,0.0
4100082M-001883269,6,68.0,4.23410650459726,17.927657892272823
4100083M-001883261,2,0.0,0.0,0.0
4100084M-001940929,3,29.0,3.4011973816621555,11.568143629025503
4100085M-001944826,6,0.0,0.0,0.0
4100086M-001949388,6,71.0,4.276666119016055,18.28987309353985
4100088M-001944827,5,0.0,0.0,0.0
4100089M-001882518,2,0.0,0.0,0.0
4100091M-001958816,4,0.0,0.0,0.0
4100092M-001882700,3,0.0,0.0,0.0
4100093M-001887775,3,0.0,0.0,0.0
4100094M-001887773,5,0.0,0.0,0.0
4100096M-001887769,6,100.0,4.61512051684126,21.299337384969135
4100097M-001887768,2,114.0,4.74493212836325,22.5143809027738
4100098M-001883258,4,184.0,5.220355825078325,27.252114940429202
4100099M-001898979,3,0.0,0.0,0.0
4100100M-001898978,3,42.0,3.7612001156935624,14.146626310293268
4100101M-001963631,5,29.0,3.4011973816621555,11.568143629025503
4100103M-001963859,6,16.0,2.833213344056216,8.027097852938207
4100104M-001894422,5,157.0,5.062595033026967,25.629868468429315
4100105M-001894473,3,0.0,0.0,0.0
4100106M-001894395,8,52.0,3.970291913552122,15.76321787881737
4100107M-001887771,2,0.0,0.0,0.0
4100108M-001894416,3,103.0,4.6443908991413725,21.570366824027207
4100109M-001930720,8,145.0,4.983606621708336,24.836334959935176
4100110M,6,101.0,4.624972813284271,21.39037352361862
4100111M,5,0.0,0.0,0.0
4100112M,5,0.0,0.0,0.0
4100113M,5,21.0,3.091042453358316,9.554543448463397
4100114M-001925769,12,760.0,6.634633357861686,44.01835979325103
4100115M-001955536,3,0.0,0.0,0.0
4100116M,5,230.0,5.442417710521793,29.619910535801278
4100117M-001932846,3,0.0,0.0,0.0
4100118M-001940930,2,0.0,0.0,0.0
4100119M-001894471,4,0.0,0.0,0.0
4100120M-001898893,3,111.0,4.718498871295094,22.264231598413076
4100121M-001896447,7,226.0,5.424950017481403,29.430082692171474
4100122M-001894419,1,0.0,0.0,0.0
4100123M-001894469,6,0.0,0.0,0.0
4100124M-001894414,4,47.0,3.8712010109078907,14.986197266854274
4100126M-001894470,5,36.0,3.6109179126442243,13.038728171854922
4100127M-001894468,3,0.0,0.0,0.0
4100128M-001894397,5,129.0,4.867534450455582,23.692891626371928
4100129M-001896448,3,9.0,2.302585092994046,5.301898110478399
4100130M-001963906,5,230.0,5.442417710521793,29.619910535801278
4100131M-001949768,3,50.0,3.9318256327243257,15.459252806148044
4100132M-001963905,3,56.0,4.04305126783455,16.346263554338563
4100133M-001924270,2,0.0,0.0,0.0
4100134M-001925908,1,55.0,4.02535169073515,16.203456234104326
4100135M,1,0.0,0.0,0.0
4100136M-001882513,1,0.0,0.0,0.0
4100137M-001938124,6,107.0,4.68213122712422,21.922352828011753
4100138M-001950059,4,0.0,0.0,0.0
4100139M-001926029,1,0.0,0.0,0.0
4100140M-001938126,3,229.0,5.438079308923196,29.572706570138582
4100141M-001898901,3,14.0,2.70805020110221,7.333535891689721
4100142M,3,30.0,3.4339872044851463,11.79226812056771
4100143M-001926003,2,0.0,0.0,0.0
4100144M-001924683,6,38.0,3.6635616461296463,13.421683934992164
4100145M-001925943,4,0.0,0.0,0.0
4100146M-001950437,5,197.0,5.288267030694535,27.965768187930795
4100147M-001963860,5,58.0,4.07753744390572,16.62631160645319
4100148M-001963629,5,148.0,5.003946305945459,25.039478632785208
4100149M-001963537,2,13.0,2.639057329615259,6.964623588996021
4100150M-001955534,4,18.0,2.9444389791664403,8.669720902034708
4100151M-001987377,6,97.0,4.584967478670572,21.021926780466785
4100152M-001986571,1,3.0,1.3862943611198906,1.9218120556728056
4100153M-001987227,5,5.0,1.791759469228055,3.210401995568401
4100154M-001986569,6,33.0,3.5263605246161616,12.43521854957117
4100156M-001966578,4,66.0,4.204692619390966,17.67944002356086
4100157M-001982577,7,0.0,0.0,0.0
4100158M-001986444,3,404.0,6.003887067106539,36.046659914569155
4100159M-001987376,4,19.0,2.995732273553991,8.974411854812963
4100160M-001991543,1,0.0,0.0,0.0
4100161M-001871868,3,14.0,2.70805020110221,7.333535891689721
4100162M-001933059,2,0.0,0.0,0.0
4100163M-001925164,3,2.0,1.0986122886681096,1.2069489608125816
4100164M-001931648,7,62.0,4.143134726391533,17.16556536103144
4100165M-001924684,3,0.0,0.0,0.0
4100166M-001927233,6,140.0,4.948759890378168,24.49022445261574
4100167M,4,120.0,4.795790545596741,22.99960695723509
4100168M-001925909,3,0.0,0.0,0.0
4100169M-001931651,4,0.0,0.0,0.0
4100170M-001926032,7,60.0,4.110873864173311,16.899283927143212
4100171M-001924269,2,0.0,0.0,0.0
4100172M-001926006,2,96.0,4.574710978503383,20.927980536839378
4100174M-001945147,3,35.0,3.58351893845611,12.841607982273604
4100175M-001925167,2,0.0,0.0,0.0
4100177M-001945148,4,9.0,2.302585092994046,5.301898110478399
4100178M,2,6.0,1.9459101490553132,3.7865663081964716
4100179M-001989719,6,111.0,4.718498871295094,22.264231598413076
4100180M-001989718,1,0.0,0.0,0.0
4100181M-001985951,3,102.0,4.634728988229636,21.480712794336103
4100182M-001949770,4,41.0,3.7376696182833684,13.97017417543854
4100183M-001950062,7,194.0,5.272999558563747,27.80452434461347
4100184M-001945145,4,11.0,2.4849066497880004,6.174761058160624
4100185M-001931365,2,0.0,0.0,0.0
4100186M-001926033,3,43.0,3.784189633918261,14.320091185454423
4100187M-001990272,5,117.0,4.770684624465665,22.759431786113105
4100188M,1,0.0,0.0,0.0
4100189M-001945149,1,0.0,0.0,0.0
4100190M-001945144,4,124.0,4.8283137373023015,23.312613545822117
4100191M-001950439,1,0.0,0.0,0.0
4100192M-001925945,5,133.0,4.897839799950911,23.98883470598318
4100193M-001949769,2,34.0,3.5553480614894135,12.640499838336531
4100194M-001931399,1,0.0,0.0,0.0
4100195M-001925166,1,0.0,0.0,0.0
4100196M-001931363,2,0.0,0.0,0.0
4100197M-002020516,8,51.0,3.9512437185814275,15.612326923629187
4100198M-001950456,3,81.0,4.406719247264253,19.41917452420923
4100200M-001938125,5,214.0,5.3706380281276624,28.843752829170985
4100201M-001927703,7,109.0,4.700480365792417,22.09451566920001
4100202M-002020514,3,15.0,2.772588722239781,7.687248222691222
4100203M-002020513,3,0.0,0.0,0.0
4100204M-002033380,3,0.0,0.0,0.0
4100205M-002033020,4,133.0,4.897839799950911,23.98883470598318
4100206M-002033077,7,259.0,5.560681631015528,30.921180201513508
4100208M-002033022,3,4.0,1.6094379124341003,2.5902903939802346
4100209M-002031852,1,0.0,0.0,0.0
4100210M-002033027,4,36.0,3.6109179126442243,13.038728171854922
4100211M-002033028,3,0.0,0.0,0.0
4100212M-002017776,5,141.0,4.955827057601261,24.56022182485277
4100213M-002020515,6,4.0,1.6094379124341003,2.5902903939802346
4100214M-002033718,5,28.0,3.367295829986474,11.338681206644297
4100215M-002033997,1,41.0,3.7376696182833684,13.97017417543854
4100216M-002033024,2,0.0,0.0,0.0
4100217M-002033728,2,65.0,4.189654742026425,17.553206857384513
4100218M-002033017,7,116.0,4.762173934797756,22.678300585267145
4100219M-002033379,3,0.0,0.0,0.0
4100220M-002033535,2,102.0,4.634728988229636,21.480712794336103
4100221M-002033025,4,240.0,5.484796933490655,30.08299740162849
4100223M-002033378,3,197.0,5.288267030694535,27.965768187930795
4100224M-002033018,1,0.0,0.0,0.0
4100225M-002033775,3,0.0,0.0,0.0
4100226M-002029869,3,15.0,2.772588722239781,7.687248222691222
4100227M-002033029,6,85.0,4.454347296253507,19.84120983564093
4100228M-002033075,5,6.0,1.9459101490553132,3.7865663081964716
4100229M-002021114,1,0.0,0.0,0.0
4100230M-002023672,4,218.0,5.389071729816501,29.042094109107413
4100231M-002030101,1,47.0,3.8712010109078907,14.986197266854274
4100232M-002030100,4,55.0,4.02535169073515,16.203456234104326
4100233M-002045209,7,50.0,3.9318256327243257,15.459252806148044
4100238M-002029634,4,50.0,3.9318256327243257,15.459252806148044
4100239M,3,7.0,2.0794415416798357,4.324077125263812
4100240M-002031132,4,30.0,3.4339872044851463,11.79226812056771
4100241M-002026612,6,18.0,2.9444389791664403,8.669720902034708
4100242M-002031142,4,30.0,3.4339872044851463,11.79226812056771
4100243M-002028590,4,218.0,5.389071729816501,29.042094109107413
4100244M-002028073,4,8.0,2.1972245773362196,4.827795843250328
4100245M-002031143,4,193.0,5.267858159063328,27.75032958401008
4100246M-002029633,6,193.0,5.267858159063328,27.75032958401008
4100247M-002028074,6,245.0,5.5053315359323625,30.308675320531385
4100248M-002028067,6,254.0,5.541263545158426,30.705601676901725
4100249M-002028550,4,181.0,5.204006687076795,27.081685599140002
4100250M-002031141,3,190.0,5.25227342804663,27.586376162964697
4100251M-002028066,8,206.0,5.332718793265369,28.43788972804565
4100252M-002028081,3,68.0,4.23410650459726,17.927657892272823
4100253M-002028488,2,53.0,3.9889840465642745,15.911993723744294
4100254M-002029632,5,181.0,5.204006687076795,27.081685599140002
4100255M-002028489,3,22.0,3.1354942159291497,9.831323978125154
4100256M,1,8.0,2.1972245773362196,4.827795843250328
4100257M,1,2.0,1.0986122886681096,1.2069489608125816
4100258M-002029868,2,202.0,5.313205979041787,28.230157775725395
4100259M-002028487,4,43.0,3.784189633918261,14.320091185454423
4100260M-002028496,2,0.0,0.0,0.0
4100261M-002028549,3,167.0,5.123963979403259,26.25500686222208
4100262M-002027915,4,93.0,4.543294782270004,20.64152747860184
4100263M-002028082,1,0.0,0.0,0.0
4100264M-002028539,3,135.0,4.912654885736052,24.134178026346305
4100265M-002044403,2,29.0,3.4011973816621555,11.568143629025503
4100266M-002045803,2,0.0,0.0,0.0
4100267M-002045804,4,184.0,5.220355825078325,27.252114940429202
4100268M-002044401,9,98.0,4.59511985013459,21.115126437100933
4100270M-002028552,3,45.0,3.828641396489095,14.658494942909968
4100271M-002028547,3,28.0,3.367295829986474,11.338681206644297
4100272M-002044060,3,0.0,0.0,0.0
4100273M-002044302,4,86.0,4.465908118654584,19.944335324264923
4100274M-002044301,3,7.0,2.0794415416798357,4.324077125263812
4100275M-002044061,3,61.0,4.127134385045092,17.033238232221528
4100276M-002028538,5,149.0,5.0106352940962555,25.106466050443068
4100277M-002028546,2,65.0,4.189654742026425,17.553206857384513
4100278M-002028069,4,99.0,4.605170185988092,21.207592441913597
4100279M-002028540,5,608.0,6.411818267709897,41.11141349813835
4100280M-002028506,2,104.0,4.653960350157523,21.659346940838336
4100281M-002046479,8,242.0,5.493061443340548,30.17372402031455
4100282M-002046480,1,0.0,0.0,0.0
4100283M-002046202,4,50.0,3.9318256327243257,15.459252806148044
4100284M-002046513,14,235.0,5.4638318050256105,29.85345799360942
4100285M-002046511,3,210.0,5.351858133476067,28.642385480853928
4100286M-002046481,3,250.0,5.5254529391317835,30.530630182560063
4100287M-002045619,2,42.0,3.7612001156935624,14.146626310293268
4100288M-002028536,6,78.0,4.3694478524670215,19.092074535428665
4100289M-C,2,3.0,1.3862943611198906,1.9218120556728056
4100290M-002028534,8,255.0,5.545177444479562,30.74899289076489
4100291M-002028551,1,75.0,4.330733340286331,18.755251264667603
4100292M-002045555,1,12.0,2.5649493574615367,6.5789652063423505
4100293M-002044341,3,154.0,5.043425116919247,25.436136909971918
4100294M-002045618,5,45.0,3.828641396489095,14.658494942909968
4100295M-002045552,3,116.0,4.762173934797756,22.678300585267145
4100296M-002048939,3,82.0,4.418840607796598,19.52615231711221
4100297M-002049283,1,142.0,4.962844630259907,24.62982682409959
4100298M-002048994,3,97.0,4.584967478670572,21.021926780466785
4100299M-002052298,4,136.0,4.919980925828125,24.206212310512576
4100300M-002052973,3,66.0,4.204692619390966,17.67944002356086
4100301M-002048940,5,183.0,5.214935757608986,27.195554955988808
4100302M-002033720,2,29.0,3.4011973816621555,11.568143629025503
4100303M-002034711,3,200.0,5.303304908059076,28.125042947843482
4100304M-002034710,4,228.0,5.43372200355424,29.525334811909502
4100305M-002033679,1,0.0,0.0,0.0
4100306M-002033753,6,14.0,2.70805020110221,7.333535891689721
4100307M-002055422,3,27.0,3.332204510175204,11.10358689763197
4100308M-002053248,3,135.0,4.912654885736052,24.134178026346305
4100309M-002052872,2,220.0,5.3981627015177525,29.140160552057438
4100310M-002048944,5,151.0,5.0238805208462765,25.239375487738656
4100311M-002033680,5,117.0,4.770684624465665,22.759431786113105
4100312M-002033752,4,172.0,5.153291594497779,26.556414257921464
4100313M-002028486,8,210.0,5.351858133476067,28.642385480853928
4100315M-002033682,3,2.0,1.0986122886681096,1.2069489608125816
4100316M-002033751,5,121.0,4.804021044733257,23.07861819824001
4100317M-002033750,2,106.0,4.672828834461906,21.835329316178612
4100318M-002035532,4,220.0,5.3981627015177525,29.140160552057438
4100319M-002029612,3,37.0,3.6375861597263857,13.232033069432955
4100320M-002048997,2,126.0,4.844187086458591,23.466148528612173
4100321M-002049249,2,75.0,4.330733340286331,18.755251264667603
4100322M,2,124.0,4.8283137373023015,23.312613545822117
4100323M-002056672,3,151.0,5.0238805208462765,25.239375487738656
4100324M-002046546,2,9.0,2.302585092994046,5.301898110478399
4100326M-002035531,5,154.0,5.043425116919247,25.436136909971918
4100327M-002033717,1,0.0,0.0,0.0
4100328M-002034709,3,0.0,0.0,0.0
4100329M-002035530,3,99.0,4.605170185988092,21.207592441913597
4100330M-002033681,3,115.0,4.7535901911063645,22.596619704982643
4100331M-002035515,6,157.0,5.062595033026967,25.629868468429315
4100332M-002035526,4,56.0,4.04305126783455,16.346263554338563
4100333M-002034661,4,121.0,4.804021044733257,23.07861819824001
4100334M-002033729,2,0.0,0.0,0.0
4100335M-002033719,2,5.0,1.791759469228055,3.210401995568401
4100336M-002035529,2,133.0,4.897839799950911,23.98883470598318
4100337M-001963912,2,63.0,4.1588830833596715,17.296308501055247
4100338M-002034697,7,227.0,5.429345628954441,29.477793958646696
4100339M-002028541,11,177.0,5.181783550292085,26.850880762077644
4100340M-002028070,10,126.0,4.844187086458591,23.466148528612173
4100342M-002035534,5,185.0,5.225746673713202,27.30842829782459
4100343M-002028065,4,59.0,4.0943445622221,16.763657394197683
4100344M-002035507,4,210.0,5.351858133476067,28.642385480853928
4100345M-002035509,2,0.0,0.0,0.0
4100346M-002035527,2,156.0,5.056245805348308,25.565621644102357
4100347M-002034695,3,174.0,5.1647859739235145,26.675014156437065
4100348M,2,45.0,3.828641396489095,14.658494942909968
4100349M-002034662,1,3.0,1.3862943611198906,1.9218120556728056
4100350M-002034660,2,63.0,4.1588830833596715,17.296308501055247
4100351M-002035500,2,0.0,0.0,0.0
4100352M-002028535,4,121.0,4.804021044733257,23.07861819824001
4100353M-002035499,8,160.0,5.081404364984463,25.820670320483156
4100354M-002035510,2,81.0,4.406719247264253,19.41917452420923
4100355M-002035508,2,206.0,5.332718793265369,28.43788972804565
4100357M-002035502,5,251.0,5.529429087511423,30.57458603381741
4100358M-002034696,2,4.0,1.6094379124341003,2.5902903939802346
4100359M-001931899,1,0.0,0.0,0.0
4100360M-002035533,1,4.0,1.6094379124341003,2.5902903939802346
4100361M-002035514,1,0.0,0.0,0.0
4100362M-002055025,1,0.0,0.0,0.0
4100363M-002035525,2,28.0,3.367295829986474,11.338681206644297
4100364M-002048938,2,178.0,5.187385805840755,26.908971498638138
4100365M-002051524,6,88.0,4.48863636973214,20.14785645968212
4100367M-002049466,3,53.0,3.9889840465642745,15.911993723744294
4100368M-002051538,3,28.0,3.367295829986474,11.338681206644297
4100369M-002051531,1,40.0,3.713572066704308,13.790617494606504
4100370M-002051535,4,147.0,4.997212273764115,24.97213050905871
4100371M-002051533,2,91.0,4.5217885770490405,20.446571935531185
4100372M-002050042,5,33.0,3.5263605246161616,12.43521854957117
4100374M-002049981,6,37.0,3.6375861597263857,13.232033069432955
4100375M-002044342,1,9.0,2.302585092994046,5.301898110478399
4100376M-002051520,3,107.0,4.68213122712422,21.922352828011753
4100377M-002049465,3,116.0,4.762173934797756,22.678300585267145
4100380M-002047514,7,239.0,5.480638923341991,30.03740300805126
4100381M-002051541,3,104.0,4.653960350157523,21.659346940838336
4100382M-002051534,1,40.0,3.713572066704308,13.790617494606504
4100383M-002050044,1,0.0,0.0,0.0
4100384M-002053767,1,0.0,0.0,0.0
4100385M-002054639,4,50.0,3.9318256327243257,15.459252806148044
4100386M-002054640,3,53.0,3.9889840465642745,15.911993723744294
4100387M-002051519,1,0.0,0.0,0.0
4100389M-002064702,1,4.0,1.6094379124341003,2.5902903939802346
4100390M-002055635,6,0.0,0.0,0.0
4100391M-002050018,1,0.0,0.0,0.0
4100392M-002053944,2,0.0,0.0,0.0
4100393M-002055636,2,130.0,4.875197323201151,23.76754894014767
4100394M-002050045,2,0.0,0.0,0.0
4100395M-002048564,2,0.0,0.0,0.0
4100396M-002051532,2,0.0,0.0,0.0
4100397M-002048565,1,2.0,1.0986122886681096,1.2069489608125816
4100398M-002051540,5,184.0,5.220355825078325,27.252114940429202
4100399M-002051518,5,69.0,4.248495242049359,18.049711821716045
4100400M-002050113,5,133.0,4.897839799950911,23.98883470598318
4100401M-002050023,8,196.0,5.2832037287379885,27.912241639350984
4100402M-002051543,5,123.0,4.820281565605037,23.23511437171175
4100410M-002050114,2,188.0,5.241747015059643,27.47591176988667
4100411M-002051537,1,0.0,0.0,0.0
4100412M-002054913,6,188.0,5.241747015059643,27.47591176988667
4100413M-002056669,2,153.0,5.0369526024136295,25.370891518961436
4100414M-002051517,3,0.0,0.0,0.0
4100415M-002051544,3,7.0,2.0794415416798357,4.324077125263812
4100416M-002050112,3,31.0,3.4657359027997265,12.011325347955035
4100417M-002054402,5,50.0,3.9318256327243257,15.459252806148044
4100418M-002053771,2,0.0,0.0,0.0
4100419M-002054401,6,219.0,5.393627546352361,29.091218108770992
4100420M-002050017,2,16.0,2.833213344056216,8.027097852938207
4100421M-002046500,3,31.0,3.4657359027997265,12.011325347955035
4100422M-002054910,1,35.0,3.58351893845611,12.841607982273604
4100423M-002047933,5,68.0,4.23410650459726,17.927657892272823
4100425M-002056720,4,216.0,5.37989735354046,28.94329553463164
4100427M-002054262,2,0.0,0.0,0.0
4100428M-002047931,1,0.0,0.0,0.0
4100430M-002046512,3,157.0,5.062595033026967,25.629868468429315
4100431M-002046510,1,0.0,0.0,0.0
4100432M-002048086,4,141.0,4.955827057601261,24.56022182485277
4100433M-002046502,4,94.0,4.553876891600541,20.737794743853403
4100434M-002050255,5,63.0,4.1588830833596715,17.296308501055247
4100439M-002049928,6,92.0,4.532599493153256,20.544458165333154
4100440M-002054912,11,111.0,4.718498871295094,22.264231598413076
4100442M-002048995,1,105.0,4.663439094112067,21.747664184492777
4100443M-002050253,3,122.0,4.812184355372417,23.157118270091047
4100444M-002049927,2,0.0,0.0,0.0
4100445M-002053438,1,7.0,2.0794415416798357,4.324077125263812
4100447M,1,0.0,0.0,0.0
4100448M-002053736,2,0.0,0.0,0.0
4100450M-002047932,1,0.0,0.0,0.0
4100452M-002051508,2,105.0,4.663439094112067,21.747664184492777
4100453M-002051507,1,234.0,5.459585514144159,29.80707398625274
4100455M-002050254,1,0.0,0.0,0.0
4100456M-002049282,7,133.0,4.897839799950911,23.98883470598318
4100457M-002049929,6,58.0,4.07753744390572,16.62631160645319
4100458M,1,0.0,0.0,0.0
4100459M-002052296,1,0.0,0.0,0.0
4100460M,5,113.0,4.736198448394496,22.431575742574427
4100461M,10,144.0,4.976733742420574,24.767878742947495
4100462M,6,157.0,5.062595033026967,25.629868468429315
4100463M,6,155.0,5.049856007249537,25.501045693954236
4100467M-002092927,4,141.0,4.955827057601261,24.56022182485277
4100468M-002092398,3,47.0,3.8712010109078907,14.986197266854274
4100471M-002092929,2,61.0,4.127134385045092,17.033238232221528
4100473M-002105898,3,0.0,0.0,0.0
4100474M-002105940,2,237.0,5.472270673671475,29.94574632592486
4100476M-002107499,4,216.0,5.37989735354046,28.94329553463164
4100478M-002106011,1,116.0,4.762173934797756,22.678300585267145
4100479M-002105899,2,8.0,2.1972245773362196,4.827795843250328
4100480M-002107509,2,0.0,0.0,0.0
4100481M-002110733,2,135.0,4.912654885736052,24.134178026346305
4100484M-002132148,2,69.0,4.248495242049359,18.049711821716045
4100485M-002108323,2,0.0,0.0,0.0
4100486M-002110731,4,86.0,4.465908118654584,19.944335324264923
4100487M-002110732,1,1.0,0.6931471805599453,0.4804530139182014
4100488M-002108321,1,0.0,0.0,0.0
4100489M-002107484,2,92.0,4.532599493153256,20.544458165333154
4100490M-002107500,4,19.0,2.995732273553991,8.974411854812963
4100491M-002108322,3,0.0,0.0,0.0
4100492M-002136024,9,227.0,5.429345628954441,29.477793958646696
4100493M-002136025,3,121.0,4.804021044733257,23.07861819824001
4100494M-002138364,2,69.0,4.248495242049359,18.049711821716045
4100495M-002133024,5,40.0,3.713572066704308,13.790617494606504
4100496M-002052815,8,184.0,5.220355825078325,27.252114940429202
4100497M-002133022,6,185.0,5.225746673713202,27.30842829782459
4100498M-002133782,6,97.0,4.584967478670572,21.021926780466785
4100499M-002136023,1,0.0,0.0,0.0
4100500M-002053305,4,106.0,4.672828834461906,21.835329316178612
4100501M-002052365,3,25.0,3.258096538021482,10.615193051067568
4100503M-002048023,2,71.0,4.276666119016055,18.28987309353985
4100504M-002048566,4,11.0,2.4849066497880004,6.174761058160624
4100505M-002145255,5,201.0,5.308267697401205,28.177705947273093
4100506M-002138365,6,168.0,5.1298987149230735,26.315860825369402
4100509M-002136026,1,0.0,0.0,0.0
4100510M-002132145,3,0.0,0.0,0.0
4100511M-002130867,1,0.0,0.0,0.0
4100512M-002132465,5,250.0,5.5254529391317835,30.530630182560063
4100513M-002133783,3,0.0,0.0,0.0
4100514M-002132149,3,0.0,0.0,0.0
4100515M-002055637,2,2.0,1.0986122886681096,1.2069489608125816
4100516M-002150951,3,100.0,4.61512051684126,21.299337384969135
4100517M-002150955,4,79.0,4.382026634673881,19.202157426991302
4100518M-002152381,1,0.0,0.0,0.0
4100519M-002153699,3,75.0,4.330733340286331,18.755251264667603
4100520M-002152366,2,0.0,0.0,0.0
4100521M-002152382,2,0.0,0.0,0.0
4100523M-002145527,4,20.0,3.044522437723423,9.269116873801375
4100526M-002145050,3,0.0,0.0,0.0
4100527M-002145272,1,3.0,1.3862943611198906,1.9218120556728056
4100528M-002106210,2,3.0,1.3862943611198906,1.9218120556728056
4100529M-002145264,4,0.0,0.0,0.0
4100531M-002146135,3,98.0,4.59511985013459,21.115126437100933
4100538M-002146136,2,0.0,0.0,0.0
4100540M-002145263,4,11.0,2.4849066497880004,6.174761058160624
4100541M-002149874,3,220.0,5.3981627015177525,29.140160552057438
4100542M-002150136,6,49.0,3.912023005428146,15.303923994999064
4100543M-002051521,1,0.0,0.0,0.0
4100544M-002145526,2,0.0,0.0,0.0
4100545M-002049329,2,0.0,0.0,0.0
4100546M-002054697,1,0.0,0.0,0.0
4100547M-002055700,5,36.0,3.6109179126442243,13.038728171854922
4100548M-002145524,2,105.0,4.663439094112067,21.747664184492777
4100550M-002145239,2,51.0,3.9512437185814275,15.612326923629187
4100551M-002054645,3,111.0,4.718498871295094,22.264231598413076
4100552M-002145525,2,4.0,1.6094379124341003,2.5902903939802346
4100553M-002156985,1,0.0,0.0,0.0
4100556M-002156984,3,17.0,2.8903717578961645,8.354248898843764
4100557M-002156989,2,0.0,0.0,0.0
4100559M-002143829,2,0.0,0.0,0.0
4100560M-002143437,1,8.0,2.1972245773362196,4.827795843250328
4100561M-002143439,4,33.0,3.5263605246161616,12.43521854957117
4100562M-002156987,2,0.0,0.0,0.0
4100563M-002156988,3,79.0,4.382026634673881,19.202157426991302
4100564M-002158762,1,0.0,0.0,0.0
4100565M-002158763,5,28.0,3.367295829986474,11.338681206644297
4100566M-002165720,3,0.0,0.0,0.0
4100567M-002163638,2,0.0,0.0,0.0
4100568M-002163626,1,0.0,0.0,0.0
4100570M-002166306,2,94.0,4.553876891600541,20.737794743853403
4100571M-002166276,1,0.0,0.0,0.0
4100572M-002166305,1,0.0,0.0,0.0
4100577M-002168718,1,13.0,2.639057329615259,6.964623588996021
4100578M-002161331,1,0.0,0.0,0.0
4100585M-002192798,1,0.0,0.0,0.0
4100587M-002192874,1,0.0,0.0,0.0
4100591M-002148975,4,165.0,5.111987788356544,26.132419148306425
4100592M-002149871,3,6.0,1.9459101490553132,3.7865663081964716
4100630M-002219286,1,0.0,0.0,0.0
4100682M-002231875,1,0.0,0.0,0.0
57027M,3,0.0,0.0,0.0
5800066M,1,0.0,0.0,0.0
5800079M,6,0.0,0.0,0.0
5800122M-727261681,1,0.0,0.0,0.0
5800127M,3,0.0,0.0,0.0
5800128M,2,6.0,1.9459101490553132,3.7865663081964716
5800188M,2,0.0,0.0,0.0
5800246M-727269252,3,12.0,2.5649493574615367,6.5789652063423505
5800247M-727268046,1,0.0,0.0,0.0
5800248M-727268239,4,222.0,5.407171771460119,29.237506566075158
5800289M-727307476,7,0.0,0.0,0.0
5800378M-727318236,1,0.0,0.0,0.0
5800383M-727318235,2,8.0,2.1972245773362196,4.827795843250328
5800384M,2,0.0,0.0,0.0
5800391M-727318550,4,31.0,3.4657359027997265,12.011325347955035
5800393M,6,78.0,4.3694478524670215,19.092074535428665
5800394-728311104,3,0.0,0.0,0.0
5800396M,1,24.0,3.2188758248682006,10.361161575920939
5800397M-728311105,1,0.0,0.0,0.0
5800398M-728311107,6,149.0,5.0106352940962555,25.106466050443068
5800399M,2,0.0,0.0,0.0
5800400M-727318545,1,0.0,0.0,0.0
5800401M,3,0.0,0.0,0.0
5800403M-727324576,7,68.0,4.23410650459726,17.927657892272823
5800404M-727324592,4,18.0,2.9444389791664403,8.669720902034708
5800405M-727324589,1,0.0,0.0,0.0
5800406M,1,28.0,3.367295829986474,11.338681206644297
5800408M-727324585,2,0.0,0.0,0.0
5800409M-727324577,2,0.0,0.0,0.0
5800410M-727324581,7,49.0,3.912023005428146,15.303923994999064
5800411M-727324587,1,0.0,0.0,0.0
5800412M,2,0.0,0.0,0.0
5800414M,8,118.0,4.77912349311153,22.84002136241055
5800415M,5,0.0,0.0,0.0
5800416M,7,114.0,4.74493212836325,22.5143809027738
5800417M-727324586,2,0.0,0.0,0.0
5800418M,10,222.0,5.407171771460119,29.237506566075158
5800419M,2,0.0,0.0,0.0
5800420M,1,0.0,0.0,0.0
5800421M,2,0.0,0.0,0.0
5800422M,2,0.0,0.0,0.0
5800423M,2,0.0,0.0,0.0
5800424M,6,121.0,4.804021044733257,23.07861819824001
5800425M,2,107.0,4.68213122712422,21.922352828011753
5800426M,4,14.0,2.70805020110221,7.333535891689721
5800427M,4,10.0,2.3978952727983707,5.749901739308773
5800428M-727327588,5,98.0,4.59511985013459,21.115126437100933
5800429M,3,67.0,4.219507705176107,17.804245274040536
5800430M,1,0.0,0.0,0.0
5800431M-727328241,8,66.0,4.204692619390966,17.67944002356086
5800432M,3,129.0,4.867534450455582,23.692891626371928
5800433M,1,0.0,0.0,0.0
5800434M-727327573,2,0.0,0.0,0.0
5800435M,2,0.0,0.0,0.0
5800458M-728325642,2,153.0,5.0369526024136295,25.370891518961436
5800460M,1,0.0,0.0,0.0
5800463M-727327574,1,5.0,1.791759469228055,3.210401995568401
5800464M,3,0.0,0.0,0.0
5800465M,2,16.0,2.833213344056216,8.027097852938207
5800466M,6,28.0,3.367295829986474,11.338681206644297
5800468M-727329948,2,0.0,0.0,0.0
5800469M,3,27.0,3.332204510175204,11.10358689763197
5800470M,2,0.0,0.0,0.0
5800471M-727329952,6,107.0,4.68213122712422,21.922352828011753
5800473M-727330060,2,0.0,0.0,0.0
5800474M,2,0.0,0.0,0.0
5800478M-727330264,1,0.0,0.0,0.0
5800479M,1,0.0,0.0,0.0
5800480M-727330051,1,0.0,0.0,0.0
5800481M,4,0.0,0.0,0.0
5800482M-7273329954,1,0.0,0.0,0.0
5800483M-727329955,7,251.0,5.529429087511423,30.57458603381741
5800484M,6,47.0,3.8712010109078907,14.986197266854274
5800485M-72835651,3,22.0,3.1354942159291497,9.831323978125154
5800487M-728325643,2,105.0,4.663439094112067,21.747664184492777
5800554M-727332406,6,195.0,5.278114659230518,27.858494355984085
5800556M-727334531,2,0.0,0.0,0.0
5800557M-728333943,1,0.0,0.0,0.0
5800558M-728334020,3,0.0,0.0,0.0
5800559M,10,163.0,5.099866427824199,26.008637581648355
5800560M,7,130.0,4.875197323201151,23.76754894014767
5800561M,7,36.0,3.6109179126442243,13.038728171854922
5800562M-727334017,2,0.0,0.0,0.0
5800563M,5,10.0,2.3978952727983707,5.749901739308773
5800564M-727330275,4,117.0,4.770684624465665,22.759431786113105
5800566M-728333937,1,0.0,0.0,0.0
5800619M,3,25.0,3.258096538021482,10.615193051067568
5800620M-727339327,2,0.0,0.0,0.0
5800621M,7,0.0,0.0,0.0
5800622M-727338034,3,0.0,0.0,0.0
5800623M-727339714,6,19.0,2.995732273553991,8.974411854812963
5800624M,2,0.0,0.0,0.0
5800649M-727340218,2,0.0,0.0,0.0
5800650M,6,0.0,0.0,0.0
5800651M,1,0.0,0.0,0.0
5800652M,3,0.0,0.0,0.0
5800664M,2,0.0,0.0,0.0
5800665M-727346773,1,22.0,3.1354942159291497,9.831323978125154
5800667M-728343639,3,0.0,0.0,0.0
5800680M,9,5.0,1.791759469228055,3.210401995568401
5800681M,3,161.0,5.087596335232384,25.88363647026998
5800682M-728343642,1,0.0,0.0,0.0
5800683M-728343644,5,0.0,0.0,0.0
5800684M,1,0.0,0.0,0.0
5800685M-728343485,7,70.0,4.2626798770413155,18.170439734132966
5800686M,1,0.0,0.0,0.0
5800687M-727346928,2,0.0,0.0,0.0
5800693M-727346766,1,0.0,0.0,0.0
5800694M,9,123.0,4.820281565605037,23.23511437171175
5800695M-727348062,1,0.0,0.0,0.0
5800696M-727335519,2,0.0,0.0,0.0
5800697M-727338031,3,0.0,0.0,0.0
5800714M-737346615,3,83.0,4.430816798843313,19.632137504912105
5800715M,3,0.0,0.0,0.0
5800722M-727346616,3,0.0,0.0,0.0
5800724M,7,36.0,3.6109179126442243,13.038728171854922
5800725M-728339389,1,1.0,0.6931471805599453,0.4804530139182014
5800726M,1,0.0,0.0,0.0
5800727M,1,0.0,0.0,0.0
5800728M-728333938,7,115.0,4.7535901911063645,22.596619704982643
5800729M,4,30.0,3.4339872044851463,11.79226812056771
5800730M-727348219,1,0.0,0.0,0.0
5800731M,3,2.0,1.0986122886681096,1.2069489608125816
5800732M-728333940,2,0.0,0.0,0.0
5800733M-728339209,5,0.0,0.0,0.0
5800734M,11,0.0,0.0,0.0
5800736M,4,96.0,4.574710978503383,20.927980536839378
5800737M,5,113.0,4.736198448394496,22.431575742574427
5800738M-727340220,2,0.0,0.0,0.0
5800739M,3,0.0,0.0,0.0
5800740M,3,68.0,4.23410650459726,17.927657892272823
5800746M,2,0.0,0.0,0.0
5800748M,1,0.0,0.0,0.0
5800749M-727342951,4,242.0,5.493061443340548,30.17372402031455
5800750M-727340217,2,0.0,0.0,0.0
5800751M,3,18.0,2.9444389791664403,8.669720902034708
5800769M,2,125.0,4.836281906951478,23.389622683506225
5800771M,2,7.0,2.0794415416798357,4.324077125263812
5800772M,1,0.0,0.0,0.0
5800773M,2,0.0,0.0,0.0
5800775M,3,0.0,0.0,0.0
5800776M,1,0.0,0.0,0.0
5800777M,2,0.0,0.0,0.0
5800778M-728334023,3,132.0,4.890349128221754,23.915514595899268
5800779M,2,0.0,0.0,0.0
5800780M,4,90.0,4.51085950651685,20.34785348753344
5800781M,1,0.0,0.0,0.0
5800782M-728347555,7,177.0,5.181783550292085,26.850880762077644
5800783M,1,0.0,0.0,0.0
5800784M,1,0.0,0.0,0.0
5800785M,1,0.0,0.0,0.0
5800787M,5,70.0,4.2626798770413155,18.170439734132966
5800788M,3,14.0,2.70805020110221,7.333535891689721
5800789M,4,0.0,0.0,0.0
5800790M-727348217,3,0.0,0.0,0.0
5800817M,5,0.0,0.0,0.0
5800819M-727348221,1,0.0,0.0,0.0
5800820M,5,1.0,0.6931471805599453,0.4804530139182014
5800822M-727348220,1,85.0,4.454347296253507,19.84120983564093
5800824M-727347754,4,71.0,4.276666119016055,18.28987309353985
5800825M,1,0.0,0.0,0.0
5800826M,1,2.0,1.0986122886681096,1.2069489608125816
5800827M-727353659,1,0.0,0.0,0.0
5800828M-727353555,2,0.0,0.0,0.0
5800829M-727353080,4,0.0,0.0,0.0
5800830M-727353250,2,37.0,3.6375861597263857,13.232033069432955
5800831M,2,0.0,0.0,0.0
5800832M,7,210.0,5.351858133476067,28.642385480853928
5800833M,3,239.0,5.480638923341991,30.03740300805126
5800834M,6,28.0,3.367295829986474,11.338681206644297
5800835M,5,69.0,4.248495242049359,18.049711821716045
5800837M,5,3.0,1.3862943611198906,1.9218120556728056
5800838M,1,0.0,0.0,0.0
5800839M,2,5.0,1.791759469228055,3.210401995568401
5800841M-727351891,1,3.0,1.3862943611198906,1.9218120556728056
5800842M,5,30.0,3.4339872044851463,11.79226812056771
5800843M-727348061,3,0.0,0.0,0.0
5800844M-728343815,3,0.0,0.0,0.0
5800845M,1,0.0,0.0,0.0
5800846M-728348074,5,37.0,3.6375861597263857,13.232033069432955
5800863M,1,0.0,0.0,0.0
5800864M,6,40.0,3.713572066704308,13.790617494606504
5800865M,9,67.0,4.219507705176107,17.804245274040536
5800866M,9,187.0,5.236441962829949,27.42032443008637
5800867M,4,0.0,0.0,0.0
5800868M,1,0.0,0.0,0.0
5800869M,1,0.0,0.0,0.0
5800870M-727351119,4,23.0,3.1780538303479458,10.100026148589249
5800871M,3,5.0,1.791759469228055,3.210401995568401
5800872M-727351893,7,3.0,1.3862943611198906,1.9218120556728056
5800873M-727352448,3,0.0,0.0,0.0
5800874M-727352213,1,0.0,0.0,0.0
5800875M-727352210,8,10.0,2.3978952727983707,5.749901739308773
5800876M-727351259,1,0.0,0.0,0.0
5800877M,9,94.0,4.553876891600541,20.737794743853403
5800878M-727352447,5,160.0,5.081404364984463,25.820670320483156
5800879M,8,67.0,4.219507705176107,17.804245274040536
5800880M-727352211,4,68.0,4.23410650459726,17.927657892272823
5800881M-727354756,3,0.0,0.0,0.0
5800882M-727351118,4,96.0,4.574710978503383,20.927980536839378
5800883M,3,0.0,0.0,0.0
5800884M-727351262,8,196.0,5.2832037287379885,27.912241639350984
5800885M-727351887,4,130.0,4.875197323201151,23.76754894014767
5800886M-727351257,4,0.0,0.0,0.0
5800887M-727354906,1,0.0,0.0,0.0
5800888M,6,71.0,4.276666119016055,18.28987309353985
5800890M-727355441,1,0.0,0.0,0.0
5800892M,4,0.0,0.0,0.0
5800893M,4,21.0,3.091042453358316,9.554543448463397
5800900M-727354584,6,61.0,4.127134385045092,17.033238232221528
5800901M-727354758,3,108.0,4.6913478822291435,22.00874495209587
5800902M-727354761,1,0.0,0.0,0.0
5800903M-728343488,3,0.0,0.0,0.0
5800905M-728340035,3,0.0,0.0,0.0
5800906M-728343643,2,0.0,0.0,0.0
5800907M-728339392,2,0.0,0.0,0.0
5800908M-728348069,4,0.0,0.0,0.0
5800910M-728340032,3,2.0,1.0986122886681096,1.2069489608125816
5800911M-728348508,2,36.0,3.6109179126442243,13.038728171854922
5800916M,4,0.0,0.0,0.0
5800917M-727355440,8,85.0,4.454347296253507,19.84120983564093
5800918M,3,0.0,0.0,0.0
5800919M-727355438,3,0.0,0.0,0.0
5800920M,4,0.0,0.0,0.0
5800921M-727354760,3,0.0,0.0,0.0
5800922M,3,0.0,0.0,0.0
5800923M-727354583,3,0.0,0.0,0.0
5800924M,2,69.0,4.248495242049359,18.049711821716045
5800925M-728348078,6,111.0,4.718498871295094,22.264231598413076
5800926M-727354580,5,303.0,5.717027701406222,32.684405738646106
5800927M,14,129.0,4.867534450455582,23.692891626371928
5800928M,3,0.0,0.0,0.0
5800930M-727353556,1,0.0,0.0,0.0
5800931M-727354585,1,0.0,0.0,0.0
5800933M-727354904,5,100.0,4.61512051684126,21.299337384969135
5800934M-727354091,5,0.0,0.0,0.0
5800935M-727354903,3,7.0,2.0794415416798357,4.324077125263812
5800936M-727359759,4,0.0,0.0,0.0
5800937M,7,33.0,3.5263605246161616,12.43521854957117
5800939M,7,171.0,5.147494476813453,26.496699388825
5800998M-727355443,1,0.0,0.0,0.0
5800999M-727357812,5,150.0,5.017279836814924,25.173096960909593
5801000M-727358811,2,0.0,0.0,0.0
5801001M,1,0.0,0.0,0.0
5801002M,1,0.0,0.0,0.0
5801008M-727362265,2,0.0,0.0,0.0
5801009M-727359413,2,0.0,0.0,0.0
5801010M-727358614,3,7.0,2.0794415416798357,4.324077125263812
5801011M-727359415,6,29.0,3.4011973816621555,11.568143629025503
5801021M,2,0.0,0.0,0.0
5801022M-727361992,4,0.0,0.0,0.0
5801023M-727362260,3,0.0,0.0,0.0
5801024M-727362163,2,0.0,0.0,0.0
5801028M-727360493,3,50.0,3.9318256327243257,15.459252806148044
5801030M-727361835,6,160.0,5.081404364984463,25.820670320483156
5801031M-727362159,7,62.0,4.143134726391533,17.16556536103144
5801032M-727361994,5,0.0,0.0,0.0
5801033M-728348503,3,7.0,2.0794415416798357,4.324077125263812
5801034M-728348075,8,30.0,3.4339872044851463,11.79226812056771
5801035M-728348071,8,0.0,0.0,0.0
5801036M-728348076,1,0.0,0.0,0.0
5801037M,1,0.0,0.0,0.0
5801038M-728348502,1,0.0,0.0,0.0
5801040M-728359322,2,0.0,0.0,0.0
5801041M-728352218,1,0.0,0.0,0.0
5801042M-728352215,4,98.0,4.59511985013459,21.115126437100933
5801044M-728354588,3,17.0,2.8903717578961645,8.354248898843764
5801045M,3,13.0,2.639057329615259,6.964623588996021
5801046M-727359405,7,155.0,5.049856007249537,25.501045693954236
5801047M-727358899,2,0.0,0.0,0.0
5801048M,9,117.0,4.770684624465665,22.759431786113105
5801049M-727360492,3,51.0,3.9512437185814275,15.612326923629187
5801050M-727362156,1,0.0,0.0,0.0
5801051M-727361991,1,0.0,0.0,0.0
5801052M-727359409,6,44.0,3.8066624897703196,14.490679311024369
5801053M-728354763,4,0.0,0.0,0.0
5801054M-728354587,1,0.0,0.0,0.0
5801055M-728352217,4,179.0,5.19295685089021,26.96680085520757
5801057M-728354912,4,138.0,4.9344739331306915,24.349032996746278
5801058M-728354766,1,0.0,0.0,0.0
5801059M-727347084,3,0.0,0.0,0.0
5801060M-727347430,2,0.0,0.0,0.0
5801061M-727347432,9,78.0,4.3694478524670215,19.092074535428665
5801062M,1,0.0,0.0,0.0
5801063M-728358814,1,0.0,0.0,0.0
5801098M,1,0.0,0.0,0.0
5801100M,1,0.0,0.0,0.0
5801102M-728359208,4,0.0,0.0,0.0
5801103M-738375071,1,0.0,0.0,0.0
5801104M-728351404,6,163.0,5.099866427824199,26.008637581648355
5801105M-728374723,1,30.0,3.4339872044851463,11.79226812056771
5801106M-728375858,4,34.0,3.5553480614894135,12.640499838336531
5801107M-728375072,2,0.0,0.0,0.0
5801113M-727347242,3,0.0,0.0,0.0
5801114M-727350666,5,94.0,4.553876891600541,20.737794743853403
5801115M-727348227,5,0.0,0.0,0.0
5801116M-727350667,6,0.0,0.0,0.0
5801140M-728355447,4,0.0,0.0,0.0
5801149M,2,0.0,0.0,0.0
5801150M-728359318,1,0.0,0.0,0.0
5801151M-728359210,6,0.0,0.0,0.0
5801152M-728354762,6,4.0,1.6094379124341003,2.5902903939802346
5801153M-728354767,2,0.0,0.0,0.0
5801154M-728354764,1,23.0,3.1780538303479458,10.100026148589249
5801155M-728361832,4,0.0,0.0,0.0
5801156M-728354586,1,0.0,0.0,0.0
5801158M-727347693,1,0.0,0.0,0.0
5801159M-727350664,12,248.0,5.517452896464707,30.44228646470679
5801160M,5,59.0,4.0943445622221,16.763657394197683
5801161M-728354765,7,54.0,4.007333185232471,16.058719257465423
5801164M-727350027,4,120.0,4.795790545596741,22.99960695723509
5801165M,2,0.0,0.0,0.0
5801166M,1,0.0,0.0,0.0
5801167M,1,0.0,0.0,0.0
5801168M-727351115,1,0.0,0.0,0.0
5801169M-727349837,5,172.0,5.153291594497779,26.556414257921464
5801170M-727350818,2,0.0,0.0,0.0
5801171M,1,0.0,0.0,0.0
5801172M,2,2.0,1.0986122886681096,1.2069489608125816
5801173M-727350194,3,101.0,4.624972813284271,21.39037352361862
5801174M-727350026,8,133.0,4.897839799950911,23.98883470598318
5801175M-727351116,6,0.0,0.0,0.0
5801176M-72835253,3,0.0,0.0,0.0
5801177M-728352451,5,175.0,5.170483995038151,26.733904742945683
5801178M-728359041,3,0.0,0.0,0.0
5801179M-728354908,7,20.0,3.044522437723423,9.269116873801375
5801181M-728352454,6,32.0,3.4965075614664802,12.225565127392272
5801182M-728366588,1,0.0,0.0,0.0
5801184M-728358628,2,0.0,0.0,0.0
5801185M-727351260,6,113.0,4.736198448394496,22.431575742574427
5801186M-727350024,3,50.0,3.9318256327243257,15.459252806148044
5801187M,2,93.0,4.543294782270004,20.64152747860184
5801188M-727349707,1,0.0,0.0,0.0
5801192M-727351261,1,0.0,0.0,0.0
5801193M-728351894,2,16.0,2.833213344056216,8.027097852938207
5801194M-728351403,4,135.0,4.912654885736052,24.134178026346305
5801195M-728351410,2,0.0,0.0,0.0
5801196M-728351896,3,8.0,2.1972245773362196,4.827795843250328
5801250M-727390773,1,7.0,2.0794415416798357,4.324077125263812
5801251M-727347239,5,51.0,3.9512437185814275,15.612326923629187
5801252M-727390775,1,0.0,0.0,0.0
5801253M-727390694,7,106.0,4.672828834461906,21.835329316178612
5801254M-727389456,5,46.0,3.8501476017100584,14.823636554953715
5801256M-727390602,5,127.0,4.852030263919617,23.542197681991865
5801257M-727390770,7,17.0,2.8903717578961645,8.354248898843764
5801276M-727370995,5,33.0,3.5263605246161616,12.43521854957117
5801277M-727367264,8,38.0,3.6635616461296463,13.421683934992164
5801278M-727368160,5,87.0,4.477336814478207,20.046544950281856
5801279M,9,151.0,5.0238805208462765,25.239375487738656
5801280M-727366890,3,0.0,0.0,0.0
5801281M-728359317,3,133.0,4.897839799950911,23.98883470598318
5801282M-728366589,7,28.0,3.367295829986474,11.338681206644297
5801283M-727390604,4,0.0,0.0,0.0
5801284M-728358984,2,0.0,0.0,0.0
5801285M-728359326,4,0.0,0.0,0.0
5801286M-728351408,3,0.0,0.0,0.0
5801287M-727367851,2,0.0,0.0,0.0
5801289M-727385648,1,0.0,0.0,0.0
5801290M-727388512,5,228.0,5.43372200355424,29.525334811909502
5801292M-727390600,3,13.0,2.639057329615259,6.964623588996021
5801294M-727389458,5,155.0,5.049856007249537,25.501045693954236
5801295M-727389455,3,0.0,0.0,0.0
5801296M-727358610,1,0.0,0.0,0.0
5801297M-727385647,5,79.0,4.382026634673881,19.202157426991302
5801298M,1,0.0,0.0,0.0
5801299M-727385649,8,137.0,4.927253685157205,24.277828877895256
5801300M-728352214,4,64.0,4.174387269895637,17.42550907906675
5801301M-728351895,2,169.0,5.135798437050262,26.376425586007915
5801302M-728359325,6,0.0,0.0,0.0
5801303M-728351405,1,17.0,2.8903717578961645,8.354248898843764
5801304M-727385938,7,114.0,4.74493212836325,22.5143809027738
5801305M-727387902,5,30.0,3.4339872044851463,11.79226812056771
5801306M-727387903,2,84.0,4.442651256490317,19.737150186794988
5801307M-727387743,5,205.0,5.327876168789581,28.386264469955947
5801308M-727388513,2,90.0,4.51085950651685,20.34785348753344
5801309M-727387742,9,74.0,4.31748811353631,18.640703610527325
5801310M-727387901,4,61.0,4.127134385045092,17.033238232221528
5801311M-727389457,3,123.0,4.820281565605037,23.23511437171175
5801313M-727366679,1,10.0,2.3978952727983707,5.749901739308773
5801314M,5,101.0,4.624972813284271,21.39037352361862
5801315M-727367625,4,175.0,5.170483995038151,26.733904742945683
5801316M-728361830,4,217.0,5.384495062789089,28.992787081200074
5801317M-728361829,2,39.0,3.6888794541139363,13.607831626983932
5801318M-728359323,3,73.0,4.304065093204169,18.524976326538614
5801319M-728361824,3,120.0,4.795790545596741,22.99960695723509
5801320M,2,0.0,0.0,0.0
5801321M-727367848,3,42.0,3.7612001156935624,14.146626310293268
5801322M-727366889,2,191.0,5.2574953720277815,27.64125758689354
5801323M-727367266,5,195.0,5.278114659230518,27.858494355984085
5801325M-728359319,3,129.0,4.867534450455582,23.692891626371928
5801326M-727369417,2,61.0,4.127134385045092,17.033238232221528
5801327M-727369051,4,197.0,5.288267030694535,27.965768187930795
5801328M,3,187.0,5.236441962829949,27.42032443008637
5801329M-727368307,1,0.0,0.0,0.0
5801330M-727366677,2,0.0,0.0,0.0
5801331M-727367101,2,12.0,2.5649493574615367,6.5789652063423505
5801333M-727369233,1,62.0,4.143134726391533,17.16556536103144
5801334M-727366587,4,256.0,5.54907608489522,30.792245395956062
5801335M-728361823,2,228.0,5.43372200355424,29.525334811909502
5801336M-727367685,3,144.0,4.976733742420574,24.767878742947495
5801337M-727366891,2,29.0,3.4011973816621555,11.568143629025503
5801338M-728359040,3,49.0,3.912023005428146,15.303923994999064
5801339M-728361827,3,152.0,5.030437921392435,25.305305680983047
5801340M-728361828,4,258.0,5.556828061699537,30.878338107291437
5801342M-727370816,2,200.0,5.303304908059076,28.125042947843482
5801343M-727367683,2,82.0,4.418840607796598,19.52615231711221
5801344M-728361826,3,156.0,5.056245805348308,25.565621644102357
5801345M-728359212,1,8.0,2.1972245773362196,4.827795843250328
5801346M-728361821,2,5.0,1.791759469228055,3.210401995568401
5801348M-727370997,1,14.0,2.70805020110221,7.333535891689721
5801350M-727370996,3,9.0,2.302585092994046,5.301898110478399
5801351M-728361822,2,105.0,4.663439094112067,21.747664184492777
5801352M-728359209,4,185.0,5.225746673713202,27.30842829782459
5801353M-728360390,4,65.0,4.189654742026425,17.553206857384513
5801354M-728371540,4,181.0,5.204006687076795,27.081685599140002
5801355M-727370815,5,12.0,2.5649493574615367,6.5789652063423505
5801356M-727367623,2,82.0,4.418840607796598,19.52615231711221
5801357M-727370431,1,184.0,5.220355825078325,27.252114940429202
5801358M-727367850,4,80.0,4.394449154672439,19.311183373001313
5801359M-727371349,6,93.0,4.543294782270004,20.64152747860184
5801367M-728366743,4,169.0,5.135798437050262,26.376425586007915
5801369M-727367853,7,127.0,4.852030263919617,23.542197681991865
5801370M-727367681,4,62.0,4.143134726391533,17.16556536103144
5801376M-727367624,5,88.0,4.48863636973214,20.14785645968212
5801378M-727367099,5,217.0,5.384495062789089,28.992787081200074
5801379M-727367680,8,266.0,5.58724865840025,31.21734757079539
5801380M-727367852,4,86.0,4.465908118654584,19.944335324264923
5801381M-727367267,3,22.0,3.1354942159291497,9.831323978125154
5801383M-727367854,5,0.0,0.0,0.0
5801388M-727370432,4,240.0,5.484796933490655,30.08299740162849
5801389M-728366745,4,0.0,0.0,0.0
5801390M-728367628,2,72.0,4.290459441148391,18.408042216139364
5801391M-727371717,3,177.0,5.181783550292085,26.850880762077644
5801392M-727370269,3,17.0,2.8903717578961645,8.354248898843764
5801393M-727362272,1,16.0,2.833213344056216,8.027097852938207
5801394M-727369597,6,255.0,5.545177444479562,30.74899289076489
5801395M-727369596,6,144.0,4.976733742420574,24.767878742947495
5801396M-727369598,3,18.0,2.9444389791664403,8.669720902034708
5801397M-727376157,3,180.0,5.198497031265826,27.024371384079608
5801398M-727371347,5,208.0,5.342334251964811,28.540535259716417
5801399M-727371718,2,0.0,0.0,0.0
5801400M-727376328,1,0.0,0.0,0.0
5801401M-727378055,1,0.0,0.0,0.0
5801402M-727376330,4,30.0,3.4339872044851463,11.79226812056771
5801403M-727378054,1,5.0,1.791759469228055,3.210401995568401
5801404M-727376329,3,218.0,5.389071729816501,29.042094109107413
5801405M-727376331,4,163.0,5.099866427824199,26.008637581648355
5801406M-727376326,1,0.0,0.0,0.0
5801407M-727376156,4,59.0,4.0943445622221,16.763657394197683
5801408M-727370268,11,196.0,5.2832037287379885,27.912241639350984
5801409M-727371896,3,205.0,5.327876168789581,28.386264469955947
5801410M-727374722,4,60.0,4.110873864173311,16.899283927143212
5801411M-727371539,5,211.0,5.356586274672012,28.693016518004587
5801412M-727376325,4,115.0,4.7535901911063645,22.596619704982643
5801413M,5,0.0,0.0,0.0
5801413M-727371719,8,138.0,4.9344739331306915,24.349032996746278
5801415M-727378049,4,0.0,0.0,0.0
5801416M-727375070,2,93.0,4.543294782270004,20.64152747860184
5801417M-727353082,3,165.0,5.111987788356544,26.132419148306425
5801419M-727374195,3,77.0,4.356708826689592,18.980911800555
5801420M-727378053,4,100.0,4.61512051684126,21.299337384969135
5801421M-727375069,3,123.0,4.820281565605037,23.23511437171175
5801422M-727376327,8,120.0,4.795790545596741,22.99960695723509
5801423M-727382167,6,139.0,4.941642422609304,24.41982983293195
5801424M-727381753,6,254.0,5.541263545158426,30.705601676901725
5801425M-727378245,1,0.0,0.0,0.0
5801426M-727381608,1,14.0,2.70805020110221,7.333535891689721
5801427M-727381248,1,0.0,0.0,0.0
5801429M-727381249,1,1.0,0.6931471805599453,0.4804530139182014
5801430M-727382376,2,3.0,1.3862943611198906,1.9218120556728056
5801431M-727385482,11,188.0,5.241747015059643,27.47591176988667
5801433M-727378051,3,5.0,1.791759469228055,3.210401995568401
5801434M-727385490,3,132.0,4.890349128221754,23.915514595899268
5801435M-727385489,1,10.0,2.3978952727983707,5.749901739308773
5801436M-727383647,1,0.0,0.0,0.0
5801437M-727385488,3,70.0,4.2626798770413155,18.170439734132966
5801438M-727385487,3,68.0,4.23410650459726,17.927657892272823
5801439M-727385345,2,28.0,3.367295829986474,11.338681206644297
5801440M-727385484,2,10.0,2.3978952727983707,5.749901739308773
5801441M-727385481,3,3.0,1.3862943611198906,1.9218120556728056
5801442M-728367103,1,0.0,0.0,0.0
5801443M-728366893,4,41.0,3.7376696182833684,13.97017417543854
5801444M-727381754,2,102.0,4.634728988229636,21.480712794336103
5801446M-728367271,7,163.0,5.099866427824199,26.008637581648355
5801454M-727387514,3,48.0,3.8918202981106265,15.146265232785886
5801455M-728351409,1,69.0,4.248495242049359,18.049711821716045
5801465M,2,182.0,5.209486152841421,27.13874597664651
5801466M-727387044,3,97.0,4.584967478670572,21.021926780466785
5801467M-727387360,3,49.0,3.912023005428146,15.303923994999064
5801468M-727385486,2,12.0,2.5649493574615367,6.5789652063423505
5801469M-727384748,4,152.0,5.030437921392435,25.305305680983047
5801470M-727387221,2,53.0,3.9889840465642745,15.911993723744294
5801471M-727387358,5,82.0,4.418840607796598,19.52615231711221
5801472M-727382377,2,113.0,4.736198448394496,22.431575742574427
5801473M-727384750,4,186.0,5.231108616854587,27.364497361330308
5801474M-727387362,2,31.0,3.4657359027997265,12.011325347955035
5801475M,1,6.0,1.9459101490553132,3.7865663081964716
5801476M-727387046,2,32.0,3.4965075614664802,12.225565127392272
5801477M,4,58.0,4.07753744390572,16.62631160645319
5801478M,4,48.0,3.8918202981106265,15.146265232785886
5801479M-727390932,4,37.0,3.6375861597263857,13.232033069432955
5801480M,3,0.0,0.0,0.0
5801481M-727390937,3,80.0,4.394449154672439,19.311183373001313
5801482M-727390936,3,53.0,3.9889840465642745,15.911993723744294
5801483M-727390933,2,22.0,3.1354942159291497,9.831323978125154
5801484M-727387741,2,94.0,4.553876891600541,20.737794743853403
5801485M-727387516,6,0.0,0.0,0.0
5801487M-728372402,2,60.0,4.110873864173311,16.899283927143212
5801488M-728375856,4,150.0,5.017279836814924,25.173096960909593
5801489M-728372600,1,4.0,1.6094379124341003,2.5902903939802346
5801490M,2,123.0,4.820281565605037,23.23511437171175
5801491M-728366894,2,150.0,5.017279836814924,25.173096960909593
5801500M-727390693,2,104.0,4.653960350157523,21.659346940838336
5801501M,2,85.0,4.454347296253507,19.84120983564093
5801514M-727390931,10,63.0,4.1588830833596715,17.296308501055247
5801515M-727390603,3,57.0,4.060443010546419,16.48719744189527
5801516M-727390777,2,100.0,4.61512051684126,21.299337384969135
5801517M-727387361,2,0.0,0.0,0.0
5801518M-728372046,5,69.0,4.248495242049359,18.049711821716045
5801519M-728383066,1,0.0,0.0,0.0
5801520M-728383436,4,27.0,3.332204510175204,11.10358689763197
5801521M-728372403,6,253.0,5.537334267018537,30.662070784697715
5801522M-728383067,1,0.0,0.0,0.0
5801523M-728383437,3,80.0,4.394449154672439,19.311183373001313
5801524M-728382884,2,16.0,2.833213344056216,8.027097852938207
5801525M-728382775,8,87.0,4.477336814478207,20.046544950281856
5801526M-728386394,5,5.0,1.791759469228055,3.210401995568401
5801527M-728383435,2,24.0,3.2188758248682006,10.361161575920939
5801528M-728386395,4,112.0,4.727387818712341,22.348195588509824
5801529M-727390934,3,67.0,4.219507705176107,17.804245274040536
5801530M-727387217,1,9.0,2.302585092994046,5.301898110478399
5801533M-727387043,6,33.0,3.5263605246161616,12.43521854957117
5801534M-727385650,5,2.0,1.0986122886681096,1.2069489608125816
5801535M-727385485,4,100.0,4.61512051684126,21.299337384969135
5801536M-727392921,5,77.0,4.356708826689592,18.980911800555
5801537M-727385344,6,25.0,3.258096538021482,10.615193051067568
5801538M-727384749,4,204.0,5.3230099791384085,28.334435238007078
5801539M-727415698,6,42.0,3.7612001156935624,14.146626310293268
5801540M-727414089,1,0.0,0.0,0.0
5801541M-728382776,4,136.0,4.919980925828125,24.206212310512576
5801542M-728382774,4,70.0,4.2626798770413155,18.170439734132966
5801543M-727415978,1,5.0,1.791759469228055,3.210401995568401
5801545M-728420523,2,3.0,1.3862943611198906,1.9218120556728056
5801556M-727392702,4,0.0,0.0,0.0
5801557M-727414172,3,26.0,3.295836866004329,10.862540647313239
5801558M-727414090,1,0.0,0.0,0.0
5801559M-727414171,5,55.0,4.02535169073515,16.203456234104326
5801560M-727390692,3,49.0,3.912023005428146,15.303923994999064
5801561M-727392922,3,11.0,2.4849066497880004,6.174761058160624
5801562M-727392544,2,27.0,3.332204510175204,11.10358689763197
5801563M-727393263,8,149.0,5.0106352940962555,25.106466050443068
5801587M-728420645,1,100.0,4.61512051684126,21.299337384969135
5801588M-728420253,8,191.0,5.2574953720277815,27.64125758689354
5801589M-727415976,3,64.0,4.174387269895637,17.42550907906675
5801590M-727415975,1,10.0,2.3978952727983707,5.749901739308773
5801591M-727416071,5,138.0,4.9344739331306915,24.349032996746278
5801592M-727415973,2,0.0,0.0,0.0
5801593M-727415601,6,144.0,4.976733742420574,24.767878742947495
5801596M-727415602,2,16.0,2.833213344056216,8.027097852938207
5801597M-727415510,5,42.0,3.7612001156935624,14.146626310293268
5801598M-727415604,3,131.0,4.882801922586371,23.84175461521316
5801599M-727415600,5,76.0,4.343805421853684,18.868645542925464
5801600M-727415699,5,192.0,5.262690188904886,27.69590802439574
5801601M-727415697,3,14.0,2.70805020110221,7.333535891689721
5801602M-727415603,3,46.0,3.8501476017100584,14.823636554953715
5801603M-727415513,3,87.0,4.477336814478207,20.046544950281856
5801604M-728419330,3,2.0,1.0986122886681096,1.2069489608125816
5801605M-728420522,5,57.0,4.060443010546419,16.48719744189527
5801606M-728419159,3,38.0,3.6635616461296463,13.421683934992164
5801607M-728419327,2,0.0,0.0,0.0
5801609M-727415516,4,85.0,4.454347296253507,19.84120983564093
5801610M-728420516,3,158.0,5.0689042022202315,25.69378981128592
5801611M-728420644,5,164.0,5.10594547390058,26.070679182445822
5801612M-728419162,3,20.0,3.044522437723423,9.269116873801375
5801613M-727413940,4,12.0,2.5649493574615367,6.5789652063423505
5801614M-727415599,1,0.0,0.0,0.0
5801615M-727415511,2,0.0,0.0,0.0
5801616M-728420519,2,0.0,0.0,0.0
5801617M-728420520,3,153.0,5.0369526024136295,25.370891518961436
5801619M-727427957,4,44.0,3.8066624897703196,14.490679311024369
5801620M-727427933,3,21.0,3.091042453358316,9.554543448463397
5801621M-727415509,2,31.0,3.4657359027997265,12.011325347955035
5801622M-727415515,3,15.0,2.772588722239781,7.687248222691222
5801623M-727428197,2,0.0,0.0,0.0
5801624M-727428193,2,7.0,2.0794415416798357,4.324077125263812
5801625M-727427929,4,17.0,2.8903717578961645,8.354248898843764
5801626M-727428191,4,49.0,3.912023005428146,15.303923994999064
5801627M-727427925,4,4.0,1.6094379124341003,2.5902903939802346
5801628M-727427930,1,0.0,0.0,0.0
5801629M-727427958,3,86.0,4.465908118654584,19.944335324264923
5801630M-727428196,1,0.0,0.0,0.0
5801631M-727427959,3,65.0,4.189654742026425,17.553206857384513
5801632M-727427952,2,3.0,1.3862943611198906,1.9218120556728056
5801633M-727428198,4,120.0,4.795790545596741,22.99960695723509
5801634M-728419811,3,38.0,3.6635616461296463,13.421683934992164
5801635M-728420521,2,0.0,0.0,0.0
5801636M-728420517,1,0.0,0.0,0.0
5801637M-727428195,1,0.0,0.0,0.0
5801638M-727427954,3,0.0,0.0,0.0
5801639M-728420255,6,92.0,4.532599493153256,20.544458165333154
5801640M-727425621,3,12.0,2.5649493574615367,6.5789652063423505
5801641M-727425441,2,6.0,1.9459101490553132,3.7865663081964716
5801642M-727426246,2,6.0,1.9459101490553132,3.7865663081964716
5801643M-727425625,2,22.0,3.1354942159291497,9.831323978125154
5801645M-727425964,2,26.0,3.295836866004329,10.862540647313239
5801650M-727427955,3,124.0,4.8283137373023015,23.312613545822117
5801651M-727428194,1,0.0,0.0,0.0
5801652M-727427960,1,0.0,0.0,0.0
5801653M-727427962,2,12.0,2.5649493574615367,6.5789652063423505
5801654M-727427931,3,2.0,1.0986122886681096,1.2069489608125816
5801655M-728419812,2,48.0,3.8918202981106265,15.146265232785886
5801656M-727427953,3,149.0,5.0106352940962555,25.106466050443068
5801657M-727427927,3,0.0,0.0,0.0
5801658M-728419328,2,45.0,3.828641396489095,14.658494942909968
5801662M-727427961,2,5.0,1.791759469228055,3.210401995568401
5801664M-727426027,2,116.0,4.762173934797756,22.678300585267145
5801665M-727426028,2,3.0,1.3862943611198906,1.9218120556728056
5801666M-728419814,2,122.0,4.812184355372417,23.157118270091047
5801667M-728420257,2,15.0,2.772588722239781,7.687248222691222
5801697M-728420259,1,0.0,0.0,0.0
5801709M-727430771,1,5.0,1.791759469228055,3.210401995568401
5801710M-727431598,2,57.0,4.060443010546419,16.48719744189527
5801711M-727430772,1,0.0,0.0,0.0
5801712M-727430768,2,0.0,0.0,0.0
5801713M-727431755,3,31.0,3.4657359027997265,12.011325347955035
5801714M-727430968,3,18.0,2.9444389791664403,8.669720902034708
5801715M-727430875,2,11.0,2.4849066497880004,6.174761058160624
5801729M-728436791,2,3.0,1.3862943611198906,1.9218120556728056
5801730M-728436786,1,13.0,2.639057329615259,6.964623588996021
5801740M-728436789,4,41.0,3.7376696182833684,13.97017417543854
5801741M-728437373,4,0.0,0.0,0.0
5801742M-728437372,1,0.0,0.0,0.0
5801744M-727430853,2,0.0,0.0,0.0
5801745M-728437374,2,6.0,1.9459101490553132,3.7865663081964716
5801746M-727430769,5,216.0,5.37989735354046,28.94329553463164
5801753M-727440025,4,22.0,3.1354942159291497,9.831323978125154
5801754M-727389454,5,179.0,5.19295685089021,26.96680085520757
5801755M-727439856,1,0.0,0.0,0.0
5801756M-727439512,2,2.0,1.0986122886681096,1.2069489608125816
5801765M-727439853,3,18.0,2.9444389791664403,8.669720902034708
5801766M-728436494,1,0.0,0.0,0.0
5801767M-727439514,2,73.0,4.304065093204169,18.524976326538614
5801768M-727439516,1,0.0,0.0,0.0
5801769M-727439432,2,0.0,0.0,0.0
5801770M-727439433,1,0.0,0.0,0.0
5801773M-727439655,3,3.0,1.3862943611198906,1.9218120556728056
5801783M-728436493,1,7.0,2.0794415416798357,4.324077125263812
5801798M-727443512,2,12.0,2.5649493574615367,6.5789652063423505
5801800M-727444076,2,7.0,2.0794415416798357,4.324077125263812
5801802M-727444136,2,4.0,1.6094379124341003,2.5902903939802346
5801804M-727443519,1,0.0,0.0,0.0
5801809M-727444226,1,0.0,0.0,0.0
5801811M-727448571,1,35.0,3.58351893845611,12.841607982273604
5801812M-727449245,1,0.0,0.0,0.0
5801813M-727448385,1,0.0,0.0,0.0
5801822M-727449244,2,0.0,0.0,0.0
5801823M-727450083,2,0.0,0.0,0.0
5801826M-728436492,2,183.0,5.214935757608986,27.195554955988808
5801830M-728436495,2,22.0,3.1354942159291497,9.831323978125154
5801833M-727448706,2,0.0,0.0,0.0
5801834M-727448572,1,0.0,0.0,0.0
5801837M-727449240,3,26.0,3.295836866004329,10.862540647313239
5801838M-727450081,1,0.0,0.0,0.0
5801876M-728436790,1,0.0,0.0,0.0
5801877M-728436497,2,0.0,0.0,0.0
5801879M-728436499,1,6.0,1.9459101490553132,3.7865663081964716
5801984M-727476484,2,0.0,0.0,0.0
586140-866392061676676,3,11.0,2.4849066497880004,6.174761058160624
F507417M,4,84.0,4.442651256490317,19.737150186794988
H000385M-8081189,1,0.0,0.0,0.0
H000386M-8085639,2,0.0,0.0,0.0
H000387M-8093805,4,42.0,3.7612001156935624,14.146626310293268
H000388M-8095796,5,143.0,4.969813299576001,24.699044232642496
H000389M-8097581,9,123.0,4.820281565605037,23.23511437171175
H000390M-8123839,5,215.0,5.375278407684165,28.893617960115616
H000391M-8123837,3,28.0,3.367295829986474,11.338681206644297
H000393M,1,0.0,0.0,0.0
H101181M,11,239.0,5.480638923341991,30.03740300805126
H101182M-8085385,3,169.0,5.135798437050262,26.376425586007915
H101183M-8085872,4,0.0,0.0,0.0
H101184M-8085856,7,140.0,4.948759890378168,24.49022445261574
H101185M-8085873,2,19.0,2.995732273553991,8.974411854812963
H101186M-8085854,5,118.0,4.77912349311153,22.84002136241055
H101187M-8086510,6,112.0,4.727387818712341,22.348195588509824
H101188M-8086512,2,0.0,0.0,0.0
H101189M-8086514,5,0.0,0.0,0.0
H101190M-8089774,7,55.0,4.02535169073515,16.203456234104326
H101191M-8089783,1,0.0,0.0,0.0
H101192M-8089780,3,126.0,4.844187086458591,23.466148528612173
H101193M-8088647,4,49.0,3.912023005428146,15.303923994999064
H101194M-8089749,3,15.0,2.772588722239781,7.687248222691222
H101195M-8089766,2,0.0,0.0,0.0
H101196M-8088666,1,0.0,0.0,0.0
H101197M-8088655,3,18.0,2.9444389791664403,8.669720902034708
H101198M-8088367,4,0.0,0.0,0.0
H101199M-8088369,1,0.0,0.0,0.0
H101200M-8089623,3,0.0,0.0,0.0
H101202M-8089607,3,0.0,0.0,0.0
H101203M-8088637,6,114.0,4.74493212836325,22.5143809027738
H101204M-8088635,5,0.0,0.0,0.0
H101205M-8087458,3,0.0,0.0,0.0
H101206M-8087456,3,0.0,0.0,0.0
H101207M-8087450,7,90.0,4.51085950651685,20.34785348753344
H101208M-8088638,5,218.0,5.389071729816501,29.042094109107413
H101209M,3,0.0,0.0,0.0
H101210M-8088649,1,4.0,1.6094379124341003,2.5902903939802346
H101211M-8088643,4,85.0,4.454347296253507,19.84120983564093
H101212M-8088598,2,0.0,0.0,0.0
H101213M,2,0.0,0.0,0.0
H101214M-8094016,5,43.0,3.784189633918261,14.320091185454423
H101215M-8094020,1,0.0,0.0,0.0
H101216M-8094018,2,0.0,0.0,0.0
H101217M-8093796,4,1.0,0.6931471805599453,0.4804530139182014
H101218M-8093803,4,0.0,0.0,0.0
H101219M,1,0.0,0.0,0.0
H101222M-8093804,10,90.0,4.51085950651685,20.34785348753344
H101223M-8094677,1,0.0,0.0,0.0
H101224M-8094014,1,0.0,0.0,0.0
H101225M-8097583,4,14.0,2.70805020110221,7.333535891689721
H101226M-8097576,1,0.0,0.0,0.0
H101227M-8097605,7,158.0,5.0689042022202315,25.69378981128592
H101228M-8097585,4,0.0,0.0,0.0
H101229M-8097580,3,0.0,0.0,0.0
H101230M-8097596,3,0.0,0.0,0.0
H101231M-8097602,2,0.0,0.0,0.0
H101232M-8097603,2,0.0,0.0,0.0
H101233M-8099643,4,17.0,2.8903717578961645,8.354248898843764
H101234M-8099636,2,0.0,0.0,0.0
H101235M-8102835,1,0.0,0.0,0.0
H101236M-8102841,4,55.0,4.02535169073515,16.203456234104326
H101237M-8102846,4,69.0,4.248495242049359,18.049711821716045
H101238M-8102834,2,1.0,0.6931471805599453,0.4804530139182014
H101239M-8102830,3,14.0,2.70805020110221,7.333535891689721
H101240M-8101708,6,0.0,0.0,0.0
H101241M-8101872,3,0.0,0.0,0.0
H101242M-8101699,2,0.0,0.0,0.0
H101243M-8105212,3,0.0,0.0,0.0
H101244M-8102829,4,34.0,3.5553480614894135,12.640499838336531
H101246M-8101866,7,1.0,0.6931471805599453,0.4804530139182014
H101247M-8101687,1,1.0,0.6931471805599453,0.4804530139182014
H101249M-8102116,3,55.0,4.02535169073515,16.203456234104326
H101250M-8102114,6,0.0,0.0,0.0
H101251M-8102115,1,0.0,0.0,0.0
H101253M-8102103,3,0.0,0.0,0.0
H101254M-8102098,5,0.0,0.0,0.0
H101255M-8105993,2,0.0,0.0,0.0
H101256M-8106001,5,68.0,4.23410650459726,17.927657892272823
H101257M-8107275,3,0.0,0.0,0.0
H101258M-8108195,1,0.0,0.0,0.0
H101259M-8108194,3,46.0,3.8501476017100584,14.823636554953715
H101260M-8108479,8,174.0,5.1647859739235145,26.675014156437065
H101261M-8108193,3,0.0,0.0,0.0
H101262M-8108219,1,0.0,0.0,0.0
H101263M-8108188,2,24.0,3.2188758248682006,10.361161575920939
H101264M-8108218,7,39.0,3.6888794541139363,13.607831626983932
H101265M-8108203,1,6.0,1.9459101490553132,3.7865663081964716
H101266M-8108768,2,0.0,0.0,0.0
H101268M-8113302,8,19.0,2.995732273553991,8.974411854812963
H101269M-8113319,1,2.0,1.0986122886681096,1.2069489608125816
H101270M-8113318,2,0.0,0.0,0.0
H101271M-8113307,3,2.0,1.0986122886681096,1.2069489608125816
H101272M-8110617,12,237.0,5.472270673671475,29.94574632592486
H101273M-8113312,8,0.0,0.0,0.0
H101274M-8109793,3,0.0,0.0,0.0
H101275M-8109795,4,0.0,0.0,0.0
H101276M-8109784,1,29.0,3.4011973816621555,11.568143629025503
H101277M-8109791,2,16.0,2.833213344056216,8.027097852938207
H101278M-8109808,1,95.0,4.564348191467836,20.833274412955706
H101279M-8109016,7,57.0,4.060443010546419,16.48719744189527
H101280M-8109789,5,149.0,5.0106352940962555,25.106466050443068
H101281M-8109799,2,1.0,0.6931471805599453,0.4804530139182014
H101282M-8113301,3,110.0,4.709530201312334,22.17967471707299
H101283M-8114003,4,203.0,5.318119993844216,28.282400268925606
H101284M-8114001,2,0.0,0.0,0.0
H101285M-8113996,3,131.0,4.882801922586371,23.84175461521316
H101286M-8114349,1,33.0,3.5263605246161616,12.43521854957117
H101287M-8114122,2,0.0,0.0,0.0
H101288M-8116085,4,92.0,4.532599493153256,20.544458165333154
H101289M-8114118,4,150.0,5.017279836814924,25.173096960909593
H101290M-8114351,3,184.0,5.220355825078325,27.252114940429202
H101291M-8116188,7,71.0,4.276666119016055,18.28987309353985
H101292M-8114133,3,65.0,4.189654742026425,17.553206857384513
H101293M-8123222,4,45.0,3.828641396489095,14.658494942909968
H101294M-8123681,2,78.0,4.3694478524670215,19.092074535428665
H101295M-8123673,2,0.0,0.0,0.0
H101296M-8122388,2,0.0,0.0,0.0
H101297M-8122383,1,11.0,2.4849066497880004,6.174761058160624
H101298M-8123652,4,117.0,4.770684624465665,22.759431786113105
H101299M-8123221,8,247.0,5.5134287461649825,30.39789653903837
H101300M-8123234,5,63.0,4.1588830833596715,17.296308501055247
H101301M-8123225,8,206.0,5.332718793265369,28.43788972804565
H101302M-8122577,1,0.0,0.0,0.0
H101303M-8122574,2,204.0,5.3230099791384085,28.334435238007078
H101304M-8122575,2,24.0,3.2188758248682006,10.361161575920939
H101305M-8122565,1,0.0,0.0,0.0
H101306M-8122555,1,0.0,0.0,0.0
H101307M-8124460,1,0.0,0.0,0.0
H101308M-8124455,2,80.0,4.394449154672439,19.311183373001313
H101309M-8124457,6,85.0,4.454347296253507,19.84120983564093
H101310M-8124454,1,12.0,2.5649493574615367,6.5789652063423505
H101311M-8124449,2,23.0,3.1780538303479458,10.100026148589249
H101312M-8124456,2,38.0,3.6635616461296463,13.421683934992164
H101313M-8124450,1,0.0,0.0,0.0
H101314M-8124451,2,27.0,3.332204510175204,11.10358689763197
H101315M-8124461,3,2.0,1.0986122886681096,1.2069489608125816
H101316M-8124462,3,3.0,1.3862943611198906,1.9218120556728056
H101317M-8124463,1,0.0,0.0,0.0
HFJ160237,1,197.0,5.288267030694535,27.965768187930795
HFJ182271,5,91.0,4.5217885770490405,20.446571935531185
HFJ182273,6,0.0,0.0,0.0
HFJ182690,4,12.0,2.5649493574615367,6.5789652063423505
HFJ182692-553229,3,0.0,0.0,0.0
HFJ182694,5,77.0,4.356708826689592,18.980911800555
HFJ182697,7,47.0,3.8712010109078907,14.986197266854274
HFJ182699,1,0.0,0.0,0.0
HFJ182700,1,0.0,0.0,0.0
HFJ182701-552539,1,0.0,0.0,0.0
HFJ182702-547574,3,70.0,4.2626798770413155,18.170439734132966
HFJ182703-552000,4,29.0,3.4011973816621555,11.568143629025503
HFJ182704-552810,2,0.0,0.0,0.0
HFJ182705-540124,5,1.0,0.6931471805599453,0.4804530139182014
HFJ182708,2,0.0,0.0,0.0
HFJ182715-550882,6,0.0,0.0,0.0
HFJ182722-552162,3,12.0,2.5649493574615367,6.5789652063423505
HFJ182728-551837,3,0.0,0.0,0.0
HFJ182732,3,99.0,4.605170185988092,21.207592441913597
HFJ182751-555247,1,0.0,0.0,0.0
HFJ182761-555295,3,175.0,5.170483995038151,26.733904742945683
HFJ182763-551415,2,0.0,0.0,0.0
HFJ182765,2,0.0,0.0,0.0
HFJ182767,1,0.0,0.0,0.0
HFJ182768-554595,3,6.0,1.9459101490553132,3.7865663081964716
HFJ182769-555103,2,0.0,0.0,0.0
HFJ182771-552280,6,5.0,1.791759469228055,3.210401995568401
HFJ182776-555890,2,0.0,0.0,0.0
HFJ182777-555948,1,0.0,0.0,0.0
HFJ182778,2,7.0,2.0794415416798357,4.324077125263812
HFJ182779,4,0.0,0.0,0.0
HFJ182781,2,0.0,0.0,0.0
HFJ182782,2,0.0,0.0,0.0
HFJ182788,1,0.0,0.0,0.0
HFJ182789,2,0.0,0.0,0.0
HFJ182791-552477,2,2.0,1.0986122886681096,1.2069489608125816
HFJ182793-556262,7,129.0,4.867534450455582,23.692891626371928
HFJ182795-556215,1,0.0,0.0,0.0
HFJ182799-552203,1,0.0,0.0,0.0
HFJ182805-556695,1,0.0,0.0,0.0
HFJ182806,1,0.0,0.0,0.0
HFJ182808-557184,6,47.0,3.8712010109078907,14.986197266854274
HFJ182809-546897,1,0.0,0.0,0.0
HFJ182813-556537,5,80.0,4.394449154672439,19.311183373001313
HFJ182814-556162,1,0.0,0.0,0.0
HFJ182815-557909,4,0.0,0.0,0.0
HFJ182817-558012,2,0.0,0.0,0.0
HFJ182823,5,88.0,4.48863636973214,20.14785645968212
HFJ182825,6,76.0,4.343805421853684,18.868645542925464
HFJ182826,1,0.0,0.0,0.0
HFJ182827,2,0.0,0.0,0.0
HFJ182828-555827,3,40.0,3.713572066704308,13.790617494606504
HFJ182831,3,13.0,2.639057329615259,6.964623588996021
HFJ182832-556529,6,58.0,4.07753744390572,16.62631160645319
HFJ182835,2,0.0,0.0,0.0
HFJ182839-558001,6,6.0,1.9459101490553132,3.7865663081964716
HFJ182842-558059,2,0.0,0.0,0.0
HFJ182843-556844,5,0.0,0.0,0.0
HFJ182844-558821,1,0.0,0.0,0.0
HFJ182846,3,95.0,4.564348191467836,20.833274412955706
HFJ182847,5,0.0,0.0,0.0
HFJ182849-558967,3,0.0,0.0,0.0
HFJ182852,8,241.0,5.488937726156687,30.128437361626137
HFJ182853-559201,2,0.0,0.0,0.0
HFJ182854-557116,1,0.0,0.0,0.0
HFJ182856-557056,1,9.0,2.302585092994046,5.301898110478399
HFJ182858,1,0.0,0.0,0.0
HFJ182859-559193,1,39.0,3.6888794541139363,13.607831626983932
HFJ182860-559107,5,26.0,3.295836866004329,10.862540647313239
HFJ182865-559744,2,0.0,0.0,0.0
HFJ182867-569711,2,0.0,0.0,0.0
HFJ182889-560521,1,0.0,0.0,0.0
HFJ182890,2,14.0,2.70805020110221,7.333535891689721
HFJ182892,3,65.0,4.189654742026425,17.553206857384513
HFJ182896-560906,1,0.0,0.0,0.0
HFJ182897-560437,3,31.0,3.4657359027997265,12.011325347955035
HFJ182898,1,0.0,0.0,0.0
HFJ182899-562071,2,0.0,0.0,0.0
HFJ182900-562082,1,0.0,0.0,0.0
HFJ182901-561815,4,22.0,3.1354942159291497,9.831323978125154
HFJ182903-561791,3,0.0,0.0,0.0
HFJ182904-561044,2,0.0,0.0,0.0
HFJ182905,1,0.0,0.0,0.0
HFJ182906-562121,3,0.0,0.0,0.0
HFJ182907-560277,3,4.0,1.6094379124341003,2.5902903939802346
HFJ182908-561829,2,7.0,2.0794415416798357,4.324077125263812
HFJ182911-559784,2,0.0,0.0,0.0
HFJ182913,4,26.0,3.295836866004329,10.862540647313239
HFJ182914-562574,3,0.0,0.0,0.0
HFJ182915,2,0.0,0.0,0.0
HFJ182916-562495,3,57.0,4.060443010546419,16.48719744189527
HFJ182917,1,0.0,0.0,0.0
HFJ182918-562929,5,0.0,0.0,0.0
HFJ182919-562874,1,0.0,0.0,0.0
HFJ182920,3,0.0,0.0,0.0
HFJ182922-563062,5,142.0,4.962844630259907,24.62982682409959
HFJ182923,2,7.0,2.0794415416798357,4.324077125263812
HFJ182925-552252,5,0.0,0.0,0.0
HFJ182927-562655,1,0.0,0.0,0.0
HFJ182928,6,53.0,3.9889840465642745,15.911993723744294
HFJ182929,3,0.0,0.0,0.0
HFJ182930,6,0.0,0.0,0.0
HFJ182933-563286,4,0.0,0.0,0.0
HFJ182934-563284,3,49.0,3.912023005428146,15.303923994999064
HFJ182938-563946,5,65.0,4.189654742026425,17.553206857384513
HFJ182939-562897,4,119.0,4.787491742782046,22.92007718720627
HFJ182953-564567,3,61.0,4.127134385045092,17.033238232221528
HFJ182957-562480,2,0.0,0.0,0.0
HFJ182959-565379,8,169.0,5.135798437050262,26.376425586007915
HFJ182980,1,0.0,0.0,0.0
HFJ182984,1,0.0,0.0,0.0
HFJ182988-566753,1,13.0,2.639057329615259,6.964623588996021
HFJ183017-655955,2,0.0,0.0,0.0
HFJ183024-561138,4,96.0,4.574710978503383,20.927980536839378
HFJ183030-564612,3,46.0,3.8501476017100584,14.823636554953715
HFJ183034-565546,6,95.0,4.564348191467836,20.833274412955706
HFJ183037-567807,2,0.0,0.0,0.0
HFJ183038-567265,3,0.0,0.0,0.0
HFJ183044-563754,1,0.0,0.0,0.0
HFJ183048-564714,1,0.0,0.0,0.0
HFJ183049-567883,3,64.0,4.174387269895637,17.42550907906675
HFJ183076-570085,4,56.0,4.04305126783455,16.346263554338563
HFJ183077-570161,1,0.0,0.0,0.0
HFJ183078-570152,1,0.0,0.0,0.0
HFJ183080-569379,5,0.0,0.0,0.0
HFJ183081-570850,1,0.0,0.0,0.0
HFJ183083-570839,7,95.0,4.564348191467836,20.833274412955706
HFJ183088-570914,8,78.0,4.3694478524670215,19.092074535428665
HFJ183090-564977,6,9.0,2.302585092994046,5.301898110478399
HFJ183118-572187,6,0.0,0.0,0.0
HFJ183122-571668,4,0.0,0.0,0.0
HFJ183124,1,0.0,0.0,0.0
HFJ183131-571125,2,0.0,0.0,0.0
HFJ183182-574058,1,0.0,0.0,0.0
HFJ183225-575084,3,57.0,4.060443010546419,16.48719744189527
HFJ183244,7,152.0,5.030437921392435,25.305305680983047
HFJ183257-575952,6,71.0,4.276666119016055,18.28987309353985
HFJ183306-576537,4,31.0,3.4657359027997265,12.011325347955035
HFJ183307-576564,3,0.0,0.0,0.0
HFJ183310-576456,1,0.0,0.0,0.0
HFJ183311-576400,1,0.0,0.0,0.0
HFJ183315-576229,7,74.0,4.31748811353631,18.640703610527325
HFJ183320-576476,5,0.0,0.0,0.0
HFJ183328-576846,1,0.0,0.0,0.0
HFJ183330-576503,5,236.0,5.4680601411351315,29.899681707070755
HFJ183335-576603,2,0.0,0.0,0.0
HFJ183338-576498,2,0.0,0.0,0.0
HFJ183350-573148,7,149.0,5.0106352940962555,25.106466050443068
HFJ183352-577445,4,52.0,3.970291913552122,15.76321787881737
HFJ183354,7,44.0,3.8066624897703196,14.490679311024369
HFJ183355,10,88.0,4.48863636973214,20.14785645968212
HFJ183361-578942,14,230.0,5.442417710521793,29.619910535801278
HFJ183363,2,0.0,0.0,0.0
HFJ183366-579434,1,0.0,0.0,0.0
HFJ183367-579389,13,0.0,0.0,0.0
HFJ183370-579570,2,0.0,0.0,0.0
HFJ183373,5,33.0,3.5263605246161616,12.43521854957117
HFJ183375-577229,4,52.0,3.970291913552122,15.76321787881737
HFJ183388,3,36.0,3.6109179126442243,13.038728171854922
HFJ183389-577670,5,2.0,1.0986122886681096,1.2069489608125816
HFJ183390-578374,1,0.0,0.0,0.0
HFJ183392-564917,3,6.0,1.9459101490553132,3.7865663081964716
HFJ183400-576625,1,0.0,0.0,0.0
HFJ183414,1,0.0,0.0,0.0
HFJ183415-581174,2,72.0,4.290459441148391,18.408042216139364
HFJ183416-579988,3,0.0,0.0,0.0
HFJ183417-580059,4,0.0,0.0,0.0
HFJ183419-580689,3,10.0,2.3978952727983707,5.749901739308773
HFJ183421-580230,4,0.0,0.0,0.0
HFJ183422-581330,2,0.0,0.0,0.0
HFJ183423-580973,1,0.0,0.0,0.0
HFJ183429-581226,2,0.0,0.0,0.0
HFJ183430,6,89.0,4.499809670330265,20.24828706919777
HFJ183433-580014,4,104.0,4.653960350157523,21.659346940838336
HFJ183434-580007,3,0.0,0.0,0.0
HFJ183435-577975,1,0.0,0.0,0.0
HFJ183436-577005,1,0.0,0.0,0.0
HFJ183465,4,0.0,0.0,0.0
HFJ183473-581031,2,0.0,0.0,0.0
HFJ183474-582638,3,0.0,0.0,0.0
HFJ183477-583005,2,0.0,0.0,0.0
HFJ183478-582949,1,0.0,0.0,0.0
HFJ183479-582958,4,85.0,4.454347296253507,19.84120983564093
HFJ183481-582942,4,222.0,5.407171771460119,29.237506566075158
HFJ183490-583322,2,73.0,4.304065093204169,18.524976326538614
HFJ183491-583049,2,0.0,0.0,0.0
HFJ183496-582506,4,0.0,0.0,0.0
HFJ183499,5,96.0,4.574710978503383,20.927980536839378
HFJ183508-583497,4,151.0,5.0238805208462765,25.239375487738656
HFJ183517-582214,10,159.0,5.075173815233827,25.757389254835076
HFJ183527-583504,7,89.0,4.499809670330265,20.24828706919777
HFJ183529-581906,4,0.0,0.0,0.0
HFJ183534-583781,4,50.0,3.9318256327243257,15.459252806148044
HFJ183535-583913,4,82.0,4.418840607796598,19.52615231711221
HFJ183539-583325,1,0.0,0.0,0.0
HFJ183543-583264,1,0.0,0.0,0.0
HFJ183544-584073,2,0.0,0.0,0.0
HFJ183546-584024,3,0.0,0.0,0.0
HFJ183547-584155,1,0.0,0.0,0.0
HFJ183551-584526,3,13.0,2.639057329615259,6.964623588996021
HFJ183554-584603,1,20.0,3.044522437723423,9.269116873801375
HFJ183575-584830,1,0.0,0.0,0.0
HFJ183580-585076,9,0.0,0.0,0.0
HFJ183582,1,0.0,0.0,0.0
HFJ183584-582578,1,0.0,0.0,0.0
HFJ183587,4,0.0,0.0,0.0
HFJ183591-584822,3,17.0,2.8903717578961645,8.354248898843764
HFJ183592-578826,2,0.0,0.0,0.0
HFJ183595-584668,3,0.0,0.0,0.0
HFJ183599,5,147.0,4.997212273764115,24.97213050905871
HFJ183600-585060,5,0.0,0.0,0.0
HFJ183601-583213,1,0.0,0.0,0.0
HFJ183603-585528,1,0.0,0.0,0.0
HFJ183604-585443,2,0.0,0.0,0.0
HFJ183606-583915,4,0.0,0.0,0.0
HFJ183610-585510,1,0.0,0.0,0.0
HFJ183611,3,0.0,0.0,0.0
HFJ183612-584112,2,0.0,0.0,0.0
HFJ183616-585142,8,55.0,4.02535169073515,16.203456234104326
HFJ183617-584253,3,86.0,4.465908118654584,19.944335324264923
HFJ183620,4,0.0,0.0,0.0
HFJ183622-584991,8,163.0,5.099866427824199,26.008637581648355
HFJ183627-586487,4,10.0,2.3978952727983707,5.749901739308773
HFJ183628-586358,4,72.0,4.290459441148391,18.408042216139364
HFJ183629-585477,2,0.0,0.0,0.0
HFJ183630-584749,4,0.0,0.0,0.0
HFJ183631-585181,2,0.0,0.0,0.0
HFJ183635-585919,2,5.0,1.791759469228055,3.210401995568401
HFJ183636-586901,5,0.0,0.0,0.0
HFJ183684-588704,3,0.0,0.0,0.0
HFJ183692-588864,9,0.0,0.0,0.0
HFJ183710-589153,3,21.0,3.091042453358316,9.554543448463397
HFJ183711-589051,7,0.0,0.0,0.0
HFJ183716-584050,3,376.0,5.932245187448011,35.19153296400009
HFJ183718-589036,6,72.0,4.290459441148391,18.408042216139364
HFJ183719,1,0.0,0.0,0.0
HFJ183726-589234,3,0.0,0.0,0.0
HFJ183733-588869,8,0.0,0.0,0.0
HFJ183751-587679,2,0.0,0.0,0.0
HFJ183776-590061,5,99.0,4.605170185988092,21.207592441913597
HFJ183781-590515,2,0.0,0.0,0.0
HFJ183787-590584,3,0.0,0.0,0.0
HFJ183789-590586,10,0.0,0.0,0.0
HFJ183801-590764,5,38.0,3.6635616461296463,13.421683934992164
HFJ183805,3,157.0,5.062595033026967,25.629868468429315
HFJ183836-586513,1,0.0,0.0,0.0
HFJ183841-591189,7,207.0,5.337538079701318,28.489312752261633
HFJ183844-579269,4,109.0,4.700480365792417,22.09451566920001
HFJ183845,2,19.0,2.995732273553991,8.974411854812963
HFJ183847-591353,1,0.0,0.0,0.0
HFJ183852-591091,1,0.0,0.0,0.0
HFJ183862-591579,1,0.0,0.0,0.0
HFJ183867-591925,1,0.0,0.0,0.0
HFJ183869,4,106.0,4.672828834461906,21.835329316178612
HFJ183871,2,0.0,0.0,0.0
HFJ183880,3,25.0,3.258096538021482,10.615193051067568
HFJ183884-591639,5,0.0,0.0,0.0
HFJ183932,4,68.0,4.23410650459726,17.927657892272823
HFJ183940-593766,2,0.0,0.0,0.0
HFJ183942-593695,2,0.0,0.0,0.0
HFJ183943-593755,2,0.0,0.0,0.0
HFJ183946-594642,1,0.0,0.0,0.0
HFJ183949-594783,3,0.0,0.0,0.0
HFJ183950-594132,1,0.0,0.0,0.0
HFJ183953-594938,11,48.0,3.8918202981106265,15.146265232785886
HFJ183956,7,64.0,4.174387269895637,17.42550907906675
HFJ183958-595053,10,117.0,4.770684624465665,22.759431786113105
HFJ183959-594892,2,0.0,0.0,0.0
HFJ183961-595118,5,38.0,3.6635616461296463,13.421683934992164
HFJ183963-595194,5,0.0,0.0,0.0
HFJ183964-595255,1,0.0,0.0,0.0
HFJ183965-595176,3,0.0,0.0,0.0
HFJ183969,1,1.0,0.6931471805599453,0.4804530139182014
HFJ183971-595563,3,0.0,0.0,0.0
HFJ183972-595338,4,0.0,0.0,0.0
HFJ183978-595133,3,3.0,1.3862943611198906,1.9218120556728056
HFJ183981-595364,7,67.0,4.219507705176107,17.804245274040536
HFJ183983-595846,3,275.0,5.62040086571715,31.588905891354084
HFJ183985-594380,3,18.0,2.9444389791664403,8.669720902034708
HFJ183986-592179,2,10.0,2.3978952727983707,5.749901739308773
HFJ183987-594694,2,0.0,0.0,0.0
HFJ183988-594729,1,0.0,0.0,0.0
HFJ183995-595816,2,0.0,0.0,0.0
HFJ183998-596012,1,0.0,0.0,0.0
HFJ183999-595972,8,11.0,2.4849066497880004,6.174761058160624
HFJ184001-596315,5,0.0,0.0,0.0
HFJ184003-594331,2,0.0,0.0,0.0
HFJ184009-596326,2,0.0,0.0,0.0
HFJ184011-596260,5,0.0,0.0,0.0
HFJ184014-596075,3,0.0,0.0,0.0
HFJ184015-596098,1,0.0,0.0,0.0
HFJ184018-596568,1,0.0,0.0,0.0
HFJ184019-596774,4,7.0,2.0794415416798357,4.324077125263812
HFJ184021-596788,1,0.0,0.0,0.0
HFJ184024-596796,2,0.0,0.0,0.0
HFJ184031-593164,6,90.0,4.51085950651685,20.34785348753344
HFJ184032-596015,5,65.0,4.189654742026425,17.553206857384513
HFJ184040-595537,3,118.0,4.77912349311153,22.84002136241055
HFJ184051-593173,5,0.0,0.0,0.0
HFJ184061-597259,4,70.0,4.2626798770413155,18.170439734132966
HFJ184072-594391,3,5.0,1.791759469228055,3.210401995568401
HFJ184086,6,14.0,2.70805020110221,7.333535891689721
HFJ184101-598157,5,201.0,5.308267697401205,28.177705947273093
HFJ184102-598447,2,55.0,4.02535169073515,16.203456234104326
HFJ184135-594636,3,0.0,0.0,0.0
HFJ184162-599394,2,0.0,0.0,0.0
HFJ184202-599243,3,0.0,0.0,0.0
HFJ184203-599113,4,7.0,2.0794415416798357,4.324077125263812
HFJ184207-600195,3,7.0,2.0794415416798357,4.324077125263812
HFJ184212-600350,3,0.0,0.0,0.0
HFJ184217-600461,5,69.0,4.248495242049359,18.049711821716045
HFJ184223-600524,1,7.0,2.0794415416798357,4.324077125263812
HFJ184224,4,122.0,4.812184355372417,23.157118270091047
HFJ184227-600340,1,0.0,0.0,0.0
HFJ184233-600503,3,0.0,0.0,0.0
HFJ184234-600505,7,64.0,4.174387269895637,17.42550907906675
HFJ184238-600944,5,26.0,3.295836866004329,10.862540647313239
HFJ184245-599237,1,0.0,0.0,0.0
HFJ184248-601004,1,0.0,0.0,0.0
HFJ184281-601703,1,0.0,0.0,0.0
HFJ184332-605489,1,0.0,0.0,0.0
HFJ184349,2,173.0,5.159055299214529,26.615851580353514
HFJ184351-606436,4,93.0,4.543294782270004,20.64152747860184
HFJ184357,3,0.0,0.0,0.0
HFJ184359-606666,2,0.0,0.0,0.0
HFJ184362,3,99.0,4.605170185988092,21.207592441913597
HFJ184364-606835,3,15.0,2.772588722239781,7.687248222691222
HFJ184368-606563,1,0.0,0.0,0.0
HFJ184369-607243,1,95.0,4.564348191467836,20.833274412955706
HFJ184418-608160,3,40.0,3.713572066704308,13.790617494606504
HFJ184421-609119,3,0.0,0.0,0.0
HFJ184423-609500,1,0.0,0.0,0.0
HFJ184425-609585,4,12.0,2.5649493574615367,6.5789652063423505
HFJ184429-607367,6,28.0,3.367295829986474,11.338681206644297
HFJ184435-608737,2,1.0,0.6931471805599453,0.4804530139182014
HFJ184436-608670,1,2.0,1.0986122886681096,1.2069489608125816
HFJ184450-609865,9,220.0,5.3981627015177525,29.140160552057438
HFJ184456-610323,4,97.0,4.584967478670572,21.021926780466785
HFJ184458-610085,2,13.0,2.639057329615259,6.964623588996021
HFJ184463-610372,2,0.0,0.0,0.0
HFJ184471-610378,3,11.0,2.4849066497880004,6.174761058160624
HFJ184472-610449,1,0.0,0.0,0.0
HFJ184473-610395,2,0.0,0.0,0.0
HFJ184474-610387,3,238.0,5.476463551931511,29.9916530356343
HFJ184476-610418,2,29.0,3.4011973816621555,11.568143629025503
HFJ184477-610412,7,2.0,1.0986122886681096,1.2069489608125816
HFJ184484-610416,5,11.0,2.4849066497880004,6.174761058160624
HFJ184486-610436,3,144.0,4.976733742420574,24.767878742947495
HFJ184490-610444,2,154.0,5.043425116919247,25.436136909971918
HFJ184491-610245,1,0.0,0.0,0.0
HFJ184493-610495,3,4.0,1.6094379124341003,2.5902903939802346
HFJ184510-610746,7,233.0,5.455321115357702,29.760528471667598
HFJ184511-610349,4,31.0,3.4657359027997265,12.011325347955035
HFJ184512-610304,1,0.0,0.0,0.0
HFJ184513-610481,1,0.0,0.0,0.0
HFJ184515-611063,3,159.0,5.075173815233827,25.757389254835076
HFJ184516-611102,3,127.0,4.852030263919617,23.542197681991865
HFJ184518-610439,3,13.0,2.639057329615259,6.964623588996021
HFJ184519-609402,3,174.0,5.1647859739235145,26.675014156437065
HFJ184520-611004,2,259.0,5.560681631015528,30.921180201513508
HFJ184521-610955,3,88.0,4.48863636973214,20.14785645968212
HFJ184522-610603,1,108.0,4.6913478822291435,22.00874495209587
HFJ184523-611107,4,0.0,0.0,0.0
HFJ184525-611181,1,0.0,0.0,0.0
HFJ184527-611154,7,71.0,4.276666119016055,18.28987309353985
HFJ184532-611727,6,805.0,6.692083742506628,44.783984816721514
HFJ184533-610069,2,1.0,0.6931471805599453,0.4804530139182014
HFJ184536,3,121.0,4.804021044733257,23.07861819824001
HFJ184538-611825,2,26.0,3.295836866004329,10.862540647313239
HFJ184539-611663,1,0.0,0.0,0.0
HFJ184541-612228,6,0.0,0.0,0.0
HFJ184542-612236,9,0.0,0.0,0.0
HFJ184543-612144,2,21.0,3.091042453358316,9.554543448463397
HFJ184544-612196,1,60.0,4.110873864173311,16.899283927143212
HFJ184545-612142,4,198.0,5.293304824724492,28.019075967451588
HFJ184547-612393,1,0.0,0.0,0.0
HFJ184548-612470,9,57.0,4.060443010546419,16.48719744189527
HFJ184550-612670,2,0.0,0.0,0.0
HFJ184553-610523,5,63.0,4.1588830833596715,17.296308501055247
HFJ184554-611334,6,188.0,5.241747015059643,27.47591176988667
HFJ184557-610581,6,202.0,5.313205979041787,28.230157775725395
HFJ184559,2,162.0,5.093750200806762,25.946291108218933
HFJ184560-611910,4,0.0,0.0,0.0
HFJ184563-611754,1,117.0,4.770684624465665,22.759431786113105
HFJ184564-607251,2,116.0,4.762173934797756,22.678300585267145
HFJ184565-612957,2,100.0,4.61512051684126,21.299337384969135
HFJ184579-611125,4,101.0,4.624972813284271,21.39037352361862
HFJ184580-613015,6,22.0,3.1354942159291497,9.831323978125154
HFJ184584-613092,3,39.0,3.6888794541139363,13.607831626983932
HFJ184590-610601,2,30.0,3.4339872044851463,11.79226812056771
HFJ184594-613409,5,149.0,5.0106352940962555,25.106466050443068
HFJ184598-613357,2,9.0,2.302585092994046,5.301898110478399
HFJ184607-610596,2,151.0,5.0238805208462765,25.239375487738656
HFJ184610-612317,2,56.0,4.04305126783455,16.346263554338563
HFJ184611-613937,6,197.0,5.288267030694535,27.965768187930795
HFJ184619-613989,2,180.0,5.198497031265826,27.024371384079608
HFJ184624-614037,6,151.0,5.0238805208462765,25.239375487738656
HFJ184625-614030,2,48.0,3.8918202981106265,15.146265232785886
HFJ184629-614089,3,0.0,0.0,0.0
HFJ184630-614020,1,0.0,0.0,0.0
HFJ184652-614157,2,122.0,4.812184355372417,23.157118270091047
HFJ184654-614247,8,209.0,5.3471075307174685,28.591558945055464
HFJ184655-613832,4,136.0,4.919980925828125,24.206212310512576
HFJ184659-614318,2,197.0,5.288267030694535,27.965768187930795
HFJ184696-614538,3,0.0,0.0,0.0
HFJ184724-610834,4,52.0,3.970291913552122,15.76321787881737
HFJ184726-615471,4,49.0,3.912023005428146,15.303923994999064
HFJ184731-615138,1,0.0,0.0,0.0
HFJ184732-615358,2,155.0,5.049856007249537,25.501045693954236
HFJ184733-615303,3,188.0,5.241747015059643,27.47591176988667
HFJ184734-615419,3,255.0,5.545177444479562,30.74899289076489
HFJ184735-614988,2,20.0,3.044522437723423,9.269116873801375
HFJ184739-613319,4,78.0,4.3694478524670215,19.092074535428665
HFJ184740-613738,3,177.0,5.181783550292085,26.850880762077644
HFJ184774-613104,2,54.0,4.007333185232471,16.058719257465423
HFJ184788-616076,1,37.0,3.6375861597263857,13.232033069432955
HFJ184886-614079,1,42.0,3.7612001156935624,14.146626310293268
HFJ185039-624461,2,65.0,4.189654742026425,17.553206857384513
HFJ185053-625938,4,94.0,4.553876891600541,20.737794743853403
HFJ185055-618024,5,0.0,0.0,0.0
HFJ185056-613783,6,0.0,0.0,0.0
HFJ185057-613671,3,20.0,3.044522437723423,9.269116873801375
HFJ185059-620993,6,242.0,5.493061443340548,30.17372402031455
HFJ185063-626152,1,0.0,0.0,0.0
HFJ185066-626037,5,227.0,5.429345628954441,29.477793958646696
HFJ185068-626239,5,145.0,4.983606621708336,24.836334959935176
HFJ185074-626387,2,41.0,3.7376696182833684,13.97017417543854
HFJ185075-626234,2,41.0,3.7376696182833684,13.97017417543854
HFJ185076-626392,1,0.0,0.0,0.0
HFJ185080-626626,1,0.0,0.0,0.0
HFJ185083-626598,2,86.0,4.465908118654584,19.944335324264923
HFJ185090-626993,1,0.0,0.0,0.0
HFJ185092-626733,4,204.0,5.3230099791384085,28.334435238007078
HFJ185094-627003,4,23.0,3.1780538303479458,10.100026148589249
HFJ185103-627763,3,74.0,4.31748811353631,18.640703610527325
HFJ185116-627122,5,166.0,5.117993812416755,26.193860663936196
HFJ185164-629203,5,41.0,3.7376696182833684,13.97017417543854
HFJ185165-629183,3,119.0,4.787491742782046,22.92007718720627
HFJ185169-627348,2,131.0,4.882801922586371,23.84175461521316
HFJ185177-629859,2,107.0,4.68213122712422,21.922352828011753
HFJ185180-630007,3,251.0,5.529429087511423,30.57458603381741
HFJ185189-630065,2,28.0,3.367295829986474,11.338681206644297
HFJ185205-630137,2,0.0,0.0,0.0
HFJ185206-624701,2,0.0,0.0,0.0
HFJ185215-630439,3,191.0,5.2574953720277815,27.64125758689354
HFJ185217-627396,5,141.0,4.955827057601261,24.56022182485277
HFJ185225-630465,3,148.0,5.003946305945459,25.039478632785208
HFJ185246-631046,4,100.0,4.61512051684126,21.299337384969135
HFJ185247-631095,3,188.0,5.241747015059643,27.47591176988667
HFJ185260-631542,2,190.0,5.25227342804663,27.586376162964697
HFJ185263-630841,3,107.0,4.68213122712422,21.922352828011753
HFJ185264-630592,5,212.0,5.3612921657094255,28.74345368609726
HFJ185265-631684,2,75.0,4.330733340286331,18.755251264667603
HFJ185272-631842,2,64.0,4.174387269895637,17.42550907906675
HFJ185277-631243,2,172.0,5.153291594497779,26.556414257921464
HFJ185291-632162,3,78.0,4.3694478524670215,19.092074535428665
HFJ185292-631559,2,0.0,0.0,0.0
HFJ185293-631956,3,165.0,5.111987788356544,26.132419148306425
HFJ185294-613716,2,19.0,2.995732273553991,8.974411854812963
HFJ185296-631539,1,44.0,3.8066624897703196,14.490679311024369
HFJ185297-631478,2,182.0,5.209486152841421,27.13874597664651
HFJ185299-632275,2,119.0,4.787491742782046,22.92007718720627
HFJ185300-632355,5,78.0,4.3694478524670215,19.092074535428665
HFJ185301-632254,4,40.0,3.713572066704308,13.790617494606504
HFJ185302-632335,7,231.0,5.44673737166631,29.666947995906423
HFJ185303-630640,3,71.0,4.276666119016055,18.28987309353985
HFJ185319-632479,4,75.0,4.330733340286331,18.755251264667603
HFJ185326-632596,4,145.0,4.983606621708336,24.836334959935176
HFJ185327-632491,4,152.0,5.030437921392435,25.305305680983047
HFJ185339-633952,11,0.0,0.0,0.0
HFJ185343-632176,1,5.0,1.791759469228055,3.210401995568401
HFJ185345-634455,7,0.0,0.0,0.0
HFJ185346-634494,2,120.0,4.795790545596741,22.99960695723509
HFJ185349-633885,2,17.0,2.8903717578961645,8.354248898843764
HFJ185350-633819,5,88.0,4.48863636973214,20.14785645968212
HFJ185351-633360,3,0.0,0.0,0.0
HFJ185352-634381,2,6.0,1.9459101490553132,3.7865663081964716
HFJ185353-634383,1,19.0,2.995732273553991,8.974411854812963
HFJ185354-634394,6,227.0,5.429345628954441,29.477793958646696
HFJ185355-633937,3,133.0,4.897839799950911,23.98883470598318
HFJ185356-634795,11,35.0,3.58351893845611,12.841607982273604
HFJ185362-635019,9,118.0,4.77912349311153,22.84002136241055
HFJ185363-635114,4,118.0,4.77912349311153,22.84002136241055
HFJ185364-634619,5,212.0,5.3612921657094255,28.74345368609726
HFJ185365-635355,2,6.0,1.9459101490553132,3.7865663081964716
HFJ185366-635346,2,24.0,3.2188758248682006,10.361161575920939
HFJ185369-635510,1,0.0,0.0,0.0
HFJ185370-634385,3,96.0,4.574710978503383,20.927980536839378
HFJ185373-632402,2,0.0,0.0,0.0
HFJ185374-634396,2,115.0,4.7535901911063645,22.596619704982643
HFJ185375-634379,2,12.0,2.5649493574615367,6.5789652063423505
HFJ185376-634912,5,166.0,5.117993812416755,26.193860663936196
HFJ185377-634387,3,25.0,3.258096538021482,10.615193051067568
HFJ185380-634390,16,192.0,5.262690188904886,27.69590802439574
HFJ185381-634274,2,91.0,4.5217885770490405,20.446571935531185
HFJ185382-635638,2,49.0,3.912023005428146,15.303923994999064
HFJ185383-634241,1,38.0,3.6635616461296463,13.421683934992164
HFJ185390-635443,4,190.0,5.25227342804663,27.586376162964697
HFJ185395-636028,5,0.0,0.0,0.0
HFJ185396-635900,4,3.0,1.3862943611198906,1.9218120556728056
HFJ185397-636178,2,0.0,0.0,0.0
HFJ185400-636277,3,0.0,0.0,0.0
HFJ185411-630431,3,200.0,5.303304908059076,28.125042947843482
HFJ185416-636996,4,210.0,5.351858133476067,28.642385480853928
HFJ185417-636988,1,0.0,0.0,0.0
HFJ185425-637728,2,44.0,3.8066624897703196,14.490679311024369
HFJ185432-635772,3,40.0,3.713572066704308,13.790617494606504
HFJ185434-636144,3,0.0,0.0,0.0
HFJ185435-636214,4,41.0,3.7376696182833684,13.97017417543854
HFJ185436-637991,4,3.0,1.3862943611198906,1.9218120556728056
HFJ185437-636713,7,108.0,4.6913478822291435,22.00874495209587
HFJ185438-636756,2,17.0,2.8903717578961645,8.354248898843764
HFJ185442-636866,3,63.0,4.1588830833596715,17.296308501055247
HFJ185470-636830,5,50.0,3.9318256327243257,15.459252806148044
HFJ185475-634575,8,0.0,0.0,0.0
HFJ185484-638505,3,0.0,0.0,0.0
HFJ185490-639908,1,14.0,2.70805020110221,7.333535891689721
HFJ185492-640050,3,0.0,0.0,0.0
HFJ185499-640400,3,135.0,4.912654885736052,24.134178026346305
HFJ185504-639704,1,0.0,0.0,0.0
HFJ185505-640568,6,89.0,4.499809670330265,20.24828706919777
HFJ185508-640794,8,147.0,4.997212273764115,24.97213050905871
HFJ185509-638672,2,58.0,4.07753744390572,16.62631160645319
HFJ185510-640566,6,0.0,0.0,0.0
HFJ185511-640253,2,33.0,3.5263605246161616,12.43521854957117
HFJ185512-640289,1,1.0,0.6931471805599453,0.4804530139182014
HFJ185513-640386,2,0.0,0.0,0.0
HFJ185514-632442,2,0.0,0.0,0.0
HFJ185515-641503,1,2.0,1.0986122886681096,1.2069489608125816
HFJ185516-641802,6,0.0,0.0,0.0
HFJ185517-641886,2,9.0,2.302585092994046,5.301898110478399
HFJ185518-641883,2,0.0,0.0,0.0
HFJ185523-640441,2,5.0,1.791759469228055,3.210401995568401
HFJ185535-642671,5,142.0,4.962844630259907,24.62982682409959
HFJ185538-642824,6,248.0,5.517452896464707,30.44228646470679
HFJ185540-637989,8,46.0,3.8501476017100584,14.823636554953715
HFJ185543-642101,1,0.0,0.0,0.0
HFJ185544-642958,3,105.0,4.663439094112067,21.747664184492777
HFJ185545-642068,4,123.0,4.820281565605037,23.23511437171175
HFJ185548-642806,1,0.0,0.0,0.0
HFJ185552-642947,3,194.0,5.272999558563747,27.80452434461347
HFJ185553-642722,4,140.0,4.948759890378168,24.49022445261574
HFJ185554-642687,2,21.0,3.091042453358316,9.554543448463397
HFJ185555-642774,4,25.0,3.258096538021482,10.615193051067568
HFJ185556-642759,2,0.0,0.0,0.0
HFJ185558-642924,6,30.0,3.4339872044851463,11.79226812056771
HFJ185560-643376,4,25.0,3.258096538021482,10.615193051067568
HFJ185561-643024,2,47.0,3.8712010109078907,14.986197266854274
HFJ185562-643209,3,38.0,3.6635616461296463,13.421683934992164
HFJ185563-642874,3,0.0,0.0,0.0
HFJ185564-643566,1,12.0,2.5649493574615367,6.5789652063423505
HFJ185565-642558,1,0.0,0.0,0.0
HFJ185566-643593,1,0.0,0.0,0.0
HFJ185567-642845,4,149.0,5.0106352940962555,25.106466050443068
HFJ185568-643594,3,198.0,5.293304824724492,28.019075967451588
HFJ185569-643438,1,15.0,2.772588722239781,7.687248222691222
HFJ185570-642797,2,50.0,3.9318256327243257,15.459252806148044
HFJ185571-643431,4,0.0,0.0,0.0
HFJ185572-642885,3,0.0,0.0,0.0
HFJ185573-643784,7,0.0,0.0,0.0
HFJ185574-643480,10,0.0,0.0,0.0
HFJ185575-643756,1,0.0,0.0,0.0
HFJ185576-643745,2,132.0,4.890349128221754,23.915514595899268
HFJ185577-643725,1,0.0,0.0,0.0
HFJ185581-642938,2,132.0,4.890349128221754,23.915514595899268
HFJ185582-643903,3,5.0,1.791759469228055,3.210401995568401
HFJ185583-643993,4,151.0,5.0238805208462765,25.239375487738656
HFJ185584-643736,3,112.0,4.727387818712341,22.348195588509824
HFJ185585-643959,1,0.0,0.0,0.0
HFJ185586-643988,1,0.0,0.0,0.0
HFJ185588-642867,2,50.0,3.9318256327243257,15.459252806148044
HFJ185589-643628,6,208.0,5.342334251964811,28.540535259716417
HFJ185590-644237,2,110.0,4.709530201312334,22.17967471707299
HFJ185591-644101,2,131.0,4.882801922586371,23.84175461521316
HFJ185592-644392,5,206.0,5.332718793265369,28.43788972804565
HFJ185593-643494,2,59.0,4.0943445622221,16.763657394197683
HFJ185598-644032,3,50.0,3.9318256327243257,15.459252806148044
HFJ185599-644548,2,29.0,3.4011973816621555,11.568143629025503
HFJ185600-644234,3,189.0,5.247024072160486,27.53126161383161
HFJ185601-644200,1,0.0,0.0,0.0
HFJ185602-643986,3,38.0,3.6635616461296463,13.421683934992164
HFJ185603-644767,3,55.0,4.02535169073515,16.203456234104326
HFJ185604-642815,7,132.0,4.890349128221754,23.915514595899268
HFJ185605-644572,1,17.0,2.8903717578961645,8.354248898843764
HFJ185606-644630,1,0.0,0.0,0.0
HFJ185607-642855,4,56.0,4.04305126783455,16.346263554338563
HFJ185608-644086,2,5.0,1.791759469228055,3.210401995568401
HFJ185615-644221,1,0.0,0.0,0.0
HFJ185635-646526,2,0.0,0.0,0.0
HFJ185638-646638,2,40.0,3.713572066704308,13.790617494606504
HFJ185645-645940,1,0.0,0.0,0.0
HFJ185651-646941,4,0.0,0.0,0.0
HFJ185686-647837,2,4.0,1.6094379124341003,2.5902903939802346
HFJ185687-647719,4,44.0,3.8066624897703196,14.490679311024369
HFJ185688-647825,3,3.0,1.3862943611198906,1.9218120556728056
HFJ185689-643830,2,32.0,3.4965075614664802,12.225565127392272
HFJ185690-645734,2,9.0,2.302585092994046,5.301898110478399
HFJ185691-644191,2,53.0,3.9889840465642745,15.911993723744294
HFJ185712-647903,1,0.0,0.0,0.0
HFJ185719-648723,3,55.0,4.02535169073515,16.203456234104326
HFJ185725-648420,4,150.0,5.017279836814924,25.173096960909593
HFJ185727-647668,1,11.0,2.4849066497880004,6.174761058160624
HFJ185728-648254,1,0.0,0.0,0.0
HFJ185729-644144,1,0.0,0.0,0.0
HFJ185734-647361,1,0.0,0.0,0.0
HFJ185739-648836,6,6.0,1.9459101490553132,3.7865663081964716
HFJ185742-641888,2,49.0,3.912023005428146,15.303923994999064
HFJ185743-644990,7,139.0,4.941642422609304,24.41982983293195
HFJ185744-643649,5,47.0,3.8712010109078907,14.986197266854274
HFJ185746-649699,1,0.0,0.0,0.0
HFJ185754-649739,1,21.0,3.091042453358316,9.554543448463397
HFJ185755-648823,2,102.0,4.634728988229636,21.480712794336103
HFJ185756-649748,4,51.0,3.9512437185814275,15.612326923629187
HFJ185758-648769,2,0.0,0.0,0.0
HFJ185764-644876,5,459.0,6.131226489483141,37.59193826533976
HFJ185765-650514,4,4.0,1.6094379124341003,2.5902903939802346
HFJ185767-650457,4,185.0,5.225746673713202,27.30842829782459
HFJ185770-646402,2,55.0,4.02535169073515,16.203456234104326
HFJ185771-650535,1,0.0,0.0,0.0
HFJ185777-650038,2,0.0,0.0,0.0
HFJ185781-650068,1,57.0,4.060443010546419,16.48719744189527
HFJ185783-651327,3,10.0,2.3978952727983707,5.749901739308773
HFJ185788-651191,2,187.0,5.236441962829949,27.42032443008637
HFJ185808-652392,1,0.0,0.0,0.0
HFJ185809-652729,2,17.0,2.8903717578961645,8.354248898843764
HFJ185810-652826,1,0.0,0.0,0.0
HFJ185811-652653,3,26.0,3.295836866004329,10.862540647313239
HFJ185812-652750,8,159.0,5.075173815233827,25.757389254835076
HFJ185813-652662,2,52.0,3.970291913552122,15.76321787881737
HFJ185814-652489,1,12.0,2.5649493574615367,6.5789652063423505
HFJ185815-652950,3,11.0,2.4849066497880004,6.174761058160624
HFJ185816-652958,1,0.0,0.0,0.0
HFJ185821-651888,1,0.0,0.0,0.0
HFJ185824-650983,3,0.0,0.0,0.0
HFJ185825-652359,2,23.0,3.1780538303479458,10.100026148589249
HFJ185831-653587,2,0.0,0.0,0.0
HFJ185832-652471,1,0.0,0.0,0.0
HFJ185839-653825,2,6.0,1.9459101490553132,3.7865663081964716
HFJ185841-654100,7,250.0,5.5254529391317835,30.530630182560063
HFJ185844-651339,1,0.0,0.0,0.0
HFJ185846-654400,3,135.0,4.912654885736052,24.134178026346305
HFJ185849-654581,4,65.0,4.189654742026425,17.553206857384513
HFJ185856-652535,8,122.0,4.812184355372417,23.157118270091047
HFJ185870-656459,2,3.0,1.3862943611198906,1.9218120556728056
HFJ185872-655634,1,0.0,0.0,0.0
HFJ185876-655738,2,0.0,0.0,0.0
HFJ185879-656935,1,0.0,0.0,0.0
HFJ185880-656979,2,55.0,4.02535169073515,16.203456234104326
HFJ185881-656547,2,39.0,3.6888794541139363,13.607831626983932
HFJ185885-657004,2,39.0,3.6888794541139363,13.607831626983932
HFJ185886-656336,2,34.0,3.5553480614894135,12.640499838336531
HFJ185888-657077,2,90.0,4.51085950651685,20.34785348753344
HFJ185889-657024,1,0.0,0.0,0.0
HFJ185891-653066,1,0.0,0.0,0.0
HFJ185900-656772,2,25.0,3.258096538021482,10.615193051067568
HFJ185904-656741,2,0.0,0.0,0.0
HFJ185906-657370,2,0.0,0.0,0.0
HFJ185907-657340,1,0.0,0.0,0.0
HFJ185908-657629,1,0.0,0.0,0.0
HFJ185909-657499,4,7.0,2.0794415416798357,4.324077125263812
HFJ185910-657457,2,69.0,4.248495242049359,18.049711821716045
HFJ185911-657640,2,0.0,0.0,0.0
HFJ185915-657453,1,20.0,3.044522437723423,9.269116873801375
HFJ185920-657064,4,102.0,4.634728988229636,21.480712794336103
HFJ185921-657704,1,0.0,0.0,0.0
HFJ185923-657577,2,25.0,3.258096538021482,10.615193051067568
HFJ185928-657030,1,0.0,0.0,0.0
HFJ185934-657676,1,202.0,5.313205979041787,28.230157775725395
HFJ185935-656128,4,41.0,3.7376696182833684,13.97017417543854
HFJ185936-657874,1,0.0,0.0,0.0
HFJ185941-651064,3,61.0,4.127134385045092,17.033238232221528
HFJ185945-658210,2,41.0,3.7376696182833684,13.97017417543854
HFJ185947-657883,1,0.0,0.0,0.0
HFJ185948-657860,2,54.0,4.007333185232471,16.058719257465423
HFJ185950-658263,1,0.0,0.0,0.0
HFJ185953-658185,1,0.0,0.0,0.0
HFJ185954-658602,4,34.0,3.5553480614894135,12.640499838336531
HFJ185955-658611,1,0.0,0.0,0.0
HFJ185956-658578,6,36.0,3.6109179126442243,13.038728171854922
HFJ185962-658555,1,10.0,2.3978952727983707,5.749901739308773
HFJ185965-658594,3,2.0,1.0986122886681096,1.2069489608125816
HFJ185970-658570,1,0.0,0.0,0.0
HFJ185978-658983,1,5.0,1.791759469228055,3.210401995568401
HFJ185990-658627,2,6.0,1.9459101490553132,3.7865663081964716
HFJ186006-660193,2,0.0,0.0,0.0
HFJ186007-659524,2,3.0,1.3862943611198906,1.9218120556728056
HFJ186008-660240,3,50.0,3.9318256327243257,15.459252806148044
HFJ186020-661020,2,5.0,1.791759469228055,3.210401995568401
HFJ186025-661823,2,0.0,0.0,0.0
HFJ186028-661977,2,10.0,2.3978952727983707,5.749901739308773
HFJ186029-661888,2,62.0,4.143134726391533,17.16556536103144
HFJ186041-662695,3,1.0,0.6931471805599453,0.4804530139182014
HFJ186042-662890,3,0.0,0.0,0.0
HFJ186051-658680,5,91.0,4.5217885770490405,20.446571935531185
HFJ186052-660446,1,0.0,0.0,0.0
HFJ186053-660420,2,43.0,3.784189633918261,14.320091185454423
HFJ186063-663523,3,36.0,3.6109179126442243,13.038728171854922
HFJ186068-663253,2,0.0,0.0,0.0
HFJ186070-664619,1,0.0,0.0,0.0
HFJ186073-664643,1,39.0,3.6888794541139363,13.607831626983932
HFJ186075-658916,3,39.0,3.6888794541139363,13.607831626983932
HFJ186076-664733,1,0.0,0.0,0.0
HFJ186077-658723,3,37.0,3.6375861597263857,13.232033069432955
HFJ186078-664761,2,0.0,0.0,0.0
HFJ186081-664677,2,0.0,0.0,0.0
HFJ186082-664724,2,54.0,4.007333185232471,16.058719257465423
HFJ186084-662981,1,0.0,0.0,0.0
HFJ186085-663062,1,0.0,0.0,0.0
HFJ186086-663028,1,0.0,0.0,0.0
HFJ186091-663011,1,26.0,3.295836866004329,10.862540647313239
HFJ186099-658928,1,0.0,0.0,0.0
HFJ186100-658745,1,0.0,0.0,0.0
HFJ186102-665159,2,2.0,1.0986122886681096,1.2069489608125816
HFJ186103-665097,4,6.0,1.9459101490553132,3.7865663081964716
HFJ186104-658938,2,0.0,0.0,0.0
HFJ186114-665633,1,0.0,0.0,0.0
HFJ186115-665608,2,0.0,0.0,0.0
HFJ186116-665488,2,0.0,0.0,0.0
HFJ186118-665414,1,0.0,0.0,0.0
HFJ186123-665416,2,0.0,0.0,0.0
HFJ186124-650935,2,0.0,0.0,0.0
HFJ186128-665671,2,2.0,1.0986122886681096,1.2069489608125816
HFJ186129-665308,1,0.0,0.0,0.0
HFJ186130-665759,1,0.0,0.0,0.0
HFJ186132-665530,1,0.0,0.0,0.0
HFJ186137-665271,1,0.0,0.0,0.0
HFJ186138-664956,2,0.0,0.0,0.0
HFJ186140-664961,1,0.0,0.0,0.0
HFJ186141-664980,1,0.0,0.0,0.0
HFJ186144-664711,1,0.0,0.0,0.0
HFJ186146-664728,3,0.0,0.0,0.0
HFJ186149-665913,1,0.0,0.0,0.0
HFJ186152-666000,2,0.0,0.0,0.0
HFJ186157-665907,1,20.0,3.044522437723423,9.269116873801375
HFJ186158-664837,3,0.0,0.0,0.0
HFJ186159-664972,1,0.0,0.0,0.0
HFJ186160-664859,1,0.0,0.0,0.0
HFJ186165-666227,1,0.0,0.0,0.0
HFJ186166-666244,3,0.0,0.0,0.0
HFJ186174-666370,3,21.0,3.091042453358316,9.554543448463397
HFJ186175-666297,1,0.0,0.0,0.0
HFJ186176-665814,1,0.0,0.0,0.0
HFJ186177-666015,2,21.0,3.091042453358316,9.554543448463397
HFJ186178-665824,1,0.0,0.0,0.0
HFJ186179-666039,1,0.0,0.0,0.0
HFJ186181-666543,2,6.0,1.9459101490553132,3.7865663081964716
HFJ186182-666598,2,0.0,0.0,0.0
HFJ186183-666701,1,0.0,0.0,0.0
HFJ186186-666685,1,0.0,0.0,0.0
HFJ186189-666922,1,0.0,0.0,0.0
HFJ186194-666791,1,0.0,0.0,0.0
HFJ186195-666792,2,6.0,1.9459101490553132,3.7865663081964716
HFJ186196-666705,2,0.0,0.0,0.0
HFJ186197-666975,2,0.0,0.0,0.0
HFJ186198-666970,5,104.0,4.653960350157523,21.659346940838336
HFJ186199-665715,4,0.0,0.0,0.0
HFJ186200-666641,1,0.0,0.0,0.0
HFJ186201-666253,2,28.0,3.367295829986474,11.338681206644297
HFJ186209-666601,1,0.0,0.0,0.0
HFJ186211-667092,1,0.0,0.0,0.0
HFJ186220-666501,2,0.0,0.0,0.0
HFJ186221-666441,1,0.0,0.0,0.0
HFJ186222-666642,2,8.0,2.1972245773362196,4.827795843250328
HFJ186223-666965,2,0.0,0.0,0.0
HFJ186224-665991,3,0.0,0.0,0.0
HFJ186231-667903,2,0.0,0.0,0.0
HFJ186232-667921,1,0.0,0.0,0.0
HFJ186253-667637,1,0.0,0.0,0.0
HFJ186255-668751,2,10.0,2.3978952727983707,5.749901739308773
HFJ186275-669482,2,12.0,2.5649493574615367,6.5789652063423505
HFJ186276-669327,3,0.0,0.0,0.0
HFJ186282-669325,1,0.0,0.0,0.0
HFJ186349-671932,1,0.0,0.0,0.0
HFJ186352-671989,1,0.0,0.0,0.0
HFJ186548-682284,2,0.0,0.0,0.0
HFJ186554-681861,1,0.0,0.0,0.0
HFJ1987412,1,0.0,0.0,0.0
J40777M-264490,3,140.0,4.948759890378168,24.49022445261574
JX1690876-441463DT,2,70.0,4.2626798770413155,18.170439734132966
JX1716021-467100DT,1,0.0,0.0,0.0
JX1716855-466763DT,1,45.0,3.828641396489095,14.658494942909968
JX1717005-467832DT,1,0.0,0.0,0.0
JX1719313-470181DT,1,0.0,0.0,0.0
JX1719314-470182DT,2,5.0,1.791759469228055,3.210401995568401
JX1721733-471864DT,1,0.0,0.0,0.0
JX1721868-472909DT,1,15.0,2.772588722239781,7.687248222691222
JX1721894-472911DT,2,40.0,3.713572066704308,13.790617494606504
JX1729863-480759DT,1,0.0,0.0,0.0
JX1730013-481178DT,2,0.0,0.0,0.0
JX1730225-4811790T,2,69.0,4.248495242049359,18.049711821716045
JX1730230-481180DT,1,0.0,0.0,0.0
JX1730254,2,64.0,4.174387269895637,17.42550907906675
JXT1638086-389674DT,2,83.0,4.430816798843313,19.632137504912105
JXT1668199-418790DT,2,46.0,3.8501476017100584,14.823636554953715
JXT1676948-427913DT,2,25.0,3.258096538021482,10.615193051067568
LSM0B25RCN0310350-304543,1,0.0,0.0,0.0
LSM0B25REN0310355-304478,5,50.0,3.9318256327243257,15.459252806148044
LSM0B25REP0310438-309693,1,42.0,3.7612001156935624,14.146626310293268
LSM0B25RKP0310428-310482,2,35.0,3.58351893845611,12.841607982273604
LSM0W40RCP0310657,1,0.0,0.0,0.0
LSM0W40RTR0310873,3,0.0,0.0,0.0
MADISA - 5801157M - 727350823,2,0.0,0.0,0.0
NH001286M-947826,1,0.0,0.0,0.0
NH01593M,1,0.0,0.0,0.0
NH04234M-001110497,2,54.0,4.007333185232471,16.058719257465423
NH08149M,1,0.0,0.0,0.0
NH08175M-001574130,1,0.0,0.0,0.0
NH08370M-001589627,1,121.0,4.804021044733257,23.07861819824001
NH08490M-001591026,3,0.0,0.0,0.0
NH08712M-001667851,3,43.0,3.784189633918261,14.320091185454423
NH08803M,7,33.0,3.5263605246161616,12.43521854957117
NH09100M,3,395.0,5.981414211254481,35.77731596659706
NH09227M,7,54.0,4.007333185232471,16.058719257465423
NH09309M,2,0.0,0.0,0.0
NH09383M-001798208,4,130.0,4.875197323201151,23.76754894014767
NH09424M-001801193,2,0.0,0.0,0.0
NH09442M,6,26.0,3.295836866004329,10.862540647313239
NH09445M-001809562,6,0.0,0.0,0.0
NH09457M,3,92.0,4.532599493153256,20.544458165333154
NH09484M-001800657,2,2.0,1.0986122886681096,1.2069489608125816
NH09493M,4,7.0,2.0794415416798357,4.324077125263812
NH09511M,1,0.0,0.0,0.0
NH09515M,6,54.0,4.007333185232471,16.058719257465423
NH09557M-001813527,6,702.0,6.555356891810665,42.97270397900958
NH09614M-001840991,5,53.0,3.9889840465642745,15.911993723744294
NH09634M,5,46.0,3.8501476017100584,14.823636554953715
NH09638M-001823926,1,21.0,3.091042453358316,9.554543448463397
NH09639M,2,0.0,0.0,0.0
NH09640M-001822189,12,194.0,5.272999558563747,27.80452434461347
NH09655M-001854359,7,0.0,0.0,0.0
NH09656M,7,188.0,5.241747015059643,27.47591176988667
NH09657M-001842187,1,0.0,0.0,0.0
NH09669M-001822191,4,41.0,3.7376696182833684,13.97017417543854
NH09673M-001842294,3,149.0,5.0106352940962555,25.106466050443068
NH09674M-001843048,1,0.0,0.0,0.0
NH09685M-001809546,2,83.0,4.430816798843313,19.632137504912105
NH09698M-001852354,1,0.0,0.0,0.0
NH09699M-001844254,1,5.0,1.791759469228055,3.210401995568401
NH09714M,2,0.0,0.0,0.0
NH09719M-001854440,4,0.0,0.0,0.0
NH09720M-001854383,2,4.0,1.6094379124341003,2.5902903939802346
NH09721M-001854209,2,32.0,3.4965075614664802,12.225565127392272
NH09722M-001854207,4,0.0,0.0,0.0
NH09726M-001862863,2,26.0,3.295836866004329,10.862540647313239
NH09727M-001861245,3,232.0,5.4510384535657,29.71382022225194
NH09728M-001863146,1,0.0,0.0,0.0
NH09729M-001861835,7,42.0,3.7612001156935624,14.146626310293268
NH09730M-001859849,3,178.0,5.187385805840755,26.908971498638138
NH09731M-001869883,6,0.0,0.0,0.0
NH09733M-001859869,4,94.0,4.553876891600541,20.737794743853403
NH09734M-001854439,1,0.0,0.0,0.0
NH09735M-001854142,4,82.0,4.418840607796598,19.52615231711221
NH09740M-001870196,3,102.0,4.634728988229636,21.480712794336103
NH09741M-001856202,3,0.0,0.0,0.0
NH09745M-001865717,1,0.0,0.0,0.0
NH09746M-001865685,4,22.0,3.1354942159291497,9.831323978125154
NH09747M-001862899,7,212.0,5.3612921657094255,28.74345368609726
NH09748M-001818837,8,20.0,3.044522437723423,9.269116873801375
NH09749M-001862900,2,0.0,0.0,0.0
NH09750M-001862862,2,0.0,0.0,0.0
NH09751M-001862898,9,4.0,1.6094379124341003,2.5902903939802346
NH09752M-001862865,2,2.0,1.0986122886681096,1.2069489608125816
NH09753M-001862866,6,54.0,4.007333185232471,16.058719257465423
NH09754M-001862901,1,0.0,0.0,0.0
NH09755M-001870097,7,202.0,5.313205979041787,28.230157775725395
NH09756M,7,26.0,3.295836866004329,10.862540647313239
NH09758M-001840709,2,0.0,0.0,0.0
NH09760M-001842615,3,0.0,0.0,0.0
NH09762M-001861234,1,0.0,0.0,0.0
NH09763M-001862847,6,0.0,0.0,0.0
NH09767M-001861244,3,85.0,4.454347296253507,19.84120983564093
NH09768M-001861837,2,0.0,0.0,0.0
NH09771M-001861418,4,0.0,0.0,0.0
NH09773M-001861240,8,55.0,4.02535169073515,16.203456234104326
NH09774M,5,0.0,0.0,0.0
NH09775M,4,32.0,3.4965075614664802,12.225565127392272
NH09777M-001856204,1,0.0,0.0,0.0
NH09779M,3,7.0,2.0794415416798357,4.324077125263812
NH09782M-001861242,6,66.0,4.204692619390966,17.67944002356086
NH09783M-001872660,3,94.0,4.553876891600541,20.737794743853403
NH09784M-001871464,2,0.0,0.0,0.0
NH09785M,7,113.0,4.736198448394496,22.431575742574427
NH09786M,3,46.0,3.8501476017100584,14.823636554953715
NH09788M-001856020,1,0.0,0.0,0.0
NH09789M-001856190,3,64.0,4.174387269895637,17.42550907906675
NH09790M-001854165,2,169.0,5.135798437050262,26.376425586007915
NH09791M-001856195,5,15.0,2.772588722239781,7.687248222691222
NH09792M-001842618,3,33.0,3.5263605246161616,12.43521854957117
NH09793M-001860224,3,28.0,3.367295829986474,11.338681206644297
NH09794M-001871822,9,24.0,3.2188758248682006,10.361161575920939
NH09795M-001871625,1,0.0,0.0,0.0
NH09796M-001871622,2,0.0,0.0,0.0
NH09797M-001860518,9,261.0,5.568344503761097,31.006460512566413
NH09798M-001865715,6,413.0,6.025865973825314,36.3110607345057
NH09801M-001859992,8,0.0,0.0,0.0
NH09802M-001854141,5,59.0,4.0943445622221,16.763657394197683
NH09803M,4,0.0,0.0,0.0
NH09804M-001860951,4,0.0,0.0,0.0
NH09805M-001878042,4,168.0,5.1298987149230735,26.315860825369402
NH09808M-001860223,2,0.0,0.0,0.0
NH09809M-001854357,1,0.0,0.0,0.0
NH09810M-001870292,3,54.0,4.007333185232471,16.058719257465423
NH09811M-001870197,5,45.0,3.828641396489095,14.658494942909968
NH09813M-001880007,6,75.0,4.330733340286331,18.755251264667603
NH09814M,2,0.0,0.0,0.0
NH09815M-001854199,4,100.0,4.61512051684126,21.299337384969135
NH09816M-001879973,2,0.0,0.0,0.0
NH09817M-001854386,6,273.0,5.6131281063880705,31.507207138723725
NH09818M,2,0.0,0.0,0.0
NH09819M-001866063,7,341.0,5.834810737062605,34.04501633734106
NH09820M-001870295,1,15.0,2.772588722239781,7.687248222691222
NH09821M-001854143,7,783.0,6.664409020350408,44.41434759052788
NH09822M-001860948,6,214.0,5.3706380281276624,28.843752829170985
NH09823M-001870241,1,1.0,0.6931471805599453,0.4804530139182014
NH09824M,3,1.0,0.6931471805599453,0.4804530139182014
NH09825M-001854163,2,0.0,0.0,0.0
NH09826M-001852214,3,143.0,4.969813299576001,24.699044232642496
NH09827M-001871821,3,211.0,5.356586274672012,28.693016518004587
NH09829M,2,0.0,0.0,0.0
NH09830M-001869409,4,0.0,0.0,0.0
NH09831M-001858930,3,93.0,4.543294782270004,20.64152747860184
NH09833M-001860519,5,147.0,4.997212273764115,24.97213050905871
NH09834M-001858491,2,198.0,5.293304824724492,28.019075967451588
NH09835M-001872647,2,35.0,3.58351893845611,12.841607982273604
NH09836M-001878041,2,0.0,0.0,0.0
NH09837M-001881990,1,0.0,0.0,0.0
NH09838M-001840242,2,0.0,0.0,0.0
NH09839M-001840244,6,34.0,3.5553480614894135,12.640499838336531
NH09840M-001881607,4,0.0,0.0,0.0
NH09841M,4,24.0,3.2188758248682006,10.361161575920939
NH09842M-001881604,2,29.0,3.4011973816621555,11.568143629025503
NH09843M-001822190,2,0.0,0.0,0.0
NH09845M-001881589,10,240.0,5.484796933490655,30.08299740162849
NH09846M-001853060,3,0.0,0.0,0.0
NH09847M-001850226,3,157.0,5.062595033026967,25.629868468429315
NH09849M-001852979,1,0.0,0.0,0.0
NH09850M,4,0.0,0.0,0.0
NH09851M-001855902,1,75.0,4.330733340286331,18.755251264667603
NH09852M,2,0.0,0.0,0.0
NH09853M,1,3.0,1.3862943611198906,1.9218120556728056
NH09854M,3,0.0,0.0,0.0
NH09863M-001883895,7,99.0,4.605170185988092,21.207592441913597
NH09864M-001870231,2,4.0,1.6094379124341003,2.5902903939802346
NH09865M-001859871,3,0.0,0.0,0.0
NH09866M-001865798,2,0.0,0.0,0.0
NH09867M,2,0.0,0.0,0.0
NH09868M-001879970,1,300.0,5.707110264748875,32.57110757400198
NH09869M,6,141.0,4.955827057601261,24.56022182485277
NH09870M-001865683,6,85.0,4.454347296253507,19.84120983564093
NH09871M,1,0.0,0.0,0.0
NH09872M-001865743,4,65.0,4.189654742026425,17.553206857384513
NH09876M-001893087,1,0.0,0.0,0.0
NH09877M-001893089,1,0.0,0.0,0.0
NH09878M-001891309,6,157.0,5.062595033026967,25.629868468429315
NH09879M-001891321,3,100.0,4.61512051684126,21.299337384969135
NH09880M-001871866,3,2.0,1.0986122886681096,1.2069489608125816
NH09881M-001870219,1,0.0,0.0,0.0
NH09882M-001865799,3,29.0,3.4011973816621555,11.568143629025503
NH09883M-001869136,4,58.0,4.07753744390572,16.62631160645319
NH09884M-001864741,3,18.0,2.9444389791664403,8.669720902034708
NH09885M-001901472,3,0.0,0.0,0.0
NH09886M,4,61.0,4.127134385045092,17.033238232221528
NH09887M-001891310,5,26.0,3.295836866004329,10.862540647313239
NH09888M-001891355,1,0.0,0.0,0.0
NH09889M-001883860,4,86.0,4.465908118654584,19.944335324264923
NH09890M-001883884,5,80.0,4.394449154672439,19.311183373001313
NH09891M,6,251.0,5.529429087511423,30.57458603381741
NH09892M,5,0.0,0.0,0.0
NH09893M-001905318,11,198.0,5.293304824724492,28.019075967451588
NH09894M-001902364,1,12.0,2.5649493574615367,6.5789652063423505
NH09895M-001859183,5,239.0,5.480638923341991,30.03740300805126
NH09896M-001902940,1,0.0,0.0,0.0
NH09897M,2,0.0,0.0,0.0
NH09898M-001859921,1,26.0,3.295836866004329,10.862540647313239
NH09899M-001883886,5,0.0,0.0,0.0
NH09910M-001899555,2,1.0,0.6931471805599453,0.4804530139182014
NH09911M-001902941,5,216.0,5.37989735354046,28.94329553463164
NH09912M-001905329,3,0.0,0.0,0.0
NH09913M,2,4.0,1.6094379124341003,2.5902903939802346
NH09914M-001902938,1,0.0,0.0,0.0
NH09915M-001901473,5,0.0,0.0,0.0
NH09916M-001891353,4,29.0,3.4011973816621555,11.568143629025503
NH09917M,4,56.0,4.04305126783455,16.346263554338563
NH09918M-001902939,1,0.0,0.0,0.0
NH09920M-001902361,10,70.0,4.2626798770413155,18.170439734132966
NH09921M-001859872,2,0.0,0.0,0.0
NH09922M,4,57.0,4.060443010546419,16.48719744189527
NH09923M-001905757,2,0.0,0.0,0.0
NH09924M-001905758,6,104.0,4.653960350157523,21.659346940838336
NH09925M-001904506,1,0.0,0.0,0.0
NH09926M,11,216.0,5.37989735354046,28.94329553463164
NH09927M-001905834,1,0.0,0.0,0.0
NH09928M-001859883,11,73.0,4.304065093204169,18.524976326538614
NH09929M-001855829,2,0.0,0.0,0.0
NH09930M-001858038,2,0.0,0.0,0.0
NH09931M,2,8.0,2.1972245773362196,4.827795843250328
NH09932M,1,0.0,0.0,0.0
NH09933M,3,0.0,0.0,0.0
NH09934M,1,0.0,0.0,0.0
NH09935M,14,243.0,5.497168225293202,30.218858497173212
NH09936M-001900480,1,71.0,4.276666119016055,18.28987309353985
NH09939M-001886924,3,0.0,0.0,0.0
NH09940M,8,21.0,3.091042453358316,9.554543448463397
NH09941M,1,0.0,0.0,0.0
NH09942M-001859923,2,8.0,2.1972245773362196,4.827795843250328
NH09943M,6,0.0,0.0,0.0
NH09944M-001859922,2,50.0,3.9318256327243257,15.459252806148044
NH09945M-001870305,1,0.0,0.0,0.0
NH09946M,3,30.0,3.4339872044851463,11.79226812056771
NH09948M-001869135,5,0.0,0.0,0.0
NH09949M-001899597,2,11.0,2.4849066497880004,6.174761058160624
NH09950M,6,28.0,3.367295829986474,11.338681206644297
NH09951M-001855903,3,146.0,4.990432586778736,24.904417403183107
NH09952M-001896269,4,204.0,5.3230099791384085,28.334435238007078
NH09954M-001857869,2,0.0,0.0,0.0
NH09955M,5,0.0,0.0,0.0
NH09956M-001905317,2,69.0,4.248495242049359,18.049711821716045
NH09957M-001904504,1,0.0,0.0,0.0
NH09958M-001904520,3,0.0,0.0,0.0
NH09959M-001905315,5,221.0,5.402677381872279,29.188922892594306
NH09960M-001904505,1,0.0,0.0,0.0
NH09961M-001904523,3,114.0,4.74493212836325,22.5143809027738
NH09962M,4,203.0,5.318119993844216,28.282400268925606
NH09963M-001905326,4,0.0,0.0,0.0
NH09964M-001904521,1,140.0,4.948759890378168,24.49022445261574
NH09965M-001902362,3,22.0,3.1354942159291497,9.831323978125154
NH09966M,4,100.0,4.61512051684126,21.299337384969135
NH09967M-001905327,5,0.0,0.0,0.0
NH09968M,8,75.0,4.330733340286331,18.755251264667603
NH09969M-001857020,3,0.0,0.0,0.0
NH09970M-001855793,5,309.0,5.736572297479192,32.908261724205694
NH09971M-001855791,2,0.0,0.0,0.0
NH09977M-001855372,6,65.0,4.189654742026425,17.553206857384513
NH09978M-001854197,2,0.0,0.0,0.0
NH09979M-001869407,5,90.0,4.51085950651685,20.34785348753344
NH09980M-001859870,5,76.0,4.343805421853684,18.868645542925464
NH09981M-001869175,4,73.0,4.304065093204169,18.524976326538614
NH09982M-001905756,2,0.0,0.0,0.0
NH09983M-001932248,1,0.0,0.0,0.0
NH09984M-001904522,1,0.0,0.0,0.0
NH09986M-001928352,2,0.0,0.0,0.0
NH09987M-001859884,14,204.0,5.3230099791384085,28.334435238007078
NH09988M-001883861,6,205.0,5.327876168789581,28.386264469955947
NH09989M-001928702,7,52.0,3.970291913552122,15.76321787881737
NH09990M-001928430,6,70.0,4.2626798770413155,18.170439734132966
NH09991M-001929478,5,2.0,1.0986122886681096,1.2069489608125816
NH09992M,1,17.0,2.8903717578961645,8.354248898843764
NH09993M-001929117,5,83.0,4.430816798843313,19.632137504912105
NH09994M-001931696,2,0.0,0.0,0.0
NH09995M,2,0.0,0.0,0.0
NH09996M-001870306,3,65.0,4.189654742026425,17.553206857384513
NH09997M-001864742,1,0.0,0.0,0.0
NH09998M,9,215.0,5.375278407684165,28.893617960115616
NH09999M-001929461,2,0.0,0.0,0.0
NH10000M-01929462,3,19.0,2.995732273553991,8.974411854812963
NH10001M,8,103.0,4.6443908991413725,21.570366824027207
NH10002M-001932245,2,124.0,4.8283137373023015,23.312613545822117
NH10006M-001924282,6,58.0,4.07753744390572,16.62631160645319
NH10007M-001921152,2,0.0,0.0,0.0
NH10008M-001928713,3,71.0,4.276666119016055,18.28987309353985
NH10009M-001900715,2,0.0,0.0,0.0
NH10012M-001860950,6,182.0,5.209486152841421,27.13874597664651
NH10013M-001859122,1,0.0,0.0,0.0
NH10014M-001859924,1,0.0,0.0,0.0
NH10015M,3,0.0,0.0,0.0
NH10016M-001998803,4,74.0,4.31748811353631,18.640703610527325
NH10017M-001896276,2,20.0,3.044522437723423,9.269116873801375
NH10020M-001900706,1,0.0,0.0,0.0
NH10021M-001870975,12,3.0,1.3862943611198906,1.9218120556728056
NH10023M-001896220,2,0.0,0.0,0.0
NH10024M-001896222,2,0.0,0.0,0.0
NH10027M-001924481,2,0.0,0.0,0.0
NH10028M-001924280,1,0.0,0.0,0.0
NH10029M-001924292,2,11.0,2.4849066497880004,6.174761058160624
NH10030M,1,140.0,4.948759890378168,24.49022445261574
NH10031M-001883266,2,0.0,0.0,0.0
NH10032M-001882517,5,40.0,3.713572066704308,13.790617494606504
NH10033M,5,64.0,4.174387269895637,17.42550907906675
NH10034M-001882696,3,43.0,3.784189633918261,14.320091185454423
NH10035M,1,55.0,4.02535169073515,16.203456234104326
NH10036M,2,0.0,0.0,0.0
NH10037M-001872587,5,113.0,4.736198448394496,22.431575742574427
NH10038M-001864743,5,0.0,0.0,0.0
NH10039M-001872584,6,18.0,2.9444389791664403,8.669720902034708
NH10040M-001882697,3,0.0,0.0,0.0
NH10041M,3,0.0,0.0,0.0
NH10042M-001882695,5,150.0,5.017279836814924,25.173096960909593
NH10043M-001901668,10,204.0,5.3230099791384085,28.334435238007078
NH10044M,8,114.0,4.74493212836325,22.5143809027738
NH10045M-001924293,3,14.0,2.70805020110221,7.333535891689721
NH10046M-001924284,1,0.0,0.0,0.0
NH10047M-001925157,1,0.0,0.0,0.0
NH10051M-001909093,4,185.0,5.225746673713202,27.30842829782459
NH10052M-001900708,5,106.0,4.672828834461906,21.835329316178612
NH10053M-001905408,9,44.0,3.8066624897703196,14.490679311024369
NH10054M,3,0.0,0.0,0.0
NH10055M,11,130.0,4.875197323201151,23.76754894014767
NH10056M,4,126.0,4.844187086458591,23.466148528612173
NH10057M,11,140.0,4.948759890378168,24.49022445261574
NH10058M,3,0.0,0.0,0.0
NH10059M,4,144.0,4.976733742420574,24.767878742947495
NH10060M-001865798,5,43.0,3.784189633918261,14.320091185454423
NH10062M-001896221,1,0.0,0.0,0.0
NH10063M-001900503,9,28.0,3.367295829986474,11.338681206644297
NH10064M-001865714,9,183.0,5.214935757608986,27.195554955988808
NH10065M-001869038,4,265.0,5.583496308781699,31.17543103017886
NH10066M-001860225,1,0.0,0.0,0.0
NH10068M-001931697,2,0.0,0.0,0.0
NH10069M-001933080,3,0.0,0.0,0.0
NH10070M-001928688,7,32.0,3.4965075614664802,12.225565127392272
NH10071M,6,47.0,3.8712010109078907,14.986197266854274
NH10072M-001932363,3,0.0,0.0,0.0
NH10073M-001932362,1,0.0,0.0,0.0
NH10074M-001928696,4,2.0,1.0986122886681096,1.2069489608125816
NH10075M-001933040,4,0.0,0.0,0.0
NH10076M-001869037,3,64.0,4.174387269895637,17.42550907906675
NH10077M-001870218,6,73.0,4.304065093204169,18.524976326538614
NH10078M-001898804,7,24.0,3.2188758248682006,10.361161575920939
NH10080M-001928712,4,37.0,3.6375861597263857,13.232033069432955
NH10081M-001937287,8,0.0,0.0,0.0
NH10082M-001937288,6,69.0,4.248495242049359,18.049711821716045
NH10083M-001859888,12,884.0,6.785587645007929,46.044199688084255
NH10084M,3,0.0,0.0,0.0
NH10085M-001869035,3,0.0,0.0,0.0
NH10086M-001955570,4,0.0,0.0,0.0
NH10087M-001933081,3,0.0,0.0,0.0
NH10088M-001928689,3,0.0,0.0,0.0
NH10089M-001928698,5,0.0,0.0,0.0
NH10090M-001870228,13,39.0,3.6888794541139363,13.607831626983932
NH10092M-001888176,5,11.0,2.4849066497880004,6.174761058160624
NH10093M-001886923,11,249.0,5.521460917862246,30.486530667480196
NH10098M-001855830,4,176.0,5.176149732573829,26.79252605402412
NH10099M-001893474,7,179.0,5.19295685089021,26.96680085520757
NH10100M-001870285,1,0.0,0.0,0.0
NH10101M-001870221,3,0.0,0.0,0.0
NH10102M-001870220,10,74.0,4.31748811353631,18.640703610527325
NH10103M-001870104,3,0.0,0.0,0.0
NH10104M-001870304,3,281.0,5.641907070938114,31.831115397101488
NH10105M,2,0.0,0.0,0.0
NH10106M-001886922,5,0.0,0.0,0.0
NH10107M-001869177,6,158.0,5.0689042022202315,25.69378981128592
NH10108M-001898877,1,0.0,0.0,0.0
NH10109M-001955572,6,14.0,2.70805020110221,7.333535891689721
NH10110M,3,0.0,0.0,0.0
NH10111M-001956095,2,0.0,0.0,0.0
NH10112M-001955512,3,0.0,0.0,0.0
NH10113M-001954429,2,0.0,0.0,0.0
NH10114M-001924283,6,31.0,3.4657359027997265,12.011325347955035
NH10115M-001929460,4,57.0,4.060443010546419,16.48719744189527
NH10116M-001933083,4,17.0,2.8903717578961645,8.354248898843764
NH10117M-001929119,2,0.0,0.0,0.0
NH10118M-001940351,4,155.0,5.049856007249537,25.501045693954236
NH10121M-001944680,3,175.0,5.170483995038151,26.733904742945683
NH10122M-001940352,4,3.0,1.3862943611198906,1.9218120556728056
NH10123M-001944709,5,0.0,0.0,0.0
NH10124M-001933038,6,6.0,1.9459101490553132,3.7865663081964716
NH10125M-001928410,17,201.0,5.308267697401205,28.177705947273093
NH10126M-001893472,2,0.0,0.0,0.0
NH10127M-001891517,7,28.0,3.367295829986474,11.338681206644297
NH10128M-001891499,1,0.0,0.0,0.0
NH10129M-001928695,5,146.0,4.990432586778736,24.904417403183107
NH10130M-001872583,3,6.0,1.9459101490553132,3.7865663081964716
NH10131M-001869138,2,91.0,4.5217885770490405,20.446571935531185
NH10132M-001865742,2,0.0,0.0,0.0
NH10134M-001870284,5,185.0,5.225746673713202,27.30842829782459
NH10135M-001900502,8,128.0,4.859812404361672,23.617776605587576
NH10136M-001893473,1,0.0,0.0,0.0
NH10137M-001928701,2,0.0,0.0,0.0
NH10138M-001891500,6,206.0,5.332718793265369,28.43788972804565
NH10139M-001944708,3,40.0,3.713572066704308,13.790617494606504
NH10140M-001944696,1,2.0,1.0986122886681096,1.2069489608125816
NH10141M-001944638,3,3.0,1.3862943611198906,1.9218120556728056
NH10142M-001944716,3,46.0,3.8501476017100584,14.823636554953715
NH10143M-001870229,4,42.0,3.7612001156935624,14.146626310293268
NH10145M-001944670,3,35.0,3.58351893845611,12.841607982273604
NH10147M-001944718,1,0.0,0.0,0.0
NH10148M-001933117,3,126.0,4.844187086458591,23.466148528612173
NH10149M-001944639,6,55.0,4.02535169073515,16.203456234104326
NH10150M-001891555,4,4.0,1.6094379124341003,2.5902903939802346
NH10151M-001957384,5,108.0,4.6913478822291435,22.00874495209587
NH10152M-001957348,1,0.0,0.0,0.0
NH10153M-001955513,4,205.0,5.327876168789581,28.386264469955947
NH10154M-001955569,3,0.0,0.0,0.0
NH10158M-001941769,4,0.0,0.0,0.0
NH10159M,3,0.0,0.0,0.0
NH10160M-001928409,3,19.0,2.995732273553991,8.974411854812963
NH10161M-001941767,2,4.0,1.6094379124341003,2.5902903939802346
NH10162M-001930815,11,904.0,6.807934943699926,46.34797819765051
NH10163M-001944825,15,201.0,5.308267697401205,28.177705947273093
NH10164M-001928697,1,0.0,0.0,0.0
NH10165M-001957395,2,0.0,0.0,0.0
NH10166M-001928366,6,0.0,0.0,0.0
NH10167M-001928714,1,0.0,0.0,0.0
NH10170M-001955510,4,27.0,3.332204510175204,11.10358689763197
NH10171M-001955573,1,57.0,4.060443010546419,16.48719744189527
NH10172M-001956067,1,0.0,0.0,0.0
NH10173M-001961068,7,43.0,3.784189633918261,14.320091185454423
NH10174M-001956542,2,0.0,0.0,0.0
NH10175M-001955553,3,20.0,3.044522437723423,9.269116873801375
NH10176M-001956096,2,30.0,3.4339872044851463,11.79226812056771
NH10177M-001955575,5,0.0,0.0,0.0
NH10178M-001955515,3,45.0,3.828641396489095,14.658494942909968
NH10179M-001956069,1,0.0,0.0,0.0
NH10180M-001940350,7,226.0,5.424950017481403,29.430082692171474
NH10181M-001941770,4,35.0,3.58351893845611,12.841607982273604
NH10182M-001941768,1,0.0,0.0,0.0
NH10183M-001955574,5,0.0,0.0,0.0
NH10184M-001957396,5,5.0,1.791759469228055,3.210401995568401
NH10185M-001957391,1,9.0,2.302585092994046,5.301898110478399
NH10186M-001941461,1,84.0,4.442651256490317,19.737150186794988
NH10187M-001955556,7,28.0,3.367295829986474,11.338681206644297
NH10188M-001957354,5,26.0,3.295836866004329,10.862540647313239
NH10189M-001957393,5,60.0,4.110873864173311,16.899283927143212
NH10190M-001957394,9,138.0,4.9344739331306915,24.349032996746278
NH10191M-001961717,4,0.0,0.0,0.0
NH10192M-001871466,2,60.0,4.110873864173311,16.899283927143212
NH10193M-001956123,3,145.0,4.983606621708336,24.836334959935176
NH10194M-001961064,2,0.0,0.0,0.0
NH10196M,5,38.0,3.6635616461296463,13.421683934992164
NH10199M-001949521,7,110.0,4.709530201312334,22.17967471707299
NH10200M-001961069,7,20.0,3.044522437723423,9.269116873801375
NH10201M-001959968,3,0.0,0.0,0.0
NH10203M,3,0.0,0.0,0.0
NH10204M-001898890,2,0.0,0.0,0.0
NH10205M-001928711,2,13.0,2.639057329615259,6.964623588996021
NH10206M-001944717,4,25.0,3.258096538021482,10.615193051067568
NH10207M-001933116,1,0.0,0.0,0.0
NH10208M-001944697,1,0.0,0.0,0.0
NH10209M-001956122,1,10.0,2.3978952727983707,5.749901739308773
NH10210M,3,0.0,0.0,0.0
NH10211M-001930618,1,0.0,0.0,0.0
NH10212M,9,224.0,5.41610040220442,29.334143566758883
NH10214M-001943104,3,0.0,0.0,0.0
NH10215M-001928392,5,18.0,2.9444389791664403,8.669720902034708
NH10216M-001933082,1,0.0,0.0,0.0
NH10217M-001944627,8,0.0,0.0,0.0
NH10218M-001944628,4,5.0,1.791759469228055,3.210401995568401
NH10219M-001944620,9,18.0,2.9444389791664403,8.669720902034708
NH10220M-001929121,3,19.0,2.995732273553991,8.974411854812963
NH10221M-001900713,3,1.0,0.6931471805599453,0.4804530139182014
NH10222M-001929231,3,0.0,0.0,0.0
NH10223M-001932086,4,5.0,1.791759469228055,3.210401995568401
NH10224M-001932168,7,196.0,5.2832037287379885,27.912241639350984
NH10225M-001932166,2,0.0,0.0,0.0
NH10226M,1,0.0,0.0,0.0
NH10227M,13,228.0,5.43372200355424,29.525334811909502
NH10228M-001949329,13,193.0,5.267858159063328,27.75032958401008
NH10229M-001928690,5,52.0,3.970291913552122,15.76321787881737
NH10230M-001932165,4,103.0,4.6443908991413725,21.570366824027207
NH10231M-001924095,4,21.0,3.091042453358316,9.554543448463397
NH10233M-001901661,3,0.0,0.0,0.0
NH10234M-001930058,6,386.0,5.958424693029782,35.50282482250705
NH10235M-001949522,3,0.0,0.0,0.0
NH10236M-001928358,1,0.0,0.0,0.0
NH10238M-001925156,5,118.0,4.77912349311153,22.84002136241055
NH10239M-001883264,4,20.0,3.044522437723423,9.269116873801375
NH10240M-001901660,2,0.0,0.0,0.0
NH10241M-001901658,9,142.0,4.962844630259907,24.62982682409959
NH10242M-001883407,3,84.0,4.442651256490317,19.737150186794988
NH10243M-001959969,2,0.0,0.0,0.0
NH10245M-001944647,6,7.0,2.0794415416798357,4.324077125263812
NH10246M-001944640,5,22.0,3.1354942159291497,9.831323978125154
NH10247M-001955550,1,0.0,0.0,0.0
NH10248M-001961066,2,0.0,0.0,0.0
NH10249M-001959966,4,15.0,2.772588722239781,7.687248222691222
NH10250M-001956121,1,0.0,0.0,0.0
NH10251M-001956543,4,0.0,0.0,0.0
NH10252M-001955576,1,0.0,0.0,0.0
NH10253M-001961050,1,0.0,0.0,0.0
NH10259M-001957392,3,0.0,0.0,0.0
NH10261M-001928704,5,118.0,4.77912349311153,22.84002136241055
NH10262M,10,0.0,0.0,0.0
NH10263M-001891553,3,0.0,0.0,0.0
NH10264M-001891516,2,0.0,0.0,0.0
NH10265M,2,0.0,0.0,0.0
NH10266M-001900717,2,8.0,2.1972245773362196,4.827795843250328
NH10267M-001891552,3,129.0,4.867534450455582,23.692891626371928
NH10270M-001955514,5,10.0,2.3978952727983707,5.749901739308773
NH10271M-001883059,5,191.0,5.2574953720277815,27.64125758689354
NH10272M,4,0.0,0.0,0.0
NH10273M-001963628,6,45.0,3.828641396489095,14.658494942909968
NH10274M-001956097,3,0.0,0.0,0.0
NH10278M-001900714,2,0.0,0.0,0.0
NH10279M-001900716,3,0.0,0.0,0.0
NH10280M-001882698,3,27.0,3.332204510175204,11.10358689763197
NH10281M-001898977,3,0.0,0.0,0.0
NH10282M-001898894,2,0.0,0.0,0.0
NH10283M-001898892,3,35.0,3.58351893845611,12.841607982273604
NH10284M-001896425,2,77.0,4.356708826689592,18.980911800555
NH10285M,13,236.0,5.4680601411351315,29.899681707070755
NH10287M-001905405,6,103.0,4.6443908991413725,21.570366824027207
NH10288M-001891501,4,0.0,0.0,0.0
NH10289M-001905424,2,3.0,1.3862943611198906,1.9218120556728056
NH10290M,3,0.0,0.0,0.0
NH10291M-001972976,3,0.0,0.0,0.0
NH10293M-001956068,8,237.0,5.472270673671475,29.94574632592486
NH10294M-001972966,5,9.0,2.302585092994046,5.301898110478399
NH10295M,11,201.0,5.308267697401205,28.177705947273093
NH10296M-001967110,4,0.0,0.0,0.0
NH10297M-001965108,6,172.0,5.153291594497779,26.556414257921464
NH10298M-001968459,4,22.0,3.1354942159291497,9.831323978125154
NH10299M-001965111,2,3.0,1.3862943611198906,1.9218120556728056
NH10301M-001963066,5,0.0,0.0,0.0
NH10302M-001961048,2,0.0,0.0,0.0
NH10303M-001963240,3,0.0,0.0,0.0
NH10304M-001967111,5,110.0,4.709530201312334,22.17967471707299
NH10305M-001905426,2,48.0,3.8918202981106265,15.146265232785886
NH10306M-001967108,4,198.0,5.293304824724492,28.019075967451588
NH10307M-001965113,1,0.0,0.0,0.0
NH10308M-001968217,6,0.0,0.0,0.0
NH10309M-001965106,3,14.0,2.70805020110221,7.333535891689721
NH10310M-001965112,4,16.0,2.833213344056216,8.027097852938207
NH10320M,1,0.0,0.0,0.0
NH10321M-001967109,7,226.0,5.424950017481403,29.430082692171474
NH10322M-001968458,1,0.0,0.0,0.0
NH10323M-001968218,3,5.0,1.791759469228055,3.210401995568401
NH10324M-001959962,9,107.0,4.68213122712422,21.922352828011753
NH10328M-001956309,3,0.0,0.0,0.0
NH10329M-001933096,3,55.0,4.02535169073515,16.203456234104326
NH10331M-001932087,5,0.0,0.0,0.0
NH10332M-001900709,3,0.0,0.0,0.0
NH10334M,7,52.0,3.970291913552122,15.76321787881737
NH10335M-001963258,2,0.0,0.0,0.0
NH10336M-001965133,1,0.0,0.0,0.0
NH10337M-001967106,2,135.0,4.912654885736052,24.134178026346305
NH10338M-001965130,1,0.0,0.0,0.0
NH10339M-001967091,3,0.0,0.0,0.0
NH10340M-001961062,4,39.0,3.6888794541139363,13.607831626983932
NH10341M-001944619,7,0.0,0.0,0.0
NH10342M-001967107,5,0.0,0.0,0.0
NH10343M-001894415,6,0.0,0.0,0.0
NH10344M-001896446,5,123.0,4.820281565605037,23.23511437171175
NH10345M-001965131,1,0.0,0.0,0.0
NH10346M-001967506,4,0.0,0.0,0.0
NH10347M-001961061,7,14.0,2.70805020110221,7.333535891689721
NH10348M-001958904,7,66.0,4.204692619390966,17.67944002356086
NH10349M-001961059,1,0.0,0.0,0.0
NH10350M-001956307,3,0.0,0.0,0.0
NH10351M-001967503,5,573.0,6.352629396319567,40.3559002469835
NH10352M,1,0.0,0.0,0.0
NH10354M-001905406,2,0.0,0.0,0.0
NH10355M-001957188,5,159.0,5.075173815233827,25.757389254835076
NH10356M-001956308,6,0.0,0.0,0.0
NH10357M-001930617,2,1.0,0.6931471805599453,0.4804530139182014
NH10359M-001933098,7,0.0,0.0,0.0
NH10360M-001972967,5,0.0,0.0,0.0
NH10361M-001967090,4,9.0,2.302585092994046,5.301898110478399
NH10362M-001961070,2,0.0,0.0,0.0
NH10363M-001965129,4,26.0,3.295836866004329,10.862540647313239
NH10365M-001972969,6,5.0,1.791759469228055,3.210401995568401
NH10366M-001970277,4,0.0,0.0,0.0
NH10367M-001961067,4,182.0,5.209486152841421,27.13874597664651
NH10368M-001961049,2,0.0,0.0,0.0
NH10378M,7,0.0,0.0,0.0
NH10379M-001955941,10,246.0,5.5093883366279774,30.35335984377239
NH10380M-001955958,5,77.0,4.356708826689592,18.980911800555
NH10381M-001902143,8,5.0,1.791759469228055,3.210401995568401
NH10382M-001956092,21,184.0,5.220355825078325,27.252114940429202
NH10383M-001950457,2,0.0,0.0,0.0
NH10384M-001955535,10,22.0,3.1354942159291497,9.831323978125154
NH10385M-001963545,3,0.0,0.0,0.0
NH10386M-001925770,13,230.0,5.442417710521793,29.619910535801278
NH10389M-001982591,2,60.0,4.110873864173311,16.899283927143212
NH10390M-001958915,8,67.0,4.219507705176107,17.804245274040536
NH10391M-001965128,3,6.0,1.9459101490553132,3.7865663081964716
NH10392M-001970278,2,26.0,3.295836866004329,10.862540647313239
NH10393M-001950060,3,0.0,0.0,0.0
NH10394M-001965107,3,1.0,0.6931471805599453,0.4804530139182014
NH10395M-001968486,7,117.0,4.770684624465665,22.759431786113105
NH10396M-001968489,9,0.0,0.0,0.0
NH10397M,5,27.0,3.332204510175204,11.10358689763197
NH10398M,8,146.0,4.990432586778736,24.904417403183107
NH10399M-001965109,14,56.0,4.04305126783455,16.346263554338563
NH10400M-00195542,5,26.0,3.295836866004329,10.862540647313239
NH10401M-001887772,7,128.0,4.859812404361672,23.617776605587576
NH10402M,6,164.0,5.10594547390058,26.070679182445822
NH10403M,2,19.0,2.995732273553991,8.974411854812963
NH10404M-001963591,5,0.0,0.0,0.0
NH10405M-001963670,8,12.0,2.5649493574615367,6.5789652063423505
NH10406M-001963590,4,93.0,4.543294782270004,20.64152747860184
NH10407M-001963911,4,0.0,0.0,0.0
NH10409M-001928586,1,0.0,0.0,0.0
NH10410M-001932845,3,0.0,0.0,0.0
NH10411M-001991575,8,250.0,5.5254529391317835,30.530630182560063
NH10412M-001925944,8,0.0,0.0,0.0
NH10413M,3,0.0,0.0,0.0
NH10415M-001925165,7,66.0,4.204692619390966,17.67944002356086
NH10416M-001968213,2,0.0,0.0,0.0
NH10417M-001968215,2,15.0,2.772588722239781,7.687248222691222
NH10418M-001963241,5,58.0,4.07753744390572,16.62631160645319
NH10419M-001955554,3,0.0,0.0,0.0
NH10420M-001988055,5,0.0,0.0,0.0
NH10421M-001968323,6,106.0,4.672828834461906,21.835329316178612
NH10422M,3,13.0,2.639057329615259,6.964623588996021
NH10423M,5,196.0,5.2832037287379885,27.912241639350984
NH10424M,2,95.0,4.564348191467836,20.833274412955706
NH10425M,1,0.0,0.0,0.0
NH10426M-001963067,4,0.0,0.0,0.0
NH10427M,1,0.0,0.0,0.0
NH10428M-001968216,1,0.0,0.0,0.0
NH10429M-001970281,4,0.0,0.0,0.0
NH10430M-001965110,5,26.0,3.295836866004329,10.862540647313239
NH10431M-001904502,3,9.0,2.302585092994046,5.301898110478399
NH10432M-001933039,2,0.0,0.0,0.0
NH10433M,4,0.0,0.0,0.0
NH10434M-001970276,2,0.0,0.0,0.0
NH10435M-001970280,4,0.0,0.0,0.0
NH10442M-001964120,10,129.0,4.867534450455582,23.692891626371928
NH10443M-001968491,1,0.0,0.0,0.0
NH10444M-001968478,5,61.0,4.127134385045092,17.033238232221528
NH10445M-001961063,8,13.0,2.639057329615259,6.964623588996021
NH10457M-001970279,3,0.0,0.0,0.0
NH10458M-001959967,5,153.0,5.0369526024136295,25.370891518961436
NH10459M-001970257,3,113.0,4.736198448394496,22.431575742574427
NH10460M-001968477,2,0.0,0.0,0.0
NH10461M-001965114,2,3.0,1.3862943611198906,1.9218120556728056
NH10462M-001975211,3,0.0,0.0,0.0
NH10463M-001961920,3,0.0,0.0,0.0
NH10464M,3,3.0,1.3862943611198906,1.9218120556728056
NH10465M-001988054,5,189.0,5.247024072160486,27.53126161383161
NH10466M-001988666,3,66.0,4.204692619390966,17.67944002356086
NH10467M-001970275,1,0.0,0.0,0.0
NH10468M-001968324,3,3.0,1.3862943611198906,1.9218120556728056
NH10469M-001968322,6,0.0,0.0,0.0
NH10470M-001970282,7,23.0,3.1780538303479458,10.100026148589249
NH10471M-001990296,1,0.0,0.0,0.0
NH10472M-001988056,1,0.0,0.0,0.0
NH10473M-002013436,4,69.0,4.248495242049359,18.049711821716045
NH10474M-002013432,2,0.0,0.0,0.0
NH10475M-001989890,1,0.0,0.0,0.0
NH10476M-001931364,7,45.0,3.828641396489095,14.658494942909968
NH10477M-001938127,6,0.0,0.0,0.0
NH10479M-001931649,7,50.0,3.9318256327243257,15.459252806148044
NH10480M-002050043,3,42.0,3.7612001156935624,14.146626310293268
NH10481M-001945433,1,0.0,0.0,0.0
NH10491M,5,254.0,5.541263545158426,30.705601676901725
NH10492M-001963546,4,48.0,3.8918202981106265,15.146265232785886
NH10493M-002021283,5,86.0,4.465908118654584,19.944335324264923
NH10494M-001988668,2,11.0,2.4849066497880004,6.174761058160624
NH10495M-001992250,1,0.0,0.0,0.0
NH10496M,3,0.0,0.0,0.0
NH10497M-001950436,4,74.0,4.31748811353631,18.640703610527325
NH10498M-002022641,9,91.0,4.5217885770490405,20.446571935531185
NH10499M-002021124,4,117.0,4.770684624465665,22.759431786113105
NH10500M-001991541,17,500.0,6.2166061010848646,38.64619141604556
NH10501M-001987379,10,42.0,3.7612001156935624,14.146626310293268
NH10507M-001990363,6,126.0,4.844187086458591,23.466148528612173
NH10517M-001990251,2,0.0,0.0,0.0
NH10518M-001991311,7,158.0,5.0689042022202315,25.69378981128592
NH10519M-002018867,2,0.0,0.0,0.0
NH10520M-002018874,1,0.0,0.0,0.0
NH10521M-002018869,4,0.0,0.0,0.0
NH10522M-002024159,2,10.0,2.3978952727983707,5.749901739308773
NH10523M-002022611,3,116.0,4.762173934797756,22.678300585267145
NH10525M-001990183,4,19.0,2.995732273553991,8.974411854812963
NH10526M-001991309,4,8.0,2.1972245773362196,4.827795843250328
NH10528M-002026269,1,4.0,1.6094379124341003,2.5902903939802346
NH10531M-001990362,16,240.0,5.484796933490655,30.08299740162849
NH10532M-001990249,3,34.0,3.5553480614894135,12.640499838336531
NH10533M-001988665,2,0.0,0.0,0.0
NH10534M-001988682,2,0.0,0.0,0.0
NH10536M-002024157,6,113.0,4.736198448394496,22.431575742574427
NH10537M,2,185.0,5.225746673713202,27.30842829782459
NH10539M-001926005,10,115.0,4.7535901911063645,22.596619704982643
NH10540M-001927706,5,15.0,2.772588722239781,7.687248222691222
NH10541M-001950063,10,106.0,4.672828834461906,21.835329316178612
NH10542M-001950058,7,76.0,4.343805421853684,18.868645542925464
NH10543M-001950438,4,9.0,2.302585092994046,5.301898110478399
NH10548M,4,49.0,3.912023005428146,15.303923994999064
NH10549M,5,0.0,0.0,0.0
NH10550M-001929990,9,615.0,6.423246963533519,41.25810155454258
NH10551M,2,0.0,0.0,0.0
NH10552M,2,13.0,2.639057329615259,6.964623588996021
NH10553M-001992329,1,9.0,2.302585092994046,5.301898110478399
NH10554M-001992249,1,1.0,0.6931471805599453,0.4804530139182014
NH10555M-001989167,1,0.0,0.0,0.0
NH10556M-001988052,8,117.0,4.770684624465665,22.759431786113105
NH10557M,2,0.0,0.0,0.0
NH10558M-002024158,2,0.0,0.0,0.0
NH10559M-002022643,3,0.0,0.0,0.0
NH10560M-002022642,3,49.0,3.912023005428146,15.303923994999064
NH10561M-001927234,9,88.0,4.48863636973214,20.14785645968212
NH10562M-002023410,5,303.0,5.717027701406222,32.684405738646106
NH10563M-001990250,7,82.0,4.418840607796598,19.52615231711221
NH10564M-001931650,9,173.0,5.159055299214529,26.615851580353514
NH10565M-001955943,3,0.0,0.0,0.0
NH10568M,8,89.0,4.499809670330265,20.24828706919777
NH10569M-002033023,6,119.0,4.787491742782046,22.92007718720627
NH10570M-002033381,10,102.0,4.634728988229636,21.480712794336103
NH10571M-002033776,8,60.0,4.110873864173311,16.899283927143212
NH10572M-002028076,1,0.0,0.0,0.0
NH10573M-002033778,7,240.0,5.484796933490655,30.08299740162849
NH10575M-001990364,3,30.0,3.4339872044851463,11.79226812056771
NH10576M-002033777,8,23.0,3.1780538303479458,10.100026148589249
NH10577M-002033994,8,247.0,5.5134287461649825,30.39789653903837
NH10578M-002020824,1,0.0,0.0,0.0
NH10579M-002017774,19,1017.0,6.925595197110468,47.963868834239584
NH10580M-002020825,1,0.0,0.0,0.0
NH10582M-002033603,8,73.0,4.304065093204169,18.524976326538614
NH10583M-002033019,2,0.0,0.0,0.0
NH10584M-001988663,3,28.0,3.367295829986474,11.338681206644297
NH10585M-001989168,1,0.0,0.0,0.0
NH10586M-001989866,3,0.0,0.0,0.0
NH10587M,5,241.0,5.488937726156687,30.128437361626137
NH10588M-001988662,5,166.0,5.117993812416755,26.193860663936196
NH10589M-001988684,5,0.0,0.0,0.0
NH10590M-002033026,4,116.0,4.762173934797756,22.678300585267145
NH10591M-002033021,2,54.0,4.007333185232471,16.058719257465423
NH10592M-002022107,5,0.0,0.0,0.0
NH10593M-001992248,2,132.0,4.890349128221754,23.915514595899268
NH10594M,5,72.0,4.290459441148391,18.408042216139364
NH10595M-001989166,1,0.0,0.0,0.0
NH10596M-001988667,5,75.0,4.330733340286331,18.755251264667603
NH10598M-002022097,5,852.0,6.748759547491679,45.545755429860094
NH10599M-002044059,13,301.0,5.71042701737487,32.60897672076485
NH10600M-001988669,3,44.0,3.8066624897703196,14.490679311024369
NH10601M-002045210,14,0.0,0.0,0.0
NH10613M-002027913,1,4.0,1.6094379124341003,2.5902903939802346
NH10614M-002031133,5,188.0,5.241747015059643,27.47591176988667
NH10615M-002027316,4,163.0,5.099866427824199,26.008637581648355
NH10616M-002031135,5,118.0,4.77912349311153,22.84002136241055
NH10617M-002028507,2,0.0,0.0,0.0
NH10626M-002031136,4,158.0,5.0689042022202315,25.69378981128592
NH10627M-002031134,6,115.0,4.7535901911063645,22.596619704982643
NH10644M-001992328,3,162.0,5.093750200806762,25.946291108218933
NH10645M-002028075,5,50.0,3.9318256327243257,15.459252806148044
NH10646M-002027914,3,199.0,5.298317366548036,28.072166916664518
NH10647M-002029533,8,209.0,5.3471075307174685,28.591558945055464
NH10648M-002006055,3,3.0,1.3862943611198906,1.9218120556728056
NH10649M-002006056,3,60.0,4.110873864173311,16.899283927143212
NH10650M-002014426,6,443.0,6.095824562432225,37.15907709595202
NH10651M-002008204,2,59.0,4.0943445622221,16.763657394197683
NH10652M-002006058,4,34.0,3.5553480614894135,12.640499838336531
NH10653M-002044402,3,45.0,3.828641396489095,14.658494942909968
NH10654M-002044404,4,140.0,4.948759890378168,24.49022445261574
NH10655M-002008202,9,95.0,4.564348191467836,20.833274412955706
NH10656M,3,30.0,3.4339872044851463,11.79226812056771
NH10657M,7,181.0,5.204006687076795,27.081685599140002
NH10658M-002008205,4,82.0,4.418840607796598,19.52615231711221
NH10659M-002028527,4,88.0,4.48863636973214,20.14785645968212
NH10660M-002028548,4,56.0,4.04305126783455,16.346263554338563
NH10661M-002008762,6,215.0,5.375278407684165,28.893617960115616
NH10662M-002008203,5,8.0,2.1972245773362196,4.827795843250328
NH10663M-002008200,4,251.0,5.529429087511423,30.57458603381741
NH10664M-002028273,4,169.0,5.135798437050262,26.376425586007915
NH10665M-002008198,2,123.0,4.820281565605037,23.23511437171175
NH10666M-002008199,7,193.0,5.267858159063328,27.75032958401008
NH10667M-002027975,3,160.0,5.081404364984463,25.820670320483156
NH10669M-002013466,2,51.0,3.9512437185814275,15.612326923629187
NH10670M-001993134,4,132.0,4.890349128221754,23.915514595899268
NH10671M-002020205,3,14.0,2.70805020110221,7.333535891689721
NH10672M-002008197,4,77.0,4.356708826689592,18.980911800555
NH10688M-002019054,5,228.0,5.43372200355424,29.525334811909502
NH10689M-002019055,2,0.0,0.0,0.0
NH10690M-002020203,8,259.0,5.560681631015528,30.921180201513508
NH10691M-002020969,1,0.0,0.0,0.0
NH10692M-002035843,1,8.0,2.1972245773362196,4.827795843250328
NH10693M-002027956,5,105.0,4.663439094112067,21.747664184492777
NH10696M-002008765,5,237.0,5.472270673671475,29.94574632592486
NH10697M-002020202,7,159.0,5.075173815233827,25.757389254835076
NH10698M,4,242.0,5.493061443340548,30.17372402031455
NH10700M-002044303,4,123.0,4.820281565605037,23.23511437171175
NH10702M-002053249,7,69.0,4.248495242049359,18.049711821716045
NH10703M-002053244,8,180.0,5.198497031265826,27.024371384079608
NH10704M-002049280,4,17.0,2.8903717578961645,8.354248898843764
NH10705M-001993135,2,131.0,4.882801922586371,23.84175461521316
NH10706M-002036181,3,113.0,4.736198448394496,22.431575742574427
NH10707M-002020204,2,282.0,5.645446897643238,31.871070674109657
NH10708M-001968492,9,134.0,4.90527477843843,24.061720651984185
NH10709M-002036182,4,55.0,4.02535169073515,16.203456234104326
NH10710M-002047200,5,243.0,5.497168225293202,30.218858497173212
NH10711M-002047899,4,0.0,0.0,0.0
NH10712M-002047866,2,43.0,3.784189633918261,14.320091185454423
NH10713M-002048268,4,5.0,1.791759469228055,3.210401995568401
NH10714M-002048429,6,137.0,4.927253685157205,24.277828877895256
NH10715M-002055508,5,61.0,4.127134385045092,17.033238232221528
NH10716M-002052022,6,115.0,4.7535901911063645,22.596619704982643
NH10717M-002049455,2,166.0,5.117993812416755,26.193860663936196
NH10718M-002052021,3,0.0,0.0,0.0
NH10719M-002050244,4,54.0,4.007333185232471,16.058719257465423
NH10720M-002008764,8,117.0,4.770684624465665,22.759431786113105
NH10721M-002008761,11,230.0,5.442417710521793,29.619910535801278
NH10723M-002008195,1,80.0,4.394449154672439,19.311183373001313
NH10724M-002008672,4,50.0,3.9318256327243257,15.459252806148044
NH10725M-002008674,3,0.0,0.0,0.0
NH10726M-002048464,1,64.0,4.174387269895637,17.42550907906675
NH10727M-002052020,1,0.0,0.0,0.0
NH10728M-002008673,4,21.0,3.091042453358316,9.554543448463397
NH10729M-002052023,1,0.0,0.0,0.0
NH10730M-002048267,4,12.0,2.5649493574615367,6.5789652063423505
NH10731M-002048256,3,42.0,3.7612001156935624,14.146626310293268
NH10732M-002048428,3,28.0,3.367295829986474,11.338681206644297
NH10733M-002055509,3,0.0,0.0,0.0
NH10734M-002055510,3,44.0,3.8066624897703196,14.490679311024369
NH10735M-002048430,3,1.0,0.6931471805599453,0.4804530139182014
NH10742M,4,125.0,4.836281906951478,23.389622683506225
NH10743M-002047865,3,75.0,4.330733340286331,18.755251264667603
NH10744M-002047199,1,12.0,2.5649493574615367,6.5789652063423505
NH10745M-002048431,3,66.0,4.204692619390966,17.67944002356086
NH10747M-002008201,3,56.0,4.04305126783455,16.346263554338563
NH10748M-002034679,1,0.0,0.0,0.0
NH10749M-002054642,4,0.0,0.0,0.0
NH10750M-002054641,4,159.0,5.075173815233827,25.757389254835076
NH10751M-002048485,2,28.0,3.367295829986474,11.338681206644297
NH10752M-002021113,2,0.0,0.0,0.0
NH10753M-002048937,3,83.0,4.430816798843313,19.632137504912105
NH10754M-002052299,6,0.0,0.0,0.0
NH10755M-002008759,3,139.0,4.941642422609304,24.41982983293195
NH10756M-002008760,8,237.0,5.472270673671475,29.94574632592486
NH10757M-002052316,8,179.0,5.19295685089021,26.96680085520757
NH10758M-002052297,5,247.0,5.5134287461649825,30.39789653903837
NH10759M-002046503,2,22.0,3.1354942159291497,9.831323978125154
NH10760M-002034671,1,18.0,2.9444389791664403,8.669720902034708
NH10761M,3,141.0,4.955827057601261,24.56022182485277
NH10762M-002048257,6,42.0,3.7612001156935624,14.146626310293268
NH10763M-002047515,11,259.0,5.560681631015528,30.921180201513508
NH10766M-002036253,3,56.0,4.04305126783455,16.346263554338563
NH10767M-002034670,5,174.0,5.1647859739235145,26.675014156437065
NH10768M-002034677,8,50.0,3.9318256327243257,15.459252806148044
NH10769M-002051536,3,160.0,5.081404364984463,25.820670320483156
NH10770M-002051033,5,227.0,5.429345628954441,29.477793958646696
NH10771M-002036318,1,0.0,0.0,0.0
NH10773M-002048253,3,130.0,4.875197323201151,23.76754894014767
NH10774M-002048254,4,119.0,4.787491742782046,22.92007718720627
NH10775M-002048265,2,63.0,4.1588830833596715,17.296308501055247
NH10776M-002048258,5,139.0,4.941642422609304,24.41982983293195
NH10777M-002047158,2,25.0,3.258096538021482,10.615193051067568
NH10778M-002048465,5,130.0,4.875197323201151,23.76754894014767
NH10780M-002058085,1,0.0,0.0,0.0
NH10781M-002060224,1,0.0,0.0,0.0
NH10782M-002048252,6,91.0,4.5217885770490405,20.446571935531185
NH10783M-002055511,5,62.0,4.143134726391533,17.16556536103144
NH10784M-002036688,7,117.0,4.770684624465665,22.759431786113105
NH10785M-002055026,3,10.0,2.3978952727983707,5.749901739308773
NH10786M-002057602,5,79.0,4.382026634673881,19.202157426991302
NH10787M-002034672,4,159.0,5.075173815233827,25.757389254835076
NH10788M-002056719,8,73.0,4.304065093204169,18.524976326538614
NH10789M-002060213,5,55.0,4.02535169073515,16.203456234104326
NH10793M-002049454,13,60.0,4.110873864173311,16.899283927143212
NH10795M-002034680,4,211.0,5.356586274672012,28.693016518004587
NH10796M-002036319,2,16.0,2.833213344056216,8.027097852938207
NH10797M-002073813,2,0.0,0.0,0.0
NH10799M-002074236,5,81.0,4.406719247264253,19.41917452420923
NH10802M-002075254,1,0.0,0.0,0.0
NH10803M-002074237,10,246.0,5.5093883366279774,30.35335984377239
NH10804M-002046416,6,71.0,4.276666119016055,18.28987309353985
NH10805M-002046370,3,10.0,2.3978952727983707,5.749901739308773
NH10806M-002046371,4,68.0,4.23410650459726,17.927657892272823
NH10807M-002054646,16,146.0,4.990432586778736,24.904417403183107
NH10808M-002099934,3,76.0,4.343805421853684,18.868645542925464
NH10809M-002073808,2,0.0,0.0,0.0
NH10812M-002036687,4,120.0,4.795790545596741,22.99960695723509
NH10813M-002036550,8,253.0,5.537334267018537,30.662070784697715
NH10814M-002036551,7,248.0,5.517452896464707,30.44228646470679
NH10815M-002056718,5,155.0,5.049856007249537,25.501045693954236
NH10816M-002056729,3,39.0,3.6888794541139363,13.607831626983932
NH10818M-002038934,4,48.0,3.8918202981106265,15.146265232785886
NH10819M-002038933,1,0.0,0.0,0.0
NH10820M-002042493,6,27.0,3.332204510175204,11.10358689763197
NH10821M-002075253,2,48.0,3.8918202981106265,15.146265232785886
NH10822M-002073810,3,183.0,5.214935757608986,27.195554955988808
NH10823M-002073809,5,0.0,0.0,0.0
NH10824M-002042469,14,0.0,0.0,0.0
NH10825M-001928368,7,222.0,5.407171771460119,29.237506566075158
NH10826M-002073812,4,115.0,4.7535901911063645,22.596619704982643
NH10827M-002073811,1,105.0,4.663439094112067,21.747664184492777
NH10828M-002042416,2,77.0,4.356708826689592,18.980911800555
NH10829M-002034240,9,253.0,5.537334267018537,30.662070784697715
NH10830M,2,2.0,1.0986122886681096,1.2069489608125816
NH10831M-002086941,2,103.0,4.6443908991413725,21.570366824027207
NH10833M-002101000,5,109.0,4.700480365792417,22.09451566920001
NH10834M-002097836,4,119.0,4.787491742782046,22.92007718720627
NH10835M-002097835,6,169.0,5.135798437050262,26.376425586007915
NH10836M-002076683,1,24.0,3.2188758248682006,10.361161575920939
NH10837M-002086943,1,0.0,0.0,0.0
NH10838M-002085063,1,9.0,2.302585092994046,5.301898110478399
NH10839M-002076385,2,26.0,3.295836866004329,10.862540647313239
NH10840M-002085699,3,82.0,4.418840607796598,19.52615231711221
NH10841M-002086940,5,120.0,4.795790545596741,22.99960695723509
NH10843M-002075619,1,0.0,0.0,0.0
NH10844M-002076737,3,0.0,0.0,0.0
NH10845M-00200085698,1,11.0,2.4849066497880004,6.174761058160624
NH10846M-002084976,7,89.0,4.499809670330265,20.24828706919777
NH10847M-002076387,3,34.0,3.5553480614894135,12.640499838336531
NH10848M-002086608,2,67.0,4.219507705176107,17.804245274040536
NH10849M-002076367,3,129.0,4.867534450455582,23.692891626371928
NH10850M-002083696,5,164.0,5.10594547390058,26.070679182445822
NH10851M-002078846,2,50.0,3.9318256327243257,15.459252806148044
NH10852M-002086942,2,56.0,4.04305126783455,16.346263554338563
NH10853M-002084946,1,0.0,0.0,0.0
NH10854M-002099954,5,39.0,3.6888794541139363,13.607831626983932
NH10855M-002101003,7,0.0,0.0,0.0
NH10856M-002085062,5,248.0,5.517452896464707,30.44228646470679
NH10857M-002085700,4,147.0,4.997212273764115,24.97213050905871
NH10858M-002085064,2,42.0,3.7612001156935624,14.146626310293268
NH10859M-002083695,5,49.0,3.912023005428146,15.303923994999064
NH10860M-002085701,2,18.0,2.9444389791664403,8.669720902034708
NH10861M-002052317,6,26.0,3.295836866004329,10.862540647313239
NH10862M-002076384,3,16.0,2.833213344056216,8.027097852938207
NH10863M-002101002,8,138.0,4.9344739331306915,24.349032996746278
NH10864M-002102315,5,154.0,5.043425116919247,25.436136909971918
NH10865M-002058086,9,223.0,5.4116460518550396,29.285912990558238
NH10866M-002092928,9,133.0,4.897839799950911,23.98883470598318
NH10867M-002092932,1,136.0,4.919980925828125,24.206212310512576
NH10868M-002101001,7,96.0,4.574710978503383,20.927980536839378
NH10869M-002102316,10,174.0,5.1647859739235145,26.675014156437065
NH10870M-002075618,4,165.0,5.111987788356544,26.132419148306425
NH10871M-002110344,1,0.0,0.0,0.0
NH10872M-002109262,2,97.0,4.584967478670572,21.021926780466785
NH10873M-002109248,1,0.0,0.0,0.0
NH10874M-002109264,3,0.0,0.0,0.0
NH10875M-002109249,3,78.0,4.3694478524670215,19.092074535428665
NH10876M-002086609,16,258.0,5.556828061699537,30.878338107291437
NH10877M-002104856,5,212.0,5.3612921657094255,28.74345368609726
NH10878M-002109263,4,196.0,5.2832037287379885,27.912241639350984
NH10879M-002109265,4,200.0,5.303304908059076,28.125042947843482
NH10880M-002076682,10,146.0,4.990432586778736,24.904417403183107
NH10881M-002106209,9,82.0,4.418840607796598,19.52615231711221
NH10882M-002084945,6,143.0,4.969813299576001,24.699044232642496
NH10883M-002076600,1,0.0,0.0,0.0
NH10888M-002084977,3,185.0,5.225746673713202,27.30842829782459
NH10890M-002111694,2,0.0,0.0,0.0
NH10891M-002111692,4,114.0,4.74493212836325,22.5143809027738
NH10892M-002111695,1,0.0,0.0,0.0
NH10893M-002110345,1,0.0,0.0,0.0
NH10894M-002076681,3,50.0,3.9318256327243257,15.459252806148044
NH10896M-002053320,5,174.0,5.1647859739235145,26.675014156437065
NH10897M-002099935,3,1.0,0.6931471805599453,0.4804530139182014
NH10898M-002051522,3,5.0,1.791759469228055,3.210401995568401
NH10899M-002053318,4,25.0,3.258096538021482,10.615193051067568
NH10900M-002052366,5,65.0,4.189654742026425,17.553206857384513
NH10901M-002053257,5,74.0,4.31748811353631,18.640703610527325
NH10902M-002054643,4,102.0,4.634728988229636,21.480712794336103
NH10903M-002055041,3,162.0,5.093750200806762,25.946291108218933
NH10904M-002053306,14,169.0,5.135798437050262,26.376425586007915
NH10905M-002099406,5,61.0,4.127134385045092,17.033238232221528
NH10906M-002098679,1,0.0,0.0,0.0
NH10907M-002099405,6,14.0,2.70805020110221,7.333535891689721
NH10908M-002109250,4,71.0,4.276666119016055,18.28987309353985
NH10909M-002111353,3,33.0,3.5263605246161616,12.43521854957117
NH10910M-002111693,3,103.0,4.6443908991413725,21.570366824027207
NH10914M-002091370,1,0.0,0.0,0.0
NH10915M-002090201,3,19.0,2.995732273553991,8.974411854812963
NH10916M-002094269,3,0.0,0.0,0.0
NH10917M-002086610,1,0.0,0.0,0.0
NH10918M-002091369,1,0.0,0.0,0.0
NH10919M-002101404,4,4.0,1.6094379124341003,2.5902903939802346
NH10921M-002091371,2,10.0,2.3978952727983707,5.749901739308773
NH10923M-002101401,1,0.0,0.0,0.0
NH10924M-002107111,5,130.0,4.875197323201151,23.76754894014767
NH10925M-002101843,1,0.0,0.0,0.0
NH10927M-002107110,1,0.0,0.0,0.0
NH10928M-002135357,1,0.0,0.0,0.0
NH10929M-002140717,9,120.0,4.795790545596741,22.99960695723509
NH10930M-002140352,1,0.0,0.0,0.0
NH10931M-002142915,1,0.0,0.0,0.0
NH10933M-002140716,2,0.0,0.0,0.0
NH10935M-002053768,3,33.0,3.5263605246161616,12.43521854957117
NH10936M-002053949,2,0.0,0.0,0.0
NH10937M-002135320,2,2.0,1.0986122886681096,1.2069489608125816
NH10938M-002135348,1,0.0,0.0,0.0
NH10939M-002135115,1,4.0,1.6094379124341003,2.5902903939802346
NH10940M-002053358,6,193.0,5.267858159063328,27.75032958401008
NH10941M-001926004,4,189.0,5.247024072160486,27.53126161383161
NH10942M-002053947,2,9.0,2.302585092994046,5.301898110478399
NH10943M-002140005,1,0.0,0.0,0.0
NH10944M-002053838,3,104.0,4.653960350157523,21.659346940838336
NH10945M-002140003,7,144.0,4.976733742420574,24.767878742947495
NH10946M-002140004,1,0.0,0.0,0.0
NH10947M-002053948,1,0.0,0.0,0.0
NH10948M-002142271,8,120.0,4.795790545596741,22.99960695723509
NH10949M-002140354,5,20.0,3.044522437723423,9.269116873801375
NH10950M-002140355,3,0.0,0.0,0.0
NH10951M-002140353,7,147.0,4.997212273764115,24.97213050905871
NH10952M-002142274,4,134.0,4.90527477843843,24.061720651984185
NH10953M-002143054,4,8.0,2.1972245773362196,4.827795843250328
NH10954M-002135347,1,35.0,3.58351893845611,12.841607982273604
NH10955M-002140006,2,0.0,0.0,0.0
NH10957M-002135358,2,0.0,0.0,0.0
NH10958M-002135089,1,0.0,0.0,0.0
NH10971M-002135102,3,46.0,3.8501476017100584,14.823636554953715
NH10972M-002135103,1,2.0,1.0986122886681096,1.2069489608125816
NH10973M-002136779,4,10.0,2.3978952727983707,5.749901739308773
NH10977M-002132314,1,0.0,0.0,0.0
NH10978M-002135118,2,0.0,0.0,0.0
NH10979M-002132313,4,179.0,5.19295685089021,26.96680085520757
NH10980M-002048185,4,47.0,3.8712010109078907,14.986197266854274
NH10982M-002133821,4,0.0,0.0,0.0
NH10983M-002135587,11,178.0,5.187385805840755,26.908971498638138
NH10984M-002128857,4,36.0,3.6109179126442243,13.038728171854922
NH10986M-002134434,2,178.0,5.187385805840755,26.908971498638138
NH10987M-002140315,1,0.0,0.0,0.0
NH10988M-002134433,6,99.0,4.605170185988092,21.207592441913597
NH10989M-002140310,4,21.0,3.091042453358316,9.554543448463397
NH10990M-002139997,1,0.0,0.0,0.0
NH10991M-002139998,4,0.0,0.0,0.0
NH10992M-002135758,3,186.0,5.231108616854587,27.364497361330308
NH10993M-002151556,5,181.0,5.204006687076795,27.081685599140002
NH10994M-002151555,2,7.0,2.0794415416798357,4.324077125263812
NH10995M-002153011,1,0.0,0.0,0.0
NH10996M-002048020,3,55.0,4.02535169073515,16.203456234104326
NH10997M-002053359,1,0.0,0.0,0.0
NH11000M-002055023,1,0.0,0.0,0.0
NH11005M-002134435,6,80.0,4.394449154672439,19.311183373001313
NH11008M-002151505,5,72.0,4.290459441148391,18.408042216139364
NH11020M-002151503,2,0.0,0.0,0.0
NH11021M-002150017,10,236.0,5.4680601411351315,29.899681707070755
NH11022M-002150013,2,0.0,0.0,0.0
NH11025M-002133820,3,99.0,4.605170185988092,21.207592441913597
NH11026M-002133784,13,201.0,5.308267697401205,28.177705947273093
NH11027M-002133021,5,97.0,4.584967478670572,21.021926780466785
NH11030M-002151498,7,200.0,5.303304908059076,28.125042947843482
NH11031M-002143055,7,60.0,4.110873864173311,16.899283927143212
NH11032M-002143440,3,0.0,0.0,0.0
NH11033M-002135090,2,0.0,0.0,0.0
NH11034M-002134684,2,0.0,0.0,0.0
NH11035M-002151500,3,57.0,4.060443010546419,16.48719744189527
NH11037M-002053946,4,108.0,4.6913478822291435,22.00874495209587
NH11040M-002132310,1,0.0,0.0,0.0
NH11041M-002134683,3,22.0,3.1354942159291497,9.831323978125154
NH11042M-002052367,3,30.0,3.4339872044851463,11.79226812056771
NH11043M-002136781,3,0.0,0.0,0.0
NH11044M-002132223,2,56.0,4.04305126783455,16.346263554338563
NH11045M-002054403,5,1.0,0.6931471805599453,0.4804530139182014
NH11046M-002054261,5,0.0,0.0,0.0
NH11047M-002152005,2,0.0,0.0,0.0
NH11048M-002136629,1,11.0,2.4849066497880004,6.174761058160624
NH11049M-002152007,3,12.0,2.5649493574615367,6.5789652063423505
NH11058M-002142914,7,171.0,5.147494476813453,26.496699388825
NH11059M-002145493,2,0.0,0.0,0.0
NH11060M-002145494,2,0.0,0.0,0.0
NH11061M-002148974,2,0.0,0.0,0.0
NH11062M-002149509,1,0.0,0.0,0.0
NH11063M-002145496,2,48.0,3.8918202981106265,15.146265232785886
NH11064M-002150014,5,62.0,4.143134726391533,17.16556536103144
NH11065M-002144989,5,93.0,4.543294782270004,20.64152747860184
NH11066M-002150019,1,0.0,0.0,0.0
NH11067M-002151925,4,0.0,0.0,0.0
NH11068M-002167324,1,17.0,2.8903717578961645,8.354248898843764
NH11069M-002167326,1,0.0,0.0,0.0
NH11070M-002167303,2,3.0,1.3862943611198906,1.9218120556728056
NH11083M-002176756,1,139.0,4.941642422609304,24.41982983293195
NH11086M-002175105,1,7.0,2.0794415416798357,4.324077125263812
NH11088M-002191675,8,72.0,4.290459441148391,18.408042216139364
NH11089M-002183138,3,82.0,4.418840607796598,19.52615231711221
NH11090M-002175107,4,178.0,5.187385805840755,26.908971498638138
NH11091M-002144617,11,214.0,5.3706380281276624,28.843752829170985
NH11092M-002144616,4,7.0,2.0794415416798357,4.324077125263812
NH11101M-002145240,4,115.0,4.7535901911063645,22.596619704982643
NH11108M-002191773,4,70.0,4.2626798770413155,18.170439734132966
NH11109M-002189329,1,0.0,0.0,0.0
NH11110M-002143053,4,6.0,1.9459101490553132,3.7865663081964716
NH11111M-002148828,1,0.0,0.0,0.0
NH11112M-002144644,1,0.0,0.0,0.0
NH11118M-002164382,3,179.0,5.19295685089021,26.96680085520757
NH11119M-002165602,1,0.0,0.0,0.0
NH11122M-002191676,2,0.0,0.0,0.0
NH11138M-002220035,1,0.0,0.0,0.0
NH11139M-002151579,3,0.0,0.0,0.0
NH11141M-002151576,7,71.0,4.276666119016055,18.28987309353985
NH11145M-002219615,1,73.0,4.304065093204169,18.524976326538614
NH11160M-002208529,3,45.0,3.828641396489095,14.658494942909968
NH11162M-002205016,1,0.0,0.0,0.0
NH11179M-002229430,1,0.0,0.0,0.0
NH11221M-002243090,3,0.0,0.0,0.0
NH1671767-422631DT,1,11.0,2.4849066497880004,6.174761058160624
NKJ0B80CANKH30370,3,46.0,3.8501476017100584,14.823636554953715
NKJ0B80CANKH30823,20,254.0,5.541263545158426,30.705601676901725
NKJ0B80CANKH31860-48-383235,5,304.0,5.720311776607412,32.72196682159345
NKJ0B80CANKH31874-48-383982,5,211.0,5.356586274672012,28.693016518004587
NKJ0B80CAPKH33496-40-396063,4,33.0,3.5263605246161616,12.43521854957117
NKJ0B80CAPKH33515-48-395525,2,127.0,4.852030263919617,23.542197681991865
NKJ0B80CAPKH34437,1,41.0,3.7376696182833684,13.97017417543854
NKJ0B80CAPKH34440,4,158.0,5.0689042022202315,25.69378981128592
NKJ0B80CAPKH36561-48-414281,1,8.0,2.1972245773362196,4.827795843250328
NKJ0B80CARKH41715,1,0.0,0.0,0.0
NKJ0B80CCNKH30818-40-371106,3,0.0,0.0,0.0
NKJ0B80CCNKH30821-40-373102,2,31.0,3.4657359027997265,12.011325347955035
NKJ0B80CCNKH30827,10,204.0,5.3230099791384085,28.334435238007078
NKJ0B80CCNKH30830-40-373289,7,120.0,4.795790545596741,22.99960695723509
NKJ0B80CCNKH30835-40-372858,3,207.0,5.337538079701318,28.489312752261633
NKJ0B80CCNKH31371-48-379251,4,152.0,5.030437921392435,25.305305680983047
NKJ0B80CCNKH31718-48-366666,7,152.0,5.030437921392435,25.305305680983047
NKJ0B80CCNKH31721-48-366992,4,177.0,5.181783550292085,26.850880762077644
NKJ0B80CCNKH31864-48-383090,6,211.0,5.356586274672012,28.693016518004587
NKJ0B80CCNKH31872-48-384072,4,48.0,3.8918202981106265,15.146265232785886
NKJ0B80CCNKH32724-40-384302,7,94.0,4.553876891600541,20.737794743853403
NKJ0B80CCNKH32741-40-386287,8,128.0,4.859812404361672,23.617776605587576
NKJ0B80CCPKH33317-48-388958,5,55.0,4.02535169073515,16.203456234104326
NKJ0B80CCPKH33486-40-393644,3,199.0,5.298317366548036,28.072166916664518
NKJ0B80CCPKH33494-40-396061,2,37.0,3.6375861597263857,13.232033069432955
NKJ0B80CCPKH33505-48-395675,2,223.0,5.4116460518550396,29.285912990558238
NKJ0B80CCPKH33513-48-394659,3,140.0,4.948759890378168,24.49022445261574
NKJ0B80CCPKH34430,1,153.0,5.0369526024136295,25.370891518961436
NKJ0B80CCPKH34435,2,181.0,5.204006687076795,27.081685599140002
NKJ0B80CCPKH34444,4,154.0,5.043425116919247,25.436136909971918
NKJ0B80CCPKH34449,5,66.0,4.204692619390966,17.67944002356086
NKJ0B80CCPKH36573-48-417395,7,0.0,0.0,0.0
NKJ0B80CENKH30826,5,214.0,5.3706380281276624,28.843752829170985
NKJ0B80CENKH31376-48-380389,2,104.0,4.653960350157523,21.659346940838336
NKJ0B80CENKH31717-48-372595,1,16.0,2.833213344056216,8.027097852938207
NKJ0B80CENKH31720-48-366268,2,0.0,0.0,0.0
NKJ0B80CENKH31863-48-383265,4,82.0,4.418840607796598,19.52615231711221
NKJ0B80CENKH32723-40-389071,8,181.0,5.204006687076795,27.081685599140002
NKJ0B80CENKH32740-40-384304,7,175.0,5.170483995038151,26.733904742945683
NKJ0B80CEPKH33485-40-394753,3,101.0,4.624972813284271,21.39037352361862
NKJ0B80CEPKH33499-40-394144,9,233.0,5.455321115357702,29.760528471667598
NKJ0B80CEPKH33504-48-395526,3,175.0,5.170483995038151,26.733904742945683
NKJ0B80CEPKH34443,9,107.0,4.68213122712422,21.922352828011753
NKJ0B80CEPKH38556-48-420862,1,0.0,0.0,0.0
NKJ0B80CHNKH30369,6,70.0,4.2626798770413155,18.170439734132966
NKJ0B80CHNKH30825,1,0.0,0.0,0.0
NKJ0B80CHNKH31862-48-383122,6,77.0,4.356708826689592,18.980911800555
NKJ0B80CHNKH31876-48-383606,3,46.0,3.8501476017100584,14.823636554953715
NKJ0B80CHNKH32722-40-389074,3,144.0,4.976733742420574,24.767878742947495
NKJ0B80CHPKH33484-40-394752,7,121.0,4.804021044733257,23.07861819824001
NKJ0B80CHPKH33498-40-395834,4,121.0,4.804021044733257,23.07861819824001
NKJ0B80CHPKH33503-48-395523,4,233.0,5.455321115357702,29.760528471667598
NKJ0B80CHPKH34439,3,186.0,5.231108616854587,27.364497361330308
NKJ0B80CHPKH34442,8,181.0,5.204006687076795,27.081685599140002
NKJ0B80CHPKH36563-48-414242,4,211.0,5.356586274672012,28.693016518004587
NKJ0B80CJNKH30817-40-372863,4,240.0,5.484796933490655,30.08299740162849
NKJ0B80CJNKH30820-40-370046,2,157.0,5.062595033026967,25.629868468429315
NKJ0B80CJNKH30834-40-372937,4,121.0,4.804021044733257,23.07861819824001
NKJ0B80CJNKH31725-48-374563,7,218.0,5.389071729816501,29.042094109107413
NKJ0B80CJPKH33316-48-388931,4,233.0,5.455321115357702,29.760528471667598
NKJ0B80CJPKH33493-40-394882,1,125.0,4.836281906951478,23.389622683506225
NKJ0B80CJPKH33509-48-393424,6,80.0,4.394449154672439,19.311183373001313
NKJ0B80CJPKH33512-48-393857,4,0.0,0.0,0.0
NKJ0B80CJPKH34434,2,218.0,5.389071729816501,29.042094109107413
NKJ0B80CJPKH34448,6,131.0,4.882801922586371,23.84175461521316
NKJ0B80CJPKH36569-48-413853,9,108.0,4.6913478822291435,22.00874495209587
NKJ0B80CJPKH36572-48-415187,6,58.0,4.07753744390572,16.62631160645319
NKJ0B80CKNKH30816,2,21.0,3.091042453358316,9.554543448463397
NKJ0B80CKNKH31707-48-381969,2,67.0,4.219507705176107,17.804245274040536
NKJ0B80CKNKH31710-48-382553,2,174.0,5.1647859739235145,26.675014156437065
NKJ0B80CKNKH31724-48-382552,6,243.0,5.497168225293202,30.218858497173212
NKJ0B80CKNKH32744-48-390551,2,190.0,5.25227342804663,27.586376162964697
NKJ0B80CKPKH33315-48-390524,2,0.0,0.0,0.0
NKJ0B80CKPKH33489,4,71.0,4.276666119016055,18.28987309353985
NKJ0B80CKPKH33492-40-395016,2,32.0,3.4965075614664802,12.225565127392272
NKJ0B80CKPKH33508-40-396059,1,70.0,4.2626798770413155,18.170439734132966
NKJ0B80CKPKH33511-48-394331,4,222.0,5.407171771460119,29.237506566075158
NKJ0B80CKPKH34433,5,243.0,5.497168225293202,30.218858497173212
NKJ0B80CKPKH34447,6,60.0,4.110873864173311,16.899283927143212
NKJ0B80CKPKH36568-48-413852,4,103.0,4.6443908991413725,21.570366824027207
NKJ0B80CKPKH36571-48-415188,6,0.0,0.0,0.0
NKJ0B80CLNKH30368,4,133.0,4.897839799950911,23.98883470598318
NKJ0B80CLNKH30824-40,5,115.0,4.7535901911063645,22.596619704982643
NKJ0B80CLNKH31715-48-383117,14,188.0,5.241747015059643,27.47591176988667
NKJ0B80CLNKH31861-48-383230,3,27.0,3.332204510175204,11.10358689763197
NKJ0B80CLNKH31875-48-383640,6,64.0,4.174387269895637,17.42550907906675
NKJ0B80CLPKH33497-40-395832,5,229.0,5.438079308923196,29.572706570138582
NKJ0B80CLPKH33502-48-395524,6,174.0,5.1647859739235145,26.675014156437065
NKJ0B80CLPKH33516-48-394090,3,42.0,3.7612001156935624,14.146626310293268
NKJ0B80CLPKH34438-48-396156,1,0.0,0.0,0.0
NKJ0B80CLPKH34441,4,153.0,5.0369526024136295,25.370891518961436
NKJ0B80CLPKH36898-48-415189,6,187.0,5.236441962829949,27.42032443008637
NKJ0B80CPNKH30829-48-375564,4,156.0,5.056245805348308,25.565621644102357
NKJ0B80CPNKH31706-48-381585,4,83.0,4.430816798843313,19.632137504912105
NKJ0B80CPNKH31723-48-372596,3,64.0,4.174387269895637,17.42550907906675
NKJ0B80CPPKH33314-48-390547,4,10.0,2.3978952727983707,5.749901739308773
NKJ0B80CPPKH33488-48-394334,1,0.0,0.0,0.0
NKJ0B80CPPKH33491,2,0.0,0.0,0.0
NKJ0B80CPPKH33507-48-395670,1,38.0,3.6635616461296463,13.421683934992164
NKJ0B80CPPKH33510-48-395302,6,157.0,5.062595033026967,25.629868468429315
NKJ0B80CPPKH34429,4,218.0,5.389071729816501,29.042094109107413
NKJ0B80CPPKH34432,9,210.0,5.351858133476067,28.642385480853928
NKJ0B80CPPKH34446,8,75.0,4.330733340286331,18.755251264667603
NKJ0B80CPPKH36570-48-415186,2,50.0,3.9318256327243257,15.459252806148044
NKJ0B80CTNKH30814-40-372860,5,31.0,3.4657359027997265,12.011325347955035
NKJ0B80CTNKH30828-40-373100,2,97.0,4.584967478670572,21.021926780466785
NKJ0B80CTNKH30831-40-373290,5,181.0,5.204006687076795,27.081685599140002
NKJ0B80CTNKH31705-48-382378,4,132.0,4.890349128221754,23.915514595899268
NKJ0B80CTNKH31719-48-368042,2,4.0,1.6094379124341003,2.5902903939802346
NKJ0B80CTNKH31722-48-366994,5,245.0,5.5053315359323625,30.308675320531385
NKJ0B80CTNKH31865-48-383266,2,26.0,3.295836866004329,10.862540647313239
NKJ0B80CTNKH32725-40-389073,8,131.0,4.882801922586371,23.84175461521316
NKJ0B80CTNKH32742-40-385892,3,211.0,5.356586274672012,28.693016518004587
NKJ0B80CTPKH33313,2,0.0,0.0,0.0
NKJ0B80CTPKH33487-48-394089,2,35.0,3.58351893845611,12.841607982273604
NKJ0B80CTPKH33490-40-393767,3,36.0,3.6109179126442243,13.038728171854922
NKJ0B80CTPKH33506-48-395672,5,186.0,5.231108616854587,27.364497361330308
NKJ0B80CTPKH34431,4,0.0,0.0,0.0
NKJ0B80CTPKH34445-48-401595,7,215.0,5.375278407684165,28.893617960115616
NKJ0B80CVNKH30819,3,198.0,5.293304824724492,28.019075967451588
NKJ0B80CVNKH30822,4,53.0,3.9889840465642745,15.911993723744294
NKJ0B80CVNKH30836,1,27.0,3.332204510175204,11.10358689763197
NKJ0B80CVNKH31372-48-378809,2,52.0,3.970291913552122,15.76321787881737
NKJ0B80CVNKH31713-48-382549,4,26.0,3.295836866004329,10.862540647313239
NKJ0B80CVPKH33318-48-391967,4,139.0,4.941642422609304,24.41982983293195
NKJ0B80CVPKH33514-48-395671,4,218.0,5.389071729816501,29.042094109107413
NKJ0B80CVPKH34436,3,139.0,4.941642422609304,24.41982983293195
NKJ575SVAPKH34328,3,254.0,5.541263545158426,30.705601676901725
NKJ575SVEPKH34317-40-398463,2,66.0,4.204692619390966,17.67944002356086
NKJ575SVERKH40606,7,30.0,3.4339872044851463,11.79226812056771
NKJ575SVLRKH40330,2,45.0,3.828641396489095,14.658494942909968
NKJ575SVLRKH40702,3,28.0,3.367295829986474,11.338681206644297
NKJ575SVTPKH36443,1,164.0,5.10594547390058,26.070679182445822
NKJ575SVVPKH34330,4,94.0,4.553876891600541,20.737794743853403
NKJOB80CPNKH30815,4,255.0,5.545177444479562,30.74899289076489
S01739M-8011242,2,7.0,2.0794415416798357,4.324077125263812
S10517M-6098121,1,205.0,5.327876168789581,28.386264469955947
S10933M-8033571,7,75.0,4.330733340286331,18.755251264667603
S204478M-8075200,3,0.0,0.0,0.0
S204517M-8081188,3,0.0,0.0,0.0
S204518M-8081195,1,0.0,0.0,0.0
S204520M-8081184,2,0.0,0.0,0.0
S204521M,3,0.0,0.0,0.0
S204522M-8084311,1,0.0,0.0,0.0
S204523M-8084445,4,1.0,0.6931471805599453,0.4804530139182014
S204525M-8085282,1,0.0,0.0,0.0
S204526M-8085292,1,0.0,0.0,0.0
S204527M-8085298,2,0.0,0.0,0.0
S204529M-8085280,2,0.0,0.0,0.0
S204531M-8085693,1,0.0,0.0,0.0
S204532M-8085700,4,0.0,0.0,0.0
S204533M-8085698,5,44.0,3.8066624897703196,14.490679311024369
S204534M-8085871,3,3.0,1.3862943611198906,1.9218120556728056
S204535M,1,17.0,2.8903717578961645,8.354248898843764
S204536M-8085643,1,0.0,0.0,0.0
S204537M-8086055,3,9.0,2.302585092994046,5.301898110478399
S204538M,1,0.0,0.0,0.0
S204539M,3,0.0,0.0,0.0
S204540M,3,0.0,0.0,0.0
S204542M-8086384,1,0.0,0.0,0.0
S204543M,4,248.0,5.517452896464707,30.44228646470679
S204544M-8086517,4,34.0,3.5553480614894135,12.640499838336531
S204545M,3,0.0,0.0,0.0
S204546M-8085859,7,94.0,4.553876891600541,20.737794743853403
S204550M-8086386,2,0.0,0.0,0.0
S204551M-8086389,2,0.0,0.0,0.0
S204552M,7,80.0,4.394449154672439,19.311183373001313
S204554M-8088368,4,0.0,0.0,0.0
S204555M-8088373,2,0.0,0.0,0.0
S204556M-8088366,3,21.0,3.091042453358316,9.554543448463397
S204557M-8088372,1,0.0,0.0,0.0
S204558M-8088364,2,181.0,5.204006687076795,27.081685599140002
S204559M-8088599,6,710.0,6.566672429803241,43.121186800337995
S204560M-8088363,3,0.0,0.0,0.0
S204561M,3,8.0,2.1972245773362196,4.827795843250328
S204562M-8088375,2,0.0,0.0,0.0
S204563M-8088661,1,0.0,0.0,0.0
S204564M-8088644,2,0.0,0.0,0.0
S204565M,4,111.0,4.718498871295094,22.264231598413076
S204566M-8088658,1,0.0,0.0,0.0
S204567M-8088640,1,0.0,0.0,0.0
S204568M-8088654,2,0.0,0.0,0.0
S204569M-8088651,9,103.0,4.6443908991413725,21.570366824027207
S204570M-8089893,2,0.0,0.0,0.0
S204571M-8088653,4,116.0,4.762173934797756,22.678300585267145
S204572M,4,0.0,0.0,0.0
S204573M,3,4.0,1.6094379124341003,2.5902903939802346
S204574M,6,165.0,5.111987788356544,26.132419148306425
S204575M-8088595,3,0.0,0.0,0.0
S204576M-8088588,2,286.0,5.659482215759621,32.029738950499436
S204577M-8088585,3,46.0,3.8501476017100584,14.823636554953715
S204578M,6,6.0,1.9459101490553132,3.7865663081964716
S204579M,2,0.0,0.0,0.0
S204580M,11,236.0,5.4680601411351315,29.899681707070755
S204581M-8088594,3,21.0,3.091042453358316,9.554543448463397
S204582M-8088574,1,0.0,0.0,0.0
S204584M-8088577,1,0.0,0.0,0.0
S204585M-8088582,5,0.0,0.0,0.0
S204586M-8088596,1,0.0,0.0,0.0
S204587M-8088583,1,2.0,1.0986122886681096,1.2069489608125816
S204588M-8088371,1,0.0,0.0,0.0
S204589M-8088377,1,0.0,0.0,0.0
S204590M-8088648,1,0.0,0.0,0.0
S204591M-8089892,1,15.0,2.772588722239781,7.687248222691222
S204593M-8089754,2,0.0,0.0,0.0
S204594M,12,26.0,3.295836866004329,10.862540647313239
S204595M,9,94.0,4.553876891600541,20.737794743853403
S204596M,11,191.0,5.2574953720277815,27.64125758689354
S204597M-8089757,4,25.0,3.258096538021482,10.615193051067568
S204598M-8088667,1,0.0,0.0,0.0
S204600M-8087448,10,93.0,4.543294782270004,20.64152747860184
S204601M-8087449,4,28.0,3.367295829986474,11.338681206644297
S204602M-8094033,1,0.0,0.0,0.0
S204603M-8095801,2,0.0,0.0,0.0
S204604M-8095799,1,0.0,0.0,0.0
S204605M,3,0.0,0.0,0.0
S204606M-8095804,5,82.0,4.418840607796598,19.52615231711221
S204607M-8095795,8,39.0,3.6888794541139363,13.607831626983932
S204608M-8094015,4,0.0,0.0,0.0
S204609M-8095802,3,48.0,3.8918202981106265,15.146265232785886
S204610M,6,24.0,3.2188758248682006,10.361161575920939
S204611M,6,6.0,1.9459101490553132,3.7865663081964716
S204612M,4,20.0,3.044522437723423,9.269116873801375
S204614M,13,230.0,5.442417710521793,29.619910535801278
S204615M-8095805,3,0.0,0.0,0.0
S204616M-8097598,6,450.0,6.111467339502679,37.35003304180795
S204617M-8097547,2,0.0,0.0,0.0
S204618M-8097555,1,0.0,0.0,0.0
S204620M-8095797,1,0.0,0.0,0.0
S204621M-8094833,1,1.0,0.6931471805599453,0.4804530139182014
S204622M-8097604,3,0.0,0.0,0.0
S204623M,1,0.0,0.0,0.0
S204624M,3,0.0,0.0,0.0
S204625M-809708,1,0.0,0.0,0.0
S204626M-8095810,6,37.0,3.6375861597263857,13.232033069432955
S204627M-8097595,1,0.0,0.0,0.0
S204630M-8094839,1,0.0,0.0,0.0
S204631M,5,116.0,4.762173934797756,22.678300585267145
S204632M-8094836,2,0.0,0.0,0.0
S204633M-8095803,2,0.0,0.0,0.0
S204635M-8099642,7,163.0,5.099866427824199,26.008637581648355
S204636M-8099639,1,0.0,0.0,0.0
S204637M-8101305,4,0.0,0.0,0.0
S204638M-8095798,1,0.0,0.0,0.0
S204639M-8101302,6,118.0,4.77912349311153,22.84002136241055
S204640M,6,35.0,3.58351893845611,12.841607982273604
S204641M-8102393,2,0.0,0.0,0.0
S204642M,1,0.0,0.0,0.0
S204643M-8101303,1,0.0,0.0,0.0
S204644M,2,0.0,0.0,0.0
S204645M-8101299,2,0.0,0.0,0.0
S204646M-8101297,5,495.0,6.206575926724928,38.5215847342014
S204647M-8101294,3,0.0,0.0,0.0
S204648M-8101295,4,0.0,0.0,0.0
S204649M-8102843,4,0.0,0.0,0.0
S204650M,5,36.0,3.6109179126442243,13.038728171854922
S204651M-8102844,4,348.0,5.855071922202427,34.28186721416322
S204652M-8105225,2,0.0,0.0,0.0
S204653M-8105232,1,0.0,0.0,0.0
S204654M-8105234,2,0.0,0.0,0.0
S204655M-8105356,5,340.0,5.831882477283517,34.01085322884653
S204656M-8105236,3,75.0,4.330733340286331,18.755251264667603
S204657M-8105217,2,41.0,3.7376696182833684,13.97017417543854
S204658M,11,140.0,4.948759890378168,24.49022445261574
S204659M-8105226,6,61.0,4.127134385045092,17.033238232221528
S204660M-8103420,2,0.0,0.0,0.0
S204662M-8102822,5,0.0,0.0,0.0
S204663M-8103414,3,16.0,2.833213344056216,8.027097852938207
S204664M-8103405,4,0.0,0.0,0.0
S204665M-8103418,1,0.0,0.0,0.0
S204666M-8103422,4,0.0,0.0,0.0
S204667M-8103413,3,0.0,0.0,0.0
S204668M-8097611,3,18.0,2.9444389791664403,8.669720902034708
S204669M-8102850,3,45.0,3.828641396489095,14.658494942909968
S204670M-8102848,1,0.0,0.0,0.0
S204671M-8102847,3,0.0,0.0,0.0
S204673M,11,41.0,3.7376696182833684,13.97017417543854
S204674M,10,207.0,5.337538079701318,28.489312752261633
S204675M,4,60.0,4.110873864173311,16.899283927143212
S204677M-8101677,7,70.0,4.2626798770413155,18.170439734132966
S204678M-8101691,4,0.0,0.0,0.0
S204679M-8101688,7,77.0,4.356708826689592,18.980911800555
S204680M-8101685,5,0.0,0.0,0.0
S204681M,3,3.0,1.3862943611198906,1.9218120556728056
S204682M,7,199.0,5.298317366548036,28.072166916664518
S204683M,2,0.0,0.0,0.0
S204685M,4,28.0,3.367295829986474,11.338681206644297
S204687M-8102106,2,0.0,0.0,0.0
S204689M,3,0.0,0.0,0.0
S204690M-8101863,12,223.0,5.4116460518550396,29.285912990558238
S204691M-8101711,6,9.0,2.302585092994046,5.301898110478399
S204692M-8101864,1,0.0,0.0,0.0
S204693M,4,134.0,4.90527477843843,24.061720651984185
S204694M-8107272,4,11.0,2.4849066497880004,6.174761058160624
S204695M-8106012,1,0.0,0.0,0.0
S204696M-8105990,7,90.0,4.51085950651685,20.34785348753344
S204697M-8105996,5,0.0,0.0,0.0
S204698M-8106292,2,127.0,4.852030263919617,23.542197681991865
S204699M-8106346,1,0.0,0.0,0.0
S204701M-8106352,6,0.0,0.0,0.0
S204702M-8106006,3,33.0,3.5263605246161616,12.43521854957117
S204703M-8105978,5,0.0,0.0,0.0
S204704M-8106005,2,0.0,0.0,0.0
S204705M-8107259,7,382.0,5.948034989180646,35.3791202325172
S204706M-8108213,4,224.0,5.41610040220442,29.334143566758883
S204707M-8108208,6,122.0,4.812184355372417,23.157118270091047
S204708M-8107281,2,0.0,0.0,0.0
S204709M-8107256,1,0.0,0.0,0.0
S204710M-8107253,4,0.0,0.0,0.0
S204711M-8107270,5,24.0,3.2188758248682006,10.361161575920939
S204712M-8107262,1,0.0,0.0,0.0
S204713M-8108695,6,0.0,0.0,0.0
S204714M-8108779,4,128.0,4.859812404361672,23.617776605587576
S204715M-8108778,7,194.0,5.272999558563747,27.80452434461347
S204716M-8108780,5,21.0,3.091042453358316,9.554543448463397
S204719M-8108687,2,13.0,2.639057329615259,6.964623588996021
S204720M-8108770,6,0.0,0.0,0.0
S204721M-8108769,1,52.0,3.970291913552122,15.76321787881737
S204722M,8,46.0,3.8501476017100584,14.823636554953715
S204724M-8108685,6,2.0,1.0986122886681096,1.2069489608125816
S204725M-8108698,5,245.0,5.5053315359323625,30.308675320531385
S204726M-8108703,9,213.0,5.365976015021851,28.793698593789784
S204727M-8108701,4,9.0,2.302585092994046,5.301898110478399
S204728M-8108702,1,0.0,0.0,0.0
S204729M-8113321,1,0.0,0.0,0.0
S204730M-8108699,1,0.0,0.0,0.0
S204732M-8113309,1,0.0,0.0,0.0
S204733M-8113300,2,0.0,0.0,0.0
S204734M-8113311,1,0.0,0.0,0.0
S204735M-8109803,3,0.0,0.0,0.0
S204736M-8109807,7,0.0,0.0,0.0
S204737M-8109797,1,0.0,0.0,0.0
S204738M-8109780,3,38.0,3.6635616461296463,13.421683934992164
S204739M-8109014,6,155.0,5.049856007249537,25.501045693954236
S204740M-8110618,8,0.0,0.0,0.0
S204742M-8113299,3,132.0,4.890349128221754,23.915514595899268
S204743M-8113315,3,0.0,0.0,0.0
S204744M-8113308,1,18.0,2.9444389791664403,8.669720902034708
S204746M-8114348,4,71.0,4.276666119016055,18.28987309353985
S204747M,4,241.0,5.488937726156687,30.128437361626137
S204748M-8114116,3,52.0,3.970291913552122,15.76321787881737
S204749M-8114114,7,100.0,4.61512051684126,21.299337384969135
S204751M-8114345,2,17.0,2.8903717578961645,8.354248898843764
S204752M-8116086,2,20.0,3.044522437723423,9.269116873801375
S204753M-8116076,2,5.0,1.791759469228055,3.210401995568401
S204754M-8114110,3,94.0,4.553876891600541,20.737794743853403
S204755M-8114124,5,221.0,5.402677381872279,29.188922892594306
S204756M-8116083,4,162.0,5.093750200806762,25.946291108218933
S204758M-8116087,3,123.0,4.820281565605037,23.23511437171175
S204759M-8109011,1,0.0,0.0,0.0
S204760M-8116192,1,42.0,3.7612001156935624,14.146626310293268
S204761M-8114140,3,199.0,5.298317366548036,28.072166916664518
S204762M-8114355,5,119.0,4.787491742782046,22.92007718720627
S204764M-8114004,2,31.0,3.4657359027997265,12.011325347955035
S204765M-8113317,1,0.0,0.0,0.0
S204766M-8114000,1,50.0,3.9318256327243257,15.459252806148044
S204767M-8116089,1,0.0,0.0,0.0
S204768M-8117800,1,18.0,2.9444389791664403,8.669720902034708
S204769M-8117798,2,0.0,0.0,0.0
S204770M-8117608,2,17.0,2.8903717578961645,8.354248898843764
S204771M-8117797,2,111.0,4.718498871295094,22.264231598413076
S204772M-8119184,2,32.0,3.4965075614664802,12.225565127392272
S204773M-8119180,6,85.0,4.454347296253507,19.84120983564093
S204774M-8119222,1,0.0,0.0,0.0
S204775M-8118078,3,30.0,3.4339872044851463,11.79226812056771
S204776M-8118079,1,8.0,2.1972245773362196,4.827795843250328
S204777M-8117789,1,0.0,0.0,0.0
S204778M-8118087,1,0.0,0.0,0.0
S204779M-8118085,5,196.0,5.2832037287379885,27.912241639350984
S204780M-8117603,17,168.0,5.1298987149230735,26.315860825369402
S204781M-8117601,1,0.0,0.0,0.0
S204782M-8118081,5,48.0,3.8918202981106265,15.146265232785886
S204783M-8117473,1,22.0,3.1354942159291497,9.831323978125154
S204784M-8117470,10,202.0,5.313205979041787,28.230157775725395
S204785M-8117471,1,0.0,0.0,0.0
S204786M-8117605,2,6.0,1.9459101490553132,3.7865663081964716
S204787M-8117597,1,48.0,3.8918202981106265,15.146265232785886
S204788M-8114120,1,0.0,0.0,0.0
S204789M-8116186,9,238.0,5.476463551931511,29.9916530356343
S204790M-8114137,2,60.0,4.110873864173311,16.899283927143212
S204791M-8118083,2,8.0,2.1972245773362196,4.827795843250328
S204793M-8117613,7,62.0,4.143134726391533,17.16556536103144
S204794M-8117796,1,21.0,3.091042453358316,9.554543448463397
S204796M-8117607,2,4.0,1.6094379124341003,2.5902903939802346
S204797M-8117791,2,44.0,3.8066624897703196,14.490679311024369
S204798M-8117795,6,143.0,4.969813299576001,24.699044232642496
S204799M-8122379,4,188.0,5.241747015059643,27.47591176988667
S204800M-8122385,2,21.0,3.091042453358316,9.554543448463397
S204801M-8122378,8,171.0,5.147494476813453,26.496699388825
S204802M-8122001,1,8.0,2.1972245773362196,4.827795843250328
S204803M-8122203,3,18.0,2.9444389791664403,8.669720902034708
S204804M-8123650,2,15.0,2.772588722239781,7.687248222691222
S204805M-8123655,3,0.0,0.0,0.0
S204806M-8123671,2,49.0,3.912023005428146,15.303923994999064
S204807M-8123666,1,0.0,0.0,0.0
S204808M-8123669,2,0.0,0.0,0.0
S204809M-8123674,6,44.0,3.8066624897703196,14.490679311024369
S204810M-8123233,2,0.0,0.0,0.0
S204811M-8123231,4,158.0,5.0689042022202315,25.69378981128592
S204812M-8123224,4,11.0,2.4849066497880004,6.174761058160624
S204813M-8123227,4,33.0,3.5263605246161616,12.43521854957117
S204814M-8123232,4,1.0,0.6931471805599453,0.4804530139182014
S204815M-8123229,1,0.0,0.0,0.0
S204816M-8130286,1,0.0,0.0,0.0
S204817M-8123230,15,183.0,5.214935757608986,27.195554955988808
S204818M-8122571,2,9.0,2.302585092994046,5.301898110478399
S204819M-8122573,1,0.0,0.0,0.0
S204820M-8122578,2,2.0,1.0986122886681096,1.2069489608125816
S204821M-8130288,8,118.0,4.77912349311153,22.84002136241055
S204822M-8130289,4,116.0,4.762173934797756,22.678300585267145
S204823M-6304248,2,0.0,0.0,0.0
S204824M-6304215,2,17.0,2.8903717578961645,8.354248898843764
S204826M-6303649,2,27.0,3.332204510175204,11.10358689763197
S204827M-6303650,3,0.0,0.0,0.0
S204830M-6304481,1,0.0,0.0,0.0
S204831M-6304585,2,0.0,0.0,0.0
S204832M-6304587,1,0.0,0.0,0.0
S204833M-6304586,2,0.0,0.0,0.0
S204834M-6304584,2,14.0,2.70805020110221,7.333535891689721
S204838M-6308501,2,8.0,2.1972245773362196,4.827795843250328
S204845M-6307854,2,0.0,0.0,0.0
S204846M-6307851,1,0.0,0.0,0.0
S204847M-6307990,1,0.0,0.0,0.0
S204848M-6307992,1,0.0,0.0,0.0
S204853M-6307948,1,0.0,0.0,0.0
S204854M-6307989,5,1.0,0.6931471805599453,0.4804530139182014
S22892M,3,0.0,0.0,0.0
S24382M-8064035,4,87.0,4.477336814478207,20.046544950281856
S24436M-8070485,3,0.0,0.0,0.0
S306107M-8072192,3,230.0,5.442417710521793,29.619910535801278
S306126M-8077190,6,138.0,4.9344739331306915,24.349032996746278
S306127M-8077195,1,0.0,0.0,0.0
S306128M-8077189,5,0.0,0.0,0.0
S306129M-8077196,1,0.0,0.0,0.0
S306147M-8077530,5,3.0,1.3862943611198906,1.9218120556728056
S306160M,2,0.0,0.0,0.0
S306174M,4,59.0,4.0943445622221,16.763657394197683
S306175M,4,0.0,0.0,0.0
S306177M,4,0.0,0.0,0.0
S306180M-8081184,3,13.0,2.639057329615259,6.964623588996021
S306181M,6,33.0,3.5263605246161616,12.43521854957117
S306183M,2,8.0,2.1972245773362196,4.827795843250328
S306184M,5,33.0,3.5263605246161616,12.43521854957117
S306185M-8084450,3,0.0,0.0,0.0
S306186M-8084448,2,0.0,0.0,0.0
S306187M-8084312,1,0.0,0.0,0.0
S306188M-8084443,2,0.0,0.0,0.0
S306189M-8084447,2,0.0,0.0,0.0
S306191M-8084444,1,0.0,0.0,0.0
S306192M-8084313,1,0.0,0.0,0.0
S306193M-8084449,2,0.0,0.0,0.0
S306194M,5,0.0,0.0,0.0
S306195M-8085279,6,140.0,4.948759890378168,24.49022445261574
S306196M-8085276,2,0.0,0.0,0.0
S306198M-8085278,3,2.0,1.0986122886681096,1.2069489608125816
S306200M,7,92.0,4.532599493153256,20.544458165333154
S306201M-8085286,3,0.0,0.0,0.0
S306202M,9,235.0,5.4638318050256105,29.85345799360942
S306203M-8085284,2,0.0,0.0,0.0
S306204M-8085277,7,0.0,0.0,0.0
S306207M,3,23.0,3.1780538303479458,10.100026148589249
S306208M,3,0.0,0.0,0.0
S306209M-8085695,1,0.0,0.0,0.0
S306210M-8085857,3,0.0,0.0,0.0
S306211M-8085863,1,0.0,0.0,0.0
S306213M-8085637,2,0.0,0.0,0.0
S306214M-8085636,4,46.0,3.8501476017100584,14.823636554953715
S306215M-8085641,1,0.0,0.0,0.0
S306216M-8085642,6,5.0,1.791759469228055,3.210401995568401
S306217M-8085640,5,0.0,0.0,0.0
S306218M,4,0.0,0.0,0.0
S306219M,2,0.0,0.0,0.0
S306220M,7,82.0,4.418840607796598,19.52615231711221
S306221M-8085386,5,0.0,0.0,0.0
S306223M-8085383,1,0.0,0.0,0.0
S306224M-8086056,5,0.0,0.0,0.0
S306225M,9,18.0,2.9444389791664403,8.669720902034708
S306226M-8086387,8,876.0,6.776506992372183,45.92104701766909
S306227M-8086516,8,202.0,5.313205979041787,28.230157775725395
S306228M-8085858,2,0.0,0.0,0.0
S306229M-8085853,6,33.0,3.5263605246161616,12.43521854957117
S306230M-8085864,2,0.0,0.0,0.0
S306231M,7,12.0,2.5649493574615367,6.5789652063423505
S306232M,4,49.0,3.912023005428146,15.303923994999064
S306233M-8086515,5,50.0,3.9318256327243257,15.459252806148044
S306234M-8085294,1,0.0,0.0,0.0
S306235M-8086196,8,14.0,2.70805020110221,7.333535891689721
S306236M-8086195,8,0.0,0.0,0.0
S306238M-8089595,4,12.0,2.5649493574615367,6.5789652063423505
S306239M-8089596,2,0.0,0.0,0.0
S306240M-8087453,1,0.0,0.0,0.0
S306241M-8087454,1,1.0,0.6931471805599453,0.4804530139182014
S306242M-8086838,5,103.0,4.6443908991413725,21.570366824027207
S306243M-8086844,6,161.0,5.087596335232384,25.88363647026998
S306245M-8087457,6,20.0,3.044522437723423,9.269116873801375
S306247M,4,0.0,0.0,0.0
S306249M-8089611,3,0.0,0.0,0.0
S306250M-8089603,10,259.0,5.560681631015528,30.921180201513508
S306252M-8089606,2,17.0,2.8903717578961645,8.354248898843764
S306253M,3,300.0,5.707110264748875,32.57110757400198
S306254M,7,25.0,3.258096538021482,10.615193051067568
S306255M-8087442,2,0.0,0.0,0.0
S306256M-8087446,1,0.0,0.0,0.0
S306257M-8087445,3,15.0,2.772588722239781,7.687248222691222
S306258M-8087487,3,147.0,4.997212273764115,24.97213050905871
S306260M,4,35.0,3.58351893845611,12.841607982273604
S306261M-8087488,1,0.0,0.0,0.0
S306263M-8086511,2,11.0,2.4849066497880004,6.174761058160624
S306267M,3,105.0,4.663439094112067,21.747664184492777
S306268M,3,70.0,4.2626798770413155,18.170439734132966
S306269M,4,9.0,2.302585092994046,5.301898110478399
S306270M-8086845,1,0.0,0.0,0.0
S306271M-8087344,4,80.0,4.394449154672439,19.311183373001313
S306272M-8087346,3,6.0,1.9459101490553132,3.7865663081964716
S306273M-8087347,5,70.0,4.2626798770413155,18.170439734132966
S306275M-8089770,2,0.0,0.0,0.0
S306278M,1,0.0,0.0,0.0
S306279M-8089773,1,0.0,0.0,0.0
S306280M-8089610,3,0.0,0.0,0.0
S306282M-8089602,6,69.0,4.248495242049359,18.049711821716045
S306283M,7,116.0,4.762173934797756,22.678300585267145
S306284M-8089747,1,0.0,0.0,0.0
S306285M,1,0.0,0.0,0.0
S306286M-8089751,4,46.0,3.8501476017100584,14.823636554953715
S306287M,2,8.0,2.1972245773362196,4.827795843250328
S306288M-8089776,6,28.0,3.367295829986474,11.338681206644297
S306290M-8089741,2,0.0,0.0,0.0
S306291M,1,0.0,0.0,0.0
S306292M,4,148.0,5.003946305945459,25.039478632785208
S306293M-8086837,7,306.0,5.726847747587197,32.79678512404455
S306294M-8089779,6,221.0,5.402677381872279,29.188922892594306
S306296M-8089784,1,0.0,0.0,0.0
S306297M-8089778,2,0.0,0.0,0.0
S306298M-8089525,5,52.0,3.970291913552122,15.76321787881737
S306299M-8088636,1,0.0,0.0,0.0
S306300M-8089526,2,0.0,0.0,0.0
S306301M-8088670,8,47.0,3.8712010109078907,14.986197266854274
S306302M-8088669,5,41.0,3.7376696182833684,13.97017417543854
S306303M-8088656,5,169.0,5.135798437050262,26.376425586007915
S306305M,1,0.0,0.0,0.0
S306306M,4,160.0,5.081404364984463,25.820670320483156
S306307M,2,3.0,1.3862943611198906,1.9218120556728056
S306308M-8089744,5,4.0,1.6094379124341003,2.5902903939802346
S306309M,1,0.0,0.0,0.0
S306310M,5,49.0,3.912023005428146,15.303923994999064
S306311M,5,70.0,4.2626798770413155,18.170439734132966
S306312M,4,56.0,4.04305126783455,16.346263554338563
S306313M-8089782,3,2.0,1.0986122886681096,1.2069489608125816
S306314M-8087455,2,0.0,0.0,0.0
S306315M,1,0.0,0.0,0.0
S306316M-8089758,1,29.0,3.4011973816621555,11.568143629025503
S306317M,5,258.0,5.556828061699537,30.878338107291437
S306318M-8089769,1,0.0,0.0,0.0
S306319M-8089764,7,188.0,5.241747015059643,27.47591176988667
S306320M-8089614,1,0.0,0.0,0.0
S306321M-8089616,3,0.0,0.0,0.0
S306322M-8089619,1,0.0,0.0,0.0
S306324M,3,131.0,4.882801922586371,23.84175461521316
S306326M-8088579,5,237.0,5.472270673671475,29.94574632592486
S306327M,8,119.0,4.787491742782046,22.92007718720627
S306328M,5,31.0,3.4657359027997265,12.011325347955035
S306329M,3,0.0,0.0,0.0
S306330M,6,63.0,4.1588830833596715,17.296308501055247
S306331M,6,87.0,4.477336814478207,20.046544950281856
S306332M,4,0.0,0.0,0.0
S306333M,5,171.0,5.147494476813453,26.496699388825
S306334M,4,1.0,0.6931471805599453,0.4804530139182014
S306335M,2,0.0,0.0,0.0
S306336M,1,0.0,0.0,0.0
S306337M,1,0.0,0.0,0.0
S306338M,4,52.0,3.970291913552122,15.76321787881737
S306339M,3,0.0,0.0,0.0
S306340M,6,32.0,3.4965075614664802,12.225565127392272
S306341M,5,4.0,1.6094379124341003,2.5902903939802346
S306342M-8091406,4,1.0,0.6931471805599453,0.4804530139182014
S306343M,1,0.0,0.0,0.0
S306344M,4,0.0,0.0,0.0
S306345M-8091409,6,48.0,3.8918202981106265,15.146265232785886
S306346M-8091407,2,0.0,0.0,0.0
S306347M-8091408,2,1.0,0.6931471805599453,0.4804530139182014
S306349M-8089601,1,0.0,0.0,0.0
S306350M-8089622,5,22.0,3.1354942159291497,9.831323978125154
S306351M-8089618,1,21.0,3.091042453358316,9.554543448463397
S306352M-8089594,1,0.0,0.0,0.0
S306353M,4,49.0,3.912023005428146,15.303923994999064
S306354M-8089600,5,90.0,4.51085950651685,20.34785348753344
S306355M-8088652,4,3.0,1.3862943611198906,1.9218120556728056
S306356M,7,93.0,4.543294782270004,20.64152747860184
S306357M,1,93.0,4.543294782270004,20.64152747860184
S306358M-8089739,1,0.0,0.0,0.0
S306359M,1,0.0,0.0,0.0
S306360M-8089738,5,0.0,0.0,0.0
S306361M,4,1.0,0.6931471805599453,0.4804530139182014
S306362M,5,106.0,4.672828834461906,21.835329316178612
S306363M-8089891,3,37.0,3.6375861597263857,13.232033069432955
S306364M-8089885,4,0.0,0.0,0.0
S306365M,6,182.0,5.209486152841421,27.13874597664651
S306366M-8089888,2,0.0,0.0,0.0
S306367M-8089887,2,68.0,4.23410650459726,17.927657892272823
S306369M-8088663,5,39.0,3.6888794541139363,13.607831626983932
S306370M-8088659,3,0.0,0.0,0.0
S306371M-8088645,2,0.0,0.0,0.0
S306372M,4,110.0,4.709530201312334,22.17967471707299
S306373M,1,0.0,0.0,0.0
S306374M-8085867,1,0.0,0.0,0.0
S306375M,5,0.0,0.0,0.0
S306376M-8085855,3,5.0,1.791759469228055,3.210401995568401
S306377M-8085861,4,0.0,0.0,0.0
S306378M,9,131.0,4.882801922586371,23.84175461521316
S306379M,10,107.0,4.68213122712422,21.922352828011753
S306380M-8088646,2,0.0,0.0,0.0
S306381M-8088580,1,0.0,0.0,0.0
S306382M-8088657,3,308.0,5.733341276897746,32.871202197379475
S306384M,9,253.0,5.537334267018537,30.662070784697715
S306385M-8093917,2,23.0,3.1780538303479458,10.100026148589249
S306386M-8093915,3,0.0,0.0,0.0
S306387M,6,0.0,0.0,0.0
S306388M-8093918,3,0.0,0.0,0.0
S306389M-8093912,3,0.0,0.0,0.0
S306390M-8094019,3,98.0,4.59511985013459,21.115126437100933
S306391M,3,49.0,3.912023005428146,15.303923994999064
S306392M-8093809,4,78.0,4.3694478524670215,19.092074535428665
S306393M-8094670,6,1.0,0.6931471805599453,0.4804530139182014
S306394M-8094672,4,41.0,3.7376696182833684,13.97017417543854
S306395M-8094680,2,31.0,3.4657359027997265,12.011325347955035
S306396M-8094034,5,253.0,5.537334267018537,30.662070784697715
S306397M-8094671,2,56.0,4.04305126783455,16.346263554338563
S306398M-8094679,7,181.0,5.204006687076795,27.081685599140002
S306399M-8094669,1,0.0,0.0,0.0
S306400M-8094675,5,861.0,6.759255270663693,45.68753181399491
S306402M-8093800,7,226.0,5.424950017481403,29.430082692171474
S306403M-8093802,1,0.0,0.0,0.0
S306404M-8093807,6,78.0,4.3694478524670215,19.092074535428665
S306405M-8093798,1,0.0,0.0,0.0
S306406M,7,21.0,3.091042453358316,9.554543448463397
S306408M-8093817,3,23.0,3.1780538303479458,10.100026148589249
S306411M,2,0.0,0.0,0.0
S306412M-8094831,4,13.0,2.639057329615259,6.964623588996021
S306413M-8094840,2,0.0,0.0,0.0
S306414M,9,235.0,5.4638318050256105,29.85345799360942
S306415M-8094830,3,173.0,5.159055299214529,26.615851580353514
S306417M-8093466,10,100.0,4.61512051684126,21.299337384969135
S306418M-8093465,10,63.0,4.1588830833596715,17.296308501055247
S306419M-8093468,2,63.0,4.1588830833596715,17.296308501055247
S306420M-8093914,4,69.0,4.248495242049359,18.049711821716045
S306422M-8093916,8,78.0,4.3694478524670215,19.092074535428665
S306424M-8094673,1,0.0,0.0,0.0
S306425M-8094674,1,0.0,0.0,0.0
S306426M,1,0.0,0.0,0.0
S306428M-8093812,5,219.0,5.393627546352361,29.091218108770992
S306430M-8093815,7,121.0,4.804021044733257,23.07861819824001
S306433M-8094668,1,0.0,0.0,0.0
S306435M-8094832,8,50.0,3.9318256327243257,15.459252806148044
S306436M,1,0.0,0.0,0.0
S306437M,2,0.0,0.0,0.0
S306438M,2,0.0,0.0,0.0
S306439M-8094825,7,248.0,5.517452896464707,30.44228646470679
S306440M,3,34.0,3.5553480614894135,12.640499838336531
S306441M-8094038,4,16.0,2.833213344056216,8.027097852938207
S306442M,4,105.0,4.663439094112067,21.747664184492777
S306443M-8097558,2,0.0,0.0,0.0
S306444M-8097577,2,0.0,0.0,0.0
S306445M-8097548,3,0.0,0.0,0.0
S306446M-8097560,1,0.0,0.0,0.0
S306447M,2,0.0,0.0,0.0
S306448M-8097562,4,54.0,4.007333185232471,16.058719257465423
S306449M-8097588,2,15.0,2.772588722239781,7.687248222691222
S306450M-8099638,2,57.0,4.060443010546419,16.48719744189527
S306451M,8,76.0,4.343805421853684,18.868645542925464
S306453M-8097593,2,0.0,0.0,0.0
S306454M,2,0.0,0.0,0.0
S306455M,3,31.0,3.4657359027997265,12.011325347955035
S306456M,3,30.0,3.4339872044851463,11.79226812056771
S306457M-8097579,3,0.0,0.0,0.0
S306458M-8097609,1,0.0,0.0,0.0
S306459M-8097551,2,13.0,2.639057329615259,6.964623588996021
S306460M-8097584,1,0.0,0.0,0.0
S306461M,3,0.0,0.0,0.0
S306462M,5,45.0,3.828641396489095,14.658494942909968
S306463M-8097546,9,125.0,4.836281906951478,23.389622683506225
S306464M-8097554,1,181.0,5.204006687076795,27.081685599140002
S306465M-8097590,1,0.0,0.0,0.0
S306466M-8095806,3,0.0,0.0,0.0
S306467M-8097597,2,0.0,0.0,0.0
S306468M-8097557,1,0.0,0.0,0.0
S306469M-8097578,1,0.0,0.0,0.0
S306470M-8097561,2,0.0,0.0,0.0
S306471M,6,153.0,5.0369526024136295,25.370891518961436
S306472M,4,1.0,0.6931471805599453,0.4804530139182014
S306473M-8097553,4,20.0,3.044522437723423,9.269116873801375
S306474M-8097607,2,0.0,0.0,0.0
S306475M-8095808,4,11.0,2.4849066497880004,6.174761058160624
S306476M-8097601,2,0.0,0.0,0.0
S306477M-8097559,1,0.0,0.0,0.0
S306478M,5,89.0,4.499809670330265,20.24828706919777
S306479M,7,30.0,3.4339872044851463,11.79226812056771
S306480M,3,13.0,2.639057329615259,6.964623588996021
S306481M,4,154.0,5.043425116919247,25.436136909971918
S306482M-8099632,2,11.0,2.4849066497880004,6.174761058160624
S306483M-8099637,8,66.0,4.204692619390966,17.67944002356086
S306484M-8099634,11,45.0,3.828641396489095,14.658494942909968
S306485M-8099629,2,0.0,0.0,0.0
S306486M,2,0.0,0.0,0.0
S306488M,3,0.0,0.0,0.0
S306489M-8099633,4,54.0,4.007333185232471,16.058719257465423
S306492M,3,3.0,1.3862943611198906,1.9218120556728056
S306493M,3,0.0,0.0,0.0
S306494M-8101300,8,0.0,0.0,0.0
S306495M-8099630,6,25.0,3.258096538021482,10.615193051067568
S306496M-8102117,2,0.0,0.0,0.0
S306497M-8102109,9,0.0,0.0,0.0
S306499M-8102118,5,0.0,0.0,0.0
S306500M-8102845,2,0.0,0.0,0.0
S306501M-8102826,2,0.0,0.0,0.0
S306502M-8102839,1,0.0,0.0,0.0
S306503M-8102832,7,28.0,3.367295829986474,11.338681206644297
S306504M-8102838,1,0.0,0.0,0.0
S306505M-8102831,1,1.0,0.6931471805599453,0.4804530139182014
S306506M-8103407,6,0.0,0.0,0.0
S306507M-8103425,5,57.0,4.060443010546419,16.48719744189527
S306508M,13,227.0,5.429345628954441,29.477793958646696
S306510M-8103419,7,0.0,0.0,0.0
S306511M-8097594,8,150.0,5.017279836814924,25.173096960909593
S306512M-8103408,8,177.0,5.181783550292085,26.850880762077644
S306513M-8103415,9,74.0,4.31748811353631,18.640703610527325
S306514M,1,0.0,0.0,0.0
S306515M-8102836,6,0.0,0.0,0.0
S306516M-8102837,4,0.0,0.0,0.0
S306517M-8102840,1,9.0,2.302585092994046,5.301898110478399
S306518M,9,81.0,4.406719247264253,19.41917452420923
S306519M-8105239,7,62.0,4.143134726391533,17.16556536103144
S306520M-8103417,3,0.0,0.0,0.0
S306522M-8103411,5,4.0,1.6094379124341003,2.5902903939802346
S306523M-8103406,6,12.0,2.5649493574615367,6.5789652063423505
S306524M-8104603,9,90.0,4.51085950651685,20.34785348753344
S306525M-8104601,9,66.0,4.204692619390966,17.67944002356086
S306526M-8103412,3,1.0,0.6931471805599453,0.4804530139182014
S306527M-8104602,5,0.0,0.0,0.0
S306528M-8104604,5,60.0,4.110873864173311,16.899283927143212
S306529M-8105354,4,0.0,0.0,0.0
S306530M-8105355,6,255.0,5.545177444479562,30.74899289076489
S306531M-8105361,1,0.0,0.0,0.0
S306532M-8105359,6,24.0,3.2188758248682006,10.361161575920939
S306533M-8105233,3,0.0,0.0,0.0
S306534M-8105218,4,0.0,0.0,0.0
S306535M,2,0.0,0.0,0.0
S306536M,4,25.0,3.258096538021482,10.615193051067568
S306537M-8105357,5,165.0,5.111987788356544,26.132419148306425
S306538M-8105242,5,0.0,0.0,0.0
S306539M,4,83.0,4.430816798843313,19.632137504912105
S306540M-8105228,7,54.0,4.007333185232471,16.058719257465423
S306541M-8105358,4,82.0,4.418840607796598,19.52615231711221
S306542M-8105241,2,0.0,0.0,0.0
S306543M,3,0.0,0.0,0.0
S306544M-8101710,1,0.0,0.0,0.0
S306545M-8101713,5,0.0,0.0,0.0
S306546M-8101692,2,0.0,0.0,0.0
S306547M-8099650,2,0.0,0.0,0.0
S306548M-8105215,1,0.0,0.0,0.0
S306549M-8105219,5,29.0,3.4011973816621555,11.568143629025503
S306550M-8105222,2,0.0,0.0,0.0
S306551M-8105223,4,0.0,0.0,0.0
S306552M-8105231,7,58.0,4.07753744390572,16.62631160645319
S306553M-8105216,1,0.0,0.0,0.0
S306554M-8105220,1,0.0,0.0,0.0
S306555M-8101869,2,0.0,0.0,0.0
S306556M-8105214,3,57.0,4.060443010546419,16.48719744189527
S306558M-8105224,2,0.0,0.0,0.0
S306559M-8102821,3,85.0,4.454347296253507,19.84120983564093
S306560M-8102824,7,32.0,3.4965075614664802,12.225565127392272
S306561M-8102849,7,0.0,0.0,0.0
S306562M-8102825,9,0.0,0.0,0.0
S306563M-8102842,2,0.0,0.0,0.0
S306564M-8103409,2,6.0,1.9459101490553132,3.7865663081964716
S306565M-8102823,1,0.0,0.0,0.0
S306566M-8103423,1,0.0,0.0,0.0
S306568M-8103424,3,0.0,0.0,0.0
S306569M-8101867,2,0.0,0.0,0.0
S306570M-8101862,2,0.0,0.0,0.0
S306571M-8099647,1,6.0,1.9459101490553132,3.7865663081964716
S306572M-8101693,1,0.0,0.0,0.0
S306573M-8101700,5,36.0,3.6109179126442243,13.038728171854922
S306574M-8099648,4,43.0,3.784189633918261,14.320091185454423
S306575M-8102112,3,0.0,0.0,0.0
S306576M-8102110,6,9.0,2.302585092994046,5.301898110478399
S306577M-8101871,2,0.0,0.0,0.0
S306578M-8101865,2,0.0,0.0,0.0
S306579M-8101712,3,22.0,3.1354942159291497,9.831323978125154
S306580M-8101870,4,0.0,0.0,0.0
S306581M-8107276,1,0.0,0.0,0.0
S306582M-8107283,3,0.0,0.0,0.0
S306585M-8101701,3,0.0,0.0,0.0
S306586M,4,73.0,4.304065093204169,18.524976326538614
S306587M-8107257,3,0.0,0.0,0.0
S306588M-8108485,5,0.0,0.0,0.0
S306589M-8108489,7,93.0,4.543294782270004,20.64152747860184
S306590M-8108482,1,0.0,0.0,0.0
S306592M-8108486,2,0.0,0.0,0.0
S306593M-8108484,7,55.0,4.02535169073515,16.203456234104326
S306594M-8108483,3,55.0,4.02535169073515,16.203456234104326
S306595M-8108481,4,0.0,0.0,0.0
S306596M-8108487,1,0.0,0.0,0.0
S306597M-8105985,3,0.0,0.0,0.0
S306598M-8108490,1,0.0,0.0,0.0
S306599M-8106276,5,25.0,3.258096538021482,10.615193051067568
S306601M-8106296,4,0.0,0.0,0.0
S306604M-8106279,1,0.0,0.0,0.0
S306605M-8106294,2,0.0,0.0,0.0
S306606M-8108192,1,0.0,0.0,0.0
S306607M-8102102,5,23.0,3.1780538303479458,10.100026148589249
S306608M-8102104,3,0.0,0.0,0.0
S306609M-8102099,8,190.0,5.25227342804663,27.586376162964697
S306610M-8102100,2,61.0,4.127134385045092,17.033238232221528
S306611M-8105975,2,0.0,0.0,0.0
S306614M-8105977,1,1.0,0.6931471805599453,0.4804530139182014
S306615M-8101694,2,5.0,1.791759469228055,3.210401995568401
S306616M-8101686,1,80.0,4.394449154672439,19.311183373001313
S306617M-8101689,8,19.0,2.995732273553991,8.974411854812963
S306618M-8101704,7,5.0,1.791759469228055,3.210401995568401
S306619M-8108201,6,117.0,4.770684624465665,22.759431786113105
S306620M-8108214,1,4.0,1.6094379124341003,2.5902903939802346
S306621M,2,0.0,0.0,0.0
S306622M-8106295,12,258.0,5.556828061699537,30.878338107291437
S306623M-8106287,2,0.0,0.0,0.0
S306624M-8106297,3,0.0,0.0,0.0
S306625M-8106355,1,6.0,1.9459101490553132,3.7865663081964716
S306626M-8106347,8,54.0,4.007333185232471,16.058719257465423
S306627M-8106004,5,0.0,0.0,0.0
S306629M-8105986,1,0.0,0.0,0.0
S306630M-8106356,5,140.0,4.948759890378168,24.49022445261574
S306631M-8106348,4,24.0,3.2188758248682006,10.361161575920939
S306632M-8105980,3,12.0,2.5649493574615367,6.5789652063423505
S306633M-8105987,3,0.0,0.0,0.0
S306634M-8105976,4,0.0,0.0,0.0
S306637M-8106291,1,0.0,0.0,0.0
S306638M-8106345,5,140.0,4.948759890378168,24.49022445261574
S306639M-8106002,6,194.0,5.272999558563747,27.80452434461347
S306640M-8106349,2,0.0,0.0,0.0
S306641M-8106350,3,0.0,0.0,0.0
S306643M-8106286,1,0.0,0.0,0.0
S306644M-8106278,3,0.0,0.0,0.0
S306645M-8106351,2,18.0,2.9444389791664403,8.669720902034708
S306646M-8105981,7,144.0,4.976733742420574,24.767878742947495
S306647M-8105997,5,27.0,3.332204510175204,11.10358689763197
S306649M-8105227,4,91.0,4.5217885770490405,20.446571935531185
S306650M-8105213,4,6.0,1.9459101490553132,3.7865663081964716
S306651M-8105221,1,30.0,3.4339872044851463,11.79226812056771
S306652M-8108000,6,59.0,4.0943445622221,16.763657394197683
S306653M-8106007,1,0.0,0.0,0.0
S306654M-8105992,3,18.0,2.9444389791664403,8.669720902034708
S306655M-8106008,4,65.0,4.189654742026425,17.553206857384513
S306656M-8106289,2,1.0,0.6931471805599453,0.4804530139182014
S306657M-8106284,1,0.0,0.0,0.0
S306659M-8108010,4,57.0,4.060443010546419,16.48719744189527
S306660M-8106277,2,138.0,4.9344739331306915,24.349032996746278
S306661M,9,167.0,5.123963979403259,26.25500686222208
S306662M-8105982,2,0.0,0.0,0.0
S306663M-8105994,6,73.0,4.304065093204169,18.524976326538614
S306664M-8105979,2,0.0,0.0,0.0
S306666M-8108009,7,122.0,4.812184355372417,23.157118270091047
S306667M-8105998,4,0.0,0.0,0.0
S306669M-8107280,2,6.0,1.9459101490553132,3.7865663081964716
S306670M-8107261,2,0.0,0.0,0.0
S306672M-8107278,1,0.0,0.0,0.0
S306673M-8107263,2,23.0,3.1780538303479458,10.100026148589249
S306675M,1,8.0,2.1972245773362196,4.827795843250328
S306676M,2,0.0,0.0,0.0
S306677M-8107274,2,0.0,0.0,0.0
S306678M-8107267,5,86.0,4.465908118654584,19.944335324264923
S306679M-8107282,6,97.0,4.584967478670572,21.021926780466785
S306680M-8107277,1,19.0,2.995732273553991,8.974411854812963
S306681M-8108197,8,234.0,5.459585514144159,29.80707398625274
S306682M-8107266,4,117.0,4.770684624465665,22.759431786113105
S306683M-8106281,4,0.0,0.0,0.0
S306684M-8107258,14,108.0,4.6913478822291435,22.00874495209587
S306685M-8108478,3,43.0,3.784189633918261,14.320091185454423
S306686M-8108217,2,72.0,4.290459441148391,18.408042216139364
S306687M-8108191,2,0.0,0.0,0.0
S306688M-8108212,8,0.0,0.0,0.0
S306689M-8108205,6,49.0,3.912023005428146,15.303923994999064
S306691M-8108189,1,0.0,0.0,0.0
S306692M,2,2.0,1.0986122886681096,1.2069489608125816
S306693M-8108185,2,0.0,0.0,0.0
S306694M,2,13.0,2.639057329615259,6.964623588996021
S306695M-8108204,4,4.0,1.6094379124341003,2.5902903939802346
S306696M,1,0.0,0.0,0.0
S306697M-8108210,3,0.0,0.0,0.0
S306698M-8107284,1,0.0,0.0,0.0
S306699M-8108200,1,25.0,3.258096538021482,10.615193051067568
S306700M-8108209,2,0.0,0.0,0.0
S306702M-8108182,9,79.0,4.382026634673881,19.202157426991302
S306703M-8108211,3,0.0,0.0,0.0
S306704M-8107264,2,0.0,0.0,0.0
S306705M-8107269,3,40.0,3.713572066704308,13.790617494606504
S306707M-8108207,3,0.0,0.0,0.0
S306708M-8108183,6,30.0,3.4339872044851463,11.79226812056771
S306709M-8107260,6,180.0,5.198497031265826,27.024371384079608
S306710M-8108187,2,0.0,0.0,0.0
S306711M-8107254,2,0.0,0.0,0.0
S306712M-8107271,2,170.0,5.14166355650266,26.436704128267586
S306713M-8107255,6,1.0,0.6931471805599453,0.4804530139182014
S306715M-8106354,8,229.0,5.438079308923196,29.572706570138582
S306716M-8106282,3,5.0,1.791759469228055,3.210401995568401
S306717M-8106288,6,0.0,0.0,0.0
S306718M-8106298,6,33.0,3.5263605246161616,12.43521854957117
S306719M-8108775,2,5.0,1.791759469228055,3.210401995568401
S306720M-8108774,9,177.0,5.181783550292085,26.850880762077644
S306721M-8108773,2,6.0,1.9459101490553132,3.7865663081964716
S306722M-8108776,2,26.0,3.295836866004329,10.862540647313239
S306723M-8109015,8,69.0,4.248495242049359,18.049711821716045
S306726M-8102105,2,0.0,0.0,0.0
S306727M-8109012,4,0.0,0.0,0.0
S306728M-8109010,2,0.0,0.0,0.0
S306729M-8109008,4,0.0,0.0,0.0
S306730M-8109013,8,338.0,5.82600010738045,33.94227725119701
S306731M-8108694,5,86.0,4.465908118654584,19.944335324264923
S306732M-8108693,5,0.0,0.0,0.0
S306733M-8108696,2,3.0,1.3862943611198906,1.9218120556728056
S306734M-8108686,2,0.0,0.0,0.0
S306735M-8108689,6,123.0,4.820281565605037,23.23511437171175
S306736M-8108690,5,174.0,5.1647859739235145,26.675014156437065
S306737M-8108692,2,1.0,0.6931471805599453,0.4804530139182014
S306738M-8108688,7,105.0,4.663439094112067,21.747664184492777
S306739M-8108700,2,105.0,4.663439094112067,21.747664184492777
S306740M-8108697,6,9.0,2.302585092994046,5.301898110478399
S306741M-8109782,6,9.0,2.302585092994046,5.301898110478399
S306742M-8109798,1,128.0,4.859812404361672,23.617776605587576
S306743M-8113316,5,243.0,5.497168225293202,30.218858497173212
S306747M-8113306,5,21.0,3.091042453358316,9.554543448463397
S306749M-8109796,3,155.0,5.049856007249537,25.501045693954236
S306750M-8109805,6,94.0,4.553876891600541,20.737794743853403
S306752M-8109785,1,0.0,0.0,0.0
S306753M-8109802,2,0.0,0.0,0.0
S306754M-8109779,2,0.0,0.0,0.0
S306755M-8109804,1,0.0,0.0,0.0
S306757M-8109783,10,223.0,5.4116460518550396,29.285912990558238
S306760M-8109790,2,98.0,4.59511985013459,21.115126437100933
S306761M-8109781,1,0.0,0.0,0.0
S306762M-8109800,3,167.0,5.123963979403259,26.25500686222208
S306763M-8109787,2,117.0,4.770684624465665,22.759431786113105
S306764M-8109794,12,0.0,0.0,0.0
S306765M-8113314,1,84.0,4.442651256490317,19.737150186794988
S306766M-8114123,2,35.0,3.58351893845611,12.841607982273604
S306767M-8114112,3,194.0,5.272999558563747,27.80452434461347
S306768M-8114344,3,52.0,3.970291913552122,15.76321787881737
S306769M-8114113,3,187.0,5.236441962829949,27.42032443008637
S306770M-8114141,3,47.0,3.8712010109078907,14.986197266854274
S306771M-8114136,2,133.0,4.897839799950911,23.98883470598318
S306772M,3,160.0,5.081404364984463,25.820670320483156
S306773M-8113998,2,0.0,0.0,0.0
S306774M,5,119.0,4.787491742782046,22.92007718720627
S306775M-8114331,4,122.0,4.812184355372417,23.157118270091047
S306776M-8113995,2,0.0,0.0,0.0
S306779M-8114350,4,28.0,3.367295829986474,11.338681206644297
S306780M-8114337,6,103.0,4.6443908991413725,21.570366824027207
S306781M-8114346,3,95.0,4.564348191467836,20.833274412955706
S306782M-8114339,5,45.0,3.828641396489095,14.658494942909968
S306783M-8114332,7,251.0,5.529429087511423,30.57458603381741
S306784M-8114338,1,0.0,0.0,0.0
S306786M-8114135,7,74.0,4.31748811353631,18.640703610527325
S306787M-8114336,4,169.0,5.135798437050262,26.376425586007915
S306788M-8114333,1,63.0,4.1588830833596715,17.296308501055247
S306789M-8113297,5,165.0,5.111987788356544,26.132419148306425
S306790M-8114340,3,169.0,5.135798437050262,26.376425586007915
S306791M-8114115,4,131.0,4.882801922586371,23.84175461521316
S306794M-8114335,2,242.0,5.493061443340548,30.17372402031455
S306795M-8114353,1,6.0,1.9459101490553132,3.7865663081964716
S306796M-8114347,3,99.0,4.605170185988092,21.207592441913597
S306797M-8116185,2,95.0,4.564348191467836,20.833274412955706
S306798M-8114106,3,90.0,4.51085950651685,20.34785348753344
S306800M-8116072,3,0.0,0.0,0.0
S306801M-8116075,2,49.0,3.912023005428146,15.303923994999064
S306802M-8116084,2,0.0,0.0,0.0
S306803M-8116078,5,173.0,5.159055299214529,26.615851580353514
S306804M-8116077,3,600.0,6.398594934535208,40.942017136259615
S306805M-8116081,2,0.0,0.0,0.0
S306806M-8116082,4,56.0,4.04305126783455,16.346263554338563
S306808M-8116074,5,151.0,5.0238805208462765,25.239375487738656
S306809M-8113313,1,109.0,4.700480365792417,22.09451566920001
S306810M-8116080,5,73.0,4.304065093204169,18.524976326538614
S306813M-8116071,1,75.0,4.330733340286331,18.755251264667603
S306814M-8116068,2,51.0,3.9512437185814275,15.612326923629187
S306815M-8116088,2,66.0,4.204692619390966,17.67944002356086
S306816M-8116069,3,149.0,5.0106352940962555,25.106466050443068
S306817M-8114334,3,118.0,4.77912349311153,22.84002136241055
S306818M-8113993,4,74.0,4.31748811353631,18.640703610527325
S306819M-8114105,6,203.0,5.318119993844216,28.282400268925606
S306820M-8114107,5,123.0,4.820281565605037,23.23511437171175
S306821M-8113322,3,99.0,4.605170185988092,21.207592441913597
S306822M-8116073,2,37.0,3.6375861597263857,13.232033069432955
S306823M-8114109,4,176.0,5.176149732573829,26.79252605402412
S306824M-8114354,2,0.0,0.0,0.0
S306825M-8114142,1,32.0,3.4965075614664802,12.225565127392272
S306826M-8113997,3,87.0,4.477336814478207,20.046544950281856
S306827M-8114121,8,48.0,3.8918202981106265,15.146265232785886
S306829M-8114343,3,12.0,2.5649493574615367,6.5789652063423505
S306831M-8118080,5,40.0,3.713572066704308,13.790617494606504
S306832M-8117799,7,294.0,5.68697535633982,32.34168870361643
S306833M-8116190,5,5.0,1.791759469228055,3.210401995568401
S306834M-8118086,1,0.0,0.0,0.0
S306835M-8114341,2,95.0,4.564348191467836,20.833274412955706
S306836M-8117602,5,126.0,4.844187086458591,23.466148528612173
S306837M-8117604,1,37.0,3.6375861597263857,13.232033069432955
S306838M-8114108,4,170.0,5.14166355650266,26.436704128267586
S306839M-8117596,4,110.0,4.709530201312334,22.17967471707299
S306840M-8117600,3,0.0,0.0,0.0
S306841M-8117472,8,220.0,5.3981627015177525,29.140160552057438
S306842M-8116189,11,234.0,5.459585514144159,29.80707398625274
S306843M-8119314,3,22.0,3.1354942159291497,9.831323978125154
S306845M-8119313,2,0.0,0.0,0.0
S306846M-8119219,1,0.0,0.0,0.0
S306847M-8119216,5,137.0,4.927253685157205,24.277828877895256
S306848M-8119217,2,65.0,4.189654742026425,17.553206857384513
S306849M-8119317,4,0.0,0.0,0.0
S306852M-8119220,3,20.0,3.044522437723423,9.269116873801375
S306853M-8119224,3,203.0,5.318119993844216,28.282400268925606
S306854M-8119223,6,33.0,3.5263605246161616,12.43521854957117
S306855M-8119316,2,76.0,4.343805421853684,18.868645542925464
S306857M-8119315,3,0.0,0.0,0.0
S306858M-8119312,7,243.0,5.497168225293202,30.218858497173212
S306859M-8119218,1,5.0,1.791759469228055,3.210401995568401
S306860M-8119189,4,0.0,0.0,0.0
S306862M-8119322,2,0.0,0.0,0.0
S306863M-8117593,5,190.0,5.25227342804663,27.586376162964697
S306864M-8119214,2,1.0,0.6931471805599453,0.4804530139182014
S306865M-8119324,2,49.0,3.912023005428146,15.303923994999064
S306866M-8119190,2,30.0,3.4339872044851463,11.79226812056771
S306867M-8119192,2,0.0,0.0,0.0
S306868M-8119188,3,205.0,5.327876168789581,28.386264469955947
S306869M-8119212,1,8.0,2.1972245773362196,4.827795843250328
S306870M-8119210,7,146.0,4.990432586778736,24.904417403183107
S306871M-8119191,2,6.0,1.9459101490553132,3.7865663081964716
S306872M-8119213,2,73.0,4.304065093204169,18.524976326538614
S306873M-8119215,2,48.0,3.8918202981106265,15.146265232785886
S306874M-8119211,5,8.0,2.1972245773362196,4.827795843250328
S306875M-8119225,4,103.0,4.6443908991413725,21.570366824027207
S306876M-8119318,4,209.0,5.3471075307174685,28.591558945055464
S306877M-8119226,2,34.0,3.5553480614894135,12.640499838336531
S306878M-8119183,7,0.0,0.0,0.0
S306879M-8119187,9,178.0,5.187385805840755,26.908971498638138
S306881M-8117594,3,123.0,4.820281565605037,23.23511437171175
S306883M-8117598,3,14.0,2.70805020110221,7.333535891689721
S306885M-8117790,1,7.0,2.0794415416798357,4.324077125263812
S306886M-8116191,4,200.0,5.303304908059076,28.125042947843482
S306887M-8117794,3,78.0,4.3694478524670215,19.092074535428665
S306888M-8117792,4,48.0,3.8918202981106265,15.146265232785886
S306889M-8117788,6,55.0,4.02535169073515,16.203456234104326
S306890M-8117615,4,211.0,5.356586274672012,28.693016518004587
S306891M-8117606,3,195.0,5.278114659230518,27.858494355984085
S306892M-8117616,1,21.0,3.091042453358316,9.554543448463397
S306893M-8117614,1,28.0,3.367295829986474,11.338681206644297
S306894M-8117609,1,0.0,0.0,0.0
S306895M-8117793,2,6.0,1.9459101490553132,3.7865663081964716
S306896M-8117787,4,73.0,4.304065093204169,18.524976326538614
S306897M-8117612,6,0.0,0.0,0.0
S306898M-8117611,2,138.0,4.9344739331306915,24.349032996746278
S306899M-8119208,5,184.0,5.220355825078325,27.252114940429202
S306900M-8120668,4,173.0,5.159055299214529,26.615851580353514
S306901M-8119820,1,13.0,2.639057329615259,6.964623588996021
S306902M-8122213,2,38.0,3.6635616461296463,13.421683934992164
S306903M-8123836,4,167.0,5.123963979403259,26.25500686222208
S306906M-8122397,3,1.0,0.6931471805599453,0.4804530139182014
S306907M-8122391,2,55.0,4.02535169073515,16.203456234104326
S306908M,4,0.0,0.0,0.0
S306909M-8123755,1,0.0,0.0,0.0
S306910M,2,54.0,4.007333185232471,16.058719257465423
S306911M-8119325,1,25.0,3.258096538021482,10.615193051067568
S306912M-8120671,3,0.0,0.0,0.0
S306913M-8120672,3,8.0,2.1972245773362196,4.827795843250328
S306914M,6,173.0,5.159055299214529,26.615851580353514
S306915M,7,127.0,4.852030263919617,23.542197681991865
S306916M,4,64.0,4.174387269895637,17.42550907906675
S306917M,4,73.0,4.304065093204169,18.524976326538614
S306919M-8124452,4,196.0,5.2832037287379885,27.912241639350984
S306920M-8120670,3,72.0,4.290459441148391,18.408042216139364
S306921M,2,14.0,2.70805020110221,7.333535891689721
S306922M,3,82.0,4.418840607796598,19.52615231711221
S306923M,4,18.0,2.9444389791664403,8.669720902034708
S306924M-8120676,1,117.0,4.770684624465665,22.759431786113105
S306925M-8119321,5,115.0,4.7535901911063645,22.596619704982643
S306926M-8119817,1,0.0,0.0,0.0
S306927M-8119323,2,24.0,3.2188758248682006,10.361161575920939
S306928M-8119828,3,3.0,1.3862943611198906,1.9218120556728056
S306929M-8119818,4,103.0,4.6443908991413725,21.570366824027207
S306932M-8119827,4,57.0,4.060443010546419,16.48719744189527
S306933M-8121000,7,44.0,3.8066624897703196,14.490679311024369
S306934M-8121006,1,0.0,0.0,0.0
S306935M-8121001,1,3.0,1.3862943611198906,1.9218120556728056
S306936M-8119821,7,228.0,5.43372200355424,29.525334811909502
S306938M-8121005,3,0.0,0.0,0.0
S306939M-8121002,15,0.0,0.0,0.0
S306940M-8122210,3,0.0,0.0,0.0
S306941M-8122211,1,0.0,0.0,0.0
S306942M-8122207,2,3.0,1.3862943611198906,1.9218120556728056
S306943M-8122006,4,63.0,4.1588830833596715,17.296308501055247
S306944M-8121994,1,0.0,0.0,0.0
S306945M-8121999,1,0.0,0.0,0.0
S306946M-8122007,1,83.0,4.430816798843313,19.632137504912105
S306947M-8121003,11,226.0,5.424950017481403,29.430082692171474
S306948M-8122003,3,17.0,2.8903717578961645,8.354248898843764
S306949M-8121998,4,98.0,4.59511985013459,21.115126437100933
S306950M-8121997,2,38.0,3.6635616461296463,13.421683934992164
S306951M-8122005,6,67.0,4.219507705176107,17.804245274040536
S306953M-8122000,2,0.0,0.0,0.0
S306954M-8122008,7,86.0,4.465908118654584,19.944335324264923
S306955M-8122208,2,0.0,0.0,0.0
S306956M-8120997,1,0.0,0.0,0.0
S306957M-8120673,5,92.0,4.532599493153256,20.544458165333154
S306958M-8122390,7,66.0,4.204692619390966,17.67944002356086
S306959M-8122009,1,0.0,0.0,0.0
S306961M-8122212,3,74.0,4.31748811353631,18.640703610527325
S306962M-8122206,1,48.0,3.8918202981106265,15.146265232785886
S306963M-8124458,5,100.0,4.61512051684126,21.299337384969135
S306964M-8122204,3,99.0,4.605170185988092,21.207592441913597
S306965M-8122209,5,147.0,4.997212273764115,24.97213050905871
S306966M-8121996,1,0.0,0.0,0.0
S306967M-8121004,2,0.0,0.0,0.0
S306968M-8121995,6,0.0,0.0,0.0
S306969M-8120669,3,17.0,2.8903717578961645,8.354248898843764
S306970M-8120999,2,1.0,0.6931471805599453,0.4804530139182014
S306971M-8122214,3,103.0,4.6443908991413725,21.570366824027207
S306972M-8122004,4,65.0,4.189654742026425,17.553206857384513
S306973M-8123749,7,56.0,4.04305126783455,16.346263554338563
S306974M-8123835,2,0.0,0.0,0.0
S306975M-8123752,4,27.0,3.332204510175204,11.10358689763197
S306976M-8122394,2,1.0,0.6931471805599453,0.4804530139182014
S306977M-8123834,1,0.0,0.0,0.0
S306978M-8123751,4,141.0,4.955827057601261,24.56022182485277
S306979M-8123750,2,0.0,0.0,0.0
S306981M-8123757,4,104.0,4.653960350157523,21.659346940838336
S306982M-8123759,1,12.0,2.5649493574615367,6.5789652063423505
S306983M-8123754,1,0.0,0.0,0.0
S306984M-8123747,4,223.0,5.4116460518550396,29.285912990558238
S306985M-8123753,5,102.0,4.634728988229636,21.480712794336103
S306986M-8123756,8,55.0,4.02535169073515,16.203456234104326
S306987M-8123746,3,60.0,4.110873864173311,16.899283927143212
S306988M-8123748,4,67.0,4.219507705176107,17.804245274040536
S306989M-8123758,3,20.0,3.044522437723423,9.269116873801375
S306990M-8123223,3,0.0,0.0,0.0
S306991M-8122400,5,111.0,4.718498871295094,22.264231598413076
S306992M-8122386,1,0.0,0.0,0.0
S306993M-8122387,3,30.0,3.4339872044851463,11.79226812056771
S306994M-8122399,1,0.0,0.0,0.0
S306995M-8122398,2,1.0,0.6931471805599453,0.4804530139182014
S306997M-8122393,8,166.0,5.117993812416755,26.193860663936196
S306999M-8122396,4,4.0,1.6094379124341003,2.5902903939802346
S307000M-8122389,11,217.0,5.384495062789089,28.992787081200074
S307001M-8122381,2,14.0,2.70805020110221,7.333535891689721
S307002M-8122380,5,30.0,3.4339872044851463,11.79226812056771
S307005M-8123662,4,12.0,2.5649493574615367,6.5789652063423505
S307006M-8123661,6,127.0,4.852030263919617,23.542197681991865
S307007M-8123663,4,59.0,4.0943445622221,16.763657394197683
S307008M-8122564,9,214.0,5.3706380281276624,28.843752829170985
S307009M-8122382,3,0.0,0.0,0.0
S307010M-8123677,6,69.0,4.248495242049359,18.049711821716045
S307011M-8122567,3,0.0,0.0,0.0
S307012M-8122558,6,225.0,5.420534999272286,29.382199678335805
S307013M-8122562,7,138.0,4.9344739331306915,24.349032996746278
S307014M-8122561,3,22.0,3.1354942159291497,9.831323978125154
S307015M-8122569,1,0.0,0.0,0.0
S307016M-8122559,2,12.0,2.5649493574615367,6.5789652063423505
S307017M-8122572,1,0.0,0.0,0.0
S307018M-8122570,1,0.0,0.0,0.0
S307019M-8122563,2,0.0,0.0,0.0
S307020M-8122557,2,15.0,2.772588722239781,7.687248222691222
S307021M-8122556,2,3.0,1.3862943611198906,1.9218120556728056
S307022M-8122566,2,23.0,3.1780538303479458,10.100026148589249
S307023M-8122560,2,154.0,5.043425116919247,25.436136909971918
S307024M-8123653,6,88.0,4.48863636973214,20.14785645968212
S307025M-8123680,3,0.0,0.0,0.0
S307026M-8123658,5,128.0,4.859812404361672,23.617776605587576
S307027M-8123665,2,2.0,1.0986122886681096,1.2069489608125816
S307028M-8129044,3,0.0,0.0,0.0
S307029M-8129045,2,0.0,0.0,0.0
S307030M-8123664,4,134.0,4.90527477843843,24.061720651984185
S307031M-8123676,2,41.0,3.7376696182833684,13.97017417543854
S307032M-8123679,10,0.0,0.0,0.0
S307033M-8123675,4,181.0,5.204006687076795,27.081685599140002
S307034M-8123668,4,257.0,5.552959584921617,30.83536015177286
S307035M-8123659,2,0.0,0.0,0.0
S307036M-8123667,3,6.0,1.9459101490553132,3.7865663081964716
S307037M-8123654,1,1.0,0.6931471805599453,0.4804530139182014
S307038M-8123672,8,1.0,0.6931471805599453,0.4804530139182014
S307039M-8123670,3,0.0,0.0,0.0
S307040M-8122576,3,47.0,3.8712010109078907,14.986197266854274
S307041M-8123678,4,119.0,4.787491742782046,22.92007718720627
S307043M-8123656,2,0.0,0.0,0.0
S307046M-8124459,3,3.0,1.3862943611198906,1.9218120556728056
S307047M-8122651,5,92.0,4.532599493153256,20.544458165333154
S307048M-8123683,3,77.0,4.356708826689592,18.980911800555
S307049M-8123682,2,1.0,0.6931471805599453,0.4804530139182014
S307050M-6304389,2,0.0,0.0,0.0
S307051M-8130291,2,33.0,3.5263605246161616,12.43521854957117
S307053M-8130284,1,0.0,0.0,0.0
S307054M-8130290,1,0.0,0.0,0.0
S307056M-8130287,1,0.0,0.0,0.0
S307058M-8130293,2,0.0,0.0,0.0
S307059M-8130280,3,56.0,4.04305126783455,16.346263554338563
S307060M-8130278,2,0.0,0.0,0.0
S307061M-8130294,5,0.0,0.0,0.0
S307062M-8130279,2,68.0,4.23410650459726,17.927657892272823
S307063M-8130285,1,0.0,0.0,0.0
S307064M-8130292,1,1.0,0.6931471805599453,0.4804530139182014
S307065M-6304387,3,100.0,4.61512051684126,21.299337384969135
S307066M-6304388,1,43.0,3.784189633918261,14.320091185454423
S307067M-6304250,1,0.0,0.0,0.0
S307068M-6304249,1,50.0,3.9318256327243257,15.459252806148044
S307069M-6304390,2,0.0,0.0,0.0
S307070M-6304216,1,0.0,0.0,0.0
S307071M-6304217,1,0.0,0.0,0.0
S307072M-6303651,3,0.0,0.0,0.0
S307073M-6303648,4,0.0,0.0,0.0
S307074M-6304273,7,0.0,0.0,0.0
S307075M-6304274,2,0.0,0.0,0.0
S307076M-6304275,2,0.0,0.0,0.0
S307078M-6306360,2,40.0,3.713572066704308,13.790617494606504
S307081M-6306361,2,24.0,3.2188758248682006,10.361161575920939
S307082M-6306233,8,94.0,4.553876891600541,20.737794743853403
S307083M-6306236,3,3.0,1.3862943611198906,1.9218120556728056
S307084M-6306235,2,0.0,0.0,0.0
S307085M-6306234,2,20.0,3.044522437723423,9.269116873801375
S307086M-8131487,2,0.0,0.0,0.0
S307087M-6306370,2,16.0,2.833213344056216,8.027097852938207
S307088M-6306372,2,0.0,0.0,0.0
S307089M-6306437,2,0.0,0.0,0.0
S307090M-6306371,3,29.0,3.4011973816621555,11.568143629025503
S307091M-6306243,1,0.0,0.0,0.0
S307092M-6306244,3,40.0,3.713572066704308,13.790617494606504
S307093M-6306246,3,3.0,1.3862943611198906,1.9218120556728056
S307094M-6308653,3,5.0,1.791759469228055,3.210401995568401
S307095M-6306245,2,14.0,2.70805020110221,7.333535891689721
S307096M-6308652,1,0.0,0.0,0.0
S307097M-6308655,1,0.0,0.0,0.0
S307099M-6308603,3,99.0,4.605170185988092,21.207592441913597
S307101M-6308601,5,113.0,4.736198448394496,22.431575742574427
S307104M-6304360,10,243.0,5.497168225293202,30.218858497173212
S307106M-6304362,6,105.0,4.663439094112067,21.747664184492777
S307108M-6307946,1,0.0,0.0,0.0
S307109M-6307955,4,31.0,3.4657359027997265,12.011325347955035
S307114M-6307805,3,57.0,4.060443010546419,16.48719744189527
S33254M-6099110,3,69.0,4.248495242049359,18.049711821716045
S33844M-8015976,2,128.0,4.859812404361672,23.617776605587576
S35059M-8047122,3,2.0,1.0986122886681096,1.2069489608125816
S35376M-8051259,5,0.0,0.0,0.0
S35970M-8066088,3,0.0,0.0,0.0
S402631M-8083122,5,561.0,6.331501849893691,40.08791567520723
S402633M-8084280,6,143.0,4.969813299576001,24.699044232642496
S402636M-8084276,1,0.0,0.0,0.0
S402637M,5,80.0,4.394449154672439,19.311183373001313
S402638M-8084295,5,2.0,1.0986122886681096,1.2069489608125816
S402639M,5,9.0,2.302585092994046,5.301898110478399
S402640M,4,0.0,0.0,0.0
S402641M-8085714,3,0.0,0.0,0.0
S402642M-8085712,2,0.0,0.0,0.0
S402643M-8085180,2,0.0,0.0,0.0
S402644M-8085202,5,59.0,4.0943445622221,16.763657394197683
S402645M-8085212,1,12.0,2.5649493574615367,6.5789652063423505
S402651M,2,21.0,3.091042453358316,9.554543448463397
S402652M,4,31.0,3.4657359027997265,12.011325347955035
S402653M,4,84.0,4.442651256490317,19.737150186794988
S402654M-8084286,2,8.0,2.1972245773362196,4.827795843250328
S402655M-8085381,4,27.0,3.332204510175204,11.10358689763197
S402656M,4,0.0,0.0,0.0
S402657M,6,92.0,4.532599493153256,20.544458165333154
S402659M-8085981,3,172.0,5.153291594497779,26.556414257921464
S402660M-8085258,1,110.0,4.709530201312334,22.17967471707299
S402661M-8086260,3,0.0,0.0,0.0
S402662M-8086479,5,141.0,4.955827057601261,24.56022182485277
S402666M-8086468,2,0.0,0.0,0.0
S402667M-8086467,2,140.0,4.948759890378168,24.49022445261574
S402668M,3,0.0,0.0,0.0
S402669M,4,1.0,0.6931471805599453,0.4804530139182014
S402670M-8088360,5,370.0,5.916202062607435,35.00144684560047
S402671M-8091411,2,88.0,4.48863636973214,20.14785645968212
S402673M-8088349,4,10.0,2.3978952727983707,5.749901739308773
S402675M-8088627,2,0.0,0.0,0.0
S402676M-8088345,1,0.0,0.0,0.0
S402677M,1,0.0,0.0,0.0
S402678M,3,0.0,0.0,0.0
S402680M-8088631,1,0.0,0.0,0.0
S402681M-8088354,3,0.0,0.0,0.0
S402682M-8088634,6,8.0,2.1972245773362196,4.827795843250328
S402684M-8088351,2,1.0,0.6931471805599453,0.4804530139182014
S402685M-8088361,1,184.0,5.220355825078325,27.252114940429202
S402687M-8089822,3,1.0,0.6931471805599453,0.4804530139182014
S402688M-8089808,2,7.0,2.0794415416798357,4.324077125263812
S402689M,1,0.0,0.0,0.0
S402690M,3,0.0,0.0,0.0
S402691M-8089811,16,6.0,1.9459101490553132,3.7865663081964716
S402692M-8089785,3,12.0,2.5649493574615367,6.5789652063423505
S402693M-8089515,2,0.0,0.0,0.0
S402694M-8089512,2,0.0,0.0,0.0
S402697M-8087341,1,0.0,0.0,0.0
S402701M-8087428,9,182.0,5.209486152841421,27.13874597664651
S402702M,2,0.0,0.0,0.0
S402703M,1,153.0,5.0369526024136295,25.370891518961436
S402704M-8087426,8,162.0,5.093750200806762,25.946291108218933
S402705M,9,86.0,4.465908118654584,19.944335324264923
S402707M-8091937,6,35.0,3.58351893845611,12.841607982273604
S402710M,4,86.0,4.465908118654584,19.944335324264923
S402711M-8090590,6,0.0,0.0,0.0
S402712M-8090589,3,0.0,0.0,0.0
S402713M-8093785,2,0.0,0.0,0.0
S402714M-8093493,1,10.0,2.3978952727983707,5.749901739308773
S402715M-8093788,1,0.0,0.0,0.0
S402716M-8093786,2,38.0,3.6635616461296463,13.421683934992164
S402717M-8093784,1,0.0,0.0,0.0
S402718M-8093770,2,0.0,0.0,0.0
S402721M,6,143.0,4.969813299576001,24.699044232642496
S402723M,3,28.0,3.367295829986474,11.338681206644297
S402724M,2,0.0,0.0,0.0
S402725M-8093905,1,0.0,0.0,0.0
S402726M-8093911,1,0.0,0.0,0.0
S402727M-8093773,3,0.0,0.0,0.0
S402728M-8093144,1,0.0,0.0,0.0
S402729M-8093496,2,0.0,0.0,0.0
S402730M-8094024,3,0.0,0.0,0.0
S402731M,10,165.0,5.111987788356544,26.132419148306425
S402732M-8093495,2,1.0,0.6931471805599453,0.4804530139182014
S402733M,5,50.0,3.9318256327243257,15.459252806148044
S402734M-8093494,1,0.0,0.0,0.0
S402735M-8093138,1,0.0,0.0,0.0
S402736M-8095811,1,0.0,0.0,0.0
S402737M-8095779,2,0.0,0.0,0.0
S402738M-8095819,1,0.0,0.0,0.0
S402739M-8095768,4,0.0,0.0,0.0
S402741M-8095776,6,40.0,3.713572066704308,13.790617494606504
S402742M-8095770,1,0.0,0.0,0.0
S402743M-8095769,17,194.0,5.272999558563747,27.80452434461347
S402744M-8097126,6,26.0,3.295836866004329,10.862540647313239
S402745M-8097141,1,28.0,3.367295829986474,11.338681206644297
S402747M-8097145,10,163.0,5.099866427824199,26.008637581648355
S402748M-8095772,3,0.0,0.0,0.0
S402749M-8095785,2,8.0,2.1972245773362196,4.827795843250328
S402750M-8095775,4,104.0,4.653960350157523,21.659346940838336
S402751M-8095815,3,6.0,1.9459101490553132,3.7865663081964716
S402752M-8095786,1,0.0,0.0,0.0
S402753M-8095781,6,120.0,4.795790545596741,22.99960695723509
S402754M-8095788,4,0.0,0.0,0.0
S402755M-8095787,5,0.0,0.0,0.0
S402756M-8097137,2,0.0,0.0,0.0
S402757M-8097021,1,170.0,5.14166355650266,26.436704128267586
S402759M-8099741,2,29.0,3.4011973816621555,11.568143629025503
S402760M-8099747,3,0.0,0.0,0.0
S402761M-8099728,4,0.0,0.0,0.0
S402762M-8099491,2,0.0,0.0,0.0
S402763M-8099733,5,0.0,0.0,0.0
S402764M-8099739,3,0.0,0.0,0.0
S402765M-8099730,3,0.0,0.0,0.0
S402766M-8099732,6,16.0,2.833213344056216,8.027097852938207
S402767M-8099742,5,91.0,4.5217885770490405,20.446571935531185
S402768M-8099738,5,0.0,0.0,0.0
S402769M-8099725,5,143.0,4.969813299576001,24.699044232642496
S402770M-8101284,4,155.0,5.049856007249537,25.501045693954236
S402771M-8099723,8,108.0,4.6913478822291435,22.00874495209587
S402772M-8099755,10,55.0,4.02535169073515,16.203456234104326
S402773M,4,143.0,4.969813299576001,24.699044232642496
S402774M,2,93.0,4.543294782270004,20.64152747860184
S402775M-8099762,3,0.0,0.0,0.0
S402776M-8099726,5,36.0,3.6109179126442243,13.038728171854922
S402777M,2,5.0,1.791759469228055,3.210401995568401
S402780M-8099729,1,0.0,0.0,0.0
S402781M-8099861,3,0.0,0.0,0.0
S402782M-8099864,3,93.0,4.543294782270004,20.64152747860184
S402783M-8099493,18,201.0,5.308267697401205,28.177705947273093
S402784M-8099484,1,0.0,0.0,0.0
S402785M-8099858,4,36.0,3.6109179126442243,13.038728171854922
S402786M-8099869,4,139.0,4.941642422609304,24.41982983293195
S402787M-8099867,7,13.0,2.639057329615259,6.964623588996021
S402788M-8099863,4,36.0,3.6109179126442243,13.038728171854922
S402789M-8099860,6,146.0,4.990432586778736,24.904417403183107
S402790M-8101279,8,153.0,5.0369526024136295,25.370891518961436
S402791M-8101270,4,41.0,3.7376696182833684,13.97017417543854
S402792M-8099850,3,0.0,0.0,0.0
S402793M-8101282,7,95.0,4.564348191467836,20.833274412955706
S402794M-8101291,10,250.0,5.5254529391317835,30.530630182560063
S402795M,2,0.0,0.0,0.0
S402796M-8101289,3,0.0,0.0,0.0
S402797M-8101274,2,7.0,2.0794415416798357,4.324077125263812
S402798M,1,0.0,0.0,0.0
S402799M,5,53.0,3.9889840465642745,15.911993723744294
S402800M-8101273,1,36.0,3.6109179126442243,13.038728171854922
S402801M-8102813,2,23.0,3.1780538303479458,10.100026148589249
S402802M,2,0.0,0.0,0.0
S402803M-8102705,8,8.0,2.1972245773362196,4.827795843250328
S402804M-8103400,1,0.0,0.0,0.0
S402805M-8101861,4,36.0,3.6109179126442243,13.038728171854922
S402808M-8102803,2,0.0,0.0,0.0
S402809M-8102805,4,46.0,3.8501476017100584,14.823636554953715
S402810M-8103402,4,36.0,3.6109179126442243,13.038728171854922
S402811M-8103389,7,90.0,4.51085950651685,20.34785348753344
S402812M-8103362,2,35.0,3.58351893845611,12.841607982273604
S402813M-8103382,2,24.0,3.2188758248682006,10.361161575920939
S402814M-8103364,5,187.0,5.236441962829949,27.42032443008637
S402815M-8103357,2,174.0,5.1647859739235145,26.675014156437065
S402816M-8101776,3,0.0,0.0,0.0
S402817M-8103363,3,0.0,0.0,0.0
S402819M-8101771,1,0.0,0.0,0.0
S402820M-8101768,2,4.0,1.6094379124341003,2.5902903939802346
S402821M-8102009,3,0.0,0.0,0.0
S402822M,9,141.0,4.955827057601261,24.56022182485277
S402823M,3,0.0,0.0,0.0
S402824M-8101860,4,0.0,0.0,0.0
S402825M-8102702,2,0.0,0.0,0.0
S402826M-8105960,7,10.0,2.3978952727983707,5.749901739308773
S402828M-8105972,2,0.0,0.0,0.0
S402830M,3,0.0,0.0,0.0
S402831M-8107799,3,0.0,0.0,0.0
S402832M-8104687,3,1.0,0.6931471805599453,0.4804530139182014
S402833M-8105087,2,0.0,0.0,0.0
S402834M-8103398,6,1.0,0.6931471805599453,0.4804530139182014
S402835M-8103374,1,0.0,0.0,0.0
S402837M-8103156,3,0.0,0.0,0.0
S402838M-8103390,3,0.0,0.0,0.0
S402839M-8103383,2,0.0,0.0,0.0
S402840M-8103358,4,0.0,0.0,0.0
S402841M-8103367,3,6.0,1.9459101490553132,3.7865663081964716
S402842M-8101770,3,0.0,0.0,0.0
S402843M-8103369,3,0.0,0.0,0.0
S402844M-8101778,4,0.0,0.0,0.0
S402845M-8107881,1,3.0,1.3862943611198906,1.9218120556728056
S402846M-8107497,8,19.0,2.995732273553991,8.974411854812963
S402847M,14,111.0,4.718498871295094,22.264231598413076
S402848M-8107480,4,0.0,0.0,0.0
S402849M-8107538,2,41.0,3.7376696182833684,13.97017417543854
S402850M-8107443,5,26.0,3.295836866004329,10.862540647313239
S402851M-8107504,2,0.0,0.0,0.0
S402852M-8107447,3,0.0,0.0,0.0
S402853M-8101767,3,0.0,0.0,0.0
S402854M-8107494,3,18.0,2.9444389791664403,8.669720902034708
S402855M-8107858,2,0.0,0.0,0.0
S402856M-8107478,6,64.0,4.174387269895637,17.42550907906675
S402857M-8107436,1,0.0,0.0,0.0
S402859M-8107797,6,199.0,5.298317366548036,28.072166916664518
S402860M-8107790,3,98.0,4.59511985013459,21.115126437100933
S402861M-8107522,3,0.0,0.0,0.0
S402862M-8107446,7,47.0,3.8712010109078907,14.986197266854274
S402864M,2,0.0,0.0,0.0
S402865M-8107882,5,110.0,4.709530201312334,22.17967471707299
S402866M-8108165,1,0.0,0.0,0.0
S402867M-8107859,2,2.0,1.0986122886681096,1.2069489608125816
S402868M-8107542,1,0.0,0.0,0.0
S402869M-8107862,7,40.0,3.713572066704308,13.790617494606504
S402870M-8107849,4,129.0,4.867534450455582,23.692891626371928
S402871M-8107456,5,160.0,5.081404364984463,25.820670320483156
S402872M-8107876,5,127.0,4.852030263919617,23.542197681991865
S402873M-8107530,7,69.0,4.248495242049359,18.049711821716045
S402874M-8107543,2,0.0,0.0,0.0
S402875M-8107840,5,0.0,0.0,0.0
S402876M-8107857,1,1.0,0.6931471805599453,0.4804530139182014
S402877M-8108256,2,0.0,0.0,0.0
S402878M-8108263,6,230.0,5.442417710521793,29.619910535801278
S402879M-8108270,2,0.0,0.0,0.0
S402880M-8108271,6,104.0,4.653960350157523,21.659346940838336
S402881M-8108264,2,51.0,3.9512437185814275,15.612326923629187
S402882M-8108261,3,0.0,0.0,0.0
S402883M-8107537,3,99.0,4.605170185988092,21.207592441913597
S402884M-8107442,2,5.0,1.791759469228055,3.210401995568401
S402885M,6,238.0,5.476463551931511,29.9916530356343
S402886M,2,3.0,1.3862943611198906,1.9218120556728056
S402887M-8110216,3,13.0,2.639057329615259,6.964623588996021
S402888M,2,0.0,0.0,0.0
S402890M-8110888,5,221.0,5.402677381872279,29.188922892594306
S402891M-8110421,10,247.0,5.5134287461649825,30.39789653903837
S402892M-8112802,3,0.0,0.0,0.0
S402893M-8112804,2,36.0,3.6109179126442243,13.038728171854922
S402894M-8112812,1,0.0,0.0,0.0
S402895M-8110878,2,13.0,2.639057329615259,6.964623588996021
S402896M-8110877,2,209.0,5.3471075307174685,28.591558945055464
S402897M-8113418,3,46.0,3.8501476017100584,14.823636554953715
S402898M-8110894,5,119.0,4.787491742782046,22.92007718720627
S402899M-8113425,1,9.0,2.302585092994046,5.301898110478399
S402900M-8113422,4,116.0,4.762173934797756,22.678300585267145
S402902M-8110582,3,92.0,4.532599493153256,20.544458165333154
S402903M-8110572,3,182.0,5.209486152841421,27.13874597664651
S402904M-8113327,1,0.0,0.0,0.0
S402905M-8113431,7,0.0,0.0,0.0
S402906M-8113413,1,0.0,0.0,0.0
S402907M-8113323,1,50.0,3.9318256327243257,15.459252806148044
S402908M-8113328,1,0.0,0.0,0.0
S402909M-8113423,6,61.0,4.127134385045092,17.033238232221528
S402910M-8113430,10,129.0,4.867534450455582,23.692891626371928
S402911M-8113985,3,0.0,0.0,0.0
S402912M-8114088,1,0.0,0.0,0.0
S402914M-8113328,3,21.0,3.091042453358316,9.554543448463397
S402915M-8113436,9,181.0,5.204006687076795,27.081685599140002
S402917M-8113428,3,150.0,5.017279836814924,25.173096960909593
S402918M-8113435,2,8.0,2.1972245773362196,4.827795843250328
S402922M-8117884,5,182.0,5.209486152841421,27.13874597664651
S402925M-8119374,1,113.0,4.736198448394496,22.431575742574427
S402926M-8119228,1,163.0,5.099866427824199,26.008637581648355
S402928M-8114100,2,143.0,4.969813299576001,24.699044232642496
S402930M-8119227,1,0.0,0.0,0.0
S402932M-8117877,3,206.0,5.332718793265369,28.43788972804565
S402933M-8117893,1,0.0,0.0,0.0
S402935M-8117907,3,65.0,4.189654742026425,17.553206857384513
S402936M-8117901,4,9.0,2.302585092994046,5.301898110478399
S402937M-8117909,5,192.0,5.262690188904886,27.69590802439574
S402939M-8117903,2,20.0,3.044522437723423,9.269116873801375
S402940M-8117908,2,6.0,1.9459101490553132,3.7865663081964716
S402944M-8123307,2,20.0,3.044522437723423,9.269116873801375
S402945M-8123306,2,0.0,0.0,0.0
S402947M-8122273,2,98.0,4.59511985013459,21.115126437100933
S402948M-8122263,2,0.0,0.0,0.0
S402949M-8120995,2,4.0,1.6094379124341003,2.5902903939802346
S402950M-8123514,2,10.0,2.3978952727983707,5.749901739308773
S402951M-8123517,9,42.0,3.7612001156935624,14.146626310293268
S402952M-8122260,3,0.0,0.0,0.0
S402953M-8122496,4,105.0,4.663439094112067,21.747664184492777
S402954M-8122502,5,98.0,4.59511985013459,21.115126437100933
S402955M,1,47.0,3.8712010109078907,14.986197266854274
S402956M-8122275,6,64.0,4.174387269895637,17.42550907906675
S402957M-8122267,4,132.0,4.890349128221754,23.915514595899268
S402958M,1,8.0,2.1972245773362196,4.827795843250328
S402959M-8122278,3,0.0,0.0,0.0
S402960M-8122285,2,66.0,4.204692619390966,17.67944002356086
S402961M-8122279,3,63.0,4.1588830833596715,17.296308501055247
S402962M-8122280,2,0.0,0.0,0.0
S402963M-8122281,3,30.0,3.4339872044851463,11.79226812056771
S402964M-8122190,5,23.0,3.1780538303479458,10.100026148589249
S402965M-8122186,4,92.0,4.532599493153256,20.544458165333154
S402966M-8122480,2,8.0,2.1972245773362196,4.827795843250328
S402967M-8122499,5,47.0,3.8712010109078907,14.986197266854274
S402968M-8122478,1,4.0,1.6094379124341003,2.5902903939802346
S402969M-8122483,2,32.0,3.4965075614664802,12.225565127392272
S402970M-8122201,2,0.0,0.0,0.0
S402971M-8122257,2,14.0,2.70805020110221,7.333535891689721
S402972M-8127462,3,208.0,5.342334251964811,28.540535259716417
S402973M-8127619,5,42.0,3.7612001156935624,14.146626310293268
S402974M-8126616,3,87.0,4.477336814478207,20.046544950281856
S402975M-8126640,6,195.0,5.278114659230518,27.858494355984085
S402976M-8126670,7,165.0,5.111987788356544,26.132419148306425
S402977M-8127456,4,38.0,3.6635616461296463,13.421683934992164
S402979M-8127463,2,11.0,2.4849066497880004,6.174761058160624
S402980M-8126662,2,9.0,2.302585092994046,5.301898110478399
S402981M-8126678,3,89.0,4.499809670330265,20.24828706919777
S402982M-8127455,2,58.0,4.07753744390572,16.62631160645319
S402983M-8126657,1,6.0,1.9459101490553132,3.7865663081964716
S402984M-8130025,10,67.0,4.219507705176107,17.804245274040536
S402985M-8130036,1,2.0,1.0986122886681096,1.2069489608125816
S402986M-8130048,10,145.0,4.983606621708336,24.836334959935176
S402987M-8130012,8,112.0,4.727387818712341,22.348195588509824
S402988M-8130047,5,1.0,0.6931471805599453,0.4804530139182014
S402989M-8130083,13,253.0,5.537334267018537,30.662070784697715
S402990M-8131478,1,2.0,1.0986122886681096,1.2069489608125816
S402991M-8131498,3,10.0,2.3978952727983707,5.749901739308773
S402992M-8131492,5,97.0,4.584967478670572,21.021926780466785
S402993M-8131403,1,5.0,1.791759469228055,3.210401995568401
S402994M-8131976,4,9.0,2.302585092994046,5.301898110478399
S402995M-8132038,4,21.0,3.091042453358316,9.554543448463397
S402996M-8131982,1,0.0,0.0,0.0
S402997M-8132041,5,192.0,5.262690188904886,27.69590802439574
S402998M-8131401,1,19.0,2.995732273553991,8.974411854812963
S402999M-8131407,5,119.0,4.787491742782046,22.92007718720627
S403000M-8131366,2,26.0,3.295836866004329,10.862540647313239
S403001M-8131388,1,1.0,0.6931471805599453,0.4804530139182014
S403002M-8132047,2,3.0,1.3862943611198906,1.9218120556728056
S403004M-8132042,3,8.0,2.1972245773362196,4.827795843250328
S403005M-8132052,2,0.0,0.0,0.0
S403006M-8132053,6,189.0,5.247024072160486,27.53126161383161
S403007M-8131484,3,19.0,2.995732273553991,8.974411854812963
S403008M-8131696,8,128.0,4.859812404361672,23.617776605587576
S403009M-8131980,1,0.0,0.0,0.0
S403010M-8133162,1,0.0,0.0,0.0
S403011M-8131978,5,101.0,4.624972813284271,21.39037352361862
S403012M-8133105,2,0.0,0.0,0.0
S403013M-8133160,4,59.0,4.0943445622221,16.763657394197683
S403014M-8133161,1,19.0,2.995732273553991,8.974411854812963
S403015M-8133166,2,9.0,2.302585092994046,5.301898110478399
S403016M-8133120,2,0.0,0.0,0.0
S403017M-8133285,1,0.0,0.0,0.0
S403018M-8133106,2,0.0,0.0,0.0
S403019M-8133164,3,23.0,3.1780538303479458,10.100026148589249
S403020M-8131387,2,0.0,0.0,0.0
S403021M-8131375,1,0.0,0.0,0.0
S403022M-6302504,5,76.0,4.343805421853684,18.868645542925464
S403023M-6302475,1,10.0,2.3978952727983707,5.749901739308773
S403024M-6302459,3,33.0,3.5263605246161616,12.43521854957117
S403025M-6302358,1,0.0,0.0,0.0
S403026M-6302374,2,0.0,0.0,0.0
S403027M-6306347,1,0.0,0.0,0.0
S403028M-6304951,3,2.0,1.0986122886681096,1.2069489608125816
S403029M-6305005,2,0.0,0.0,0.0
S403030M-6305003,2,0.0,0.0,0.0
S403031M-6305086,2,7.0,2.0794415416798357,4.324077125263812
S403035M-6307825,2,11.0,2.4849066497880004,6.174761058160624
S403039M-6304704,1,0.0,0.0,0.0
S403042M-6304705,1,0.0,0.0,0.0
S403048M-6308843,1,0.0,0.0,0.0
S403067M-6318372,1,0.0,0.0,0.0
S403089M-6317841,1,0.0,0.0,0.0
S403090M-6317842,1,0.0,0.0,0.0
S40975M-6073946,4,104.0,4.653960350157523,21.659346940838336
S41993M-8041553,8,225.0,5.420534999272286,29.382199678335805
S42449M-8062210,4,9.0,2.302585092994046,5.301898110478399
S507100M,7,162.0,5.093750200806762,25.946291108218933
S507128M,1,0.0,0.0,0.0
S507296M-8078276,5,34.0,3.5553480614894135,12.640499838336531
S507315M,2,0.0,0.0,0.0
S507319M,4,89.0,4.499809670330265,20.24828706919777
S507326M,2,0.0,0.0,0.0
S507388M-8083535,2,0.0,0.0,0.0
S507413M,5,14.0,2.70805020110221,7.333535891689721
S507414M-8083727,5,0.0,0.0,0.0
S507416M-8083730,1,0.0,0.0,0.0
S507421M,5,62.0,4.143134726391533,17.16556536103144
S507423M,7,213.0,5.365976015021851,28.793698593789784
S507424M,4,0.0,0.0,0.0
S507425M-8084172,5,109.0,4.700480365792417,22.09451566920001
S507426M,1,1.0,0.6931471805599453,0.4804530139182014
S507427M-8084176,4,28.0,3.367295829986474,11.338681206644297
S507428M,2,0.0,0.0,0.0
S507430M-8084284,3,0.0,0.0,0.0
S507431M,2,0.0,0.0,0.0
S507432M,4,0.0,0.0,0.0
S507434M-8084293,4,1088.0,6.9930151229329605,48.90226050956909
S507435M,1,0.0,0.0,0.0
S507436M,1,0.0,0.0,0.0
S507437M,7,200.0,5.303304908059076,28.125042947843482
S507438M-8084288,3,25.0,3.258096538021482,10.615193051067568
S507439M-8084296,2,0.0,0.0,0.0
S507442M,2,85.0,4.454347296253507,19.84120983564093
S507446M-8084305,2,15.0,2.772588722239781,7.687248222691222
S507453M-8084168,3,176.0,5.176149732573829,26.79252605402412
S507454M,3,27.0,3.332204510175204,11.10358689763197
S507455M-8084292,13,1348.0,7.207118856207756,51.94256220750539
S507456M-8084285,8,848.0,6.744059186311348,45.48233430847048
S507459M-8084304,4,0.0,0.0,0.0
S507460M-8085722,9,213.0,5.365976015021851,28.793698593789784
S507461M-8085705,3,0.0,0.0,0.0
S507462M-8085210,1,4.0,1.6094379124341003,2.5902903939802346
S507465M-8085213,2,0.0,0.0,0.0
S507466M-8085721,2,206.0,5.332718793265369,28.43788972804565
S507469M-8084183,2,0.0,0.0,0.0
S507470M-8085177,4,3.0,1.3862943611198906,1.9218120556728056
S507471M-8085181,4,79.0,4.382026634673881,19.202157426991302
S507477M-8085715,1,0.0,0.0,0.0
S507479M-8085707,2,551.0,6.313548046277095,39.860888932649324
S507482M-8085706,5,503.0,6.222576268071369,38.720455411965006
S507483M-8085720,7,245.0,5.5053315359323625,30.308675320531385
S507484M-8085718,1,0.0,0.0,0.0
S507486M-8085289,10,125.0,4.836281906951478,23.389622683506225
S507489M-8085179,2,181.0,5.204006687076795,27.081685599140002
S507490M,1,0.0,0.0,0.0
S507491M,2,0.0,0.0,0.0
S507494M-8085207,6,134.0,4.90527477843843,24.061720651984185
S507496M-8086272,4,18.0,2.9444389791664403,8.669720902034708
S507497M-8086279,3,0.0,0.0,0.0
S507498M,9,186.0,5.231108616854587,27.364497361330308
S507499M-8086270,10,156.0,5.056245805348308,25.565621644102357
S507500M-8086276,3,22.0,3.1354942159291497,9.831323978125154
S507501M-8086269,1,0.0,0.0,0.0
S507502M-8086275,1,182.0,5.209486152841421,27.13874597664651
S507503M,1,0.0,0.0,0.0
S507504M,4,0.0,0.0,0.0
S507506M-8086477,2,207.0,5.337538079701318,28.489312752261633
S507507M-8086476,7,168.0,5.1298987149230735,26.315860825369402
S507508M-8086485,5,55.0,4.02535169073515,16.203456234104326
S507509M,2,0.0,0.0,0.0
S507512M-8086488,2,341.0,5.834810737062605,34.04501633734106
S507514M-8086471,14,750.0,6.621405651764134,43.84301280521402
S507517M-8086478,8,619.0,6.429719478039138,41.34129256627588
S507521M-8086266,6,229.0,5.438079308923196,29.572706570138582
S507522M,4,115.0,4.7535901911063645,22.596619704982643
S507523M-8086273,11,240.0,5.484796933490655,30.08299740162849
S507524M,10,0.0,0.0,0.0
S507525M,8,0.0,0.0,0.0
S507529M,4,0.0,0.0,0.0
S507530M-8086489,4,88.0,4.48863636973214,20.14785645968212
S507531M,3,35.0,3.58351893845611,12.841607982273604
S507532M,8,0.0,0.0,0.0
S507534M,2,0.0,0.0,0.0
S507535M-8086053,1,0.0,0.0,0.0
S507536M,2,3.0,1.3862943611198906,1.9218120556728056
S507537M-8086280,2,56.0,4.04305126783455,16.346263554338563
S507539M,1,0.0,0.0,0.0
S507540M,4,142.0,4.962844630259907,24.62982682409959
S507541M-8086254,1,0.0,0.0,0.0
S507543M,6,84.0,4.442651256490317,19.737150186794988
S507544M-8087339,1,0.0,0.0,0.0
S507545M-8087463,1,0.0,0.0,0.0
S507549M-8087432,5,167.0,5.123963979403259,26.25500686222208
S507551M,1,0.0,0.0,0.0
S507553M,2,0.0,0.0,0.0
S507554M,5,0.0,0.0,0.0
S507555M-8088315,3,120.0,4.795790545596741,22.99960695723509
S507560M-8088308,2,25.0,3.258096538021482,10.615193051067568
S507562M-8089514,1,0.0,0.0,0.0
S507563M-8089575,1,0.0,0.0,0.0
S507564M,1,15.0,2.772588722239781,7.687248222691222
S507565M,3,0.0,0.0,0.0
S507566M-8089583,5,107.0,4.68213122712422,21.922352828011753
S507568M-8089570,1,0.0,0.0,0.0
S507570M-8089588,4,1.0,0.6931471805599453,0.4804530139182014
S507572M-8089513,2,0.0,0.0,0.0
S507573M,3,49.0,3.912023005428146,15.303923994999064
S507574M,6,165.0,5.111987788356544,26.132419148306425
S507576M-8088310,3,61.0,4.127134385045092,17.033238232221528
S507578M-8086472,7,65.0,4.189654742026425,17.553206857384513
S507581M-8088340,3,0.0,0.0,0.0
S507583M-8088334,1,0.0,0.0,0.0
S507584M,2,0.0,0.0,0.0
S507587M-8088336,7,90.0,4.51085950651685,20.34785348753344
S507589M-8088328,4,15.0,2.772588722239781,7.687248222691222
S507590M-8088322,1,0.0,0.0,0.0
S507591M-8089735,4,9.0,2.302585092994046,5.301898110478399
S507592M-8089736,2,0.0,0.0,0.0
S507593M-8089722,1,0.0,0.0,0.0
S507596M-8089728,1,0.0,0.0,0.0
S507597M,2,0.0,0.0,0.0
S507599M,2,0.0,0.0,0.0
S507600M-8089718,4,0.0,0.0,0.0
S507601M,8,150.0,5.017279836814924,25.173096960909593
S507602M,7,106.0,4.672828834461906,21.835329316178612
S507605M-8089717,5,66.0,4.204692619390966,17.67944002356086
S507608M-8089551,1,0.0,0.0,0.0
S507609M,1,0.0,0.0,0.0
S507613M-8088326,2,47.0,3.8712010109078907,14.986197266854274
S507614M-8088343,4,38.0,3.6635616461296463,13.421683934992164
S507615M-8088355,3,186.0,5.231108616854587,27.364497361330308
S507619M,1,0.0,0.0,0.0
S507621M,2,0.0,0.0,0.0
S507624M-8088730,3,99.0,4.605170185988092,21.207592441913597
S507627M,4,0.0,0.0,0.0
S507629M-8087474,4,124.0,4.8283137373023015,23.312613545822117
S507631M-8088619,6,39.0,3.6888794541139363,13.607831626983932
S507632M-8088717,5,0.0,0.0,0.0
S507634M,4,27.0,3.332204510175204,11.10358689763197
S507635M-8088352,8,777.0,6.656726524178391,44.31200801770013
S507636M,4,162.0,5.093750200806762,25.946291108218933
S507637M,9,49.0,3.912023005428146,15.303923994999064
S507640M,6,255.0,5.545177444479562,30.74899289076489
S507641M-8088327,1,0.0,0.0,0.0
S507642M-8088350,5,0.0,0.0,0.0
S507643M-8088341,5,0.0,0.0,0.0
S507644M-8089790,7,563.0,6.335054251498059,40.132912369423636
S507645M-8089817,7,14.0,2.70805020110221,7.333535891689721
S507646M,3,0.0,0.0,0.0
S507647M-8087475,4,0.0,0.0,0.0
S507648M,6,114.0,4.74493212836325,22.5143809027738
S507649M,2,0.0,0.0,0.0
S507650M,1,0.0,0.0,0.0
S507651M,3,0.0,0.0,0.0
S507652M,5,144.0,4.976733742420574,24.767878742947495
S507653M,1,0.0,0.0,0.0
S507656M,2,0.0,0.0,0.0
S507657M,3,0.0,0.0,0.0
S507658M-8087472,4,36.0,3.6109179126442243,13.038728171854922
S507660M-8087468,1,0.0,0.0,0.0
S507661M-8087427,3,0.0,0.0,0.0
S507662M-8089582,5,225.0,5.420534999272286,29.382199678335805
S507665M-8089586,10,245.0,5.5053315359323625,30.308675320531385
S507666M-8089797,3,0.0,0.0,0.0
S507667M-8089788,5,148.0,5.003946305945459,25.039478632785208
S507668M-8089804,2,144.0,4.976733742420574,24.767878742947495
S507669M-8089794,3,56.0,4.04305126783455,16.346263554338563
S507670M-8089786,3,0.0,0.0,0.0
S507674M-8089796,3,5.0,1.791759469228055,3.210401995568401
S507675M-8089816,3,0.0,0.0,0.0
S507676M-8089787,7,235.0,5.4638318050256105,29.85345799360942
S507678M-8089815,2,0.0,0.0,0.0
S507679M-8089803,7,0.0,0.0,0.0
S507680M-8089801,4,0.0,0.0,0.0
S507681M-8089793,7,185.0,5.225746673713202,27.30842829782459
S507683M-8087461,6,0.0,0.0,0.0
S507684M-8087342,5,0.0,0.0,0.0
S507685M-8087465,5,0.0,0.0,0.0
S507687M-8089821,8,0.0,0.0,0.0
S507688M-8089823,3,0.0,0.0,0.0
S507690M-8089571,4,0.0,0.0,0.0
S507694M-8089729,5,46.0,3.8501476017100584,14.823636554953715
S507696M-8088732,4,15.0,2.772588722239781,7.687248222691222
S507699M-8088738,9,24.0,3.2188758248682006,10.361161575920939
S507700M,1,0.0,0.0,0.0
S507704M-8089800,1,0.0,0.0,0.0
S507705M-8089574,3,0.0,0.0,0.0
S507706M-8089792,1,0.0,0.0,0.0
S507709M-8089807,1,0.0,0.0,0.0
S507712M-8089507,3,17.0,2.8903717578961645,8.354248898843764
S507713M-8089519,1,0.0,0.0,0.0
S507714M-8087421,5,32.0,3.4965075614664802,12.225565127392272
S507715M,1,0.0,0.0,0.0
S507718M,2,0.0,0.0,0.0
S507719M,6,92.0,4.532599493153256,20.544458165333154
S507720M-8087439,5,0.0,0.0,0.0
S507721M-8087424,2,0.0,0.0,0.0
S507722M,3,7.0,2.0794415416798357,4.324077125263812
S507723M,1,0.0,0.0,0.0
S507724M,3,113.0,4.736198448394496,22.431575742574427
S507728M,3,15.0,2.772588722239781,7.687248222691222
S507729M,3,64.0,4.174387269895637,17.42550907906675
S507730M,3,50.0,3.9318256327243257,15.459252806148044
S507731M,1,0.0,0.0,0.0
S507732M,5,3.0,1.3862943611198906,1.9218120556728056
S507733M,6,182.0,5.209486152841421,27.13874597664651
S507735M,2,75.0,4.330733340286331,18.755251264667603
S507736M,4,32.0,3.4965075614664802,12.225565127392272
S507738M-8089589,3,0.0,0.0,0.0
S507739M-8089734,3,238.0,5.476463551931511,29.9916530356343
S507740M-8088727,3,100.0,4.61512051684126,21.299337384969135
S507742M-8088726,2,0.0,0.0,0.0
S507743M-8088625,4,0.0,0.0,0.0
S507744M-8089727,3,2.0,1.0986122886681096,1.2069489608125816
S507746M-8088740,4,59.0,4.0943445622221,16.763657394197683
S507747M-8088731,9,206.0,5.332718793265369,28.43788972804565
S507751M-8088628,3,104.0,4.653960350157523,21.659346940838336
S507752M,3,0.0,0.0,0.0
S507757M-8088733,3,8.0,2.1972245773362196,4.827795843250328
S507758M,1,0.0,0.0,0.0
S507759M,7,224.0,5.41610040220442,29.334143566758883
S507761M,2,0.0,0.0,0.0
S507765M,1,0.0,0.0,0.0
S507766M-8091414,1,4.0,1.6094379124341003,2.5902903939802346
S507767M-8091417,1,0.0,0.0,0.0
S507768M-8091416,2,0.0,0.0,0.0
S507769M-8092420,2,0.0,0.0,0.0
S507770M-8091912,4,92.0,4.532599493153256,20.544458165333154
S507771M-8091930,5,218.0,5.389071729816501,29.042094109107413
S507772M-8091923,1,0.0,0.0,0.0
S507774M-8093139,3,0.0,0.0,0.0
S507776M-8091928,16,222.0,5.407171771460119,29.237506566075158
S507777M-8091924,3,267.0,5.5909869805108565,31.259135416241904
S507780M-8091940,1,0.0,0.0,0.0
S507781M-8091927,8,34.0,3.5553480614894135,12.640499838336531
S507782M-8091933,3,0.0,0.0,0.0
S507783M-8091922,5,33.0,3.5263605246161616,12.43521854957117
S507784M-8091925,4,119.0,4.787491742782046,22.92007718720627
S507785M-8091926,2,0.0,0.0,0.0
S507790M-8091946,8,3.0,1.3862943611198906,1.9218120556728056
S507791M,2,0.0,0.0,0.0
S507792M-8091918,3,0.0,0.0,0.0
S507793M-8091934,5,1.0,0.6931471805599453,0.4804530139182014
S507794M-8091413,1,0.0,0.0,0.0
S507795M-8091419,6,199.0,5.298317366548036,28.072166916664518
S507796M,2,0.0,0.0,0.0
S507797M,12,171.0,5.147494476813453,26.496699388825
S507798M,3,7.0,2.0794415416798357,4.324077125263812
S507799M,10,191.0,5.2574953720277815,27.64125758689354
S507800M-8091942,1,0.0,0.0,0.0
S507801M,3,13.0,2.639057329615259,6.964623588996021
S507802M,7,117.0,4.770684624465665,22.759431786113105
S507803M,4,98.0,4.59511985013459,21.115126437100933
S507805M,5,0.0,0.0,0.0
S507806M,4,38.0,3.6635616461296463,13.421683934992164
S507807M-8094666,4,123.0,4.820281565605037,23.23511437171175
S507808M-8094657,1,0.0,0.0,0.0
S507809M-8094664,3,0.0,0.0,0.0
S507810M-8094662,3,0.0,0.0,0.0
S507811M,11,190.0,5.25227342804663,27.586376162964697
S507812M-8094029,6,27.0,3.332204510175204,11.10358689763197
S507813M-8094663,5,119.0,4.787491742782046,22.92007718720627
S507814M-8094578,1,36.0,3.6109179126442243,13.038728171854922
S507815M-8094580,2,0.0,0.0,0.0
S507816M-8094028,2,74.0,4.31748811353631,18.640703610527325
S507817M-8093910,2,5.0,1.791759469228055,3.210401995568401
S507818M-8091947,8,147.0,4.997212273764115,24.97213050905871
S507819M-8094030,8,215.0,5.375278407684165,28.893617960115616
S507820M,4,192.0,5.262690188904886,27.69590802439574
S507821M-8094583,3,102.0,4.634728988229636,21.480712794336103
S507822M,3,0.0,0.0,0.0
S507823M-8093793,1,11.0,2.4849066497880004,6.174761058160624
S507824M,7,108.0,4.6913478822291435,22.00874495209587
S507825M-8093907,3,0.0,0.0,0.0
S507826M-8093904,5,62.0,4.143134726391533,17.16556536103144
S507827M-8094665,1,0.0,0.0,0.0
S507828M,3,16.0,2.833213344056216,8.027097852938207
S507829M-8094659,7,0.0,0.0,0.0
S507830M-8094660,4,409.0,6.016157159698354,36.19414697018976
S507831M-8094656,3,9.0,2.302585092994046,5.301898110478399
S507832M-8094817,1,0.0,0.0,0.0
S507833M-8093775,3,0.0,0.0,0.0
S507834M-8093781,3,0.0,0.0,0.0
S507835M-8093780,5,106.0,4.672828834461906,21.835329316178612
S507836M-8093776,2,0.0,0.0,0.0
S507837M,3,0.0,0.0,0.0
S507838M-8094822,1,0.0,0.0,0.0
S507840M,2,6.0,1.9459101490553132,3.7865663081964716
S507841M-8094820,2,0.0,0.0,0.0
S507842M-8094814,6,219.0,5.393627546352361,29.091218108770992
S507843M,1,0.0,0.0,0.0
S507844M-8094816,7,176.0,5.176149732573829,26.79252605402412
S507845M-8094818,1,0.0,0.0,0.0
S507846M-8094658,2,16.0,2.833213344056216,8.027097852938207
S507847M-8093500,8,576.0,6.3578422665081,40.422158285796854
S507848M-8093492,5,65.0,4.189654742026425,17.553206857384513
S507849M,10,55.0,4.02535169073515,16.203456234104326
S507850M-8093771,1,0.0,0.0,0.0
S507851M,1,0.0,0.0,0.0
S507852M,10,238.0,5.476463551931511,29.9916530356343
S507853M-8094010,2,35.0,3.58351893845611,12.841607982273604
S507854M-8094007,4,64.0,4.174387269895637,17.42550907906675
S507855M-8093794,6,241.0,5.488937726156687,30.128437361626137
S507856M,6,135.0,4.912654885736052,24.134178026346305
S507857M-8093909,4,43.0,3.784189633918261,14.320091185454423
S507858M-8094005,1,0.0,0.0,0.0
S507859M-8093906,4,28.0,3.367295829986474,11.338681206644297
S507860M-8094027,3,0.0,0.0,0.0
S507861M-8094026,1,0.0,0.0,0.0
S507862M-8094011,3,0.0,0.0,0.0
S507863M-8094012,1,0.0,0.0,0.0
S507864M-8094009,7,16.0,2.833213344056216,8.027097852938207
S507865M-8094023,4,0.0,0.0,0.0
S507866M-8093778,1,0.0,0.0,0.0
S507867M-8093783,1,0.0,0.0,0.0
S507868M-8093774,1,0.0,0.0,0.0
S507869M,2,0.0,0.0,0.0
S507870M-8093146,4,137.0,4.927253685157205,24.277828877895256
S507871M-8093142,1,0.0,0.0,0.0
S507872M-8093137,5,0.0,0.0,0.0
S507873M-8093140,1,0.0,0.0,0.0
S507875M,2,11.0,2.4849066497880004,6.174761058160624
S507876M-8093491,6,196.0,5.2832037287379885,27.912241639350984
S507877M-8093498,5,0.0,0.0,0.0
S507878M-8093501,3,59.0,4.0943445622221,16.763657394197683
S507880M-8093792,3,21.0,3.091042453358316,9.554543448463397
S507881M,1,0.0,0.0,0.0
S507882M-8093790,3,0.0,0.0,0.0
S507883M-8093791,4,0.0,0.0,0.0
S507884M-8093777,2,10.0,2.3978952727983707,5.749901739308773
S507886M-8095822,6,34.0,3.5553480614894135,12.640499838336531
S507887M-8093136,2,0.0,0.0,0.0
S507888M-8095766,5,109.0,4.700480365792417,22.09451566920001
S507889M-8095764,1,0.0,0.0,0.0
S507890M-8095765,3,211.0,5.356586274672012,28.693016518004587
S507891M-8095784,6,367.0,5.908082938168931,34.905444004282835
S507892M-8095777,7,93.0,4.543294782270004,20.64152747860184
S507893M-8095817,3,0.0,0.0,0.0
S507894M-8095773,3,0.0,0.0,0.0
S507895M-8095818,8,116.0,4.762173934797756,22.678300585267145
S507896M-8097130,8,480.0,6.175867270105761,38.14133653796359
S507897M-8097142,8,263.0,5.575949103146316,31.091208400878205
S507898M-8097179,7,497.0,6.210600077024653,38.57155331673862
S507899M-8097189,7,242.0,5.493061443340548,30.17372402031455
S507900M-8099669,1,0.0,0.0,0.0
S507901M,1,0.0,0.0,0.0
S507902M-8097138,4,10.0,2.3978952727983707,5.749901739308773
S507903M-8097056,3,0.0,0.0,0.0
S507904M-8095816,1,0.0,0.0,0.0
S507905M-8097146,3,0.0,0.0,0.0
S507906M-8095814,4,1.0,0.6931471805599453,0.4804530139182014
S507907M-8095778,3,40.0,3.713572066704308,13.790617494606504
S507908M-8095793,4,17.0,2.8903717578961645,8.354248898843764
S507910M,8,27.0,3.332204510175204,11.10358689763197
S507911M-8095790,5,245.0,5.5053315359323625,30.308675320531385
S507912M-8095774,6,51.0,3.9512437185814275,15.612326923629187
S507913M-8095767,3,0.0,0.0,0.0
S507915M-8099681,3,15.0,2.772588722239781,7.687248222691222
S507917M-8099673,1,32.0,3.4965075614664802,12.225565127392272
S507918M,3,8.0,2.1972245773362196,4.827795843250328
S507919M-8099679,9,115.0,4.7535901911063645,22.596619704982643
S507920M-8099683,5,0.0,0.0,0.0
S507921M,5,29.0,3.4011973816621555,11.568143629025503
S507922M,8,108.0,4.6913478822291435,22.00874495209587
S507923M-8099678,5,0.0,0.0,0.0
S507924M,9,203.0,5.318119993844216,28.282400268925606
S507925M,4,5.0,1.791759469228055,3.210401995568401
S507926M,5,31.0,3.4657359027997265,12.011325347955035
S507927M-8097129,5,1.0,0.6931471805599453,0.4804530139182014
S507928M-8097188,2,255.0,5.545177444479562,30.74899289076489
S507929M-8097139,4,0.0,0.0,0.0
S507930M-8097182,6,23.0,3.1780538303479458,10.100026148589249
S507931M-8094824,3,0.0,0.0,0.0
S507932M-8097049,2,0.0,0.0,0.0
S507933M,4,18.0,2.9444389791664403,8.669720902034708
S507934M,11,190.0,5.25227342804663,27.586376162964697
S507935M-8097054,2,0.0,0.0,0.0
S507936M-8097132,8,0.0,0.0,0.0
S507937M-8097150,3,0.0,0.0,0.0
S507938M-8097135,4,10.0,2.3978952727983707,5.749901739308773
S507939M,6,49.0,3.912023005428146,15.303923994999064
S507940M,5,0.0,0.0,0.0
S507941M,2,0.0,0.0,0.0
S507942M-809728,3,0.0,0.0,0.0
S507943M-8097186,7,20.0,3.044522437723423,9.269116873801375
S507944M,3,93.0,4.543294782270004,20.64152747860184
S507945M-8097019,6,4.0,1.6094379124341003,2.5902903939802346
S507946M,4,22.0,3.1354942159291497,9.831323978125154
S507947M-8097020,3,23.0,3.1780538303479458,10.100026148589249
S507949M-8097040,4,137.0,4.927253685157205,24.277828877895256
S507950M-8097017,10,100.0,4.61512051684126,21.299337384969135
S507951M,5,0.0,0.0,0.0
S507952M,11,167.0,5.123963979403259,26.25500686222208
S507953M,4,20.0,3.044522437723423,9.269116873801375
S507954M-8097180,6,215.0,5.375278407684165,28.893617960115616
S507955M-8097181,4,60.0,4.110873864173311,16.899283927143212
S507956M-8097148,3,0.0,0.0,0.0
S507957M-8097147,6,95.0,4.564348191467836,20.833274412955706
S507958M-8097047,2,56.0,4.04305126783455,16.346263554338563
S507959M-8097022,2,0.0,0.0,0.0
S507960M-8097136,12,242.0,5.493061443340548,30.17372402031455
S507961M-8097037,8,121.0,4.804021044733257,23.07861819824001
S507962M-8097224,1,0.0,0.0,0.0
S507963M-8097240,14,0.0,0.0,0.0
S507964M,6,39.0,3.6888794541139363,13.607831626983932
S507965M-8097226,13,160.0,5.081404364984463,25.820670320483156
S507966M-8097225,4,12.0,2.5649493574615367,6.5789652063423505
S507968M-8097223,4,8.0,2.1972245773362196,4.827795843250328
S507969M-8097237,6,82.0,4.418840607796598,19.52615231711221
S507970M-8097247,6,535.0,6.284134161070802,39.49034215433703
S507971M-8097246,5,75.0,4.330733340286331,18.755251264667603
S507972M-8097183,6,76.0,4.343805421853684,18.868645542925464
S507973M-8097178,1,1.0,0.6931471805599453,0.4804530139182014
S507974M-8097234,8,138.0,4.9344739331306915,24.349032996746278
S507975M-8097229,2,7.0,2.0794415416798357,4.324077125263812
S507976M-8097228,3,120.0,4.795790545596741,22.99960695723509
S507977M-8097245,6,46.0,3.8501476017100584,14.823636554953715
S507978M-8097231,6,0.0,0.0,0.0
S507979M,3,39.0,3.6888794541139363,13.607831626983932
S507980M-8097241,4,6.0,1.9459101490553132,3.7865663081964716
S507981M-8097149,2,0.0,0.0,0.0
S507982M-8097243,4,25.0,3.258096538021482,10.615193051067568
S507983M-8097222,5,19.0,2.995732273553991,8.974411854812963
S507984M-8097236,4,73.0,4.304065093204169,18.524976326538614
S507985M-8097221,6,118.0,4.77912349311153,22.84002136241055
S507986M-8097244,8,236.0,5.4680601411351315,29.899681707070755
S507987M-8097233,7,134.0,4.90527477843843,24.061720651984185
S507988M-8097227,3,70.0,4.2626798770413155,18.170439734132966
S507989M-8097235,4,14.0,2.70805020110221,7.333535891689721
S507990M-8097238,6,86.0,4.465908118654584,19.944335324264923
S507991M-8097232,3,0.0,0.0,0.0
S507992M-8097242,2,0.0,0.0,0.0
S507993M-8097230,3,0.0,0.0,0.0
S507994M,10,237.0,5.472270673671475,29.94574632592486
S507995M-8097030,2,0.0,0.0,0.0
S507996M-8097018,5,35.0,3.58351893845611,12.841607982273604
S507997M-8097028,5,58.0,4.07753744390572,16.62631160645319
S507998M-8097048,5,91.0,4.5217885770490405,20.446571935531185
S507999M-8097053,1,0.0,0.0,0.0
S508000M-8097045,3,83.0,4.430816798843313,19.632137504912105
S508001M,5,29.0,3.4011973816621555,11.568143629025503
S508002M-8095789,2,0.0,0.0,0.0
S508003M-8095792,6,45.0,3.828641396489095,14.658494942909968
S508004M-8095782,10,67.0,4.219507705176107,17.804245274040536
S508005M,5,18.0,2.9444389791664403,8.669720902034708
S508006M,6,179.0,5.19295685089021,26.96680085520757
S508007M,2,0.0,0.0,0.0
S508008M,3,0.0,0.0,0.0
S508009M-8095791,1,0.0,0.0,0.0
S508010M,4,92.0,4.532599493153256,20.544458165333154
S508011M-8097143,5,42.0,3.7612001156935624,14.146626310293268
S508013M-8097144,2,192.0,5.262690188904886,27.69590802439574
S508016M-8097039,3,33.0,3.5263605246161616,12.43521854957117
S508017M,1,0.0,0.0,0.0
S508018M-8097029,2,0.0,0.0,0.0
S508019M-8097027,3,29.0,3.4011973816621555,11.568143629025503
S508020M-8097032,3,4.0,1.6094379124341003,2.5902903939802346
S508021M-8097041,10,498.0,6.212606095751519,38.59647450096893
S508022M-8099675,6,72.0,4.290459441148391,18.408042216139364
S508023M-8099670,6,215.0,5.375278407684165,28.893617960115616
S508024M-8099680,2,0.0,0.0,0.0
S508025M-8099671,7,86.0,4.465908118654584,19.944335324264923
S508026M-8097140,5,0.0,0.0,0.0
S508027M-8097043,9,205.0,5.327876168789581,28.386264469955947
S508028M-8097034,3,96.0,4.574710978503383,20.927980536839378
S508029M-8099672,6,88.0,4.48863636973214,20.14785645968212
S508031M-8099871,7,39.0,3.6888794541139363,13.607831626983932
S508032M-8099851,5,103.0,4.6443908991413725,21.570366824027207
S508033M-8099721,5,51.0,3.9512437185814275,15.612326923629187
S508034M-8099492,1,0.0,0.0,0.0
S508035M-8099494,5,41.0,3.7376696182833684,13.97017417543854
S508036M-8099485,3,0.0,0.0,0.0
S508037M-8099489,4,19.0,2.995732273553991,8.974411854812963
S508038M-8099737,4,11.0,2.4849066497880004,6.174761058160624
S508039M-8099740,4,0.0,0.0,0.0
S508040M-8099734,2,0.0,0.0,0.0
S508041M-8099727,3,37.0,3.6375861597263857,13.232033069432955
S508042M-8099773,1,0.0,0.0,0.0
S508043M-8099767,3,0.0,0.0,0.0
S508044M-8099749,4,0.0,0.0,0.0
S508045M-8099770,3,92.0,4.532599493153256,20.544458165333154
S508046M,12,42.0,3.7612001156935624,14.146626310293268
S508048M-8099772,3,15.0,2.772588722239781,7.687248222691222
S508049M-8099771,1,0.0,0.0,0.0
S508051M-8099745,1,0.0,0.0,0.0
S508052M-8099768,1,0.0,0.0,0.0
S508053M-8099769,2,0.0,0.0,0.0
S508054M-8099766,4,49.0,3.912023005428146,15.303923994999064
S508055M-8099765,2,0.0,0.0,0.0
S508056M-8099722,12,116.0,4.762173934797756,22.678300585267145
S508057M-8099674,7,68.0,4.23410650459726,17.927657892272823
S508058M-8099724,5,86.0,4.465908118654584,19.944335324264923
S508060M-8099490,2,0.0,0.0,0.0
S508061M,3,0.0,0.0,0.0
S508062M-8099487,3,0.0,0.0,0.0
S508063M-8099855,4,0.0,0.0,0.0
S508065M-8099718,4,6.0,1.9459101490553132,3.7865663081964716
S508066M,3,0.0,0.0,0.0
S508067M-8099677,1,0.0,0.0,0.0
S508068M,4,0.0,0.0,0.0
S508069M-8099756,5,42.0,3.7612001156935624,14.146626310293268
S508070M-8099736,2,0.0,0.0,0.0
S508071M-8099754,8,67.0,4.219507705176107,17.804245274040536
S508072M,7,0.0,0.0,0.0
S508073M-8099750,2,0.0,0.0,0.0
S508074M-8099757,9,48.0,3.8918202981106265,15.146265232785886
S508075M-8099746,2,0.0,0.0,0.0
S508076M-8099744,4,231.0,5.44673737166631,29.666947995906423
S508077M,3,0.0,0.0,0.0
S508078M,9,72.0,4.290459441148391,18.408042216139364
S508079M-8099866,2,69.0,4.248495242049359,18.049711821716045
S508080M,5,44.0,3.8066624897703196,14.490679311024369
S508081M-8099852,8,121.0,4.804021044733257,23.07861819824001
S508083M-8101285,1,0.0,0.0,0.0
S508084M-8101278,5,0.0,0.0,0.0
S508085M-8101288,5,96.0,4.574710978503383,20.927980536839378
S508086M-8101272,1,0.0,0.0,0.0
S508087M-8101290,3,0.0,0.0,0.0
S508088M-8101275,2,0.0,0.0,0.0
S508090M-8099854,2,0.0,0.0,0.0
S508091M,5,0.0,0.0,0.0
S508092M-8099849,2,0.0,0.0,0.0
S508093M-8099862,3,274.0,5.616771097666572,31.548117563582544
S508094M-8101281,3,40.0,3.713572066704308,13.790617494606504
S508095M-8099857,6,213.0,5.365976015021851,28.793698593789784
S508097M,8,82.0,4.418840607796598,19.52615231711221
S508099M-8105338,5,1.0,0.6931471805599453,0.4804530139182014
S508100M,7,42.0,3.7612001156935624,14.146626310293268
S508101M-8105337,1,0.0,0.0,0.0
S508102M-8105350,2,0.0,0.0,0.0
S508103M-8105346,7,64.0,4.174387269895637,17.42550907906675
S508104M-8105335,4,0.0,0.0,0.0
S508105M-8105345,3,0.0,0.0,0.0
S508106M,9,92.0,4.532599493153256,20.544458165333154
S508107M,9,88.0,4.48863636973214,20.14785645968212
S508108M,4,0.0,0.0,0.0
S508109M-8105349,1,0.0,0.0,0.0
S508110M-8105347,4,6.0,1.9459101490553132,3.7865663081964716
S508111M-8105339,2,0.0,0.0,0.0
S508112M,4,0.0,0.0,0.0
S508113M-8105342,2,0.0,0.0,0.0
S508114M-8105379,7,35.0,3.58351893845611,12.841607982273604
S508115M-8105336,2,9.0,2.302585092994046,5.301898110478399
S508116M-8105348,3,0.0,0.0,0.0
S508118M-8105352,3,104.0,4.653960350157523,21.659346940838336
S508119M-8105378,4,0.0,0.0,0.0
S508120M-8105085,3,0.0,0.0,0.0
S508121M,1,0.0,0.0,0.0
S508122M,3,0.0,0.0,0.0
S508123M-8104590,6,101.0,4.624972813284271,21.39037352361862
S508124M,2,0.0,0.0,0.0
S508125M,3,0.0,0.0,0.0
S508126M,5,5.0,1.791759469228055,3.210401995568401
S508127M-8105341,2,0.0,0.0,0.0
S508128M-8105376,6,34.0,3.5553480614894135,12.640499838336531
S508129M-8105164,3,0.0,0.0,0.0
S508130M-8105343,1,0.0,0.0,0.0
S508132M,5,97.0,4.584967478670572,21.021926780466785
S508133M-8105160,3,0.0,0.0,0.0
S508134M-8104596,7,0.0,0.0,0.0
S508135M,5,188.0,5.241747015059643,27.47591176988667
S508136M,4,1.0,0.6931471805599453,0.4804530139182014
S508137M,5,0.0,0.0,0.0
S508138M-8105959,7,85.0,4.454347296253507,19.84120983564093
S508140M-8105158,12,57.0,4.060443010546419,16.48719744189527
S508141M-8105090,4,0.0,0.0,0.0
S508142M-8105967,3,0.0,0.0,0.0
S508143M-8105965,2,0.0,0.0,0.0
S508144M-8105974,5,555.0,6.320768294250582,39.95211182960342
S508145M-8105958,2,18.0,2.9444389791664403,8.669720902034708
S508146M-8105970,1,0.0,0.0,0.0
S508147M-8105962,1,0.0,0.0,0.0
S508148M-8105968,1,76.0,4.343805421853684,18.868645542925464
S508149M-8105969,3,164.0,5.10594547390058,26.070679182445822
S508150M-8105095,2,0.0,0.0,0.0
S508151M-8105966,3,86.0,4.465908118654584,19.944335324264923
S508152M-8105955,4,225.0,5.420534999272286,29.382199678335805
S508153M-8104583,5,18.0,2.9444389791664403,8.669720902034708
S508154M-8105957,3,228.0,5.43372200355424,29.525334811909502
S508155M,3,0.0,0.0,0.0
S508156M,4,2.0,1.0986122886681096,1.2069489608125816
S508157M,3,17.0,2.8903717578961645,8.354248898843764
S508158M-8104586,2,0.0,0.0,0.0
S508159M-8104544,2,0.0,0.0,0.0
S508161M-8104530,5,0.0,0.0,0.0
S508163M-8104535,5,0.0,0.0,0.0
S508164M,6,70.0,4.2626798770413155,18.170439734132966
S508165M-8104548,3,23.0,3.1780538303479458,10.100026148589249
S508166M-8104690,2,0.0,0.0,0.0
S508167M-8104537,3,0.0,0.0,0.0
S508168M,5,15.0,2.772588722239781,7.687248222691222
S508171M-8107460,2,0.0,0.0,0.0
S508172M,4,0.0,0.0,0.0
S508173M-8107878,5,176.0,5.176149732573829,26.79252605402412
S508175M-8104688,2,2.0,1.0986122886681096,1.2069489608125816
S508176M-8104686,5,0.0,0.0,0.0
S508177M-8104580,7,613.0,6.419994928147142,41.21633487743503
S508179M-8104591,3,0.0,0.0,0.0
S508180M-8104584,5,0.0,0.0,0.0
S508181M,3,0.0,0.0,0.0
S508182M-8104599,2,1.0,0.6931471805599453,0.4804530139182014
S508183M-8104692,3,3.0,1.3862943611198906,1.9218120556728056
S508184M-8104595,4,0.0,0.0,0.0
S508185M-8104538,6,171.0,5.147494476813453,26.496699388825
S508186M-8104536,9,43.0,3.784189633918261,14.320091185454423
S508188M-8104543,3,0.0,0.0,0.0
S508189M-8104577,3,6.0,1.9459101490553132,3.7865663081964716
S508190M-8104550,3,0.0,0.0,0.0
S508191M-8102696,4,126.0,4.844187086458591,23.466148528612173
S508192M-8104597,2,188.0,5.241747015059643,27.47591176988667
S508193M-8104547,1,0.0,0.0,0.0
S508194M-8104533,9,145.0,4.983606621708336,24.836334959935176
S508195M,3,149.0,5.0106352940962555,25.106466050443068
S508196M-8104531,1,0.0,0.0,0.0
S508197M-8103165,4,0.0,0.0,0.0
S508199M,4,46.0,3.8501476017100584,14.823636554953715
S508201M-8104541,5,242.0,5.493061443340548,30.17372402031455
S508202M-8104539,4,65.0,4.189654742026425,17.553206857384513
S508203M-8104578,1,0.0,0.0,0.0
S508204M-8104694,2,9.0,2.302585092994046,5.301898110478399
S508205M-8104588,2,0.0,0.0,0.0
S508206M-8104593,1,0.0,0.0,0.0
S508207M-8104589,2,116.0,4.762173934797756,22.678300585267145
S508208M-8105088,5,12.0,2.5649493574615367,6.5789652063423505
S508209M-8104581,4,39.0,3.6888794541139363,13.607831626983932
S508210M-8102008,3,133.0,4.897839799950911,23.98883470598318
S508211M-8105097,3,0.0,0.0,0.0
S508213M-8105170,4,0.0,0.0,0.0
S508214M-8105168,1,0.0,0.0,0.0
S508215M-8105092,1,5.0,1.791759469228055,3.210401995568401
S508216M-8105167,5,0.0,0.0,0.0
S508217M,1,0.0,0.0,0.0
S508219M-8105166,6,29.0,3.4011973816621555,11.568143629025503
S508220M-8105162,2,0.0,0.0,0.0
S508222M-8104695,1,0.0,0.0,0.0
S508223M-8104693,7,171.0,5.147494476813453,26.496699388825
S508224M-8104600,1,0.0,0.0,0.0
S508225M-8104598,3,0.0,0.0,0.0
S508226M,2,0.0,0.0,0.0
S508229M-8103162,4,18.0,2.9444389791664403,8.669720902034708
S508230M-8103167,3,0.0,0.0,0.0
S508232M-8103395,5,4.0,1.6094379124341003,2.5902903939802346
S508234M-8103161,2,0.0,0.0,0.0
S508235M,2,0.0,0.0,0.0
S508236M-8103399,2,0.0,0.0,0.0
S508237M,1,0.0,0.0,0.0
S508238M,4,44.0,3.8066624897703196,14.490679311024369
S508239M,4,0.0,0.0,0.0
S508240M-8103375,2,2.0,1.0986122886681096,1.2069489608125816
S508241M,2,0.0,0.0,0.0
S508242M-8103372,4,21.0,3.091042453358316,9.554543448463397
S508243M,2,0.0,0.0,0.0
S508244M,4,0.0,0.0,0.0
S508245M-8102699,7,67.0,4.219507705176107,17.804245274040536
S508246M-8101276,6,86.0,4.465908118654584,19.944335324264923
S508247M-8102808,1,0.0,0.0,0.0
S508248M-8102810,4,37.0,3.6375861597263857,13.232033069432955
S508250M-8103163,3,0.0,0.0,0.0
S508251M-8103251,6,73.0,4.304065093204169,18.524976326538614
S508252M-8103087,13,0.0,0.0,0.0
S508253M-8103154,1,6.0,1.9459101490553132,3.7865663081964716
S508254M-8103388,7,57.0,4.060443010546419,16.48719744189527
S508255M-8103159,9,205.0,5.327876168789581,28.386264469955947
S508256M-8103371,4,2.0,1.0986122886681096,1.2069489608125816
S508257M-8103373,14,0.0,0.0,0.0
S508258M-8103361,3,0.0,0.0,0.0
S508259M-8103360,7,225.0,5.420534999272286,29.382199678335805
S508261M-8102809,8,380.0,5.942799375126701,35.31686441300631
S508262M-8102801,3,0.0,0.0,0.0
S508264M-8103359,2,0.0,0.0,0.0
S508265M-8103393,2,0.0,0.0,0.0
S508266M-8102703,12,0.0,0.0,0.0
S508267M-8103385,10,113.0,4.736198448394496,22.431575742574427
S508268M-8103158,1,0.0,0.0,0.0
S508271M-8103353,4,19.0,2.995732273553991,8.974411854812963
S508272M-8103287,11,76.0,4.343805421853684,18.868645542925464
S508273M-8103351,5,0.0,0.0,0.0
S508276M-8102698,6,31.0,3.4657359027997265,12.011325347955035
S508277M-8102706,5,138.0,4.9344739331306915,24.349032996746278
S508279M,5,0.0,0.0,0.0
S508280M-8103365,5,428.0,6.061456918928017,36.74125998002033
S508281M-8103286,3,7.0,2.0794415416798357,4.324077125263812
S508282M-8103368,3,43.0,3.784189633918261,14.320091185454423
S508284M-8103155,1,0.0,0.0,0.0
S508285M-8103285,1,0.0,0.0,0.0
S508286M,1,0.0,0.0,0.0
S508287M,5,13.0,2.639057329615259,6.964623588996021
S508288M,5,43.0,3.784189633918261,14.320091185454423
S508290M-8102802,6,44.0,3.8066624897703196,14.490679311024369
S508291M,3,0.0,0.0,0.0
S508292M,1,0.0,0.0,0.0
S508294M-8103401,2,0.0,0.0,0.0
S508295M-8103381,5,0.0,0.0,0.0
S508296M-8102815,1,0.0,0.0,0.0
S508297M-8102812,2,0.0,0.0,0.0
S508300M,4,0.0,0.0,0.0
S508301M-8103404,6,0.0,0.0,0.0
S508303M-8103386,4,113.0,4.736198448394496,22.431575742574427
S508304M-8103370,1,0.0,0.0,0.0
S508305M-8103384,7,112.0,4.727387818712341,22.348195588509824
S508306M-8103354,7,99.0,4.605170185988092,21.207592441913597
S508307M,6,84.0,4.442651256490317,19.737150186794988
S508308M-8099488,5,0.0,0.0,0.0
S508309M-8101857,3,356.0,5.877735781779639,34.5477779204127
S508310M-8099764,2,0.0,0.0,0.0
S508311M-8099763,3,0.0,0.0,0.0
S508312M-8101777,3,0.0,0.0,0.0
S508313M-8101780,7,80.0,4.394449154672439,19.311183373001313
S508314M-8101774,2,0.0,0.0,0.0
S508315M-8101766,4,11.0,2.4849066497880004,6.174761058160624
S508317M,4,25.0,3.258096538021482,10.615193051067568
S508318M-8101856,2,0.0,0.0,0.0
S508319M,4,174.0,5.1647859739235145,26.675014156437065
S508320M-8101782,5,33.0,3.5263605246161616,12.43521854957117
S508321M-8101783,1,39.0,3.6888794541139363,13.607831626983932
S508325M-8101775,3,0.0,0.0,0.0
S508326M-8101852,2,41.0,3.7376696182833684,13.97017417543854
S508328M-8102007,6,0.0,0.0,0.0
S508330M-8102005,1,0.0,0.0,0.0
S508331M-8101772,2,0.0,0.0,0.0
S508332M-8101769,5,30.0,3.4339872044851463,11.79226812056771
S508333M-8101859,2,9.0,2.302585092994046,5.301898110478399
S508334M-8101850,3,1.0,0.6931471805599453,0.4804530139182014
S508335M-8102004,2,0.0,0.0,0.0
S508336M-8101853,4,18.0,2.9444389791664403,8.669720902034708
S508337M-8101854,2,0.0,0.0,0.0
S508338M,4,88.0,4.48863636973214,20.14785645968212
S508339M,1,0.0,0.0,0.0
S508340M,6,20.0,3.044522437723423,9.269116873801375
S508341M-8107441,3,0.0,0.0,0.0
S508342M-8107835,1,0.0,0.0,0.0
S508345M-8107525,1,0.0,0.0,0.0
S508346M-8107500,5,0.0,0.0,0.0
S508347M-8107848,2,0.0,0.0,0.0
S508348M-8107885,8,131.0,4.882801922586371,23.84175461521316
S508349M-8107868,1,1.0,0.6931471805599453,0.4804530139182014
S508350M-8107477,2,0.0,0.0,0.0
S508351M-8107526,2,0.0,0.0,0.0
S508352M-8107536,3,0.0,0.0,0.0
S508353M-8107435,2,10.0,2.3978952727983707,5.749901739308773
S508354M-8107872,1,0.0,0.0,0.0
S508355M-8107475,2,0.0,0.0,0.0
S508356M-8107484,1,0.0,0.0,0.0
S508357M-8107842,1,0.0,0.0,0.0
S508359M-8107450,1,13.0,2.639057329615259,6.964623588996021
S508360M-8107496,3,161.0,5.087596335232384,25.88363647026998
S508361M-8105963,6,66.0,4.204692619390966,17.67944002356086
S508362M-8107440,4,13.0,2.639057329615259,6.964623588996021
S508364M-8107451,3,247.0,5.5134287461649825,30.39789653903837
S508365M-8107867,6,0.0,0.0,0.0
S508366M,6,28.0,3.367295829986474,11.338681206644297
S508367M-8107501,7,0.0,0.0,0.0
S508368M-8107846,10,0.0,0.0,0.0
S508369M-8107524,5,0.0,0.0,0.0
S508370M-8107452,4,21.0,3.091042453358316,9.554543448463397
S508371M-8107438,5,41.0,3.7376696182833684,13.97017417543854
S508372M-8107445,1,0.0,0.0,0.0
S508373M,1,25.0,3.258096538021482,10.615193051067568
S508374M-8107535,3,25.0,3.258096538021482,10.615193051067568
S508375M-8107544,1,19.0,2.995732273553991,8.974411854812963
S508376M-8107802,1,34.0,3.5553480614894135,12.640499838336531
S508377M-8107805,1,0.0,0.0,0.0
S508378M-8107807,2,0.0,0.0,0.0
S508379M-8107472,13,182.0,5.209486152841421,27.13874597664651
S508380M-8107841,5,7.0,2.0794415416798357,4.324077125263812
S508382M-8107532,8,204.0,5.3230099791384085,28.334435238007078
S508383M-8107528,1,0.0,0.0,0.0
S508384M-8107502,6,110.0,4.709530201312334,22.17967471707299
S508385M-8107792,4,29.0,3.4011973816621555,11.568143629025503
S508387M-8107836,4,59.0,4.0943445622221,16.763657394197683
S508388M-8107803,8,166.0,5.117993812416755,26.193860663936196
S508389M-8107864,3,0.0,0.0,0.0
S508390M-8107879,6,154.0,5.043425116919247,25.436136909971918
S508391M-8107529,3,76.0,4.343805421853684,18.868645542925464
S508392M-8107804,4,45.0,3.828641396489095,14.658494942909968
S508393M-8107809,2,0.0,0.0,0.0
S508395M-8107459,3,0.0,0.0,0.0
S508396M-8107458,1,0.0,0.0,0.0
S508397M-8107492,1,0.0,0.0,0.0
S508398M-8107834,7,225.0,5.420534999272286,29.382199678335805
S508399M-8107449,3,51.0,3.9512437185814275,15.612326923629187
S508400M-8107523,3,26.0,3.295836866004329,10.862540647313239
S508401M-8107539,2,0.0,0.0,0.0
S508403M-8107433,6,11.0,2.4849066497880004,6.174761058160624
S508404M-8107471,10,172.0,5.153291594497779,26.556414257921464
S508406M-8107427,3,133.0,4.897839799950911,23.98883470598318
S508407M-8107880,9,75.0,4.330733340286331,18.755251264667603
S508409M-8108228,2,12.0,2.5649493574615367,6.5789652063423505
S508410M-8107851,4,11.0,2.4849066497880004,6.174761058160624
S508411M-8107883,3,0.0,0.0,0.0
S508413M-8107448,3,67.0,4.219507705176107,17.804245274040536
S508414M-8107863,13,207.0,5.337538079701318,28.489312752261633
S508415M-8107457,3,0.0,0.0,0.0
S508416M-8107453,2,0.0,0.0,0.0
S508417M-8107838,4,0.0,0.0,0.0
S508418M-8107479,4,0.0,0.0,0.0
S508419M-8107434,2,0.0,0.0,0.0
S508420M-8107534,2,0.0,0.0,0.0
S508421M-8107465,5,16.0,2.833213344056216,8.027097852938207
S508422M-8107432,3,0.0,0.0,0.0
S508423M-8107808,6,100.0,4.61512051684126,21.299337384969135
S508424M-8107431,1,3.0,1.3862943611198906,1.9218120556728056
S508425M,5,199.0,5.298317366548036,28.072166916664518
S508426M-8108181,3,7.0,2.0794415416798357,4.324077125263812
S508427M,7,112.0,4.727387818712341,22.348195588509824
S508428M-8107444,8,110.0,4.709530201312334,22.17967471707299
S508429M,5,40.0,3.713572066704308,13.790617494606504
S508430M-8107430,2,0.0,0.0,0.0
S508431M-8108226,2,0.0,0.0,0.0
S508432M-8108225,5,9.0,2.302585092994046,5.301898110478399
S508433M-8107490,3,1.0,0.6931471805599453,0.4804530139182014
S508434M-8107481,1,0.0,0.0,0.0
S508435M-8108175,2,0.0,0.0,0.0
S508437M-8108177,1,0.0,0.0,0.0
S508438M-8108231,3,194.0,5.272999558563747,27.80452434461347
S508439M-8108176,2,0.0,0.0,0.0
S508440M-8108224,6,36.0,3.6109179126442243,13.038728171854922
S508443M-8108229,5,13.0,2.639057329615259,6.964623588996021
S508444M-8107474,3,10.0,2.3978952727983707,5.749901739308773
S508445M-8108180,1,1.0,0.6931471805599453,0.4804530139182014
S508446M,4,0.0,0.0,0.0
S508447M-8108178,1,0.0,0.0,0.0
S508448M-8108232,3,0.0,0.0,0.0
S508450M-8108166,2,151.0,5.0238805208462765,25.239375487738656
S508451M,6,37.0,3.6375861597263857,13.232033069432955
S508453M-8108223,3,7.0,2.0794415416798357,4.324077125263812
S508454M-8107503,3,0.0,0.0,0.0
S508455M-8108230,4,0.0,0.0,0.0
S508456M-8107521,2,0.0,0.0,0.0
S508457M-8107845,4,35.0,3.58351893845611,12.841607982273604
S508458M-8107520,1,0.0,0.0,0.0
S508459M-8107486,2,0.0,0.0,0.0
S508460M-8107540,7,132.0,4.890349128221754,23.915514595899268
S508461M-8107837,1,0.0,0.0,0.0
S508462M-8107873,3,51.0,3.9512437185814275,15.612326923629187
S508463M,2,0.0,0.0,0.0
S508464M-8107844,1,30.0,3.4339872044851463,11.79226812056771
S508466M-8107852,3,0.0,0.0,0.0
S508467M-8107454,2,58.0,4.07753744390572,16.62631160645319
S508468M-8107843,5,0.0,0.0,0.0
S508471M-8107866,3,0.0,0.0,0.0
S508472M-8107869,4,0.0,0.0,0.0
S508473M-8107462,5,59.0,4.0943445622221,16.763657394197683
S508474M-8107839,4,0.0,0.0,0.0
S508475M-8107855,1,0.0,0.0,0.0
S508476M-8107485,6,58.0,4.07753744390572,16.62631160645319
S508477M-8107469,1,0.0,0.0,0.0
S508478M-8107466,6,74.0,4.31748811353631,18.640703610527325
S508479M-8107875,10,166.0,5.117993812416755,26.193860663936196
S508480M-8107488,5,0.0,0.0,0.0
S508481M-8107860,1,0.0,0.0,0.0
S508482M,1,10.0,2.3978952727983707,5.749901739308773
S508483M-8107473,8,1.0,0.6931471805599453,0.4804530139182014
S508484M-8107455,2,9.0,2.302585092994046,5.301898110478399
S508485M-8107794,1,0.0,0.0,0.0
S508486M,6,45.0,3.828641396489095,14.658494942909968
S508487M-8107798,1,0.0,0.0,0.0
S508488M-8107854,1,151.0,5.0238805208462765,25.239375487738656
S508489M-8107463,1,0.0,0.0,0.0
S508490M-8107467,3,71.0,4.276666119016055,18.28987309353985
S508491M-8107468,4,48.0,3.8918202981106265,15.146265232785886
S508492M-8110573,9,77.0,4.356708826689592,18.980911800555
S508493M-8110565,6,259.0,5.560681631015528,30.921180201513508
S508494M-8107870,5,152.0,5.030437921392435,25.305305680983047
S508495M-8107493,3,216.0,5.37989735354046,28.94329553463164
S508496M-8107806,3,129.0,4.867534450455582,23.692891626371928
S508497M-8107527,1,0.0,0.0,0.0
S508498M-8108171,2,50.0,3.9318256327243257,15.459252806148044
S508499M-8108244,6,237.0,5.472270673671475,29.94574632592486
S508500M-8108269,6,208.0,5.342334251964811,28.540535259716417
S508501M-8108252,8,160.0,5.081404364984463,25.820670320483156
S508503M-8107491,2,140.0,4.948759890378168,24.49022445261574
S508504M-8108266,2,104.0,4.653960350157523,21.659346940838336
S508505M-8108265,2,67.0,4.219507705176107,17.804245274040536
S508506M-8108260,6,200.0,5.303304908059076,28.125042947843482
S508507M-8108268,2,258.0,5.556828061699537,30.878338107291437
S508508M-8108267,3,0.0,0.0,0.0
S508509M-8108258,3,206.0,5.332718793265369,28.43788972804565
S508510M-8108163,6,142.0,4.962844630259907,24.62982682409959
S508511M-8108248,3,0.0,0.0,0.0
S508512M-8108227,3,93.0,4.543294782270004,20.64152747860184
S508513M-8108221,4,78.0,4.3694478524670215,19.092074535428665
S508514M-8108249,3,45.0,3.828641396489095,14.658494942909968
S508515M-8108172,3,167.0,5.123963979403259,26.25500686222208
S508516M-8108174,6,154.0,5.043425116919247,25.436136909971918
S508517M-8108173,5,114.0,4.74493212836325,22.5143809027738
S508518M-8108169,3,126.0,4.844187086458591,23.466148528612173
S508519M-8108251,5,107.0,4.68213122712422,21.922352828011753
S508520M-8108262,3,144.0,4.976733742420574,24.767878742947495
S508521M-8108162,3,15.0,2.772588722239781,7.687248222691222
S508522M-8108246,2,47.0,3.8712010109078907,14.986197266854274
S508523M-8108259,3,105.0,4.663439094112067,21.747664184492777
S508524M-8108257,3,0.0,0.0,0.0
S508525M-8108179,5,18.0,2.9444389791664403,8.669720902034708
S508527M-8108254,2,0.0,0.0,0.0
S508528M-8108233,1,33.0,3.5263605246161616,12.43521854957117
S508529M-8108253,3,134.0,4.90527477843843,24.061720651984185
S508530M-8108250,6,203.0,5.318119993844216,28.282400268925606
S508532M-8108247,2,130.0,4.875197323201151,23.76754894014767
S508533M-8108245,1,3.0,1.3862943611198906,1.9218120556728056
S508534M-8110410,2,46.0,3.8501476017100584,14.823636554953715
S508536M-8110416,4,141.0,4.955827057601261,24.56022182485277
S508537M-8110405,3,58.0,4.07753744390572,16.62631160645319
S508538M-8110414,2,68.0,4.23410650459726,17.927657892272823
S508540M-8110420,5,226.0,5.424950017481403,29.430082692171474
S508541M-8110411,3,0.0,0.0,0.0
S508544M-8109979,3,187.0,5.236441962829949,27.42032443008637
S508545M-8109983,5,0.0,0.0,0.0
S508546M-8109978,4,111.0,4.718498871295094,22.264231598413076
S508547M-8109982,4,8.0,2.1972245773362196,4.827795843250328
S508548M-8109980,6,75.0,4.330733340286331,18.755251264667603
S508549M-8110208,4,347.0,5.8522024797744745,34.24827386427851
S508550M-8110209,4,88.0,4.48863636973214,20.14785645968212
S508551M-8110211,3,23.0,3.1780538303479458,10.100026148589249
S508552M-8110213,5,0.0,0.0,0.0
S508554M-8110212,7,36.0,3.6109179126442243,13.038728171854922
S508555M-8110403,3,1.0,0.6931471805599453,0.4804530139182014
S508556M-8110415,4,0.0,0.0,0.0
S508557M-8110409,8,255.0,5.545177444479562,30.74899289076489
S508558M-8110418,5,0.0,0.0,0.0
S508559M-8110217,4,193.0,5.267858159063328,27.75032958401008
S508560M-8110210,10,0.0,0.0,0.0
S508561M-8108681,3,0.0,0.0,0.0
S508562M-8108678,2,1.0,0.6931471805599453,0.4804530139182014
S508563M-8109476,2,153.0,5.0369526024136295,25.370891518961436
S508564M-8108682,1,8.0,2.1972245773362196,4.827795843250328
S508565M-8108683,3,10.0,2.3978952727983707,5.749901739308773
S508566M,3,89.0,4.499809670330265,20.24828706919777
S508568M-8108676,3,0.0,0.0,0.0
S508569M-8108669,6,258.0,5.556828061699537,30.878338107291437
S508570M-8108675,2,0.0,0.0,0.0
S508572M-8108765,1,35.0,3.58351893845611,12.841607982273604
S508573M-8108680,7,92.0,4.532599493153256,20.544458165333154
S508574M-8108671,3,184.0,5.220355825078325,27.252114940429202
S508575M-8108767,3,155.0,5.049856007249537,25.501045693954236
S508576M-8108679,4,220.0,5.3981627015177525,29.140160552057438
S508577M,2,204.0,5.3230099791384085,28.334435238007078
S508578M-8108672,3,60.0,4.110873864173311,16.899283927143212
S508579M-8108674,2,31.0,3.4657359027997265,12.011325347955035
S508580M-8108762,6,178.0,5.187385805840755,26.908971498638138
S508581M-8108766,2,0.0,0.0,0.0
S508582M-8108763,3,28.0,3.367295829986474,11.338681206644297
S508583M-8108764,4,29.0,3.4011973816621555,11.568143629025503
S508584M-8109479,3,159.0,5.075173815233827,25.757389254835076
S508585M-8110887,9,70.0,4.2626798770413155,18.170439734132966
S508586M-8108670,4,82.0,4.418840607796598,19.52615231711221
S508587M-8110555,5,209.0,5.3471075307174685,28.591558945055464
S508588M-8110571,1,0.0,0.0,0.0
S508589M-8110557,3,0.0,0.0,0.0
S508590M-8110408,1,1.0,0.6931471805599453,0.4804530139182014
S508591M-8110404,1,0.0,0.0,0.0
S508592M-8110558,2,121.0,4.804021044733257,23.07861819824001
S508593M-8110417,3,75.0,4.330733340286331,18.755251264667603
S508595M-8110569,1,0.0,0.0,0.0
S508596M-8110567,1,0.0,0.0,0.0
S508597M-8110556,3,60.0,4.110873864173311,16.899283927143212
S508598M-8110553,1,3.0,1.3862943611198906,1.9218120556728056
S508599M-8110552,5,196.0,5.2832037287379885,27.912241639350984
S508600M-8110578,2,0.0,0.0,0.0
S508601M-8110560,6,131.0,4.882801922586371,23.84175461521316
S508602M-8110583,5,79.0,4.382026634673881,19.202157426991302
S508603M-8110412,5,79.0,4.382026634673881,19.202157426991302
S508604M-8110579,1,158.0,5.0689042022202315,25.69378981128592
S508605M-8110581,4,194.0,5.272999558563747,27.80452434461347
S508606M-8117887,4,225.0,5.420534999272286,29.382199678335805
S508607M-8108673,5,171.0,5.147494476813453,26.496699388825
S508608M-8117889,7,175.0,5.170483995038151,26.733904742945683
S508609M-8110609,3,141.0,4.955827057601261,24.56022182485277
S508610M-8110413,6,174.0,5.1647859739235145,26.675014156437065
S508612M-8112811,4,90.0,4.51085950651685,20.34785348753344
S508613M-8122491,6,91.0,4.5217885770490405,20.446571935531185
S508614M-8110406,2,203.0,5.318119993844216,28.282400268925606
S508615M-8112799,6,0.0,0.0,0.0
S508617M-8112803,6,215.0,5.375278407684165,28.893617960115616
S508618M-8112798,4,9.0,2.302585092994046,5.301898110478399
S508619M-8112815,4,244.0,5.501258210544727,30.263841899085776
S508620M-8112797,2,85.0,4.454347296253507,19.84120983564093
S508621M-8112808,4,39.0,3.6888794541139363,13.607831626983932
S508622M-8112801,2,3.0,1.3862943611198906,1.9218120556728056
S508624M-8110422,3,0.0,0.0,0.0
S508625M-8110881,5,170.0,5.14166355650266,26.436704128267586
S508626M-8110876,3,148.0,5.003946305945459,25.039478632785208
S508627M-8110879,7,155.0,5.049856007249537,25.501045693954236
S508628M-8110576,2,0.0,0.0,0.0
S508629M-8112796,3,247.0,5.5134287461649825,30.39789653903837
S508630M-8112810,4,34.0,3.5553480614894135,12.640499838336531
S508631M-8112813,6,248.0,5.517452896464707,30.44228646470679
S508632M,7,49.0,3.912023005428146,15.303923994999064
S508633M-8112800,7,186.0,5.231108616854587,27.364497361330308
S508634M-8112809,6,0.0,0.0,0.0
S508635M-8112816,4,0.0,0.0,0.0
S508636M-8110885,7,0.0,0.0,0.0
S508637M,7,0.0,0.0,0.0
S508638M-8110889,2,0.0,0.0,0.0
S508639M-8113414,5,157.0,5.062595033026967,25.629868468429315
S508640M-8110893,2,5.0,1.791759469228055,3.210401995568401
S508641M-8110890,4,187.0,5.236441962829949,27.42032443008637
S508642M-8110886,2,93.0,4.543294782270004,20.64152747860184
S508643M-8110883,2,92.0,4.532599493153256,20.544458165333154
S508644M-8113330,1,0.0,0.0,0.0
S508645M-8113419,1,223.0,5.4116460518550396,29.285912990558238
S508646M-8113336,4,209.0,5.3471075307174685,28.591558945055464
S508647M-8113331,2,80.0,4.394449154672439,19.311183373001313
S508648M-8110577,3,139.0,4.941642422609304,24.41982983293195
S508649M-8110884,2,16.0,2.833213344056216,8.027097852938207
S508650M-8110895,2,104.0,4.653960350157523,21.659346940838336
S508651M-8110892,3,0.0,0.0,0.0
S508652M-8113438,3,71.0,4.276666119016055,18.28987309353985
S508653M-8110896,4,7.0,2.0794415416798357,4.324077125263812
S508654M-8113335,4,109.0,4.700480365792417,22.09451566920001
S508655M-8113424,11,130.0,4.875197323201151,23.76754894014767
S508656M-8113434,6,48.0,3.8918202981106265,15.146265232785886
S508657M-8113420,8,134.0,4.90527477843843,24.061720651984185
S508658M-8113334,3,199.0,5.298317366548036,28.072166916664518
S508660M-8113325,6,250.0,5.5254529391317835,30.530630182560063
S508661M-8113337,4,166.0,5.117993812416755,26.193860663936196
S508662M-8113426,4,162.0,5.093750200806762,25.946291108218933
S508663M-8114090,3,157.0,5.062595033026967,25.629868468429315
S508665M-8110562,3,148.0,5.003946305945459,25.039478632785208
S508667M-8114086,3,146.0,4.990432586778736,24.904417403183107
S508668M-8114103,3,0.0,0.0,0.0
S508669M-8110574,2,14.0,2.70805020110221,7.333535891689721
S508671M-8114087,2,106.0,4.672828834461906,21.835329316178612
S508672M-8114101,3,135.0,4.912654885736052,24.134178026346305
S508673M-8114096,2,88.0,4.48863636973214,20.14785645968212
S508675M-8110575,3,118.0,4.77912349311153,22.84002136241055
S508677M-8110570,1,2.0,1.0986122886681096,1.2069489608125816
S508678M-8114095,5,133.0,4.897839799950911,23.98883470598318
S508680M-8114099,2,0.0,0.0,0.0
S508681M-8113439,1,0.0,0.0,0.0
S508682M-8113324,2,16.0,2.833213344056216,8.027097852938207
S508684M-8114094,1,0.0,0.0,0.0
S508685M-8113989,3,91.0,4.5217885770490405,20.446571935531185
S508686M-8114098,1,48.0,3.8918202981106265,15.146265232785886
S508687M-8113992,3,62.0,4.143134726391533,17.16556536103144
S508688M-8113421,2,71.0,4.276666119016055,18.28987309353985
S508689M-8113333,5,49.0,3.912023005428146,15.303923994999064
S508690M-8113329,5,136.0,4.919980925828125,24.206212310512576
S508691M-8113332,1,0.0,0.0,0.0
S508692M-8113988,9,188.0,5.241747015059643,27.47591176988667
S508694M-8113990,4,140.0,4.948759890378168,24.49022445261574
S508695M-8114097,1,50.0,3.9318256327243257,15.459252806148044
S508696M-8113415,3,130.0,4.875197323201151,23.76754894014767
S508697M-8113427,1,57.0,4.060443010546419,16.48719744189527
S508698M-8113991,3,168.0,5.1298987149230735,26.315860825369402
S508704M-8119373,5,210.0,5.351858133476067,28.642385480853928
S508705M-8119368,3,72.0,4.290459441148391,18.408042216139364
S508722M-8117902,1,0.0,0.0,0.0
S508723M-8117891,1,204.0,5.3230099791384085,28.334435238007078
S508724M-8117885,1,54.0,4.007333185232471,16.058719257465423
S508726M-8117875,1,41.0,3.7376696182833684,13.97017417543854
S508727M-8117870,2,56.0,4.04305126783455,16.346263554338563
S508728M-8117894,2,0.0,0.0,0.0
S508729M-8117912,4,171.0,5.147494476813453,26.496699388825
S508730M-8117910,5,114.0,4.74493212836325,22.5143809027738
S508732M-8117880,5,99.0,4.605170185988092,21.207592441913597
S508733M-8117896,4,83.0,4.430816798843313,19.632137504912105
S508734M-8117898,4,81.0,4.406719247264253,19.41917452420923
S508735M-8117899,4,86.0,4.465908118654584,19.944335324264923
S508736M-8123260,3,38.0,3.6635616461296463,13.421683934992164
S508737M-8123262,5,1.0,0.6931471805599453,0.4804530139182014
S508738M-8123261,3,94.0,4.553876891600541,20.737794743853403
S508739M-8120991,1,27.0,3.332204510175204,11.10358689763197
S508740M-8120993,3,0.0,0.0,0.0
S508742M-8117895,2,34.0,3.5553480614894135,12.640499838336531
S508743M-8117874,2,6.0,1.9459101490553132,3.7865663081964716
S508744M-8120727,1,9.0,2.302585092994046,5.301898110478399
S508745M-8120660,10,214.0,5.3706380281276624,28.843752829170985
S508746M-8117897,2,152.0,5.030437921392435,25.305305680983047
S508747M-8120661,2,55.0,4.02535169073515,16.203456234104326
S508748M-8120666,3,242.0,5.493061443340548,30.17372402031455
S508749M-8120663,2,52.0,3.970291913552122,15.76321787881737
S508750M-8120664,4,72.0,4.290459441148391,18.408042216139364
S508751M-8120978,4,70.0,4.2626798770413155,18.170439734132966
S508752M-8120987,1,91.0,4.5217885770490405,20.446571935531185
S508753M-8120992,1,0.0,0.0,0.0
S508754M-8120989,8,189.0,5.247024072160486,27.53126161383161
S508755M-8120665,3,0.0,0.0,0.0
S508756M-8120667,3,95.0,4.564348191467836,20.833274412955706
S508758M-8120990,2,1.0,0.6931471805599453,0.4804530139182014
S508759M-8120988,1,0.0,0.0,0.0
S508760M-8120976,1,0.0,0.0,0.0
S508761M-8120981,1,0.0,0.0,0.0
S508762M-8120724,1,0.0,0.0,0.0
S508763M-8120979,2,0.0,0.0,0.0
S508764M-8120982,3,212.0,5.3612921657094255,28.74345368609726
S508766M-8120723,4,8.0,2.1972245773362196,4.827795843250328
S508767M-8120985,3,30.0,3.4339872044851463,11.79226812056771
S508768M-8120986,6,145.0,4.983606621708336,24.836334959935176
S508769M-8122184,4,125.0,4.836281906951478,23.389622683506225
S508770M-8122188,2,173.0,5.159055299214529,26.615851580353514
S508771M-8122185,3,20.0,3.044522437723423,9.269116873801375
S508772M-8122182,10,20.0,3.044522437723423,9.269116873801375
S508773M-8120980,2,0.0,0.0,0.0
S508774M-8121283,3,82.0,4.418840607796598,19.52615231711221
S508775M-8121160,3,4.0,1.6094379124341003,2.5902903939802346
S508776M-8121161,8,0.0,0.0,0.0
S508777M-8120726,11,236.0,5.4680601411351315,29.899681707070755
S508778M-8122503,3,35.0,3.58351893845611,12.841607982273604
S508779M-8122493,3,171.0,5.147494476813453,26.496699388825
S508780M-8121276,1,50.0,3.9318256327243257,15.459252806148044
S508781M-8121273,2,72.0,4.290459441148391,18.408042216139364
S508782M-8121279,1,194.0,5.272999558563747,27.80452434461347
S508784M-8123908,2,0.0,0.0,0.0
S508785M-8123907,6,199.0,5.298317366548036,28.072166916664518
S508786M-8120996,8,193.0,5.267858159063328,27.75032958401008
S508787M-8120994,3,88.0,4.48863636973214,20.14785645968212
S508788M-8120725,2,77.0,4.356708826689592,18.980911800555
S508792M-8123513,2,19.0,2.995732273553991,8.974411854812963
S508794M-8123554,2,108.0,4.6913478822291435,22.00874495209587
S508795M-8123303,6,176.0,5.176149732573829,26.79252605402412
S508796M-8123521,12,144.0,4.976733742420574,24.767878742947495
S508797M-8123302,6,53.0,3.9889840465642745,15.911993723744294
S508798M-8123301,1,2.0,1.0986122886681096,1.2069489608125816
S508799M-8123300,6,100.0,4.61512051684126,21.299337384969135
S508800M-8123555,3,40.0,3.713572066704308,13.790617494606504
S508801M-8123556,5,171.0,5.147494476813453,26.496699388825
S508802M-8123304,1,9.0,2.302585092994046,5.301898110478399
S508803M-8123299,3,1.0,0.6931471805599453,0.4804530139182014
S508804M-8122264,5,63.0,4.1588830833596715,17.296308501055247
S508805M-8122262,4,179.0,5.19295685089021,26.96680085520757
S508807M-8122265,3,39.0,3.6888794541139363,13.607831626983932
S508808M-8122180,3,92.0,4.532599493153256,20.544458165333154
S508809M-8122178,6,153.0,5.0369526024136295,25.370891518961436
S508810M-8122195,2,0.0,0.0,0.0
S508811M-8122179,7,152.0,5.030437921392435,25.305305680983047
S508812M-8122191,2,27.0,3.332204510175204,11.10358689763197
S508813M-8122194,8,143.0,4.969813299576001,24.699044232642496
S508814M-8122187,1,0.0,0.0,0.0
S508815M-8121265,7,105.0,4.663439094112067,21.747664184492777
S508817M-8122484,3,0.0,0.0,0.0
S508818M-8122490,3,201.0,5.308267697401205,28.177705947273093
S508819M-8122492,4,76.0,4.343805421853684,18.868645542925464
S508820M-8122488,3,64.0,4.174387269895637,17.42550907906675
S508821M-8122199,2,37.0,3.6375861597263857,13.232033069432955
S508822M-8122176,2,4.0,1.6094379124341003,2.5902903939802346
S508823M-8122193,3,87.0,4.477336814478207,20.046544950281856
S508824M-8121268,5,88.0,4.48863636973214,20.14785645968212
S508825M-8122192,1,84.0,4.442651256490317,19.737150186794988
S508826M-8122220,1,0.0,0.0,0.0
S508827M-8122216,3,0.0,0.0,0.0
S508828M-8122218,12,136.0,4.919980925828125,24.206212310512576
S508829M-8122221,2,149.0,5.0106352940962555,25.106466050443068
S508830M-8122222,2,25.0,3.258096538021482,10.615193051067568
S508831M-8122219,5,89.0,4.499809670330265,20.24828706919777
S508832M-8122215,3,88.0,4.48863636973214,20.14785645968212
S508833M-8122217,7,212.0,5.3612921657094255,28.74345368609726
S508834M-8122276,4,120.0,4.795790545596741,22.99960695723509
S508835M-8122274,2,0.0,0.0,0.0
S508836M-8122287,2,0.0,0.0,0.0
S508837M-8122283,9,83.0,4.430816798843313,19.632137504912105
S508838M-8122286,3,107.0,4.68213122712422,21.922352828011753
S508840M-8122269,11,204.0,5.3230099791384085,28.334435238007078
S508842M-8121267,5,127.0,4.852030263919617,23.542197681991865
S508843M-8121282,1,0.0,0.0,0.0
S508844M-8121272,2,92.0,4.532599493153256,20.544458165333154
S508845M-8121281,3,68.0,4.23410650459726,17.927657892272823
S508846M-8121275,2,0.0,0.0,0.0
S508848M-8121168,3,32.0,3.4965075614664802,12.225565127392272
S508849M-8121154,1,15.0,2.772588722239781,7.687248222691222
S508850M-8121157,9,165.0,5.111987788356544,26.132419148306425
S508851M-8121287,1,0.0,0.0,0.0
S508852M-8121274,1,91.0,4.5217885770490405,20.446571935531185
S508853M-8121284,2,115.0,4.7535901911063645,22.596619704982643
S508854M-8121169,9,249.0,5.521460917862246,30.486530667480196
S508855M-8121266,3,85.0,4.454347296253507,19.84120983564093
S508856M-8121280,1,29.0,3.4011973816621555,11.568143629025503
S508857M-8121269,3,115.0,4.7535901911063645,22.596619704982643
S508858M-8121286,2,69.0,4.248495242049359,18.049711821716045
S508859M-8121270,6,29.0,3.4011973816621555,11.568143629025503
S508860M-8121278,2,99.0,4.605170185988092,21.207592441913597
S508861M-8124058,6,245.0,5.5053315359323625,30.308675320531385
S508862M-8124059,6,225.0,5.420534999272286,29.382199678335805
S508863M-8124061,2,12.0,2.5649493574615367,6.5789652063423505
S508864M-8124057,9,182.0,5.209486152841421,27.13874597664651
S508865M,6,193.0,5.267858159063328,27.75032958401008
S508866M-8123938,1,44.0,3.8066624897703196,14.490679311024369
S508867M-8124543,2,58.0,4.07753744390572,16.62631160645319
S508868M-8124340,3,57.0,4.060443010546419,16.48719744189527
S508869M-8124542,1,27.0,3.332204510175204,11.10358689763197
S508870M-8123305,4,184.0,5.220355825078325,27.252114940429202
S508871M-8123310,2,186.0,5.231108616854587,27.364497361330308
S508872M-8121264,4,68.0,4.23410650459726,17.927657892272823
S508873M,5,67.0,4.219507705176107,17.804245274040536
S508874M,3,69.0,4.248495242049359,18.049711821716045
S508875M,1,35.0,3.58351893845611,12.841607982273604
S508876M,3,124.0,4.8283137373023015,23.312613545822117
S508877M-8121159,3,0.0,0.0,0.0
S508878M-8121277,3,0.0,0.0,0.0
S508879M-8121153,6,92.0,4.532599493153256,20.544458165333154
S508880M-8121288,3,0.0,0.0,0.0
S508881M-8121163,6,182.0,5.209486152841421,27.13874597664651
S508882M,5,0.0,0.0,0.0
S508883M-8121155,2,58.0,4.07753744390572,16.62631160645319
S508884M,1,126.0,4.844187086458591,23.466148528612173
S508885M,2,0.0,0.0,0.0
S508886M-8122271,6,246.0,5.5093883366279774,30.35335984377239
S508887M,3,0.0,0.0,0.0
S508888M,3,0.0,0.0,0.0
S508889M,9,0.0,0.0,0.0
S508890M,1,16.0,2.833213344056216,8.027097852938207
S508891M-8122481,6,144.0,4.976733742420574,24.767878742947495
S508892M-8122175,4,110.0,4.709530201312334,22.17967471707299
S508893M-8122196,3,141.0,4.955827057601261,24.56022182485277
S508894M-8122266,11,143.0,4.969813299576001,24.699044232642496
S508895M-8122259,3,107.0,4.68213122712422,21.922352828011753
S508897M-8122258,3,48.0,3.8918202981106265,15.146265232785886
S508898M-8122202,3,31.0,3.4657359027997265,12.011325347955035
S508899M-8122479,6,86.0,4.465908118654584,19.944335324264923
S508900M-8122198,4,47.0,3.8712010109078907,14.986197266854274
S508901M-8122500,3,123.0,4.820281565605037,23.23511437171175
S508902M-8122495,3,139.0,4.941642422609304,24.41982983293195
S508903M-8122268,8,83.0,4.430816798843313,19.632137504912105
S508904M-8122505,3,49.0,3.912023005428146,15.303923994999064
S508905M-8122174,6,107.0,4.68213122712422,21.922352828011753
S508906M-8122477,9,116.0,4.762173934797756,22.678300585267145
S508907M-8122497,9,186.0,5.231108616854587,27.364497361330308
S508908M-8122504,4,115.0,4.7535901911063645,22.596619704982643
S508909M-8122501,5,74.0,4.31748811353631,18.640703610527325
S508910M-8122506,3,0.0,0.0,0.0
S508911M-8122482,3,110.0,4.709530201312334,22.17967471707299
S508912M-8123298,3,129.0,4.867534450455582,23.692891626371928
S508913M-8120984,3,5.0,1.791759469228055,3.210401995568401
S508914M-8123259,3,81.0,4.406719247264253,19.41917452420923
S508915M-8120977,3,125.0,4.836281906951478,23.389622683506225
S508916M-8121165,3,17.0,2.8903717578961645,8.354248898843764
S508917M-8121158,3,22.0,3.1354942159291497,9.831323978125154
S508918M-8121167,3,155.0,5.049856007249537,25.501045693954236
S508919M-8121162,4,68.0,4.23410650459726,17.927657892272823
S508920M-8123910,3,0.0,0.0,0.0
S508921M-8123915,3,191.0,5.2574953720277815,27.64125758689354
S508922M-8123923,4,25.0,3.258096538021482,10.615193051067568
S508923M-8123909,10,0.0,0.0,0.0
S508924M-8123913,3,105.0,4.663439094112067,21.747664184492777
S508925M-8123911,4,0.0,0.0,0.0
S508926M-8123912,3,0.0,0.0,0.0
S508927M-8122485,2,21.0,3.091042453358316,9.554543448463397
S508928M-8122487,1,34.0,3.5553480614894135,12.640499838336531
S508929M-8123928,3,62.0,4.143134726391533,17.16556536103144
S508930M-8122189,3,44.0,3.8066624897703196,14.490679311024369
S508931M-8122173,1,10.0,2.3978952727983707,5.749901739308773
S508932M-8122197,3,7.0,2.0794415416798357,4.324077125263812
S508933M-8122476,3,38.0,3.6635616461296463,13.421683934992164
S508934M-8122272,3,105.0,4.663439094112067,21.747664184492777
S508935M-8122494,2,13.0,2.639057329615259,6.964623588996021
S508936M-8122489,3,62.0,4.143134726391533,17.16556536103144
S508937M-8122498,3,195.0,5.278114659230518,27.858494355984085
S508938M-8125655,1,27.0,3.332204510175204,11.10358689763197
S508940M-8125651,5,0.0,0.0,0.0
S508941M-8125648,7,208.0,5.342334251964811,28.540535259716417
S508942M-8125649,5,47.0,3.8712010109078907,14.986197266854274
S508943M-8125659,2,0.0,0.0,0.0
S508944M-8125654,5,134.0,4.90527477843843,24.061720651984185
S508945M-8122177,3,3.0,1.3862943611198906,1.9218120556728056
S508946M-8125646,3,48.0,3.8918202981106265,15.146265232785886
S508947M-8125647,4,51.0,3.9512437185814275,15.612326923629187
S508948M-8124201,2,143.0,4.969813299576001,24.699044232642496
S508949M-8124197,3,156.0,5.056245805348308,25.565621644102357
S508950M-8124198,7,175.0,5.170483995038151,26.733904742945683
S508951M-8124246,2,10.0,2.3978952727983707,5.749901739308773
S508952M-8125858,6,117.0,4.770684624465665,22.759431786113105
S508954M-8125852,2,0.0,0.0,0.0
S508955M-8124546,8,101.0,4.624972813284271,21.39037352361862
S508956M-8125650,2,109.0,4.700480365792417,22.09451566920001
S508957M-8125815,2,14.0,2.70805020110221,7.333535891689721
S508958M-8125658,1,59.0,4.0943445622221,16.763657394197683
S508959M-8125660,3,11.0,2.4849066497880004,6.174761058160624
S508960M-8124200,4,0.0,0.0,0.0
S508961M-8124205,9,174.0,5.1647859739235145,26.675014156437065
S508962M-8124204,2,74.0,4.31748811353631,18.640703610527325
S508963M-8123943,6,9.0,2.302585092994046,5.301898110478399
S508965M-8123932,1,0.0,0.0,0.0
S508966M-8123940,3,0.0,0.0,0.0
S508967M-8123925,2,108.0,4.6913478822291435,22.00874495209587
S508968M-8123941,5,243.0,5.497168225293202,30.218858497173212
S508969M-8123924,1,0.0,0.0,0.0
S508970M-8123917,3,25.0,3.258096538021482,10.615193051067568
S508971M-8124056,4,29.0,3.4011973816621555,11.568143629025503
S508972M-8124243,7,31.0,3.4657359027997265,12.011325347955035
S508973M-8123922,4,60.0,4.110873864173311,16.899283927143212
S508974M-8124244,3,0.0,0.0,0.0
S508975M-8124245,10,151.0,5.0238805208462765,25.239375487738656
S508976M-8123935,2,5.0,1.791759469228055,3.210401995568401
S508977M-8124337,8,172.0,5.153291594497779,26.556414257921464
S508978M-8124339,4,162.0,5.093750200806762,25.946291108218933
S508979M-8125656,3,0.0,0.0,0.0
S508980M-8124338,5,233.0,5.455321115357702,29.760528471667598
S508981M-8123929,1,30.0,3.4339872044851463,11.79226812056771
S508982M-8123921,4,0.0,0.0,0.0
S508983M-8123919,6,132.0,4.890349128221754,23.915514595899268
S508984M-8124240,7,175.0,5.170483995038151,26.733904742945683
S508985M-8124241,3,10.0,2.3978952727983707,5.749901739308773
S508986M-8124238,9,0.0,0.0,0.0
S508987M-8123914,1,0.0,0.0,0.0
S508988M-8123920,4,105.0,4.663439094112067,21.747664184492777
S508989M-8125653,2,46.0,3.8501476017100584,14.823636554953715
S508990M-8124247,6,71.0,4.276666119016055,18.28987309353985
S508991M-8124206,3,47.0,3.8712010109078907,14.986197266854274
S508992M-8123931,5,3.0,1.3862943611198906,1.9218120556728056
S508993M-8124237,3,71.0,4.276666119016055,18.28987309353985
S508994M-8124199,2,5.0,1.791759469228055,3.210401995568401
S508996M-8123937,4,30.0,3.4339872044851463,11.79226812056771
S508997M-8124060,8,77.0,4.356708826689592,18.980911800555
S508998M-8123926,2,0.0,0.0,0.0
S508999M-8124545,6,154.0,5.043425116919247,25.436136909971918
S509000M-8123918,1,0.0,0.0,0.0
S509001M-8123936,3,132.0,4.890349128221754,23.915514595899268
S509002M-8123930,1,10.0,2.3978952727983707,5.749901739308773
S509003M-8124544,1,0.0,0.0,0.0
S509006M-8126666,2,0.0,0.0,0.0
S509007M-8126622,1,19.0,2.995732273553991,8.974411854812963
S509008M-8126653,1,0.0,0.0,0.0
S509009M-8126671,9,79.0,4.382026634673881,19.202157426991302
S509010M-8126655,5,0.0,0.0,0.0
S509011M-8126623,5,0.0,0.0,0.0
S509012M-8126636,4,168.0,5.1298987149230735,26.315860825369402
S509013M-8126624,4,44.0,3.8066624897703196,14.490679311024369
S509014M-8126668,3,0.0,0.0,0.0
S509015M-8126641,1,0.0,0.0,0.0
S509016M-8126665,4,50.0,3.9318256327243257,15.459252806148044
S509017M-8126656,6,28.0,3.367295829986474,11.338681206644297
S509018M-8126661,6,133.0,4.897839799950911,23.98883470598318
S509019M-8126632,4,88.0,4.48863636973214,20.14785645968212
S509020M-8123934,2,47.0,3.8712010109078907,14.986197266854274
S509021M-8123927,1,2.0,1.0986122886681096,1.2069489608125816
S509022M-8126628,1,0.0,0.0,0.0
S509023M-8127621,2,0.0,0.0,0.0
S509024M-8126631,2,3.0,1.3862943611198906,1.9218120556728056
S509025M-8126635,3,0.0,0.0,0.0
S509026M-8125814,3,0.0,0.0,0.0
S509027M-8126634,2,199.0,5.298317366548036,28.072166916664518
S509028M-8126633,1,26.0,3.295836866004329,10.862540647313239
S509029M-8125816,2,35.0,3.58351893845611,12.841607982273604
S509030M-8125756,3,2.0,1.0986122886681096,1.2069489608125816
S509031M-8126626,5,20.0,3.044522437723423,9.269116873801375
S509032M-8126620,4,12.0,2.5649493574615367,6.5789652063423505
S509033M-8126617,5,24.0,3.2188758248682006,10.361161575920939
S509034M-8126625,5,94.0,4.553876891600541,20.737794743853403
S509035M-8126637,5,28.0,3.367295829986474,11.338681206644297
S509036M-8125811,3,28.0,3.367295829986474,11.338681206644297
S509037M-8126615,5,0.0,0.0,0.0
S509038M-8125657,3,45.0,3.828641396489095,14.658494942909968
S509039M-8126677,5,32.0,3.4965075614664802,12.225565127392272
S509040M-8126675,1,29.0,3.4011973816621555,11.568143629025503
S509041M-8126679,5,0.0,0.0,0.0
S509042M-8126658,1,0.0,0.0,0.0
S509043M-8126647,5,0.0,0.0,0.0
S509044M-8126652,3,62.0,4.143134726391533,17.16556536103144
S509045M-8126654,5,20.0,3.044522437723423,9.269116873801375
S509046M-8125813,2,0.0,0.0,0.0
S509047M-8125755,5,132.0,4.890349128221754,23.915514595899268
S509048M-8126630,3,0.0,0.0,0.0
S509049M-8126629,9,190.0,5.25227342804663,27.586376162964697
S509050M-8126642,6,55.0,4.02535169073515,16.203456234104326
S509051M-8126645,2,2.0,1.0986122886681096,1.2069489608125816
S509052M-8125758,4,14.0,2.70805020110221,7.333535891689721
S509053M-8126659,3,5.0,1.791759469228055,3.210401995568401
S509054M-8126667,11,253.0,5.537334267018537,30.662070784697715
S509055M-8125652,6,77.0,4.356708826689592,18.980911800555
S509056M-8126643,12,224.0,5.41610040220442,29.334143566758883
S509057M-8126663,7,130.0,4.875197323201151,23.76754894014767
S509058M-8126650,2,0.0,0.0,0.0
S509059M-8126646,3,0.0,0.0,0.0
S509060M-8126664,6,31.0,3.4657359027997265,12.011325347955035
S509061M-8126676,2,0.0,0.0,0.0
S509062M-8126619,2,0.0,0.0,0.0
S509063M-8126618,1,0.0,0.0,0.0
S509064M-8126672,2,1.0,0.6931471805599453,0.4804530139182014
S509065M-8126621,5,109.0,4.700480365792417,22.09451566920001
S509066M-8126648,1,0.0,0.0,0.0
S509067M-8125856,8,46.0,3.8501476017100584,14.823636554953715
S509068M-8125810,1,4.0,1.6094379124341003,2.5902903939802346
S509069M-8125759,7,127.0,4.852030263919617,23.542197681991865
S509070M-8125753,1,0.0,0.0,0.0
S509071M-8125817,2,15.0,2.772588722239781,7.687248222691222
S509072M-8125752,3,0.0,0.0,0.0
S509073M-8125818,8,121.0,4.804021044733257,23.07861819824001
S509074M-8125754,8,229.0,5.438079308923196,29.572706570138582
S509075M-8125751,10,30.0,3.4339872044851463,11.79226812056771
S509076M-8125757,7,93.0,4.543294782270004,20.64152747860184
S509077M-8125859,2,54.0,4.007333185232471,16.058719257465423
S509078M-8125812,4,11.0,2.4849066497880004,6.174761058160624
S509079M-8125820,2,16.0,2.833213344056216,8.027097852938207
S509080M-8125819,2,0.0,0.0,0.0
S509081M-8125854,4,162.0,5.093750200806762,25.946291108218933
S509082M-8125857,2,78.0,4.3694478524670215,19.092074535428665
S509083M-8127567,3,53.0,3.9889840465642745,15.911993723744294
S509084M-8127568,3,0.0,0.0,0.0
S509085M-8127564,3,2.0,1.0986122886681096,1.2069489608125816
S509086M-8127557,2,151.0,5.0238805208462765,25.239375487738656
S509087M-8126660,1,2.0,1.0986122886681096,1.2069489608125816
S509088M-8127569,5,138.0,4.9344739331306915,24.349032996746278
S509089M-8126673,3,102.0,4.634728988229636,21.480712794336103
S509090M-8127625,3,0.0,0.0,0.0
S509091M-8126649,3,48.0,3.8918202981106265,15.146265232785886
S509092M-8127471,6,20.0,3.044522437723423,9.269116873801375
S509093M-8127550,6,184.0,5.220355825078325,27.252114940429202
S509094M-8127453,2,65.0,4.189654742026425,17.553206857384513
S509095M-8127622,5,46.0,3.8501476017100584,14.823636554953715
S509096M-8127444,3,18.0,2.9444389791664403,8.669720902034708
S509098M-8127467,3,59.0,4.0943445622221,16.763657394197683
S509099M-8127457,2,60.0,4.110873864173311,16.899283927143212
S509100M-8125855,5,67.0,4.219507705176107,17.804245274040536
S509101M-8127620,3,25.0,3.258096538021482,10.615193051067568
S509102M-8127454,1,0.0,0.0,0.0
S509103M-8128257,6,29.0,3.4011973816621555,11.568143629025503
S509104M-8128206,7,110.0,4.709530201312334,22.17967471707299
S509105M-8128258,2,12.0,2.5649493574615367,6.5789652063423505
S509106M-8128261,2,79.0,4.382026634673881,19.202157426991302
S509107M-8128255,4,46.0,3.8501476017100584,14.823636554953715
S509108M-8128263,2,4.0,1.6094379124341003,2.5902903939802346
S509109M-8128207,4,132.0,4.890349128221754,23.915514595899268
S509110M-8128265,6,227.0,5.429345628954441,29.477793958646696
S509111M-8128266,4,33.0,3.5263605246161616,12.43521854957117
S509112M-8128262,10,84.0,4.442651256490317,19.737150186794988
S509113M-8128268,3,0.0,0.0,0.0
S509114M-8128264,6,0.0,0.0,0.0
S509115M-8127546,2,37.0,3.6375861597263857,13.232033069432955
S509116M-8127452,6,214.0,5.3706380281276624,28.843752829170985
S509117M-8128269,6,9.0,2.302585092994046,5.301898110478399
S509118M-8127553,6,86.0,4.465908118654584,19.944335324264923
S509119M-8127551,6,90.0,4.51085950651685,20.34785348753344
S509120M-8127545,2,49.0,3.912023005428146,15.303923994999064
S509121M-8127566,4,26.0,3.295836866004329,10.862540647313239
S509122M-8128267,1,10.0,2.3978952727983707,5.749901739308773
S509123M-8127552,5,12.0,2.5649493574615367,6.5789652063423505
S509124M-8127559,13,0.0,0.0,0.0
S509125M-8128259,6,0.0,0.0,0.0
S509126M-8128260,6,0.0,0.0,0.0
S509127M-8127451,1,0.0,0.0,0.0
S509128M-8127554,1,0.0,0.0,0.0
S509129M-8126644,2,39.0,3.6888794541139363,13.607831626983932
S509130M-8127465,3,82.0,4.418840607796598,19.52615231711221
S509131M-8127565,2,67.0,4.219507705176107,17.804245274040536
S509132M-8127555,9,57.0,4.060443010546419,16.48719744189527
S509133M-8127466,3,33.0,3.5263605246161616,12.43521854957117
S509134M-8127561,6,0.0,0.0,0.0
S509135M-8127459,1,0.0,0.0,0.0
S509136M-8127448,3,68.0,4.23410650459726,17.927657892272823
S509137M-8127458,3,57.0,4.060443010546419,16.48719744189527
S509138M-8127447,3,19.0,2.995732273553991,8.974411854812963
S509139M-8127470,9,76.0,4.343805421853684,18.868645542925464
S509140M-8127461,11,0.0,0.0,0.0
S509141M-8127473,1,11.0,2.4849066497880004,6.174761058160624
S509143M-8127563,3,40.0,3.713572066704308,13.790617494606504
S509144M-8127570,1,16.0,2.833213344056216,8.027097852938207
S509145M-8127460,7,91.0,4.5217885770490405,20.446571935531185
S509146M-8127446,7,62.0,4.143134726391533,17.16556536103144
S509147M-8127560,6,81.0,4.406719247264253,19.41917452420923
S509148M-8126651,2,31.0,3.4657359027997265,12.011325347955035
S509149M-8127445,5,50.0,3.9318256327243257,15.459252806148044
S509150M-8127548,3,40.0,3.713572066704308,13.790617494606504
S509151M-8127562,4,24.0,3.2188758248682006,10.361161575920939
S509152M-8127623,2,8.0,2.1972245773362196,4.827795843250328
S509153M-8127549,5,54.0,4.007333185232471,16.058719257465423
S509154M-8127624,3,6.0,1.9459101490553132,3.7865663081964716
S509155M-8127469,2,21.0,3.091042453358316,9.554543448463397
S509156M-8127443,4,40.0,3.713572066704308,13.790617494606504
S509157M-8127464,2,0.0,0.0,0.0
S509158M-8127442,8,50.0,3.9318256327243257,15.459252806148044
S509159M-8127571,5,7.0,2.0794415416798357,4.324077125263812
S509160M-8127558,4,116.0,4.762173934797756,22.678300585267145
S509161M-8127543,2,0.0,0.0,0.0
S509162M-8127468,2,0.0,0.0,0.0
S509163M-8127544,1,1.0,0.6931471805599453,0.4804530139182014
S509164M-8127547,6,60.0,4.110873864173311,16.899283927143212
S509165M-8127449,1,6.0,1.9459101490553132,3.7865663081964716
S509166M-8127450,3,0.0,0.0,0.0
S509167M-8129053,2,0.0,0.0,0.0
S509168M-8129139,4,32.0,3.4965075614664802,12.225565127392272
S509169M-8129073,5,189.0,5.247024072160486,27.53126161383161
S509172M-8129063,2,4.0,1.6094379124341003,2.5902903939802346
S509173M-8129058,2,5.0,1.791759469228055,3.210401995568401
S509174M-8129066,1,18.0,2.9444389791664403,8.669720902034708
S509175M-8129065,8,93.0,4.543294782270004,20.64152747860184
S509176M-8129059,1,0.0,0.0,0.0
S509177M-8129074,3,103.0,4.6443908991413725,21.570366824027207
S509178M-8129046,1,0.0,0.0,0.0
S509179M-8129052,5,175.0,5.170483995038151,26.733904742945683
S509180M-8129061,3,5.0,1.791759469228055,3.210401995568401
S509181M-8129056,4,0.0,0.0,0.0
S509182M-8129051,1,0.0,0.0,0.0
S509183M-8129077,2,8.0,2.1972245773362196,4.827795843250328
S509184M-8129050,2,11.0,2.4849066497880004,6.174761058160624
S509185M-8129148,2,11.0,2.4849066497880004,6.174761058160624
S509186M-8129047,1,0.0,0.0,0.0
S509187M-8129057,4,99.0,4.605170185988092,21.207592441913597
S509188M-8129068,2,83.0,4.430816798843313,19.632137504912105
S509189M-8128203,3,79.0,4.382026634673881,19.202157426991302
S509190M-8129075,6,84.0,4.442651256490317,19.737150186794988
S509191M-8129142,2,0.0,0.0,0.0
S509192M-8129069,7,18.0,2.9444389791664403,8.669720902034708
S509193M-8129078,6,0.0,0.0,0.0
S509194M-8129581,1,0.0,0.0,0.0
S509195M-8129151,1,0.0,0.0,0.0
S509196M-8129145,8,59.0,4.0943445622221,16.763657394197683
S509197M-8129153,4,107.0,4.68213122712422,21.922352828011753
S509199M-8129684,2,21.0,3.091042453358316,9.554543448463397
S509200M-8129076,1,0.0,0.0,0.0
S509201M-8129064,1,31.0,3.4657359027997265,12.011325347955035
S509202M-8129147,2,6.0,1.9459101490553132,3.7865663081964716
S509203M-8129048,2,38.0,3.6635616461296463,13.421683934992164
S509204M-8129585,1,7.0,2.0794415416798357,4.324077125263812
S509205M-8129055,3,59.0,4.0943445622221,16.763657394197683
S509206M-8129143,2,0.0,0.0,0.0
S509207M-8129582,4,108.0,4.6913478822291435,22.00874495209587
S509208M-8128205,8,26.0,3.295836866004329,10.862540647313239
S509209M-8128256,2,0.0,0.0,0.0
S509210M-8129054,2,61.0,4.127134385045092,17.033238232221528
S509211M-8129060,7,196.0,5.2832037287379885,27.912241639350984
S509212M-8129141,6,0.0,0.0,0.0
S509213M-8129150,4,31.0,3.4657359027997265,12.011325347955035
S509214M-8129149,5,52.0,3.970291913552122,15.76321787881737
S509215M-8129578,6,165.0,5.111987788356544,26.132419148306425
S509216M-8129146,4,142.0,4.962844630259907,24.62982682409959
S509217M-8129049,6,145.0,4.983606621708336,24.836334959935176
S509218M-8129152,3,38.0,3.6635616461296463,13.421683934992164
S509219M-8129154,5,117.0,4.770684624465665,22.759431786113105
S509220M-8129579,2,64.0,4.174387269895637,17.42550907906675
S509221M-8129584,4,141.0,4.955827057601261,24.56022182485277
S509222M-8129070,1,9.0,2.302585092994046,5.301898110478399
S509223M-8129067,1,91.0,4.5217885770490405,20.446571935531185
S509224M-8129583,6,100.0,4.61512051684126,21.299337384969135
S509225M-8129071,3,1.0,0.6931471805599453,0.4804530139182014
S509226M-8129072,2,112.0,4.727387818712341,22.348195588509824
S509227M-8129140,5,51.0,3.9512437185814275,15.612326923629187
S509228M-8130074,3,44.0,3.8066624897703196,14.490679311024369
S509229M-8130081,2,13.0,2.639057329615259,6.964623588996021
S509230M-8130094,3,0.0,0.0,0.0
S509231M-8130100,4,69.0,4.248495242049359,18.049711821716045
S509232M-8130109,1,0.0,0.0,0.0
S509233M-8130104,2,127.0,4.852030263919617,23.542197681991865
S509234M-8130106,2,2.0,1.0986122886681096,1.2069489608125816
S509235M-8130103,1,22.0,3.1354942159291497,9.831323978125154
S509236M-8130062,3,53.0,3.9889840465642745,15.911993723744294
S509237M-8130053,5,50.0,3.9318256327243257,15.459252806148044
S509238M-8130105,2,12.0,2.5649493574615367,6.5789652063423505
S509239M-8130101,7,197.0,5.288267030694535,27.965768187930795
S509240M-8130080,3,69.0,4.248495242049359,18.049711821716045
S509241M-8130087,7,207.0,5.337538079701318,28.489312752261633
S509242M-8130084,2,0.0,0.0,0.0
S509243M-8130076,1,20.0,3.044522437723423,9.269116873801375
S509244M-8130046,1,0.0,0.0,0.0
S509245M-8130038,3,101.0,4.624972813284271,21.39037352361862
S509246M-8130049,1,0.0,0.0,0.0
S509247M-8130042,2,0.0,0.0,0.0
S509248M-8130034,3,51.0,3.9512437185814275,15.612326923629187
S509249M-8130052,2,14.0,2.70805020110221,7.333535891689721
S509250M-8130063,2,0.0,0.0,0.0
S509251M-8130072,1,0.0,0.0,0.0
S509252M-8130070,2,30.0,3.4339872044851463,11.79226812056771
S509253M-8130027,2,0.0,0.0,0.0
S509254M-8130033,1,30.0,3.4339872044851463,11.79226812056771
S509255M-8130030,2,0.0,0.0,0.0
S509256M-8130010,6,46.0,3.8501476017100584,14.823636554953715
S509257M-8130035,8,45.0,3.828641396489095,14.658494942909968
S509258M-8130039,1,11.0,2.4849066497880004,6.174761058160624
S509259M-8130111,2,3.0,1.3862943611198906,1.9218120556728056
S509261M-8130075,2,21.0,3.091042453358316,9.554543448463397
S509262M-8130045,5,103.0,4.6443908991413725,21.570366824027207
S509263M-8130037,1,0.0,0.0,0.0
S509264M-8130097,5,14.0,2.70805020110221,7.333535891689721
S509265M-8130056,6,166.0,5.117993812416755,26.193860663936196
S509266M-8130059,4,54.0,4.007333185232471,16.058719257465423
S509267M-8130057,3,7.0,2.0794415416798357,4.324077125263812
S509268M-8130058,4,32.0,3.4965075614664802,12.225565127392272
S509269M-8129062,3,204.0,5.3230099791384085,28.334435238007078
S509270M-8129580,1,0.0,0.0,0.0
S509271M-8130064,3,6.0,1.9459101490553132,3.7865663081964716
S509273M-8130110,3,100.0,4.61512051684126,21.299337384969135
S509274M-8130066,6,117.0,4.770684624465665,22.759431786113105
S509275M-8130095,1,0.0,0.0,0.0
S509276M-8130090,4,6.0,1.9459101490553132,3.7865663081964716
S509277M-8129686,5,66.0,4.204692619390966,17.67944002356086
S509278M-8129687,5,136.0,4.919980925828125,24.206212310512576
S509279M-8129688,7,75.0,4.330733340286331,18.755251264667603
S509280M-8130096,5,101.0,4.624972813284271,21.39037352361862
S509281M-8129577,2,0.0,0.0,0.0
S509282M-8129586,2,43.0,3.784189633918261,14.320091185454423
S509283M-8129689,4,136.0,4.919980925828125,24.206212310512576
S509284M-8129685,3,1.0,0.6931471805599453,0.4804530139182014
S509285M-8130112,4,21.0,3.091042453358316,9.554543448463397
S509286M-8130011,5,195.0,5.278114659230518,27.858494355984085
S509287M-8130088,3,12.0,2.5649493574615367,6.5789652063423505
S509288M-8130079,6,0.0,0.0,0.0
S509289M-8130086,1,12.0,2.5649493574615367,6.5789652063423505
S509290M-8130028,3,14.0,2.70805020110221,7.333535891689721
S509291M-8130023,4,54.0,4.007333185232471,16.058719257465423
S509292M-8130022,2,2.0,1.0986122886681096,1.2069489608125816
S509293M-8130032,8,143.0,4.969813299576001,24.699044232642496
S509294M-8130020,8,197.0,5.288267030694535,27.965768187930795
S509295M-8130019,4,39.0,3.6888794541139363,13.607831626983932
S509296M-8130024,3,17.0,2.8903717578961645,8.354248898843764
S509297M-8130016,1,35.0,3.58351893845611,12.841607982273604
S509298M-8130060,3,36.0,3.6109179126442243,13.038728171854922
S509299M-8130055,3,0.0,0.0,0.0
S509300M-8130054,7,192.0,5.262690188904886,27.69590802439574
S509301M-8130009,3,10.0,2.3978952727983707,5.749901739308773
S509302M-8130051,4,9.0,2.302585092994046,5.301898110478399
S509303M-8130014,2,70.0,4.2626798770413155,18.170439734132966
S509304M-8130013,1,0.0,0.0,0.0
S509305M-8130018,5,104.0,4.653960350157523,21.659346940838336
S509306M-8130069,1,8.0,2.1972245773362196,4.827795843250328
S509307M-8130029,9,78.0,4.3694478524670215,19.092074535428665
S509308M-8130065,4,77.0,4.356708826689592,18.980911800555
S509309M-8130026,1,6.0,1.9459101490553132,3.7865663081964716
S509310M-8130108,5,0.0,0.0,0.0
S509311M-8130091,5,68.0,4.23410650459726,17.927657892272823
S509312M-8130107,4,77.0,4.356708826689592,18.980911800555
S509313M-8130077,4,62.0,4.143134726391533,17.16556536103144
S509314M-8130085,4,114.0,4.74493212836325,22.5143809027738
S509315M-8130099,6,14.0,2.70805020110221,7.333535891689721
S509319M-8130017,2,15.0,2.772588722239781,7.687248222691222
S509320M-8130015,3,4.0,1.6094379124341003,2.5902903939802346
S509321M-8130068,1,1.0,0.6931471805599453,0.4804530139182014
S509322M-8130089,3,0.0,0.0,0.0
S509323M-8130031,2,10.0,2.3978952727983707,5.749901739308773
S509324M-8130646,1,0.0,0.0,0.0
S509325M-8130071,2,94.0,4.553876891600541,20.737794743853403
S509326M-8130044,5,24.0,3.2188758248682006,10.361161575920939
S509327M-8130043,3,11.0,2.4849066497880004,6.174761058160624
S509328M-8130041,6,112.0,4.727387818712341,22.348195588509824
S509329M-8130098,3,21.0,3.091042453358316,9.554543448463397
S509330M-8130078,3,1.0,0.6931471805599453,0.4804530139182014
S509331M-8130050,1,1.0,0.6931471805599453,0.4804530139182014
S509332M-8130093,2,0.0,0.0,0.0
S509333M-8130061,1,0.0,0.0,0.0
S509334M-8130092,2,19.0,2.995732273553991,8.974411854812963
S509335M-8131377,2,20.0,3.044522437723423,9.269116873801375
S509336M-8131369,3,36.0,3.6109179126442243,13.038728171854922
S509337M-8131370,1,5.0,1.791759469228055,3.210401995568401
S509338M-8131376,1,31.0,3.4657359027997265,12.011325347955035
S509339M-8131363,1,0.0,0.0,0.0
S509340M-8130067,1,12.0,2.5649493574615367,6.5789652063423505
S509341M-8131384,1,0.0,0.0,0.0
S509342M-8131397,1,0.0,0.0,0.0
S509343M-8131400,2,2.0,1.0986122886681096,1.2069489608125816
S509344M-8131412,1,0.0,0.0,0.0
S509345M-8131374,5,72.0,4.290459441148391,18.408042216139364
S509346M-8131399,4,29.0,3.4011973816621555,11.568143629025503
S509348M-8131364,2,0.0,0.0,0.0
S509349M-8131405,7,68.0,4.23410650459726,17.927657892272823
S509350M-8131404,5,0.0,0.0,0.0
S509351M-8131368,6,0.0,0.0,0.0
S509352M-8131472,6,6.0,1.9459101490553132,3.7865663081964716
S509353M-8130649,4,1.0,0.6931471805599453,0.4804530139182014
S509354M-8131367,3,0.0,0.0,0.0
S509355M-8131485,1,0.0,0.0,0.0
S509356M-8131501,2,187.0,5.236441962829949,27.42032443008637
S509357M-8131503,1,0.0,0.0,0.0
S509358M-8131482,6,36.0,3.6109179126442243,13.038728171854922
S509359M-8130648,3,3.0,1.3862943611198906,1.9218120556728056
S509360M-8131476,3,16.0,2.833213344056216,8.027097852938207
S509361M-8130654,4,139.0,4.941642422609304,24.41982983293195
S509364M-8131409,3,58.0,4.07753744390572,16.62631160645319
S509365M-8131480,7,18.0,2.9444389791664403,8.669720902034708
S509366M-8131380,1,5.0,1.791759469228055,3.210401995568401
S509367M-8131470,4,0.0,0.0,0.0
S509368M-8131502,3,12.0,2.5649493574615367,6.5789652063423505
S509369M-8131408,4,22.0,3.1354942159291497,9.831323978125154
S509371M-8131489,2,14.0,2.70805020110221,7.333535891689721
S509373M-8131481,2,38.0,3.6635616461296463,13.421683934992164
S509374M-8131499,2,1.0,0.6931471805599453,0.4804530139182014
S509375M-8131505,3,28.0,3.367295829986474,11.338681206644297
S509376M-8131398,1,31.0,3.4657359027997265,12.011325347955035
S509377M-8131395,2,8.0,2.1972245773362196,4.827795843250328
S509378M-8131394,6,128.0,4.859812404361672,23.617776605587576
S509379M-8131386,2,0.0,0.0,0.0
S509380M-8131371,4,16.0,2.833213344056216,8.027097852938207
S509381M-8131389,2,0.0,0.0,0.0
S509382M-8131977,3,0.0,0.0,0.0
S509383M-8132043,2,35.0,3.58351893845611,12.841607982273604
S509384M-8131694,1,0.0,0.0,0.0
S509385M-8131695,2,67.0,4.219507705176107,17.804245274040536
S509386M-8131698,2,0.0,0.0,0.0
S509387M-8131372,2,0.0,0.0,0.0
S509388M-8131975,6,69.0,4.248495242049359,18.049711821716045
S509389M-8131692,1,6.0,1.9459101490553132,3.7865663081964716
S509390M-8131981,1,0.0,0.0,0.0
S509391M-8132045,1,0.0,0.0,0.0
S509392M-8132040,2,125.0,4.836281906951478,23.389622683506225
S509394M-8131391,1,0.0,0.0,0.0
S509396M-8131390,4,35.0,3.58351893845611,12.841607982273604
S509397M-6302458,3,73.0,4.304065093204169,18.524976326538614
S509398M-8131396,1,0.0,0.0,0.0
S509399M-6302505,2,0.0,0.0,0.0
S509400M-8131411,3,5.0,1.791759469228055,3.210401995568401
S509401M-8131379,3,0.0,0.0,0.0
S509402M-8131471,3,2.0,1.0986122886681096,1.2069489608125816
S509403M-8131378,4,15.0,2.772588722239781,7.687248222691222
S509404M-8131473,1,0.0,0.0,0.0
S509405M-8131475,2,1.0,0.6931471805599453,0.4804530139182014
S509406M-8131365,3,0.0,0.0,0.0
S509407M-8131483,2,0.0,0.0,0.0
S509408M-8131490,3,0.0,0.0,0.0
S509409M-8131500,3,11.0,2.4849066497880004,6.174761058160624
S509410M-8131479,1,0.0,0.0,0.0
S509411M-8131474,5,32.0,3.4965075614664802,12.225565127392272
S509412M-8131406,3,76.0,4.343805421853684,18.868645542925464
S509413M-8131491,1,0.0,0.0,0.0
S509414M-8131477,3,0.0,0.0,0.0
S509415M-8132046,3,52.0,3.970291913552122,15.76321787881737
S509416M-8132048,2,0.0,0.0,0.0
S509418M-8131974,6,0.0,0.0,0.0
S509419M-8132049,5,0.0,0.0,0.0
S509420M-8132037,1,0.0,0.0,0.0
S509421M-8131697,7,71.0,4.276666119016055,18.28987309353985
S509422M-8131693,2,33.0,3.5263605246161616,12.43521854957117
S509424M-8133108,1,0.0,0.0,0.0
S509425M-8133113,1,4.0,1.6094379124341003,2.5902903939802346
S509426M-8133109,1,2.0,1.0986122886681096,1.2069489608125816
S509427M-8133117,2,11.0,2.4849066497880004,6.174761058160624
S509428M-8133110,5,2.0,1.0986122886681096,1.2069489608125816
S509429M-8133115,4,68.0,4.23410650459726,17.927657892272823
S509430M-8131469,1,0.0,0.0,0.0
S509432M-8133112,7,103.0,4.6443908991413725,21.570366824027207
S509433M-8133163,2,5.0,1.791759469228055,3.210401995568401
S509434M-8133111,2,0.0,0.0,0.0
S509435M-8133114,6,48.0,3.8918202981106265,15.146265232785886
S509436M-8133123,2,0.0,0.0,0.0
S509437M-8133284,5,27.0,3.332204510175204,11.10358689763197
S509438M-8133119,4,33.0,3.5263605246161616,12.43521854957117
S509439M-8133118,2,1.0,0.6931471805599453,0.4804530139182014
S509440M-8133122,1,0.0,0.0,0.0
S509442M-8132044,2,46.0,3.8501476017100584,14.823636554953715
S509444M-8131393,2,14.0,2.70805020110221,7.333535891689721
S509445M-8131382,2,0.0,0.0,0.0
S509446M-8131402,2,1.0,0.6931471805599453,0.4804530139182014
S509447M-8130645,1,0.0,0.0,0.0
S509448M-8130643,1,3.0,1.3862943611198906,1.9218120556728056
S509449M-8130644,4,59.0,4.0943445622221,16.763657394197683
S509450M-8130651,2,9.0,2.302585092994046,5.301898110478399
S509451M-8130652,2,11.0,2.4849066497880004,6.174761058160624
S509452M-8130650,2,1.0,0.6931471805599453,0.4804530139182014
S509453M-8130653,1,0.0,0.0,0.0
S509454M-8131385,3,7.0,2.0794415416798357,4.324077125263812
S509455M-8130647,4,0.0,0.0,0.0
S509456M-8131392,3,0.0,0.0,0.0
S509457M-6302506,2,6.0,1.9459101490553132,3.7865663081964716
S509458M-6302457,2,9.0,2.302585092994046,5.301898110478399
S509459M-6302503,1,0.0,0.0,0.0
S509460M-6302474,1,250.0,5.5254529391317835,30.530630182560063
S509461M-6302477,3,32.0,3.4965075614664802,12.225565127392272
S509462M-6302476,3,30.0,3.4339872044851463,11.79226812056771
S509463M-6302405,1,0.0,0.0,0.0
S509464M-6302390,4,192.0,5.262690188904886,27.69590802439574
S509465M-6302406,1,0.0,0.0,0.0
S509466M-6302373,3,48.0,3.8918202981106265,15.146265232785886
S509467M-6302437,1,0.0,0.0,0.0
S509468M-6302438,2,20.0,3.044522437723423,9.269116873801375
S509469M-6302436,1,0.0,0.0,0.0
S509470M-6302389,3,75.0,4.330733340286331,18.755251264667603
S509472M-6302568,1,0.0,0.0,0.0
S509473M-6302627,3,0.0,0.0,0.0
S509474M-6302699,6,15.0,2.772588722239781,7.687248222691222
S509475M-6302697,3,13.0,2.639057329615259,6.964623588996021
S509476M-6302696,2,50.0,3.9318256327243257,15.459252806148044
S509477M-6302698,1,0.0,0.0,0.0
S509478M-6302800,2,23.0,3.1780538303479458,10.100026148589249
S509479M-6302797,1,0.0,0.0,0.0
S509480M-6302798,1,0.0,0.0,0.0
S509481M-6302784,2,14.0,2.70805020110221,7.333535891689721
S509482M-6302731,3,0.0,0.0,0.0
S509483M-6302757,1,0.0,0.0,0.0
S509484M-6302733,4,29.0,3.4011973816621555,11.568143629025503
S509485M-6302730,1,0.0,0.0,0.0
S509486M-6302754,2,0.0,0.0,0.0
S509487M-6302755,2,0.0,0.0,0.0
S509488M-6302732,2,0.0,0.0,0.0
S509490M-6302827,1,0.0,0.0,0.0
S509491M-6302826,2,0.0,0.0,0.0
S509492M-6302824,1,62.0,4.143134726391533,17.16556536103144
S509493M-6302825,3,80.0,4.394449154672439,19.311183373001313
S509494M-6302878,3,13.0,2.639057329615259,6.964623588996021
S509495M-6302879,1,0.0,0.0,0.0
S509496M-6302877,1,0.0,0.0,0.0
S509497M-6302899,5,66.0,4.204692619390966,17.67944002356086
S509498M-6302259,6,32.0,3.4965075614664802,12.225565127392272
S509499M-6302258,1,0.0,0.0,0.0
S509500M-6302625,1,0.0,0.0,0.0
S509501M-6302626,2,35.0,3.58351893845611,12.841607982273604
S509502M-6298476,2,10.0,2.3978952727983707,5.749901739308773
S509503M-6302359,4,25.0,3.258096538021482,10.615193051067568
S509504M-6302782,5,55.0,4.02535169073515,16.203456234104326
S509505M-6302781,2,0.0,0.0,0.0
S509506M-6302799,3,0.0,0.0,0.0
S509509M-6302898,1,8.0,2.1972245773362196,4.827795843250328
S509510M-6302880,3,83.0,4.430816798843313,19.632137504912105
S509511M-6308298,1,0.0,0.0,0.0
S509512M-6308236,2,8.0,2.1972245773362196,4.827795843250328
S509513M-6302910,5,231.0,5.44673737166631,29.666947995906423
S509514M-6308297,2,0.0,0.0,0.0
S509515M-6308299,4,24.0,3.2188758248682006,10.361161575920939
S509516M-6306336,4,17.0,2.8903717578961645,8.354248898843764
S509517M-6306349,1,0.0,0.0,0.0
S509518M-6306364,4,69.0,4.248495242049359,18.049711821716045
S509519M-6306338,2,116.0,4.762173934797756,22.678300585267145
S509520M-6306339,2,0.0,0.0,0.0
S509521M-6306363,4,18.0,2.9444389791664403,8.669720902034708
S509522M-6306337,3,34.0,3.5553480614894135,12.640499838336531
S509523M-6306348,1,0.0,0.0,0.0
S509524M-6306430,1,0.0,0.0,0.0
S509525M-6306449,2,0.0,0.0,0.0
S509526M-6306451,3,3.0,1.3862943611198906,1.9218120556728056
S509527M-6306462,4,29.0,3.4011973816621555,11.568143629025503
S509528M-6306438,1,0.0,0.0,0.0
S509529M-6306429,3,0.0,0.0,0.0
S509530M-6306450,2,0.0,0.0,0.0
S509532M-6306185,1,0.0,0.0,0.0
S509533M-6306187,5,91.0,4.5217885770490405,20.446571935531185
S509534M-6306186,2,9.0,2.302585092994046,5.301898110478399
S509535M-6306184,5,38.0,3.6635616461296463,13.421683934992164
S509536M-6306346,1,0.0,0.0,0.0
S509537M-6306362,2,93.0,4.543294782270004,20.64152747860184
S509538M-6306365,1,18.0,2.9444389791664403,8.669720902034708
S509539M-6306436,6,49.0,3.912023005428146,15.303923994999064
S509540M-6306428,2,0.0,0.0,0.0
S509541M-6306448,3,16.0,2.833213344056216,8.027097852938207
S509542M-6306431,1,3.0,1.3862943611198906,1.9218120556728056
S509543M-6304925,5,59.0,4.0943445622221,16.763657394197683
S509544M-6304952,1,0.0,0.0,0.0
S509545M-6304991,3,0.0,0.0,0.0
S509546M-6305023,2,0.0,0.0,0.0
S509547M-6305002,2,6.0,1.9459101490553132,3.7865663081964716
S509548M-6308116,2,0.0,0.0,0.0
S509550M-6308134,2,14.0,2.70805020110221,7.333535891689721
S509552M-6308113,3,0.0,0.0,0.0
S509553M-6306567,1,0.0,0.0,0.0
S509554M-6306566,1,0.0,0.0,0.0
S509555M,5,84.0,4.442651256490317,19.737150186794988
S509556M-6306530,3,70.0,4.2626798770413155,18.170439734132966
S509557M-6308194,4,0.0,0.0,0.0
S509558M-6308467,3,0.0,0.0,0.0
S509559M-6308300,1,0.0,0.0,0.0
S509560M-6308468,3,0.0,0.0,0.0
S509561M-6308469,6,0.0,0.0,0.0
S509562M-6308115,2,0.0,0.0,0.0
S509563M-6308131,7,8.0,2.1972245773362196,4.827795843250328
S509564M-6308114,4,25.0,3.258096538021482,10.615193051067568
S509565M-6308132,7,82.0,4.418840607796598,19.52615231711221
S509567M-6308239,2,6.0,1.9459101490553132,3.7865663081964716
S509568M-6308238,1,0.0,0.0,0.0
S509570M-6308197,5,39.0,3.6888794541139363,13.607831626983932
S509571M-6306550,2,0.0,0.0,0.0
S509572M-6306564,1,0.0,0.0,0.0
S509575M-6305188,2,0.0,0.0,0.0
S509576M-6306439,4,0.0,0.0,0.0
S509579M-6304950,3,0.0,0.0,0.0
S509582M-6305187,1,0.0,0.0,0.0
S509583M-6305021,1,0.0,0.0,0.0
S509584M-6305166,1,0.0,0.0,0.0
S509585M-6305165,3,42.0,3.7612001156935624,14.146626310293268
S509586M-6306549,1,0.0,0.0,0.0
S509587M-6306547,2,3.0,1.3862943611198906,1.9218120556728056
S509588M-6306529,3,0.0,0.0,0.0
S509589M-6306531,2,0.0,0.0,0.0
S509590M-6302439,1,0.0,0.0,0.0
S509591M-6302456,1,6.0,1.9459101490553132,3.7865663081964716
S509592M-6306649,3,80.0,4.394449154672439,19.311183373001313
S509595M-6306650,2,14.0,2.70805020110221,7.333535891689721
S509597M-6304820,1,0.0,0.0,0.0
S509599M-6304822,2,5.0,1.791759469228055,3.210401995568401
S509600M-6304443,2,0.0,0.0,0.0
S509601M-6304442,1,0.0,0.0,0.0
S509602M-6304440,3,6.0,1.9459101490553132,3.7865663081964716
S509603M-6304441,2,0.0,0.0,0.0
S509610M-6304347,2,0.0,0.0,0.0
S509633M-6307882,3,0.0,0.0,0.0
S509634M-6307872,2,0.0,0.0,0.0
S509654M-6307827,2,0.0,0.0,0.0
S509659M-6305088,1,8.0,2.1972245773362196,4.827795843250328
S509662M-6305004,2,0.0,0.0,0.0
S509664M-6304926,3,11.0,2.4849066497880004,6.174761058160624
S509665M-6304924,2,0.0,0.0,0.0
S509666M-6304901,1,0.0,0.0,0.0
S509671M-6304557,1,0.0,0.0,0.0
S509674M-6304556,2,0.0,0.0,0.0
S509676M-6304780,2,5.0,1.791759469228055,3.210401995568401
S509678M-6304757,8,112.0,4.727387818712341,22.348195588509824
S509681M-6304630,1,0.0,0.0,0.0
S509692M-6304842,1,0.0,0.0,0.0
S509735M-6315651,1,13.0,2.639057329615259,6.964623588996021
S509744M-6316044,2,0.0,0.0,0.0
S509745M-6316043,1,0.0,0.0,0.0
S509767M-6315574,2,0.0,0.0,0.0
S509804M-6318356,3,60.0,4.110873864173311,16.899283927143212
S509805M-6318357,1,0.0,0.0,0.0
S509839M-6318359,1,0.0,0.0,0.0
S509894M-6319519,1,0.0,0.0,0.0
S509898M-6319520,2,216.0,5.37989735354046,28.94329553463164
S509916M-6317675,1,0.0,0.0,0.0
S509957M-6319856,1,0.0,0.0,0.0
S509993M-6320391,2,0.0,0.0,0.0
S510038M-6324602,1,0.0,0.0,0.0
S510061M-6324391,1,0.0,0.0,0.0
S510069M-6323786,1,0.0,0.0,0.0
S510090M-6323916,1,0.0,0.0,0.0
S510264M-6328226,1,0.0,0.0,0.0
S56072M-8056496,3,0.0,0.0,0.0
S56412M-8060885,7,231.0,5.44673737166631,29.666947995906423
S56413M-8060888,5,5.0,1.791759469228055,3.210401995568401
S56980M-8071057,4,0.0,0.0,0.0
S56997M,4,0.0,0.0,0.0
S56998M-8071902,1,0.0,0.0,0.0
S57018M,2,0.0,0.0,0.0
T049411M,3,110.0,4.709530201312334,22.17967471707299
T049436M-715300029,2,0.0,0.0,0.0
T049443M,1,157.0,5.062595033026967,25.629868468429315
T049451M,4,246.0,5.5093883366279774,30.35335984377239
T049490M-715307453,1,0.0,0.0,0.0
T049491M-715307458,1,0.0,0.0,0.0
T049517M-715307455,2,0.0,0.0,0.0
T049618M-715319649,1,0.0,0.0,0.0
T049653M,2,52.0,3.970291913552122,15.76321787881737
T049658M-715330245,1,0.0,0.0,0.0
T049660M-715329906,2,23.0,3.1780538303479458,10.100026148589249
T049732M-715335039,4,82.0,4.418840607796598,19.52615231711221
T049745M-715335037,4,0.0,0.0,0.0
T049777M,2,139.0,4.941642422609304,24.41982983293195
T049781M-715337912,5,95.0,4.564348191467836,20.833274412955706
T049862M-715341702,1,0.0,0.0,0.0
T049863M,4,149.0,5.0106352940962555,25.106466050443068
T049870M,8,56.0,4.04305126783455,16.346263554338563
T049945M,5,449.0,6.1092475827643655,37.322906027512246
T049958M-715348201,2,1.0,0.6931471805599453,0.4804530139182014
T049959M-715348200,4,30.0,3.4339872044851463,11.79226812056771
T049988M-715348553,1,0.0,0.0,0.0
T049994M,2,0.0,0.0,0.0
T0500033M,1,0.0,0.0,0.0
T050043M,6,0.0,0.0,0.0
T050044M-715348536,4,17.0,2.8903717578961645,8.354248898843764
T050055M,8,2947.0,7.988882253309227,63.822239657239116
T050062M,4,283.0,5.648974238161206,31.91090994340898
T050080M,7,704.0,6.558197802812269,43.00995842081167
T050203M-715363826,3,0.0,0.0,0.0
T050244M-715363820,3,11.0,2.4849066497880004,6.174761058160624
T050257M,8,65.0,4.189654742026425,17.553206857384513
T050280M-715368310,1,0.0,0.0,0.0
T050283M,12,243.0,5.497168225293202,30.218858497173212
T050290M-715367777,4,158.0,5.0689042022202315,25.69378981128592
T050293M-715367781,2,0.0,0.0,0.0
T050297M-715366896,2,232.0,5.4510384535657,29.71382022225194
T050311M,2,0.0,0.0,0.0
T050312M,5,33.0,3.5263605246161616,12.43521854957117
T050313M,1,0.0,0.0,0.0
T050314M,6,29.0,3.4011973816621555,11.568143629025503
T050332M-715371720,4,0.0,0.0,0.0
T050335M-715371723,1,0.0,0.0,0.0
T050345M-715370434,1,0.0,0.0,0.0
T050364M-715371352,1,0.0,0.0,0.0
T050373M-715370061,4,1.0,0.6931471805599453,0.4804530139182014
T050379M-715375873,3,124.0,4.8283137373023015,23.312613545822117
T050394M-715375871,1,0.0,0.0,0.0
T050395M-715376542,1,0.0,0.0,0.0
T050405M-715375870,5,0.0,0.0,0.0
T050410M-715377804,4,56.0,4.04305126783455,16.346263554338563
T050411M-715378248,3,0.0,0.0,0.0
T050420M-715378499,2,0.0,0.0,0.0
T050423M,4,62.0,4.143134726391533,17.16556536103144
T050429M-715379339,1,3.0,1.3862943611198906,1.9218120556728056
T050430M-715379338,2,195.0,5.278114659230518,27.858494355984085
T050447M-715374125,3,32.0,3.4965075614664802,12.225565127392272
T050469M-715375076,1,5.0,1.791759469228055,3.210401995568401
T050471M-715375077,3,0.0,0.0,0.0
T050476M-715374126,1,0.0,0.0,0.0
T050478M-715378503,1,0.0,0.0,0.0
T050483M-715377399,3,162.0,5.093750200806762,25.946291108218933
T050487M-715376401,6,14.0,2.70805020110221,7.333535891689721
T050516M-715377991,4,87.0,4.477336814478207,20.046544950281856
T050518M-715378502,5,11.0,2.4849066497880004,6.174761058160624
T050540M-715379494,2,0.0,0.0,0.0
T050554M-715379342,2,0.0,0.0,0.0
T050560M-715379341,2,0.0,0.0,0.0
T050562M-715377802,3,3.0,1.3862943611198906,1.9218120556728056
T050579M-715389560,2,45.0,3.828641396489095,14.658494942909968
T050606M-715405684,2,52.0,3.970291913552122,15.76321787881737
T050626M,3,177.0,5.181783550292085,26.850880762077644
T050689M-715407204,5,249.0,5.521460917862246,30.486530667480196
T050700M-715411674,4,1.0,0.6931471805599453,0.4804530139182014
T050746M-715410636,2,0.0,0.0,0.0
T050823M-715426706,1,0.0,0.0,0.0
T050840M-715426070,5,143.0,4.969813299576001,24.699044232642496
T050845M-715425632,2,52.0,3.970291913552122,15.76321787881737
T050861M-715426432,3,62.0,4.143134726391533,17.16556536103144
T050962M-715435873,4,80.0,4.394449154672439,19.311183373001313
T050987M-715435872,4,5.0,1.791759469228055,3.210401995568401
T050996M-715405511,2,58.0,4.07753744390572,16.62631160645319
T050997M-715433887,1,0.0,0.0,0.0
T051001M-715442124,1,0.0,0.0,0.0
T051014M-715407046,1,0.0,0.0,0.0
T051025M-715433690,2,0.0,0.0,0.0
T051054M-715441871,1,0.0,0.0,0.0
T051066M-715439607,1,0.0,0.0,0.0
T051067M-715439506,3,15.0,2.772588722239781,7.687248222691222
T051074M-715441865,1,2.0,1.0986122886681096,1.2069489608125816
T051078M-715441868,2,3.0,1.3862943611198906,1.9218120556728056
T051081M-715442126,1,11.0,2.4849066497880004,6.174761058160624
T051084M-715439654,1,0.0,0.0,0.0
T051115M-715443150,1,0.0,0.0,0.0
T051129M-715445321,1,0.0,0.0,0.0
T051165M-715448226,1,0.0,0.0,0.0
T051186M-715445601,2,21.0,3.091042453358316,9.554543448463397
T051194M-715448593,1,0.0,0.0,0.0
T051237M-715468415,1,0.0,0.0,0.0
T051241M-715468453,1,0.0,0.0,0.0
T051280M-715470365,1,0.0,0.0,0.0
T051301M-715474714,1,0.0,0.0,0.0
T051407M-715477706,1,0.0,0.0,0.0
T051408M-715476000,1,0.0,0.0,0.0
T41421M-4848604,3,0.0,0.0,0.0
T47559M,1,0.0,0.0,0.0
T48610M-715228941,4,40.0,3.713572066704308,13.790617494606504
T49342M-715270606,2,0.0,0.0,0.0
T49350M-715270481,3,35.0,3.58351893845611,12.841607982273604
ZEJL08724,1,3.0,1.3862943611198906,1.9218120556728056
ZMAF50115,1,0.0,0.0,0.0
