alias,marca,modelo,configuracion,no._serie,distribuidor,ciudad,estado,horometro,odometro,total_servicios,cerrados,c.fuera,pendientes,50,300,600,900,1200,1500,1800,2100,2400,latitud,longitud,combustible,distancia,vel._maxima_kph,vel._promedio_kph,t._encendido_hrs,t._apagado_hrs,2024-01,2024-02,2024-03,2024-04,2024-05,2024-06,2024-07,2024-08,2024-09,2024-10,2024-11,2024-12,2025-01,2025-02,2025-03,2025-04,2025-05,2025-06,2025-07,2025-08,2025-09,2025-10,2025-11,2025-12,servicio,hrmtro,actual,fecha,estatus,o.t.,tipo,CEM_Despase_Horas,CEM_Porcentaje_Error,DMU_Actual,DMU_Servicio,Mes_Servicio,Segmento,DOE_Prom_Mensual,MA_Potencial_Perdido,Target_Incumplimiento_Futuro,X_CEM_Pasado,X_DOE,X_Intensidad_Encendido,Probabilidad_Incumplimiento_900hrs
MODULO 74-1-865640063411935,NEW HOLLAND AG,TS6.120 ELITE,FWD 8X8 MS CABINA,4100074M-001901656,DASSA,SALVADOR ALVARADO,SINALOA,1658.86,122.98,6,5,0,1,CERRADA,CERRADA,CERRADA,CERRADA,CERRADA,PENDIENTE,,,,25.3602025,-108.1585328,0.0,0.0,0,0.0,0.0,24.0,47.0,19.0,10.0,3.0,27.0,0.0,127.0,65.0,92.0,106.0,69.0,6.0,2.0,0.0,1.0,8.0,0.0,0.0,0.0,44.0,105.0,85.0,73.0,3.0,600.0,600.0,1658.0,2024-05-16 18:11:00,CERRADA,148,Preventivo,0.0,0.0,1058.86,0.0,5.0,AGRICOLA,37.166666666666664,1500.0,0,0.0,37.166666666666664,0.0,0.4460238152608813
ARBSA - 4100077M,NEW HOLLAND AG,TS6.120 ELITE,FWD 8X8 MS CABINA,4100077M,ARBSA,ENSENADA,BAJA CALIFORNIA,1178.3,1051.28,5,3,1,2,CERRADA,CERRADA,CERRADAFUERA,CERRADA,PORVENCER,,,,,30.0794773,-115.695494,0.0,0.0,0,0.0,0.0,24.0,5.0,3.0,26.0,40.0,5.0,1.0,0.0,10.0,21.0,52.0,0.0,2.0,63.0,49.0,93.0,62.0,15.0,0.0,0.0,43.0,19.0,12.0,0.0,0.0,600.0,582.0,1178.0,2024-04-10 20:00:00,CERRADAFUERA,0,Preventivo,-18.0,3.0,596.3,0.0,4.0,AGRICOLA,21.708333333333332,1200.0,0,82.66666666666667,21.708333333333332,0.0,0.10256647072582029
AGROCISA - 4100081M,NEW HOLLAND AG,TS6.125,FWD 8X8 PS CABINA,4100081M-001883060,AGROCISAGRAL,SALAMANCA,GUANAJUATO,849.71,322.37,3,2,1,1,CERRADA,CERRADA,CERRADAFUERA,,,,,,,20.6409653,-101.1896196,0.0,0.0,0,0.0,0.0,24.0,22.0,26.0,10.0,22.0,10.0,2.0,2.0,4.0,0.0,0.0,27.0,129.0,37.0,18.0,13.0,11.0,57.0,2.0,9.0,4.0,2.0,1.0,9.0,35.0,600.0,565.0,849.0,2024-12-20 08:26:00,CERRADAFUERA,0,Preventivo,-35.0,5.833333333333333,284.71000000000004,0.0,12.0,AGRICOLA,18.833333333333332,0.0,0,0.0,18.833333333333332,0.0,0.15203773756081598
MADISA - 4100117M,NEW HOLLAND AG,TS6.120 ELITE,FWD 8X8 MS CABINA,4100117M-001932846,MADISAGRAL,TEZIUTLAN,PUEBLA,1056.13,189.81,4,2,1,2,CERRADA,CERRADA,CERRADAFUERA,PENDIENTE,,,,,,19.5873801,-97.3031525,73.53,33.81,9,5.12,6.72,17.28,26.0,8.0,8.0,15.0,8.0,8.0,0.0,13.0,39.0,39.0,38.0,0.0,48.0,52.0,34.0,43.0,0.0,60.0,3.0,27.0,20.0,7.0,35.0,34.0,600.0,566.0,1060.0,2025-02-19 13:40:00,CERRADAFUERA,NO APLICA,Preventivo,-34.0,5.666666666666666,490.1300000000001,0.0,2.0,AGRICOLA,23.541666666666668,900.0,0,13.333333333333334,23.541666666666668,6.72,0.07772548340568287
AGROCISA - 4100127M,NEW HOLLAND AG,TS6.125,FWD 8X8 PS CABINA,4100127M-001894468,AGROCISAGRAL,SAN FRANCISCO DEL RINCON,GUANAJUATO,947.93,30.24,4,1,3,3,CERRADAFUERA,CERRADA,CERRADAFUERA,CERRADAFUERA,,,,,,21.107947,-101.8125703,0.0,0.0,0,0.0,0.0,24.0,59.0,6.0,0.0,2.0,30.0,12.0,2.0,0.0,1.0,12.0,29.0,86.0,11.0,7.0,34.0,33.0,74.0,29.0,1.0,3.0,25.0,38.0,6.0,0.0,600.0,560.0,947.0,2024-12-21 08:30:00,CERRADAFUERA,0,Preventivo,-40.0,6.666666666666667,387.92999999999995,0.0,12.0,AGRICOLA,20.833333333333332,0.0,0,0.0,20.833333333333332,0.0,0.27412363522290784
AGROCISA - 4100162M,NEW HOLLAND AG,TS6.125,FWD 8X8 PS CABINA,4100162M-001933059,AGROCISAGRAL,YURECUARO,MICHOACAN DE OCAMPO,715.23,229.48,3,2,1,1,CERRADA,CERRADA,CERRADAFUERA,,,,,,,20.278762,-102.3291746,0.0,0.0,0,0.0,0.0,24.0,55.0,18.0,18.0,11.0,42.0,21.0,4.0,3.0,2.0,3.0,47.0,12.0,14.0,14.0,41.0,39.0,30.0,2.0,8.0,4.0,3.0,3.0,4.0,16.0,600.0,560.0,715.0,2025-03-25 11:42:00,CERRADAFUERA,0,Preventivo,-40.0,6.666666666666667,155.23000000000002,0.0,3.0,AGRICOLA,17.25,0.0,0,11.333333333333332,17.25,0.0,0.08341998955009558
ENAGRI - 4100192M,NEW HOLLAND AG,TS6.120 ELITE,FWD 8X8 MS CABINA,4100192M-001925945,ENAGRI,COSALA,SINALOA,1281.52,366.36,21,4,0,17,CERRADA,PENDIENTE,CERRADA,CERRADA,CERRADA,,,,,24.0600128,-106.8949406,0.0,0.0,0,0.0,0.0,24.0,0.0,0.0,0.0,0.0,0.0,0.0,0.0,9.0,109.0,119.0,65.0,92.0,69.0,0.0,0.0,0.0,0.0,0.0,3.0,0.0,106.0,80.0,121.0,85.0,600.0,560.0,1281.0,2025-08-01 13:00:00,CERRADA,NC14841,Preventivo,-40.0,6.666666666666667,721.52,0.0,8.0,AGRICOLA,35.75,300.0,0,218.00000000000003,35.75,0.0,0.26583811208791763
DASSA - 4100196M,NEW HOLLAND AG,TS6.120 ELITE,FWD 8X8 MS CABINA,4100196M-001931363,DASSA,NAVOLATO,SINALOA,752.64,1002.38,3,3,0,0,CERRADA,CERRADA,CERRADA,,,,,,,25.093344,-107.8400033,0.0,0.0,0,0.0,0.0,24.0,0.0,33.0,15.0,29.0,64.0,73.0,0.0,12.0,0.0,26.0,12.0,5.0,8.0,39.0,42.0,65.0,0.0,1.0,35.0,1.0,0.0,1.0,7.0,3.0,600.0,600.0,752.0,2025-04-23 10:22:00,CERRADA,619,Preventivo,0.0,0.0,152.64,0.0,4.0,AGRICOLA,19.625,0.0,0,0.0,19.625,0.0,0.15203773756081598
TRACTIESA - 4100200M,NEW HOLLAND AG,TS6.120 ELITE,FWD 8X8 MS CABINA,4100200M-001938125,ENAGRI,MAZATLAN,SINALOA,1728.07,51.77,6,3,0,3,CERRADA,CERRADA,CERRADA,PENDIENTE,PENDIENTE,PENDIENTE,,,,23.7476973,-106.7963631,3.87,0.14,7,0.52,0.42,23.58,1.0,6.0,9.0,9.0,70.0,59.0,124.0,69.0,85.0,142.0,48.0,62.0,53.0,32.0,0.0,2.0,0.0,1.0,79.0,20.0,26.0,47.0,15.0,35.0,600.0,598.0,1728.0,2024-06-08 20:38:00,CERRADA,NC14794,Preventivo,-2.0,0.33333333333333337,1130.07,0.0,6.0,AGRICOLA,41.416666666666664,3600.0,0,8.666666666666668,41.416666666666664,0.42,0.25365851886017865
ATC-4100202M-002020514,NEW HOLLAND AG,TS6.120 ELITE,FWD 8X8 MS CABINA,4100202M-002020514,ATC,DOLORES HIDALGO CUNA DE LA INDEPENDENCIA NACIONAL,GUANAJUATO,1456.33,61.65,3,3,0,0,,,CERRADA,CERRADA,CERRADA,,,,,21.1586268,-100.8409016,0.0,0.0,3,0.0,0.0,24.0,91.0,42.0,35.0,33.0,33.0,15.0,18.0,2.0,5.0,25.0,28.0,2.0,125.0,148.0,51.0,0.0,9.0,45.0,22.0,15.0,23.0,0.0,12.0,30.0,600.0,600.0,1456.0,2024-06-18 10:46:00,CERRADA,923540,Preventivo,0.0,0.0,856.3299999999999,0.0,6.0,AGRICOLA,33.708333333333336,0.0,0,1.6666666666666667,33.708333333333336,0.0,0.28428764237109316
ATC-4100203M-002020513,NEW HOLLAND AG,TS6.120 ELITE,FWD 8X8 MS CABINA,4100203M-002020513,ATC,VILLA GARCIA,ZACATECAS,986.1,5641.52,4,1,3,3,CERRADA,CERRADAFUERA,CERRADAFUERA,CERRADAFUERA,,,,,,22.2948355,-101.8182505,3.64,0.1,4,0.32,0.35,23.65,47.0,58.0,28.0,0.0,22.0,29.0,0.0,13.0,12.0,9.0,2.0,37.0,99.0,43.0,66.0,7.0,19.0,18.0,22.0,6.0,14.0,8.0,14.0,7.0,600.0,600.0,986.0,2025-01-01 16:36:00,CERRADAFUERA,,Preventivo,0.0,0.0,386.1,0.0,1.0,AGRICOLA,24.166666666666668,0.0,0,0.0,24.166666666666668,0.35,0.10769740549026992
ATC - 4100211M,NEW HOLLAND AG,TS6.125,,4100211M-002033028,ATC,ACAMBARO,GUANAJUATO,1551.65,25.74,4,4,0,0,CERRADA,CERRADA,CERRADA,CERRADA,,,,,,20.0778543,-100.5725121,1.28,0.07,6,0.65,2.18,21.82,99.0,67.0,34.0,6.0,39.0,9.0,26.0,31.0,1.0,65.0,53.0,70.0,56.0,27.0,43.0,38.0,54.0,59.0,21.0,19.0,11.0,23.0,59.0,41.0,600.0,600.0,1551.0,2024-05-26 11:21:00,CERRADA,939759,Preventivo,0.0,0.0,951.6500000000001,0.0,5.0,AGRICOLA,39.625,0.0,0,6.166666666666667,39.625,2.18,0.20311771706984502
ENAGRI - 4100214M,NEW HOLLAND AG,TS6.120 ELITE,FWD 8X8 MS CABINA,4100214M-002033718,ENAGRI,CONCORDIA,SINALOA,1687.18,705.65,6,3,0,3,CERRADA,CERRADA,CERRADA,PENDIENTE,PENDIENTE,PENDIENTE,,,,23.393378,-106.1695538,0.0,0.0,0,0.0,0.0,24.0,24.0,33.0,27.0,22.0,14.0,99.0,43.0,75.0,84.0,133.0,30.0,10.0,45.0,34.0,8.0,6.0,1.0,0.0,16.0,48.0,105.0,54.0,26.0,0.0,600.0,608.0,1687.0,2024-06-08 21:42:00,CERRADA,NC14777,Preventivo,8.0,1.3333333333333335,1079.18,8.0,6.0,AGRICOLA,39.041666666666664,3600.0,0,7.000000000000001,39.041666666666664,0.0,0.3243977050235369
AGROCISA - 4100216M,NEW HOLLAND AG,TS6.125,FWD 16X8 PS CABINA,4100216M-002033024,AGROCISAGRAL,ZAPOTLANEJO,JALISCO,759.0,0.0,3,2,1,1,CERRADA,CERRADA,CERRADAFUERA,,,,,,,20.563127,-103.1144591,0.0,0.0,0,0.0,0.0,24.0,86.0,49.0,15.0,0.0,28.0,10.0,5.0,1.0,0.0,2.0,14.0,16.0,88.0,84.0,50.0,23.0,24.0,10.0,5.0,4.0,0.0,0.0,9.0,23.0,600.0,567.0,759.0,2025-03-24 15:14:00,CERRADAFUERA,0,Preventivo,-33.0,5.5,192.0,0.0,3.0,AGRICOLA,22.75,0.0,0,12.666666666666668,22.75,0.0,0.06902365604242652
TEPSA - 4100221M,NEW HOLLAND AG,TS6.120 ELITE,FWD 8X8 MS CABINA,4100221M-002033025,TEPSA,ATEMPAN,PUEBLA,1296.63,113.95,4,2,0,2,,CERRADA,CERRADA,PENDIENTE,PENDIENTE,,,,,19.8058755,-97.5317641,48.31,19.41,10,3.56,8.69,15.31,122.0,84.0,3.0,1.0,3.0,39.0,79.0,13.0,16.0,22.0,6.0,10.0,51.0,127.0,24.0,24.0,28.0,21.0,28.0,7.0,36.0,28.0,15.0,15.0,600.0,561.0,1296.0,2024-06-30 20:43:00,CERRADA,SF P1495/0477,Preventivo,-39.0,6.5,735.6300000000001,0.0,6.0,AGRICOLA,33.416666666666664,2100.0,0,80.0,33.416666666666664,8.69,0.276280785790642
ENAGRI - 4100228M,NEW HOLLAND AG,TS6.125,,4100228M-002033075,ARBSA,CAJEME,SONORA,1830.26,146.2,21,6,0,15,CERRADA,CERRADA,CERRADA,CERRADA,CERRADA,,,,,27.6458026,-110.2953778,0.0,0.0,0,0.0,0.0,24.0,0.0,0.0,0.0,0.0,0.0,0.0,0.0,0.0,0.0,0.0,0.0,0.0,20.0,32.0,4.0,40.0,31.0,22.0,36.0,73.0,71.0,47.0,31.0,27.0,600.0,595.0,1830.0,2024-04-10 19:20:00,CERRADA,502332,Preventivo,-5.0,0.8333333333333334,1235.26,0.0,4.0,AGRICOLA,18.083333333333332,0.0,0,13.0,18.083333333333332,0.0,0.08992750589156603
DASSA - 4100238M,NEW HOLLAND AG,TS6.120 ELITE,FWD 8X8 MS CABINA,4100238M-002029634,DASSA,SALVADOR ALVARADO,SINALOA,883.98,114.11,13,3,0,10,CERRADA,CERRADA,CERRADA,PORVENCER,,,,,,25.237234,-108.121228,0.0,0.0,0,0.0,0.0,24.0,1.0,0.0,0.0,1.0,0.0,3.0,81.0,74.0,58.0,74.0,61.0,64.0,70.0,26.0,31.0,0.0,8.0,8.0,3.0,13.0,20.0,21.0,0.0,7.0,600.0,600.0,883.0,2024-12-19 11:18:00,CERRADA,472,Preventivo,0.0,0.0,283.98,0.0,12.0,AGRICOLA,26.0,900.0,0,50.0,26.0,0.0,0.08479509511951976
ATC - 4100240M-002031132,NEW HOLLAND AG,TS6.125,FWD 8X8 PS CABINA,4100240M-002031132,ATN,PEDRO ESCOBEDO,QUERETARO,1789.04,32.2,7,4,2,3,CERRADA,CERRADA,CERRADA,CERRADA,CERRADAFUERA,CERRADAFUERA,PORVENCER,,,20.5444071,-100.1869263,0.0,0.0,0,0.0,0.0,24.0,7.0,0.0,0.0,0.0,0.0,0.0,0.0,0.0,0.0,0.0,0.0,0.0,0.0,0.0,0.0,0.0,0.0,0.0,0.0,0.0,0.0,0.0,0.0,0.0,600.0,630.0,1789.0,2024-11-03 16:25:00,CERRADA,932151,Preventivo,30.0,5.0,1159.04,30.0,11.0,AGRICOLA,0.2916666666666667,1800.0,0,2.2222222222222223,0.2916666666666667,0.0,0.13196899922833288
DASSA - 4100241M,NEW HOLLAND AG,TS6.120 ELITE,FWD 8X8 MS CABINA,4100241M-002026612,DASSA,LOS MOCHIS,SINALOA,2366.02,158.34,7,4,0,3,,,CERRADA,CERRADA,CERRADA,CERRADA,PENDIENTE,PENDIENTE,PORVENCER,25.828111,-108.6878031,60.76,7.05,12,0.49,12.57,11.43,13.0,5.0,1.0,88.0,92.0,184.0,184.0,84.0,105.0,99.0,73.0,44.0,18.0,15.0,12.0,26.0,72.0,116.0,54.0,62.0,145.0,131.0,31.0,97.0,600.0,600.0,2366.0,2024-06-18 10:46:00,CERRADA,297,Preventivo,0.0,0.0,1766.02,0.0,6.0,AGRICOLA,72.95833333333333,6300.0,0,0.7666666666666666,72.95833333333333,12.57,0.20028065311980914
ENAGRI - 4100248M,NEW HOLLAND AG,TS6.120 ELITE,FWD 8X8 MS CABINA,4100248M-002028067,ENAGRI,BAHIA DE BANDERAS,NAYARIT,1549.57,382.87,52,2,0,50,PENDIENTE,CERRADA,CERRADA,PENDIENTE,PENDIENTE,PENDIENTE,,,,20.9396065,-105.0867535,0.0,0.0,0,0.0,0.0,24.0,1.0,1.0,0.0,13.0,10.0,0.0,3.0,24.0,130.0,118.0,64.0,104.0,117.0,12.0,8.0,3.0,10.0,14.0,0.0,0.0,168.0,63.0,72.0,93.0,600.0,560.0,1549.0,2024-05-12 21:33:00,CERRADA,TF17153,Preventivo,-40.0,6.666666666666667,989.5699999999999,0.0,5.0,AGRICOLA,42.833333333333336,3650.0,0,84.66666666666667,42.833333333333336,0.0,0.46870686946282036
ARBSA - 4100258M,NEW HOLLAND AG,TS6.125,,4100258M-002029868,ARBSA,SAN LUIS RIO COLORADO,SONORA,2300.11,76.35,2,2,0,0,,,CERRADA,CERRADA,,,,,,32.5283756,-115.0104836,71.81,51.88,32,6.28,8.45,15.55,19.0,7.0,12.0,18.0,30.0,22.0,44.0,24.0,66.0,70.0,42.0,40.0,100.0,26.0,48.0,39.0,74.0,60.0,38.0,77.0,51.0,37.0,25.0,38.0,600.0,802.0,2302.0,2024-06-18 20:33:00,CERRADA,109809,Preventivo,202.0,33.666666666666664,1498.1100000000001,202.0,6.0,AGRICOLA,41.958333333333336,0.0,0,3.6666666666666665,41.958333333333336,8.45,0.3034080213977793
AGROEQUIPOS - 4100270M,NEW HOLLAND AG,TS6.120 ELITE,FWD 8X8 MS CABINA,4100270M-002028552,AGROEQUIPOS,LAS ROSAS,CHIAPAS,818.6,132.77,3,3,0,0,CERRADA,CERRADA,CERRADA,,,,,,,16.2732016,-92.4460343,0.0,0.0,0,0.0,0.0,24.0,48.0,105.0,22.0,0.0,0.0,1.0,22.0,1.0,0.0,1.0,52.0,96.0,70.0,26.0,18.0,13.0,0.0,20.0,27.0,0.0,0.0,1.0,23.0,30.0,600.0,569.0,818.0,2025-04-14 09:28:00,CERRADA,PCG0000000749,Preventivo,-31.0,5.166666666666667,249.60000000000002,0.0,4.0,AGRICOLA,24.0,0.0,0,45.5,24.0,0.0,0.08479509511951976
MADISA-4100273M-002044302,NEW HOLLAND AG,TS6.120 ELITE,FWD 8X8 MS CABINA,4100273M-002044302,MADISAGRAL,SAN JUAN BAUTISTA TUXTEPEC,OAXACA,1146.92,35.92,60,3,0,57,CERRADA,PENDIENTE,CERRADA,CERRADA,,,,,,18.2555848,-96.068674,85.93,50.9,30,5.57,13.71,10.29,1.0,1.0,0.0,4.0,1.0,0.0,0.0,0.0,3.0,1.0,2.0,81.0,0.0,0.0,0.0,0.0,0.0,0.0,0.0,0.0,0.0,0.0,0.0,0.0,600.0,639.0,1150.0,2025-03-24 12:45:00,CERRADA,5510464,Preventivo,39.0,6.5,507.9200000000001,39.0,3.0,AGRICOLA,3.9166666666666665,300.0,0,32.0,3.9166666666666665,13.71,0.07088859946558267
MADISA-4100274M-002044301,NEW HOLLAND AG,TS6.120 ELITE,FWD 8X8 MS CABINA,4100274M-002044301,MADISAGRAL,IGNACIO DE LA LLAVE,VERACRUZ DE IGNACIO DE LA LLAVE,905.44,68.81,24,2,1,22,CERRADA,CERRADA,CERRADAFUERA,PENDIENTE,,,,,,18.4697615,-96.1747648,114.75,28.65,14,2.81,10.46,13.54,0.0,1.0,0.0,0.0,0.0,12.0,0.0,2.0,4.0,0.0,4.0,22.0,0.0,0.0,0.0,0.0,0.0,0.0,0.0,0.0,0.0,0.0,0.0,0.0,600.0,560.0,908.0,2025-03-24 09:23:00,CERRADAFUERA,NO APLICA,Preventivo,-40.0,6.666666666666667,345.44000000000005,0.0,3.0,AGRICOLA,1.875,900.0,0,12.833333333333334,1.875,10.46,0.09391763278178206
DASSA - 4100279M,NEW HOLLAND AG,TS6.125,,4100279M-002028540,DASSA,LOS MOCHIS,SINALOA,2403.07,54.37,5,2,0,3,,,CERRADA,CERRADA,PENDIENTE,PENDIENTE,,,,25.8733838,-108.8923605,1.14,0.18,5,1.09,1.04,22.96,1.0,0.0,0.0,47.0,10.0,0.0,22.0,27.0,137.0,122.0,55.0,37.0,5.0,28.0,85.0,54.0,0.0,5.0,79.0,0.0,50.0,76.0,86.0,33.0,600.0,600.0,2403.0,2024-06-18 20:46:00,CERRADA,4884,Preventivo,0.0,0.0,1803.0700000000002,0.0,6.0,AGRICOLA,39.958333333333336,2700.0,0,13.444444444444445,39.958333333333336,1.04,0.28303852187294626
MADISA - 4100294M-002045618,NEW HOLLAND AG,TS6.120 ELITE,FWD 8X8 MS CABINA,4100294M-002045618,MADISAGRAL,SAN JUAN BAUTISTA TUXTEPEC,OAXACA,1341.7,0.44,5,4,0,1,CERRADA,CERRADA,CERRADA,CERRADA,PENDIENTE,,,,,18.1416283,-96.0746798,98.24,30.56,33,12.43,15.65,8.35,1.0,0.0,0.0,5.0,0.0,104.0,22.0,77.0,27.0,5.0,11.0,65.0,181.0,81.0,141.0,234.0,41.0,4.0,12.0,6.0,11.0,14.0,13.0,0.0,600.0,560.0,1343.0,2025-09-01 18:10:00,CERRADA,5510370,Preventivo,-40.0,6.666666666666667,781.7,0.0,9.0,AGRICOLA,43.958333333333336,1200.0,0,33.148148148148145,43.958333333333336,15.65,0.31174814962618513
MADISA-4100298M-002048994,NEW HOLLAND AG,TS6.120 ELITE,FWD 8X8 MS CABINA,4100298M-002048994,MADISAGRAL,IGNACIO DE LA LLAVE,VERACRUZ DE IGNACIO DE LA LLAVE,846.36,39.36,25,2,1,23,CERRADA,CERRADA,CERRADAFUERA,,,,,,,18.4670881,-96.1759406,84.75,29.8,13,2.58,11.87,12.13,1.0,0.0,0.0,0.0,0.0,29.0,0.0,1.0,6.0,1.0,2.0,38.0,240.0,79.0,172.0,137.0,0.0,0.0,0.0,0.0,0.0,0.0,1.0,0.0,600.0,697.0,847.0,2025-04-23 13:24:00,CERRADAFUERA,NO APLICA,Preventivo,97.0,16.166666666666664,149.36,97.0,4.0,AGRICOLA,29.458333333333332,0.0,0,25.666666666666664,29.458333333333332,11.87,0.059996637579020795
MADISA-4100299M-002052298,NEW HOLLAND AG,TS6.120 ELITE,FWD 8X8 MS CABINA,4100299M-002052298,MADISAGRAL,IGNACIO DE LA LLAVE,VERACRUZ DE IGNACIO DE LA LLAVE,980.56,29.25,28,2,3,26,CERRADA,CERRADAFUERA,CERRADAFUERA,CERRADAFUERA,,,,,,18.6537173,-96.1413218,48.21,7.08,10,1.8,4.73,19.27,13.0,1.0,0.0,0.0,0.0,0.0,0.0,0.0,0.0,0.0,0.0,1.0,161.0,120.0,191.0,226.0,131.0,0.0,3.0,0.0,0.0,1.0,0.0,0.0,600.0,736.0,983.0,2025-04-22 09:27:00,CERRADAFUERA,NO APLICA,Preventivo,136.0,22.666666666666664,244.55999999999995,136.0,4.0,AGRICOLA,35.333333333333336,0.0,0,6.0,35.333333333333336,4.73,0.16141081148727335
DASSA - 4100311M,NEW HOLLAND AG,TS6.120 ELITE,FWD 8X8 MS CABINA,4100311M-002033680,DASSA,AHOME,SINALOA,1827.43,61.34,5,2,0,3,,,CERRADA,CERRADA,PENDIENTE,PENDIENTE,PENDIENTE,,,26.1515561,-109.0561023,0.69,0.05,0,0.53,0.1,23.9,64.0,37.0,31.0,5.0,28.0,17.0,44.0,61.0,59.0,37.0,117.0,63.0,21.0,0.0,0.0,0.0,28.0,2.0,82.0,0.0,37.0,44.0,51.0,23.0,600.0,600.0,1827.0,2024-06-18 20:29:00,CERRADA,34243,Preventivo,0.0,0.0,1227.43,0.0,6.0,AGRICOLA,35.458333333333336,4500.0,0,2.555555555555556,35.458333333333336,0.1,0.27984575876662043
866392068834955,NEW HOLLAND AG,TS6.125,FWD 8X8 MS CABINA,4100347M-002034695,ARBSA,MEXICALI,BAJA CALIFORNIA,765.14,24.72,7,3,0,4,CERRADA,CERRADA,CERRADA,,,,,,,32.4144361,-115.1957616,0.0,0.0,0,0.0,0.0,24.0,0.0,0.0,0.0,0.0,0.0,0.0,0.0,0.0,0.0,3.0,2.0,6.0,0.0,32.0,26.0,20.0,6.0,68.0,44.0,35.0,14.0,38.0,15.0,48.0,600.0,560.0,765.0,2025-09-24 14:40:00,CERRADA,110913,Preventivo,-40.0,6.666666666666667,205.14,0.0,9.0,AGRICOLA,14.875,0.0,0,180.0,14.875,0.0,0.13644287171145975
866392069143794,NEW HOLLAND AG,TS6.120 ELITE,FWD 8X8 MS CABINA,4100365M-002051524,ALTENOS,CINTALAPA,CHIAPAS,1948.08,0.14,6,0,6,6,,CERRADAFUERA,CERRADAFUERA,CERRADAFUERA,CERRADAFUERA,CERRADAFUERA,CERRADAFUERA,,,16.5472716,-93.9258575,0.0,0.01,4,0.44,0.04,23.96,0.0,0.0,43.0,57.0,80.0,79.0,107.0,30.0,0.0,0.0,0.0,0.0,0.0,0.0,0.0,0.0,0.0,0.0,0.0,0.0,0.0,0.0,0.0,0.0,600.0,560.0,1948.0,2024-07-08 06:24:00,CERRADAFUERA,CFD,Preventivo,-40.0,6.666666666666667,1388.08,0.0,7.0,AGRICOLA,16.5,0.0,0,11.38888888888889,16.5,0.04,0.03820200825623006
866392068894686,NEW HOLLAND AG,TS6.120 ELITE,FWD 8X8 MS CABINA,4100370M-002051535,ATC,SANTIAGO DE ANAYA,HIDALGO,867.6,3.05,4,2,1,2,CERRADA,CERRADA,CERRADAFUERA,PORVENCER,,,,,,20.6357646,-98.8076961,0.0,0.0,0,0.0,0.0,24.0,0.0,0.0,16.0,6.0,79.0,45.0,26.0,86.0,5.0,2.0,12.0,46.0,24.0,5.0,8.0,26.0,31.0,25.0,76.0,33.0,1.0,30.0,1.0,3.0,600.0,600.0,867.0,2025-02-13 14:35:00,CERRADAFUERA,,Preventivo,0.0,0.0,267.6,0.0,2.0,AGRICOLA,24.416666666666668,900.0,0,153.66666666666666,24.416666666666668,0.0,0.059020552049429804
866392069021669,NEW HOLLAND AG,TS6.120 ELITE,FWD 8X8 MS CABINA,4100372M-002050042,ENAGRI,SALVADOR ALVARADO,SINALOA,1475.55,156.32,6,4,0,2,CERRADA,CERRADA,CERRADA,PENDIENTE,CERRADA,PORVENCER,,,,25.2899931,-108.1421406,1.03,0.05,6,0.57,1.64,22.36,0.0,0.0,0.0,0.0,18.0,74.0,56.0,30.0,55.0,64.0,34.0,26.0,83.0,71.0,6.0,16.0,44.0,68.0,1.0,23.0,89.0,70.0,81.0,44.0,600.0,560.0,1475.0,2025-01-27 18:36:00,CERRADA,ND37374,Preventivo,-40.0,6.666666666666667,915.55,0.0,1.0,AGRICOLA,39.708333333333336,2400.0,0,34.833333333333336,39.708333333333336,1.64,0.28733084365194045
866392068876667,NEW HOLLAND AG,TS6.120 ELITE,FWD 8X8 MS CABINA,4100380M-002047514,ARBSA,DOLORES HIDALGO CUNA DE LA INDEPENDENCIA NACIONAL,GUANAJUATO,2109.1,222.94,7,1,6,6,,CERRADA,CERRADAFUERA,CERRADAFUERA,CERRADAFUERA,CERRADAFUERA,CERRADAFUERA,CERRADAFUERA,,21.1404793,-100.750782,242.72,4.75,9,0.0,0.0,24.0,0.0,0.0,28.0,125.0,150.0,88.0,102.0,141.0,109.0,133.0,108.0,81.0,111.0,70.0,97.0,62.0,26.0,25.0,9.0,31.0,49.0,6.0,15.0,74.0,600.0,565.0,2109.0,2024-06-30 19:56:00,CERRADAFUERA,0,Preventivo,-35.0,5.833333333333333,1544.1,0.0,6.0,AGRICOLA,68.33333333333333,0.0,0,39.56481481481482,68.33333333333333,0.0,0.45540566565064267
866392069039240,NEW HOLLAND AG,TS6.120 ELITE,FWD 8X8 MS CABINA,4100381M-002051541,ARBSA,SALVADOR ALVARADO,SINALOA,708.21,580.87,3,2,1,1,CERRADA,CERRADA,CERRADAFUERA,,,,,,,25.4500111,-108.1955216,0.0,0.0,0,0.0,0.0,24.0,0.0,0.0,0.0,0.0,2.0,0.0,65.0,61.0,42.0,23.0,9.0,0.0,0.0,0.0,0.0,3.0,3.0,13.0,6.0,2.0,2.0,0.0,29.0,8.0,600.0,564.0,708.0,2025-08-28 18:51:00,CERRADAFUERA,0,Preventivo,-36.0,6.0,144.21000000000004,0.0,8.0,AGRICOLA,11.166666666666666,0.0,0,106.83333333333333,11.166666666666666,0.0,0.1385158517464949
DASSA - 4100385M,NEW HOLLAND AG,TS6.120 ELITE,FWD 8X8 MS CABINA,4100385M-002054639,DASSA,SALVADOR ALVARADO,SINALOA,1143.14,0.05,4,3,0,1,CERRADA,CERRADA,CERRADA,PENDIENTE,,,,,,25.4603806,-108.0699473,0.0,0.0,0,0.0,0.0,24.0,0.0,0.0,3.0,0.0,0.0,0.0,5.0,84.0,38.0,77.0,19.0,20.0,18.0,8.0,27.0,1.0,42.0,24.0,20.0,26.0,42.0,3.0,65.0,0.0,600.0,600.0,1143.0,2025-03-24 14:34:00,CERRADA,517,Preventivo,0.0,0.0,543.1400000000001,0.0,3.0,AGRICOLA,21.75,900.0,0,50.0,21.75,0.0,0.11915156680431245
866392068917552,NEW HOLLAND AG,TS6.120 ELITE,FWD 8X8 MS CABINA,4100390M-002055635,ATC,TAMPACAN,SAN LUIS POTOSI,1597.68,75.69,8,2,4,6,CERRADA,CERRADAFUERA,CERRADAFUERA,CERRADAFUERA,CERRADAFUERA,PENDIENTE,,,,21.6886853,-98.6194295,45.64,22.91,24,5.95,6.56,17.44,0.0,0.0,0.0,1.0,0.0,0.0,0.0,0.0,14.0,42.0,61.0,74.0,79.0,124.0,80.0,99.0,59.0,34.0,54.0,38.0,53.0,19.0,50.0,15.0,600.0,600.0,1599.0,2025-07-02 14:35:00,CERRADAFUERA,,Preventivo,0.0,0.0,997.6800000000001,0.0,7.0,AGRICOLA,37.333333333333336,1500.0,0,0.0,37.333333333333336,6.56,0.43449656885081395
ENAGRI - 4100398M,NEW HOLLAND AG,TS6.120 ELITE,FWD 8X8 MS CABINA,4100398M-002051540,ENAGRI,SALVADOR ALVARADO,SINALOA,2041.37,240.34,5,3,0,2,,,CERRADA,CERRADA,CERRADA,PENDIENTE,PENDIENTE,,,25.2827316,-108.1985843,57.11,40.17,32,6.27,8.15,15.85,48.0,35.0,61.0,43.0,71.0,36.0,0.0,41.0,81.0,52.0,60.0,58.0,64.0,74.0,31.0,31.0,4.0,30.0,0.0,4.0,82.0,36.0,100.0,50.0,600.0,784.0,2042.0,2024-06-18 10:46:00,CERRADA,ND35746,Preventivo,184.0,30.666666666666664,1257.37,184.0,6.0,AGRICOLA,45.5,3300.0,0,5.611111111111111,45.5,8.15,0.3324859398934947
DASSA - 4100399M,NEW HOLLAND AG,TS6.120 ELITE,FWD 8X8 MS CABINA,4100399M-002051518,DASSA,SALVADOR ALVARADO,SINALOA,2006.03,58.52,5,2,0,3,,,CERRADA,PENDIENTE,CERRADA,PENDIENTE,PENDIENTE,,,25.3447831,-108.1452155,7.82,1.93,10,2.9,0.83,23.17,55.0,21.0,51.0,31.0,79.0,67.0,46.0,82.0,86.0,63.0,44.0,74.0,43.0,21.0,47.0,13.0,28.0,44.0,64.0,17.0,81.0,79.0,71.0,15.0,600.0,600.0,2006.0,2024-06-18 21:12:00,CERRADA,58,Preventivo,0.0,0.0,1406.03,0.0,6.0,AGRICOLA,50.916666666666664,4200.0,0,0.0,50.916666666666664,0.83,0.5033599473124736
866392068732712,NEW HOLLAND AG,TS6.120 ELITE,FWD 8X8 MS CABINA,4100414M-002051517,ALTENOS,TEPATITLAN DE MORELOS,JALISCO,919.08,56.23,3,1,2,2,,CERRADAFUERA,CERRADA,CERRADAFUERA,,,,,,20.8810533,-102.6901733,0.0,0.0,0,0.0,0.0,24.0,0.0,0.0,34.0,50.0,44.0,69.0,0.0,7.0,0.0,19.0,35.0,0.0,90.0,112.0,62.0,41.0,60.0,25.0,7.0,1.0,2.0,0.0,25.0,0.0,600.0,560.0,919.0,2025-10-02 09:16:00,CERRADA,OTA0002221,Preventivo,-40.0,6.666666666666667,359.08000000000004,0.0,10.0,AGRICOLA,28.458333333333332,0.0,0,6.0,28.458333333333332,0.0,0.06503540860558923
ALTENOS-4100415M-866392068810237,NEW HOLLAND AG,TS6.120 ELITE,FWD 8X8 MS CABINA,4100415M-002051544,ALTENOS,ARANDAS,JALISCO,1035.13,0.0,3,1,2,2,,CERRADA,CERRADAFUERA,CERRADAFUERA,,,,,,20.8135085,-102.2674715,58.44,41.98,21,6.25,6.88,17.12,0.0,0.0,5.0,12.0,106.0,65.0,13.0,2.0,1.0,26.0,23.0,0.0,16.0,57.0,34.0,31.0,14.0,37.0,8.0,9.0,16.0,0.0,9.0,7.0,600.0,607.0,1036.0,2025-03-24 12:59:00,CERRADAFUERA,OTA0002595,Preventivo,7.0,1.1666666666666667,428.1300000000001,7.0,3.0,AGRICOLA,20.458333333333332,0.0,0,2.0,20.458333333333332,6.88,0.1174936434568668
DASSA - 4100417M,NEW HOLLAND AG,TS6.120 ELITE,FWD 8X8 MS CABINA,4100417M-002054402,DASSA,SALVADOR ALVARADO,SINALOA,1566.18,547.91,15,3,0,12,CERRADA,CERRADA,CERRADA,PENDIENTE,PENDIENTE,PENDIENTE,,,,25.2722063,-108.2463166,55.91,36.73,35,5.26,7.57,16.43,0.0,0.0,0.0,2.0,0.0,5.0,63.0,74.0,59.0,65.0,77.0,30.0,98.0,30.0,28.0,4.0,18.0,10.0,19.0,40.0,26.0,87.0,74.0,79.0,600.0,621.0,1566.0,2024-05-12 12:57:00,CERRADA,443,Preventivo,21.0,3.5000000000000004,945.1800000000001,21.0,5.0,AGRICOLA,37.0,3600.0,1,0.0,37.0,7.57,0.4777073441684175
MADISA-4100430M-866392068752918,NEW HOLLAND AG,TS6.120 ELITE,FWD 8X8 MS CABINA,4100430M-002046512,MADISAGRAL,TOTOLAC,TLAXCALA,725.4,257.63,3,1,1,2,CERRADA,PENDIENTE,CERRADAFUERA,,,,,,,19.4327376,-98.2373866,32.78,38.04,29,7.37,6.0,18.0,0.0,0.0,0.0,24.0,114.0,18.0,11.0,2.0,0.0,1.0,0.0,19.0,75.0,77.0,109.0,47.0,11.0,1.0,2.0,0.0,0.0,0.0,10.0,12.0,600.0,568.0,726.0,2025-04-22 10:13:00,CERRADAFUERA,NO APLICA,Preventivo,-32.0,5.333333333333334,157.39999999999998,0.0,4.0,AGRICOLA,22.208333333333332,300.0,0,314.0,22.208333333333332,6.0,0.0407606099879162
DASSA - 4100434M,NEW HOLLAND AG,TS6.120 ELITE,FWD 8X8 MS CABINA,4100434M-002050255,DASSA,SALVADOR ALVARADO,SINALOA,1263.97,22.41,5,3,0,2,CERRADA,CERRADA,CERRADA,PENDIENTE,PENDIENTE,,,,,25.1174745,-108.0061426,0.0,0.0,0,0.0,0.0,24.0,0.0,0.0,0.0,0.0,23.0,72.0,75.0,72.0,61.0,103.0,4.0,18.0,17.0,13.0,49.0,30.0,120.0,18.0,39.0,40.0,74.0,42.0,28.0,24.0,600.0,565.0,1263.0,2025-04-03 00:04:00,CERRADA,572,Preventivo,-35.0,5.833333333333333,698.97,0.0,4.0,AGRICOLA,38.416666666666664,2100.0,0,60.5,38.416666666666664,0.0,0.3315148888323233
866392067002208,NEW HOLLAND AG,TS6.120 ELITE,FWD 8X8 MS CABINA,4100456M-002049282,TEPSA,JUAN RODRIGUEZ CLARA,VERACRUZ DE IGNACIO DE LA LLAVE,1837.88,227.28,7,5,0,2,CERRADA,CERRADA,CERRADA,PENDIENTE,CERRADA,PENDIENTE,CERRADA,,,17.894594,-95.3539063,35.25,38.16,31,8.64,4.87,19.13,0.0,0.0,0.0,0.0,0.0,2.0,101.0,93.0,78.0,62.0,110.0,48.0,57.0,67.0,59.0,47.0,84.0,65.0,55.0,72.0,90.0,85.0,78.0,49.0,600.0,715.0,1838.0,2024-05-12 15:15:00,CERRADA,SMI AB/0466,Preventivo,115.0,19.166666666666668,1122.88,115.0,5.0,AGRICOLA,54.25,2400.0,1,0.0,54.25,4.87,0.5924520422450896
862407060166117,NEW HOLLAND AG,TS6.140,FWD 8X8 PS CABINA,4100468M-002092398,ARBSA,AMATEPEC,MEXICO,713.67,147.67,3,2,1,1,CERRADA,CERRADA,CERRADAFUERA,,,,,,,18.7259585,-100.2896348,0.0,0.0,0,0.0,0.0,24.0,0.0,0.0,0.0,0.0,0.0,0.0,33.0,0.0,1.0,49.0,76.0,37.0,52.0,46.0,44.0,0.0,0.0,59.0,75.0,0.0,0.0,0.0,3.0,0.0,600.0,647.0,713.0,2025-11-07 09:24:00,CERRADAFUERA,0,Preventivo,47.0,7.833333333333334,66.66999999999996,47.0,11.0,AGRICOLA,19.791666666666668,0.0,0,13.333333333333334,19.791666666666668,0.0,0.08992750589156603
866016064467169,NEW HOLLAND AG,TS6.120 ELITE,FWD 8X8 MS CABINA,4100490M-002107500,ALTENOS,SAN IGNACIO CERRO GORDO,JALISCO,1258.86,45.77,8,4,1,4,CERRADA,CERRADA,CERRADA,CERRADA,CERRADAFUERA,,,,,20.9140918,-102.5511255,91.14,3.16,8,0.46,11.37,12.63,0.0,0.0,0.0,0.0,0.0,93.0,5.0,17.0,3.0,38.0,35.0,22.0,104.0,123.0,66.0,67.0,59.0,86.0,37.0,1.0,2.0,62.0,46.0,22.0,600.0,568.0,1259.0,2025-02-25 16:42:00,CERRADA,OTS0003256,Preventivo,-32.0,5.333333333333334,690.8599999999999,0.0,2.0,AGRICOLA,37.0,0.0,0,0.0,37.0,11.37,0.31199997572434013
862407061485177,NEW HOLLAND AG,TS6.120 ELITE,FWD 8X8 MS CABINA,4100492M-002136024,MADISAGRAL,JUAN RODRIGUEZ CLARA,VERACRUZ DE IGNACIO DE LA LLAVE,2837.62,81.5,11,2,4,9,,CERRADA,CERRADA,PENDIENTE,CERRADAFUERA,CERRADAFUERA,CERRADAFUERA,CERRADAFUERA,PENDIENTE,18.2223771,-95.5024806,0.0,0.0,0,0.0,0.0,24.0,0.0,0.0,0.0,2.0,2.0,1.0,0.0,137.0,114.0,65.0,49.0,40.0,90.0,41.0,13.0,37.0,77.0,40.0,60.0,74.0,115.0,108.0,114.0,22.0,600.0,827.0,2837.0,2024-05-12 21:45:00,CERRADA,5510276,Preventivo,227.0,37.833333333333336,2010.62,227.0,5.0,AGRICOLA,50.041666666666664,3300.0,0,60.66666666666667,50.041666666666664,0.0,0.5208538502914049
862407061487108,NEW HOLLAND AG,TS6.140,FWD 16X8 PS CABINA,4100495M-002133024,TEPSA,ORIENTAL,PUEBLA,1440.33,12.25,7,6,0,1,CERRADA,CERRADA,CERRADA,CERRADA,CERRADA,,,,,19.284174,-97.5423775,0.1,0.02,0,1.98,0.71,23.29,0.0,0.0,0.0,0.0,0.0,0.0,14.0,36.0,67.0,53.0,60.0,60.0,25.0,44.0,59.0,37.0,90.0,88.0,58.0,63.0,44.0,86.0,75.0,68.0,600.0,623.0,1442.0,2025-05-27 16:58:00,CERRADA,SFP1893,Preventivo,23.0,3.833333333333333,817.3299999999999,23.0,5.0,AGRICOLA,42.791666666666664,0.0,0,7.666666666666667,42.791666666666664,0.71,0.32112773816336093
862407061470385,NEW HOLLAND AG,TS6.120 ELITE,FWD 8X8 MS CABINA,4100497M-002133022,MADISAGRAL,JUAN RODRIGUEZ CLARA,VERACRUZ DE IGNACIO DE LA LLAVE,1740.19,66.77,6,6,0,0,CERRADA,CERRADA,CERRADA,CERRADA,CERRADA,CERRADA,,,,17.8932395,-95.3470251,0.0,0.0,0,0.0,0.0,24.0,0.0,5.0,0.0,0.0,0.0,0.0,0.0,4.0,136.0,129.0,79.0,94.0,131.0,134.0,129.0,70.0,83.0,51.0,0.0,50.0,158.0,6.0,0.0,15.0,600.0,562.0,1740.0,2024-12-24 10:39:00,CERRADA,5510301 5510355,Preventivo,-38.0,6.333333333333334,1178.19,0.0,12.0,AGRICOLA,53.083333333333336,0.0,0,177.83333333333334,53.083333333333336,0.0,0.5013956746763517
862407061484477,NEW HOLLAND AG,TS6.120 ELITE,FWD 8X8 MS CABINA,4100501M-002052365,TEPSA,APIZACO,TLAXCALA,794.3,73.22,3,2,0,1,CERRADA,PENDIENTE,CERRADA,,,,,,,19.5174175,-98.255145,32.3,35.22,26,8.01,4.86,19.14,0.0,5.0,0.0,0.0,48.0,35.0,11.0,4.0,3.0,1.0,21.0,45.0,127.0,78.0,56.0,25.0,69.0,22.0,0.0,7.0,0.0,2.0,37.0,12.0,600.0,607.0,794.0,2025-05-27 15:06:00,CERRADA,SF19961,Preventivo,7.0,1.1666666666666667,187.29999999999995,7.0,5.0,AGRICOLA,25.333333333333332,300.0,0,50.0,25.333333333333332,4.86,0.0421534494621533
862407061548727,NEW HOLLAND AG,TS6.120 ELITE,FWD 8X8 MS CABINA,4100514M-002132149,MADISAGRAL,SAN JUAN BAUTISTA TUXTEPEC,OAXACA,1025.33,123.42,6,3,0,3,CERRADA,CERRADA,CERRADA,PENDIENTE,,,,,,18.317664,-96.1299083,106.71,45.44,14,4.47,10.46,13.54,0.0,5.0,0.0,0.0,0.0,0.0,0.0,0.0,1.0,2.0,14.0,96.0,109.0,110.0,91.0,112.0,102.0,3.0,0.0,7.0,0.0,0.0,71.0,81.0,600.0,560.0,1027.0,2025-04-24 13:54:00,CERRADA,5510537,Preventivo,-40.0,6.666666666666667,465.3299999999999,0.0,4.0,AGRICOLA,33.5,900.0,0,6.666666666666667,33.5,10.46,0.19731153979437102
862407061578609,NEW HOLLAND AG,TS6.120 ELITE,FWD 8X8 MS CABINA,4100517M-002150955,TEPSA,LA PERLA,VERACRUZ DE IGNACIO DE LA LLAVE,1041.4,83.36,4,3,0,1,CERRADA,CERRADA,CERRADA,PENDIENTE,,,,,,18.9411023,-97.2472031,0.0,0.0,0,0.0,0.0,24.0,0.0,0.0,0.0,0.0,0.0,0.0,0.0,0.0,0.0,74.0,17.0,74.0,113.0,23.0,70.0,69.0,88.0,89.0,34.0,36.0,37.0,27.0,22.0,63.0,600.0,562.0,1041.0,2025-05-27 18:20:00,CERRADA,SFP1936,Preventivo,-38.0,6.333333333333334,479.4000000000001,0.0,5.0,AGRICOLA,34.833333333333336,900.0,0,79.0,34.833333333333336,0.0,0.25747979611010724
862407062116821,NEW HOLLAND AG,TS6.140 ELITE,,4100531M-002146135,AGROCISAGRAL,OCOTLAN,JALISCO,1283.55,1188.46,3,2,1,1,CERRADAFUERA,CERRADA,CERRADA,,,,,,,20.5205006,-102.7120411,79.61,29.81,19,3.99,7.87,16.13,0.0,0.0,0.0,0.0,0.0,0.0,0.0,0.0,0.0,11.0,61.0,171.0,139.0,5.0,21.0,80.0,159.0,63.0,34.0,3.0,4.0,21.0,26.0,58.0,600.0,567.0,1283.0,2025-03-24 17:17:00,CERRADA,24625,Preventivo,-33.0,5.5,716.55,0.0,3.0,AGRICOLA,35.666666666666664,0.0,0,105.5,35.666666666666664,7.87,0.2755914846852559
862407061554071,NEW HOLLAND AG,TS6.140,2WD 8X8 MS CABINA,4100541M-002149874,AGROCISAGRAL,SAN IGNACIO CERRO GORDO,JALISCO,964.17,7.67,3,2,1,1,CERRADAFUERA,,CERRADA,CERRADA,,,,,,20.6807701,-102.5059921,0.0,0.0,0,0.0,0.07,23.93,0.0,0.0,0.0,0.0,0.0,0.0,0.0,0.0,0.0,45.0,86.0,0.0,0.0,18.0,57.0,15.0,75.0,79.0,5.0,0.0,38.0,156.0,0.0,3.0,600.0,560.0,964.0,2025-09-30 07:52:00,CERRADA,25069,Preventivo,-40.0,6.666666666666667,404.16999999999996,0.0,9.0,AGRICOLA,24.041666666666668,0.0,0,440.00000000000006,24.041666666666668,0.07,0.07067557517158864
862407061586164,NEW HOLLAND AG,TS6.120 ELITE,FWD 8X8 MS CABINA,4100547M-002055700,ALTENOS,LAGOS DE MORENO,JALISCO,1198.56,823.33,5,5,0,0,CERRADA,CERRADA,CERRADA,CERRADA,CERRADA,,,,,21.4692346,-101.9062175,0.0,0.0,0,0.0,0.0,24.0,0.0,0.0,0.0,0.0,0.0,0.0,0.0,0.0,0.0,37.0,24.0,2.0,2.0,17.0,22.0,34.0,129.0,97.0,65.0,9.0,109.0,171.0,38.0,11.0,600.0,603.0,1198.0,2025-07-16 13:53:00,CERRADA,VSS0003108,Preventivo,3.0,0.5,595.56,3.0,7.0,AGRICOLA,31.958333333333332,0.0,0,5.481481481481481,31.958333333333332,0.0,0.06503540860558923
862407062123322,NEW HOLLAND AG,TS6.120 ELITE,FWD 8X8 MS CABINA,4100556M-002156984,MADISAGRAL,SAN JUAN BAUTISTA TUXTEPEC,OAXACA,906.32,245.0,5,3,0,2,CERRADA,CERRADA,CERRADA,PENDIENTE,,,,,,18.4080675,-95.9176486,44.87,32.32,32,8.45,8.46,15.54,0.0,0.0,0.0,0.0,0.0,0.0,0.0,0.0,0.0,0.0,0.0,142.0,212.0,119.0,5.0,0.0,28.0,10.0,2.0,3.0,5.0,1.0,16.0,51.0,600.0,560.0,909.0,2025-02-25 18:21:00,CERRADA,5510394,Preventivo,-40.0,6.666666666666667,346.32000000000005,0.0,2.0,AGRICOLA,24.75,900.0,0,23.666666666666668,24.75,8.46,0.030609057307696908
862407061848374,NEW HOLLAND AG,TS6.120 ELITE,FWD 8X8 MS CABINA,4100563M-002156988,ALTENOS,ZAPOTLANEJO,JALISCO,878.03,107.59,26,5,0,21,CERRADA,CERRADA,CERRADA,CERRADA,,,,,,20.5982163,-103.0761381,14.4,4.69,18,3.34,4.75,19.25,0.0,0.0,0.0,0.0,0.0,0.0,0.0,0.0,0.0,0.0,0.0,0.0,41.0,63.0,29.0,28.0,82.0,76.0,0.0,0.0,4.0,33.0,39.0,27.0,600.0,679.0,878.0,2025-07-16 08:08:00,CERRADA,VSA0002138,Preventivo,79.0,13.166666666666666,199.02999999999997,79.0,7.0,AGRICOLA,17.583333333333332,0.0,0,0.0,17.583333333333332,4.75,0.0706682536443636
862407062862879,NEW HOLLAND AG,TS6.120 ELITE,FWD 8X8 MS CABINA,4100565M-002158763,AGROCISAGRAL,ARANDAS,JALISCO,1316.95,265.06,9,4,1,5,CERRADAFUERA,CERRADA,CERRADA,CERRADA,CERRADA,,,,,20.8048393,-102.3125351,80.71,23.84,14,3.02,8.73,15.28,0.0,0.0,0.0,0.0,0.0,0.0,0.0,0.0,0.0,0.0,0.0,85.0,144.0,86.0,85.0,88.0,59.0,74.0,34.0,23.0,84.0,72.0,78.0,112.0,600.0,628.0,1321.0,2025-05-27 08:32:00,CERRADA,24729,Preventivo,28.0,4.666666666666667,688.95,28.0,5.0,AGRICOLA,42.666666666666664,0.0,0,4.0,42.666666666666664,8.73,0.35208184215888766
862407062166297,NEW HOLLAND AG,TS6.120 ELITE,FWD 8X8 MS CABINA,4100592M-002149871,MADISAGRAL,TEZIUTLAN,PUEBLA,769.97,1.47,14,3,0,11,CERRADA,CERRADA,CERRADA,,,,,,,19.7931451,-97.2494063,76.05,11.88,12,1.64,10.0,14.0,0.0,0.0,0.0,0.0,0.0,0.0,0.0,0.0,0.0,0.0,0.0,0.0,43.0,83.0,165.0,132.0,47.0,68.0,64.0,19.0,16.0,14.0,15.0,45.0,600.0,564.0,771.0,2025-07-17 08:09:00,CERRADA,3003210,Preventivo,-36.0,6.0,205.97000000000003,0.0,7.0,AGRICOLA,29.625,0.0,0,9.5,29.625,10.0,0.07623747676864016
ARBSA - 5800556M,NEW HOLLAND AG,6810,4WD,5800556M-727334531,ARBSA,TEZONTEPEC DE ALDAMA,HIDALGO,657.38,215.12,3,1,2,2,CERRADA,CERRADAFUERA,CERRADAFUERA,,,,,,,20.2452613,-99.1468863,0.0,0.0,0,0.0,0.0,24.0,21.0,6.0,25.0,22.0,29.0,4.0,0.0,21.0,8.0,0.0,16.0,0.0,14.0,19.0,9.0,14.0,0.0,12.0,16.0,0.0,0.0,0.0,0.0,0.0,600.0,560.0,657.0,2025-01-31 17:36:00,CERRADAFUERA,0,Preventivo,-40.0,6.666666666666667,97.38,0.0,1.0,AGRICOLA,9.833333333333334,0.0,0,0.0,9.833333333333334,0.0,0.13556277165131644
ATC - 5800790M,NEW HOLLAND AG,6810,2WD,5800790M-727348217,ATC,JARAL DEL PROGRESO,GUANAJUATO,978.4,99.99,4,0,4,4,CERRADAFUERA,CERRADAFUERA,CERRADAFUERA,CERRADAFUERA,,,,,,20.3370395,-101.0375205,0.0,0.0,0,0.0,0.0,24.0,16.0,1.0,1.0,12.0,108.0,15.0,2.0,5.0,10.0,65.0,94.0,89.0,136.0,15.0,16.0,76.0,103.0,37.0,27.0,1.0,0.0,0.0,0.0,0.0,600.0,600.0,978.0,2024-12-26 07:17:00,CERRADAFUERA,,Preventivo,0.0,0.0,378.4,0.0,12.0,AGRICOLA,34.541666666666664,0.0,0,0.0,34.541666666666664,0.0,0.4135772158411345
AGROEQUIPOS - 5800873M,NEW HOLLAND AG,6810,4WD,5800873M-727352448,AGROEQUIPOS,VILLA COMALTITLAN,CHIAPAS,1036.92,34.2,4,3,0,1,CERRADA,CERRADA,CERRADA,PENDIENTE,,,,,,15.0707826,-92.4660918,0.0,0.0,0,0.0,0.0,24.0,69.0,27.0,35.0,78.0,16.0,24.0,0.0,4.0,2.0,6.0,5.0,127.0,19.0,54.0,14.0,32.0,46.0,8.0,24.0,6.0,0.0,5.0,91.0,25.0,600.0,600.0,1037.0,2024-12-31 00:40:00,CERRADA,OS-13984,Preventivo,0.0,0.0,436.9200000000001,0.0,12.0,AGRICOLA,29.875,900.0,0,10.333333333333334,29.875,0.0,0.05912054354210951
ARBSA - 5800926M,NEW HOLLAND AG,6810,2WD,5800926M-727354580,ARBSA,SAN JUAN DEL RIO,QUERETARO,1728.64,27.14,6,1,5,5,CERRADA,CERRADAFUERA,CERRADAFUERA,CERRADAFUERA,CERRADAFUERA,CERRADAFUERA,,,,20.4735176,-99.9994965,56.74,35.07,31,6.98,5.23,18.77,94.0,43.0,2.0,38.0,119.0,41.0,36.0,48.0,34.0,75.0,30.0,53.0,113.0,83.0,43.0,59.0,77.0,33.0,27.0,1.0,21.0,14.0,5.0,17.0,600.0,574.0,1728.0,2024-06-17 12:01:00,CERRADAFUERA,0,Preventivo,-26.0,4.333333333333334,1154.64,0.0,6.0,AGRICOLA,46.083333333333336,0.0,0,54.22222222222222,46.083333333333336,5.23,0.40512232411225246
ALTENOS - 5800935M,NEW HOLLAND AG,6810,4WD,5800935M-727354903,ALTENOS,SAN JUAN DE LOS LAGOS,JALISCO,1491.51,15.36,6,5,1,1,CERRADA,CERRADA,CERRADA,CERRADA,CERRADA,CERRADAFUERA,,,,21.1240978,-102.5372043,96.92,23.86,20,2.73,9.14,14.86,54.0,43.0,45.0,40.0,60.0,98.0,43.0,0.0,1.0,52.0,32.0,13.0,67.0,18.0,7.0,34.0,72.0,200.0,3.0,2.0,29.0,32.0,45.0,39.0,600.0,560.0,1494.0,2024-10-04 21:52:00,CERRADA,OTS0000869,Preventivo,-40.0,6.666666666666667,931.51,0.0,10.0,AGRICOLA,42.875,0.0,0,2.3333333333333335,42.875,9.14,0.4175406012472563
MADISA - 5801010M,NEW HOLLAND AG,6810,4WD,5801010M-727358614,MADISAGRAL,ACATLAN DE PEREZ FIGUEROA,OAXACA,1082.73,1.32,4,0,2,4,PENDIENTE,PENDIENTE,CERRADAFUERA,CERRADAFUERA,,,,,,18.5959721,-96.4460465,104.02,2.05,8,0.86,13.72,10.28,93.0,49.0,0.0,0.0,1.0,0.0,0.0,1.0,0.0,1.0,22.0,87.0,152.0,135.0,94.0,152.0,8.0,0.0,0.0,0.0,1.0,0.0,1.0,51.0,600.0,560.0,1084.0,2025-11-01 17:02:00,CERRADAFUERA,NO APLICA,Preventivo,-40.0,6.666666666666667,522.73,0.0,11.0,AGRICOLA,35.333333333333336,350.0,0,0.7777777777777778,35.333333333333336,13.72,0.31129922241972646
AGROCISA - 5801028M,NEW HOLLAND AG,6810,4WD,5801028M-727360493,AGROCISAGRAL,ATOTONILCO EL ALTO,JALISCO,877.92,23.03,38,0,3,38,CERRADAFUERA,CERRADAFUERA,CERRADAFUERA,PORVENCER,,,,,,20.583722,-102.5539325,0.0,0.0,0,0.0,0.0,24.0,0.0,0.0,0.0,2.0,0.0,9.0,19.0,22.0,35.0,49.0,69.0,13.0,50.0,11.0,63.0,41.0,63.0,74.0,133.0,164.0,88.0,229.0,145.0,36.0,600.0,597.0,877.0,2025-08-21 10:45:00,CERRADAFUERA,0,Preventivo,-3.0,0.5,280.91999999999996,0.0,8.0,AGRICOLA,54.791666666666664,900.0,0,56.666666666666664,54.791666666666664,0.0,0.5665464766991348
ATN - 5801032M-727361994,NEW HOLLAND AG,6810,4WD,5801032M-727361994,ATN,VICENTE GUERRERO,DURANGO,2007.82,17.79,7,1,6,6,CERRADA,CERRADAFUERA,CERRADAFUERA,CERRADAFUERA,CERRADAFUERA,CERRADAFUERA,CERRADAFUERA,,,23.7702018,-104.0288021,0.0,22.33,10,3.88,6.67,17.33,55.0,7.0,0.0,0.0,0.0,66.0,0.0,0.0,0.0,0.0,0.0,0.0,0.0,0.0,0.0,0.0,0.0,0.0,0.0,0.0,0.0,0.0,0.0,0.0,600.0,562.0,2008.0,2024-07-03 00:27:00,CERRADAFUERA,,Preventivo,-38.0,6.333333333333334,1445.82,0.0,7.0,AGRICOLA,5.333333333333333,0.0,0,2.111111111111111,5.333333333333333,6.67,0.09088261557105996
ALTENOS - 5801049M,NEW HOLLAND AG,6810,4WD,5801049M-727360492,ALTENOS,AGUASCALIENTES,AGUASCALIENTES,1064.02,5.6,4,2,2,2,CERRADA,CERRADA,CERRADAFUERA,CERRADAFUERA,,,,,,21.6757205,-102.1377583,0.0,0.0,0,0.0,0.0,24.0,26.0,47.0,4.0,33.0,18.0,18.0,10.0,21.0,44.0,66.0,6.0,1.0,70.0,25.0,27.0,56.0,67.0,8.0,28.0,1.0,0.0,24.0,0.0,0.0,600.0,651.0,1064.0,2024-05-12 10:18:00,CERRADAFUERA,CFD,Preventivo,51.0,8.5,413.02,51.0,5.0,AGRICOLA,25.0,0.0,0,10.333333333333334,25.0,0.0,0.05912054354210951
TEPSA - 5801059M,NEW HOLLAND AG,6810,2WD,5801059M-727347084,TEPSA,PALMAR DE BRAVO,PUEBLA,1188.27,11.34,5,3,0,2,CERRADA,CERRADA,CERRADA,PENDIENTE,PORVENCER,,,,,18.8342656,-97.5749878,0.0,0.0,0,0.0,0.0,24.0,18.0,17.0,26.0,43.0,3.0,35.0,44.0,30.0,42.0,27.0,9.0,21.0,53.0,52.0,9.0,40.0,15.0,41.0,46.0,3.0,36.0,25.0,16.0,3.0,600.0,600.0,1188.0,2024-04-10 20:36:00,CERRADA,SFPT1875/058*,Preventivo,0.0,0.0,588.27,0.0,4.0,AGRICOLA,27.25,2100.0,0,0.33333333333333337,27.25,0.0,0.18430127309029753
ATC - 5801106M,NEW HOLLAND AG,7810,4WD,5801106M-728375858,ATC,CHALCHIHUITES,ZACATECAS,1511.89,8.5,6,4,1,2,CERRADA,CERRADA,CERRADA,CERRADA,CERRADAFUERA,PENDIENTE,,,,23.7217135,-103.5492678,0.0,0.0,0,0.0,0.0,24.0,9.0,43.0,0.0,0.0,0.0,13.0,36.0,37.0,7.0,1.0,7.0,4.0,1.0,14.0,2.0,6.0,0.0,4.0,3.0,29.0,0.0,20.0,34.0,8.0,600.0,563.0,1512.0,2024-12-02 12:59:00,CERRADA,926627,Preventivo,-37.0,6.166666666666667,948.8900000000001,0.0,12.0,AGRICOLA,11.583333333333334,1500.0,0,3.7777777777777777,11.583333333333334,0.0,0.08488450845485945
AGROCISA - 5801113M,NEW HOLLAND AG,6810,4WD,5801113M-727347242,AGROCISAGRAL,VALLE DE SANTIAGO,GUANAJUATO,1028.46,1.79,4,2,2,2,CERRADA,CERRADAFUERA,CERRADAFUERA,CERRADA,,,,,,20.4175676,-101.4331668,0.0,0.0,0,0.0,0.0,24.0,11.0,25.0,19.0,30.0,38.0,57.0,24.0,19.0,10.0,9.0,61.0,70.0,19.0,11.0,4.0,19.0,55.0,63.0,13.0,11.0,34.0,26.0,62.0,66.0,600.0,566.0,1028.0,2024-12-19 11:18:00,CERRADAFUERA,0,Preventivo,-34.0,5.666666666666666,462.46000000000004,0.0,12.0,AGRICOLA,31.5,0.0,0,13.333333333333334,31.5,0.0,0.06562805988357999
AGROCISA - 5801115M,NEW HOLLAND AG,6810,4WD,5801115M-727348227,AGROCISAGRAL,ZACAPU,MICHOACAN DE OCAMPO,1255.23,69.32,23,4,2,19,CERRADA,CERRADA,CERRADAFUERA,CERRADAFUERA,CERRADA,,,,,20.009466,-101.7235091,15.58,9.05,20,4.05,2.5,21.5,0.0,49.0,84.0,104.0,194.0,96.0,41.0,27.0,0.0,10.0,12.0,0.0,46.0,0.0,25.0,56.0,168.0,1.0,1.0,0.0,0.0,1.0,60.0,48.0,600.0,560.0,1256.0,2024-10-06 12:39:00,CERRADAFUERA,0,Preventivo,-40.0,6.666666666666667,695.23,0.0,10.0,AGRICOLA,42.625,0.0,0,7.666666666666667,42.625,2.5,0.25032589580774056
ARBSA - 5801164M,NEW HOLLAND AG,6810,2WD,5801164M-727350027,ARBSA,EZEQUIEL MONTES,QUERETARO,974.22,0.45,5,5,0,0,CERRADA,CERRADA,CERRADA,CERRADA,,,,,,20.6986508,-99.9354465,13.18,1.39,10,1.09,2.96,21.04,48.0,33.0,32.0,25.0,31.0,42.0,42.0,32.0,29.0,27.0,23.0,22.0,34.0,3.0,29.0,60.0,58.0,38.0,10.0,28.0,42.0,37.0,38.0,46.0,600.0,584.0,974.0,2024-04-10 19:07:00,CERRADA,28967,Preventivo,-16.0,2.666666666666667,390.22,0.0,4.0,AGRICOLA,33.708333333333336,0.0,1,32.666666666666664,33.708333333333336,2.96,0.166631607551582
ARBSA - 5801169M,NEW HOLLAND AG,6810,4WD,5801169M-727349837,ARBSA,SAN JUAN DEL RIO,QUERETARO,2041.29,0.0,7,2,5,5,CERRADA,CERRADA,CERRADAFUERA,CERRADAFUERA,CERRADAFUERA,CERRADAFUERA,CERRADAFUERA,,,20.432314,-100.0282966,0.0,0.0,0,0.0,0.0,24.0,126.0,101.0,54.0,66.0,114.0,49.0,66.0,59.0,52.0,87.0,63.0,68.0,141.0,95.0,0.0,0.0,0.0,0.0,0.0,0.0,0.0,0.0,2.0,25.0,600.0,600.0,2041.0,2024-01-15 14:51:00,CERRADAFUERA,0,Preventivo,0.0,0.0,1441.29,0.0,1.0,AGRICOLA,48.666666666666664,0.0,1,3.5555555555555554,48.666666666666664,0.0,0.6869982241982328
MADISA - 5801186M,NEW HOLLAND AG,6810,2WD,5801186M-727350024,MADISAGRAL,ATITALAQUIA,HIDALGO,1066.2,0.0,4,3,1,1,CERRADA,CERRADA,CERRADA,CERRADAFUERA,,,,,,20.0738788,-99.1884631,0.0,0.0,0,0.0,0.0,24.0,14.0,12.0,23.0,73.0,92.0,9.0,1.0,9.0,2.0,1.0,35.0,73.0,24.0,0.0,25.0,37.0,83.0,92.0,8.0,2.0,0.0,0.0,11.0,34.0,600.0,650.0,1066.0,2024-05-12 07:06:00,CERRADA,4813585,Preventivo,50.0,8.333333333333332,416.20000000000005,50.0,5.0,AGRICOLA,27.5,0.0,0,7.000000000000001,27.5,0.0,0.06503540860558923
ALTENOS - 5801196M,NEW HOLLAND AG,7810,4WD,5801196M-728351896,ALTENOS,ZAPOTLANEJO,JALISCO,666.04,23.99,51,1,2,50,CERRADA,CERRADAFUERA,CERRADAFUERA,,,,,,,20.6634471,-103.1199546,0.0,0.0,0,0.0,0.0,24.0,1.0,1.0,13.0,28.0,15.0,40.0,37.0,5.0,3.0,3.0,22.0,46.0,38.0,34.0,11.0,46.0,30.0,47.0,1.0,2.0,4.0,1.0,0.0,11.0,600.0,608.0,666.0,2025-11-07 09:29:00,CERRADAFUERA,CFD,Preventivo,8.0,1.3333333333333335,58.039999999999964,8.0,11.0,AGRICOLA,18.291666666666668,0.0,0,7.5,18.291666666666668,0.0,0.08933485461357529
ALTENOS - 5801284M,NEW HOLLAND AG,7810,4WD,5801284M-728358984,ALTENOS,SAN JUAN DE LOS LAGOS,JALISCO,618.53,0.0,3,1,2,2,CERRADA,CERRADAFUERA,CERRADAFUERA,,,,,,,21.2913358,-102.5241456,0.0,0.0,0,0.0,0.0,24.0,1.0,1.0,3.0,12.0,14.0,75.0,6.0,11.0,0.0,76.0,2.0,1.0,8.0,6.0,0.0,1.0,14.0,27.0,4.0,14.0,0.0,13.0,3.0,0.0,600.0,574.0,618.0,2025-07-20 09:20:00,CERRADAFUERA,CFD,Preventivo,-26.0,4.333333333333334,44.52999999999997,0.0,7.0,AGRICOLA,12.166666666666666,0.0,0,13.333333333333334,12.166666666666666,0.0,0.09022843176673673
ATC - 5801302M,NEW HOLLAND AG,7810,4WD,5801302M-728359325,ATC,ACATZINGO,PUEBLA,1563.49,52.82,32,1,4,31,CERRADA,CERRADAFUERA,CERRADAFUERA,CERRADAFUERA,CERRADAFUERA,PENDIENTE,,,,19.1089506,-99.6622106,0.0,0.0,0,0.0,0.0,24.0,0.0,4.0,20.0,65.0,39.0,86.0,44.0,34.0,37.0,66.0,73.0,37.0,2.0,109.0,29.0,39.0,90.0,92.0,63.0,23.0,44.0,49.0,44.0,55.0,600.0,600.0,1563.0,2024-05-12 12:51:00,CERRADAFUERA,,Preventivo,0.0,0.0,963.49,0.0,5.0,AGRICOLA,47.666666666666664,1500.0,0,0.0,47.666666666666664,0.0,0.6368753726484243
ALTENOS - 5801307M,NEW HOLLAND AG,6810,4WD,5801307M-727387743,ALTENOS,SAN JUAN DE LOS LAGOS,JALISCO,1415.04,0.28,5,3,2,2,CERRADA,CERRADA,CERRADA,CERRADAFUERA,CERRADAFUERA,,,,,21.1958488,-102.2807015,26.96,1.72,7,0.72,6.61,17.39,8.0,6.0,6.0,21.0,40.0,16.0,12.0,14.0,34.0,121.0,2.0,65.0,103.0,110.0,72.0,91.0,80.0,62.0,35.0,13.0,35.0,72.0,110.0,81.0,600.0,562.0,1427.0,2024-12-30 23:41:00,CERRADA,OTS0002922,Preventivo,-38.0,6.333333333333334,853.04,0.0,12.0,AGRICOLA,50.375,0.0,0,210.99999999999997,50.375,6.61,0.4589183640021928
ENAGRI - 5801311M,NEW HOLLAND AG,6810,4WD,5801311M-727389457,ENAGRI,MAZATLAN,SINALOA,1320.2,14.19,3,2,0,1,,,CERRADA,CERRADA,PENDIENTE,,,,,23.2554281,-106.2579468,0.0,0.0,0,0.0,0.0,24.0,75.0,41.0,21.0,19.0,43.0,59.0,19.0,24.0,64.0,21.0,0.0,15.0,17.0,31.0,7.0,0.0,0.0,0.0,0.0,0.0,0.0,0.0,0.0,0.0,600.0,723.0,1320.0,2024-06-18 10:48:00,CERRADA,ER11824,Preventivo,123.0,20.5,597.2,123.0,6.0,AGRICOLA,19.0,1200.0,0,11.555555555555555,19.0,0.0,0.08341998955009558
ALTENOS - 5801318M,NEW HOLLAND AG,7810,4WD,5801318M-728359323,ALTENOS,SAN JUAN DE LOS LAGOS,JALISCO,1448.63,22.15,3,2,1,1,,,CERRADA,CERRADA,CERRADAFUERA,,,,,21.4133013,-102.2572245,0.0,0.0,0,0.0,0.0,24.0,48.0,15.0,16.0,90.0,55.0,96.0,65.0,0.0,8.0,25.0,10.0,0.0,46.0,44.0,6.0,16.0,14.0,76.0,40.0,0.0,0.0,23.0,26.0,14.0,600.0,673.0,1448.0,2024-06-18 21:17:00,CERRADA,OTS0002209,Preventivo,73.0,12.166666666666668,775.6300000000001,73.0,6.0,AGRICOLA,30.541666666666668,0.0,0,3.4444444444444446,30.541666666666668,0.0,0.135411470599349
AGROCISA - 5801319M,NEW HOLLAND AG,7810,4WD,5801319M-728361824,AGROCISAGRAL,VALLE DE SANTIAGO,GUANAJUATO,954.88,31.39,3,0,3,3,,CERRADAFUERA,CERRADAFUERA,CERRADAFUERA,,,,,,20.36843,-101.445295,1.08,0.21,5,1.1,0.21,23.79,8.0,6.0,45.0,40.0,37.0,11.0,0.0,0.0,0.0,5.0,94.0,52.0,5.0,0.0,17.0,0.0,25.0,0.0,0.0,0.0,22.0,19.0,72.0,54.0,600.0,573.0,954.0,2024-12-16 09:50:00,CERRADAFUERA,0,Preventivo,-27.0,4.5,381.88,0.0,12.0,AGRICOLA,21.333333333333332,0.0,0,40.0,21.333333333333332,0.21,0.04940578896723401
TRACTIESA - 5801322M,NEW HOLLAND AG,6810,4WD,5801322M-727366889,TRACTIESA,SAN JOSE ITURBIDE,GUANAJUATO,858.74,50.47,2,0,2,2,,CERRADAFUERA,CERRADAFUERA,,,,,,,20.8693753,-100.4413223,0.0,0.0,0,0.0,0.0,24.0,1.0,36.0,57.0,126.0,69.0,109.0,84.0,58.0,0.0,0.0,0.0,0.0,0.0,0.0,0.0,0.0,0.0,0.0,0.0,0.0,0.0,0.0,0.0,0.0,600.0,576.0,858.0,2024-06-30 19:32:00,CERRADAFUERA,CERRADA POR FUERA,Preventivo,-24.0,4.0,282.74,0.0,6.0,AGRICOLA,22.5,0.0,0,63.66666666666667,22.5,0.0,0.0689936350762742
TRACTIESA - 5801331M,NEW HOLLAND AG,6810,4WD,5801331M-727367101,TRACTIESA,QUERENDARO,MICHOACAN DE OCAMPO,775.13,4.88,2,2,0,0,,CERRADA,CERRADA,,,,,,,19.8113725,-101.0274738,12.14,8.95,17,8.94,1.44,22.56,28.0,24.0,27.0,29.0,48.0,20.0,14.0,15.0,9.0,17.0,19.0,31.0,73.0,23.0,8.0,22.0,51.0,11.0,17.0,0.0,6.0,15.0,16.0,25.0,600.0,612.0,775.0,2025-05-27 15:44:00,CERRADA,MOR-4927,Preventivo,12.0,2.0,163.13,12.0,5.0,AGRICOLA,22.833333333333332,0.0,0,6.0,22.833333333333332,1.44,0.028831612930085328
ENAGRI - 5801334M,NEW HOLLAND AG,6810,4WD,5801334M-727366587,ENAGRI,SAN BLAS,NAYARIT,1735.41,0.0,4,3,0,1,,,CERRADA,CERRADA,CERRADA,PENDIENTE,,,,21.6665895,-105.2201808,0.38,0.86,9,2.19,2.14,21.87,15.0,1.0,85.0,10.0,18.0,33.0,48.0,16.0,53.0,13.0,52.0,23.0,54.0,20.0,15.0,8.0,35.0,28.0,65.0,1.0,5.0,117.0,111.0,55.0,600.0,856.0,1736.0,2024-06-18 20:34:00,CERRADA,123456,Preventivo,256.0,42.66666666666667,879.4100000000001,256.0,6.0,AGRICOLA,36.708333333333336,1500.0,0,0.6666666666666667,36.708333333333336,2.14,0.2590901460270242
ALTENOS - 5801340M,NEW HOLLAND AG,7810,4WD,5801340M-728361828,ALTENOS,SAN JUAN DE LOS LAGOS,JALISCO,1309.24,9.91,4,1,3,3,,CERRADA,CERRADAFUERA,CERRADAFUERA,CERRADAFUERA,,,,,21.1708906,-102.32908,0.0,0.0,0,0.0,0.0,24.0,45.0,43.0,93.0,52.0,17.0,75.0,69.0,5.0,8.0,76.0,75.0,66.0,39.0,66.0,88.0,68.0,57.0,128.0,17.0,1.0,45.0,1.0,0.0,1.0,600.0,568.0,1309.0,2024-06-24 03:19:00,CERRADAFUERA,CFD,Preventivo,-32.0,5.333333333333334,741.24,0.0,6.0,AGRICOLA,47.291666666666664,0.0,0,43.55555555555556,47.291666666666664,0.0,0.5701405550269311
ALTENOS-5801344M-866392061546713,NEW HOLLAND AG,7810,4WD,5801344M-728361826,ALTENOS,PURISIMA DEL RINCON,GUANAJUATO,856.09,185.99,3,2,1,1,CERRADA,CERRADA,CERRADAFUERA,,,,,,,20.9375475,-102.1134901,29.34,10.29,13,2.89,3.72,20.28,25.0,14.0,32.0,13.0,0.0,61.0,6.0,1.0,3.0,43.0,45.0,13.0,55.0,56.0,30.0,8.0,5.0,35.0,8.0,0.0,2.0,7.0,31.0,6.0,600.0,564.0,858.0,2025-03-24 14:15:00,CERRADAFUERA,CFD,Preventivo,-36.0,6.0,292.09000000000003,0.0,3.0,AGRICOLA,20.791666666666668,0.0,0,168.0,20.791666666666668,3.72,0.038479775279005854
ALTENOS - 5801346M,NEW HOLLAND AG,7810,4WD,5801346M-728361821,ALTENOS,SAN FRANCISCO DEL RINCON,GUANAJUATO,691.92,22.96,2,1,1,1,,CERRADA,CERRADAFUERA,,,,,,,21.0111335,-101.8109253,19.05,10.65,14,3.83,3.35,20.65,21.0,1.0,8.0,64.0,55.0,4.0,13.0,10.0,6.0,7.0,33.0,55.0,6.0,4.0,6.0,55.0,74.0,2.0,4.0,0.0,0.0,5.0,17.0,49.0,600.0,560.0,691.0,2025-04-23 15:29:00,CERRADAFUERA,CFD,Preventivo,-40.0,6.666666666666667,131.91999999999996,0.0,4.0,AGRICOLA,20.791666666666668,0.0,0,1.6666666666666667,20.791666666666668,3.35,0.10892016432252191
ALTEï¿½OS - 5801354M,NEW HOLLAND AG,7810,4WD,5801354M-728371540,ALTENOS,PURISIMA DEL RINCON,GUANAJUATO,1732.19,18.15,4,0,4,4,,,CERRADAFUERA,CERRADAFUERA,CERRADAFUERA,CERRADAFUERA,,,,20.8458916,-101.7460858,0.0,0.0,0,0.0,0.0,24.0,78.0,64.0,35.0,74.0,53.0,1.0,71.0,96.0,76.0,40.0,45.0,0.0,22.0,22.0,97.0,70.0,61.0,42.0,33.0,13.0,0.0,0.0,2.0,0.0,600.0,781.0,1732.0,2024-06-18 21:30:00,CERRADAFUERA,pcp,Preventivo,181.0,30.166666666666668,951.19,181.0,6.0,AGRICOLA,41.458333333333336,0.0,0,1.916666666666667,41.458333333333336,0.0,0.46942462544238545
ARBSA - 5801370M,NEW HOLLAND AG,6810,2WD,5801370M-727367681,ARBSA,NAVOJOA,SONORA,1169.44,39.7,5,4,0,1,CERRADA,CERRADA,CERRADA,PENDIENTE,CERRADA,,,,,26.9961603,-109.5941151,0.0,0.0,0,0.0,0.0,24.0,1.0,0.0,0.0,0.0,0.0,0.0,0.0,0.0,83.0,87.0,0.0,29.0,53.0,87.0,158.0,10.0,3.0,6.0,0.0,52.0,169.0,77.0,0.0,50.0,600.0,582.0,1169.0,2025-03-24 12:33:00,CERRADA,257613,Preventivo,-18.0,3.0,587.44,0.0,3.0,AGRICOLA,36.041666666666664,900.0,0,68.66666666666667,36.041666666666664,0.0,0.3045288875052975
MADISA-866392068843154,NEW HOLLAND AG,6810,2WD,5801376M-727367624,MADISAGRAL,SANTIAGO DE ANAYA,HIDALGO,1323.89,0.16,5,3,0,2,CERRADA,CERRADA,CERRADA,PENDIENTE,PENDIENTE,,,,,20.2967351,-99.0219915,50.5,28.5,24,5.83,6.58,17.42,0.0,0.0,0.0,0.0,4.0,71.0,89.0,71.0,51.0,86.0,62.0,51.0,116.0,68.0,77.0,47.0,47.0,22.0,32.0,31.0,37.0,16.0,33.0,16.0,600.0,606.0,1325.0,2024-05-12 10:36:00,CERRADA,4814192 4814263,Preventivo,6.0,1.0,717.8900000000001,6.0,5.0,AGRICOLA,42.791666666666664,2100.0,1,29.333333333333332,42.791666666666664,6.58,0.5319863075935874
MADISA-866392065090676,NEW HOLLAND AG,6810,2WD,5801392M-727370269,MADISAGRAL,JIMENEZ,CHIHUAHUA,795.1,10.64,3,0,3,3,CERRADAFUERA,CERRADAFUERA,CERRADAFUERA,,,,,,,27.0556741,-104.960544,59.94,4.68,8,0.58,8.28,15.72,0.0,0.0,0.0,21.0,30.0,5.0,6.0,12.0,17.0,9.0,29.0,53.0,30.0,0.0,17.0,71.0,8.0,16.0,45.0,45.0,57.0,39.0,38.0,45.0,600.0,560.0,796.0,2025-10-09 09:58:00,CERRADAFUERA,NO APLICA,Preventivo,-40.0,6.666666666666667,235.10000000000002,0.0,10.0,AGRICOLA,24.708333333333332,0.0,0,23.333333333333336,24.708333333333332,8.28,0.030609057307696908
TRACTIESA-866392068843436,NEW HOLLAND AG,6810,2WD,5801402M-727376330,TRACTIESA,IXTLAHUACA,MEXICO,1102.56,2.38,4,2,0,2,CERRADA,PENDIENTE,CERRADA,PENDIENTE,,,,,,19.4855235,-99.6976591,15.09,1.5,6,0.83,2.18,21.82,2.0,2.0,2.0,1.0,30.0,39.0,43.0,34.0,32.0,47.0,35.0,34.0,40.0,49.0,67.0,79.0,60.0,49.0,32.0,33.0,49.0,42.0,43.0,54.0,600.0,589.0,1104.0,2025-04-22 09:45:00,CERRADA,PPUB-TOL-5525,Preventivo,-11.0,1.8333333333333333,513.56,0.0,4.0,AGRICOLA,37.416666666666664,1200.0,0,60.0,37.416666666666664,2.18,0.24485789601518435
MADISA-866392068778343,NEW HOLLAND AG,6810,2WD,5801409M-727371896,MADISAGRAL,EL ARENAL,HIDALGO,677.14,22.78,3,1,1,2,CERRADA,PENDIENTE,CERRADAFUERA,,,,,,,20.2137966,-99.005472,0.04,0.01,4,3.92,3.51,20.49,53.0,13.0,46.0,4.0,13.0,17.0,18.0,43.0,1.0,9.0,10.0,1.0,7.0,11.0,36.0,80.0,29.0,3.0,47.0,15.0,11.0,11.0,13.0,17.0,600.0,560.0,677.0,2025-07-24 12:16:00,CERRADAFUERA,NO APLICA,Preventivo,-40.0,6.666666666666667,117.13999999999999,0.0,7.0,AGRICOLA,21.166666666666668,300.0,0,409.99999999999994,21.166666666666668,3.51,0.04108683213471163
ATS - 5801411M,NEW HOLLAND AG,6810,4WD,5801411M-727371539,ATS,ACATLAN DE PEREZ FIGUEROA,OAXACA,2064.19,36.1,6,1,3,5,,,CERRADA,CERRADAFUERA,CERRADAFUERA,CERRADAFUERA,PENDIENTE,PORVENCER,,18.5352365,-96.5215108,96.67,42.4,30,4.39,11.82,12.18,83.0,118.0,110.0,23.0,39.0,35.0,13.0,43.0,20.0,84.0,73.0,98.0,113.0,84.0,100.0,55.0,63.0,49.0,18.0,17.0,12.0,16.0,63.0,36.0,600.0,699.0,2065.0,2024-06-18 20:32:00,CERRADA,15413,Preventivo,99.0,16.5,1365.19,99.0,6.0,AGRICOLA,56.875,3900.0,0,23.444444444444446,56.875,11.82,0.33632890990943876
MADISA-866392066989207,NEW HOLLAND AG,6810,2WD,5801420M-727378053,MADISAGRAL,SANTIAGO DE ANAYA,HIDALGO,1231.76,49.72,5,2,2,3,CERRADA,CERRADA,CERRADAFUERA,CERRADAFUERA,PENDIENTE,,,,,20.3959745,-99.0920388,35.79,8.61,11,1.88,4.66,19.34,20.0,20.0,24.0,21.0,8.0,8.0,28.0,41.0,45.0,35.0,47.0,45.0,47.0,36.0,79.0,63.0,88.0,51.0,37.0,27.0,50.0,67.0,40.0,24.0,600.0,560.0,1233.0,2025-02-13 11:45:00,CERRADAFUERA,NO APLICA,Preventivo,-40.0,6.666666666666667,671.76,0.0,2.0,AGRICOLA,39.625,1200.0,0,101.33333333333333,39.625,4.66,0.23854008826857953
ALTENOS - 5801421M,NEW HOLLAND AG,6810,4WD,5801421M-727375069,ALTENOS,SAN JUAN DE LOS LAGOS,JALISCO,592.1,2.69,3,3,0,0,CERRADA,CERRADA,CERRADA,,,,,,,21.104092,-102.5383305,0.0,0.0,0,0.0,0.0,24.0,38.0,0.0,0.0,26.0,21.0,22.0,7.0,0.0,13.0,71.0,15.0,17.0,15.0,13.0,20.0,14.0,17.0,33.0,15.0,5.0,1.0,47.0,10.0,10.0,600.0,561.0,592.0,2025-12-11 14:52:00,CERRADA,OTS0003438,Preventivo,-39.0,6.5,31.100000000000023,0.0,12.0,AGRICOLA,17.916666666666668,0.0,0,126.33333333333333,17.916666666666668,0.0,0.09630322425812823
866392068743511,NEW HOLLAND AG,6810,2WD,5801433M-727378051,ALTENOS,IRAPUATO,GUANAJUATO,853.85,11.28,7,3,0,4,CERRADA,CERRADA,CERRADA,,,,,,,20.7120526,-101.4383196,5.76,4.13,15,7.63,0.6,23.4,0.0,0.0,0.0,0.0,0.0,35.0,44.0,42.0,16.0,26.0,45.0,27.0,14.0,27.0,55.0,76.0,64.0,87.0,16.0,14.0,17.0,21.0,26.0,27.0,600.0,574.0,853.0,2025-01-06 09:32:00,CERRADA,OTS0003621,Preventivo,-26.0,4.333333333333334,279.85,0.0,1.0,AGRICOLA,28.291666666666668,0.0,0,0.8333333333333334,28.291666666666668,0.6,0.09507480427242383
866392066954888,NEW HOLLAND AG,6810,2WD,5801437M-727385488,TEPSA,SAN NICOLAS BUENOS AIRES,PUEBLA,711.15,8.76,3,2,1,1,CERRADAFUERA,CERRADA,CERRADA,,,,,,,19.1597076,-97.5484681,0.0,0.0,0,0.0,0.0,24.0,0.0,0.0,0.0,0.0,0.0,0.0,0.0,0.0,0.0,37.0,13.0,16.0,45.0,54.0,41.0,37.0,59.0,51.0,50.0,37.0,39.0,19.0,4.0,18.0,600.0,560.0,711.0,2025-06-09 11:58:00,CERRADA,SMI M1008,Preventivo,-40.0,6.666666666666667,151.14999999999998,0.0,6.0,AGRICOLA,21.666666666666668,0.0,0,71.0,21.666666666666668,0.0,0.10256647072582029
ALTENOS - 866392068703663,NEW HOLLAND AG,6810,4WD,5801439M-727385345,ALTENOS,ARANDAS,JALISCO,712.81,0.6,2,2,0,0,,CERRADA,CERRADA,,,,,,,20.731638,-102.3351193,1.37,0.17,6,0.92,2.17,21.83,20.0,1.0,0.0,0.0,0.0,0.0,0.0,0.0,0.0,0.0,0.0,0.0,0.0,0.0,0.0,0.0,0.0,0.0,0.0,0.0,0.0,0.0,0.0,0.0,600.0,565.0,712.0,2025-05-27 16:01:00,CERRADA,OTA0002549,Preventivo,-35.0,5.833333333333333,147.80999999999995,0.0,5.0,AGRICOLA,0.875,0.0,0,9.333333333333334,0.875,2.17,0.026747063972197015
866392068843592,NEW HOLLAND AG,6810,2WD,5801454M-727387514,TEPSA,TEPANCO DE LOPEZ,PUEBLA,778.17,13.76,7,4,0,3,CERRADA,CERRADA,CERRADA,,,,,,,18.494022,-97.5384086,0.0,0.0,0,0.0,0.0,24.0,0.0,0.0,0.0,0.0,0.0,0.0,0.0,0.0,0.0,0.0,0.0,0.0,17.0,182.0,157.0,64.0,14.0,31.0,65.0,2.0,2.0,0.0,33.0,0.0,600.0,648.0,778.0,2025-12-07 07:07:00,CERRADA,SMIPT84/734,Preventivo,48.0,8.0,130.16999999999996,48.0,12.0,AGRICOLA,23.625,0.0,0,7.333333333333334,23.625,0.0,0.06503540860558923
ALTENOS-5801466M-866392067006472,NEW HOLLAND AG,6610S HERENCIA,4WD,5801466M-727387044,ALTENOS,ARANDAS,JALISCO,591.8,2.41,4,3,0,1,CERRADA,CERRADA,CERRADA,,,,,,,20.8172135,-102.1739208,0.0,0.0,0,0.0,0.0,24.0,1.0,0.0,2.0,0.0,0.0,2.0,0.0,0.0,0.0,34.0,0.0,4.0,42.0,0.0,6.0,48.0,21.0,1.0,0.0,0.0,10.0,26.0,4.0,18.0,600.0,560.0,594.0,2025-02-12 15:51:00,CERRADA,OTA0001500,Preventivo,-40.0,6.666666666666667,31.799999999999955,0.0,2.0,AGRICOLA,9.125,0.0,0,194.0,9.125,0.0,0.13644287171145975
ALTENOS-5801467M-866392066816525,NEW HOLLAND AG,6810,4WD,5801467M-727387360,ALTENOS,ATOTONILCO EL ALTO,JALISCO,889.08,9.49,6,2,2,4,CERRADAFUERA,CERRADA,CERRADAFUERA,CERRADA,,,,,,20.602466,-102.5454756,1.21,0.37,5,2.56,1.2,22.8,6.0,4.0,2.0,2.0,3.0,0.0,15.0,21.0,11.0,13.0,63.0,40.0,86.0,44.0,55.0,92.0,81.0,53.0,25.0,8.0,37.0,36.0,14.0,34.0,600.0,576.0,890.0,2025-05-27 15:44:00,CERRADAFUERA,CFD,Preventivo,-24.0,4.0,313.08000000000004,0.0,5.0,AGRICOLA,31.041666666666668,0.0,0,54.166666666666664,31.041666666666668,1.2,0.04477537844268021
ALTENOS-5801465M-866392067006415,NEW HOLLAND AG,6810,4WD,5801469M-727384748,ALTENOS,SAN JUAN DE LOS LAGOS,JALISCO,969.98,17.32,4,2,2,2,CERRADA,CERRADA,CERRADAFUERA,CERRADAFUERA,,,,,,21.1710146,-102.3299035,0.0,0.0,3,0.0,0.0,24.0,9.0,28.0,85.0,33.0,22.0,45.0,81.0,41.0,3.0,24.0,22.0,0.0,22.0,55.0,22.0,63.0,66.0,57.0,41.0,15.0,46.0,89.0,6.0,37.0,600.0,598.0,969.0,2025-05-27 14:51:00,CERRADAFUERA,CFD,Preventivo,-2.0,0.33333333333333337,371.98,0.0,5.0,AGRICOLA,38.0,0.0,0,158.0,38.0,0.0,0.2978056512207683
AGROCISA - 862407060154584,NEW HOLLAND AG,7810,4WD,5801488M-728375856,AGROCISAGRAL,TIZAPAN EL ALTO,JALISCO,1622.51,3.25,4,1,3,3,,,CERRADAFUERA,CERRADAFUERA,CERRADAFUERA,CERRADA,,,,20.149305,-103.0752296,0.0,0.0,0,0.0,0.0,24.0,105.0,116.0,116.0,98.0,86.0,71.0,32.0,32.0,34.0,42.0,40.0,23.0,96.0,71.0,41.0,0.0,26.0,1.0,20.0,28.0,18.0,25.0,7.0,54.0,600.0,750.0,1622.0,2024-06-18 20:29:00,CERRADAFUERA,0,Preventivo,150.0,25.0,872.51,150.0,6.0,AGRICOLA,49.25,0.0,0,2.2222222222222223,49.25,0.0,0.6477806660117454
866016064408353,NEW HOLLAND AG,7810,4WD,5801520M-728383436,AGROCISAGRAL,SAN IGNACIO CERRO GORDO,JALISCO,1050.58,28.23,16,3,1,13,CERRADAFUERA,CERRADA,CERRADA,CERRADA,,,,,,20.9927628,-102.455825,13.6,4.59,7,2.44,3.18,20.82,0.0,0.0,0.0,0.0,0.0,0.0,0.0,0.0,1.0,0.0,3.0,56.0,71.0,55.0,61.0,103.0,123.0,79.0,36.0,21.0,29.0,51.0,85.0,63.0,600.0,627.0,1052.0,2025-11-07 09:20:00,CERRADA,24902,Preventivo,27.0,4.5,423.5799999999999,27.0,11.0,AGRICOLA,34.875,0.0,0,7.37037037037037,34.875,3.18,0.16628435611577996
862407060170481,NEW HOLLAND AG,7810,4WD,5801521M-728372403,ALTENOS,DONATO GUERRA,MEXICO,1593.96,50.17,6,0,6,6,CERRADAFUERA,CERRADAFUERA,CERRADAFUERA,CERRADAFUERA,CERRADAFUERA,CERRADAFUERA,,,,19.3274175,-99.9990148,43.67,17.74,19,2.99,6.37,17.63,0.0,0.0,0.0,2.0,101.0,101.0,117.0,44.0,30.0,57.0,19.0,46.0,65.0,62.0,72.0,59.0,128.0,60.0,54.0,27.0,52.0,33.0,62.0,49.0,600.0,661.0,1595.0,2024-05-12 12:54:00,CERRADAFUERA,CFD,Preventivo,61.0,10.166666666666666,932.96,61.0,5.0,AGRICOLA,51.666666666666664,0.0,1,84.33333333333334,51.666666666666664,6.37,0.6381278193392665
866392068561418,NEW HOLLAND AG,7810,4WD,5801525M-728382775,ALTENOS,SAN JOSE ITURBIDE,GUANAJUATO,2230.82,72.2,17,5,3,12,CERRADA,CERRADA,CERRADA,CERRADA,CERRADAFUERA,CERRADAFUERA,CERRADAFUERA,CERRADA,,21.0863748,-100.5588773,53.03,32.18,15,4.87,6.94,17.06,0.0,0.0,0.0,0.0,4.0,38.0,20.0,99.0,82.0,110.0,111.0,88.0,136.0,98.0,69.0,76.0,58.0,67.0,71.0,82.0,105.0,76.0,86.0,66.0,600.0,662.0,2232.0,2024-05-12 10:14:00,CERRADA,OTS0003307,Preventivo,62.0,10.333333333333334,1568.8200000000002,62.0,5.0,AGRICOLA,64.25,0.0,1,7.000000000000001,64.25,6.94,0.6429216744223056
MADISA-5801526M-862407060161951,NEW HOLLAND AG,7810,4WD,5801526M-728386394,MADISAGRAL,ACULA,VERACRUZ DE IGNACIO DE LA LLAVE,1487.31,0.68,6,0,3,6,PENDIENTE,PENDIENTE,CERRADAFUERA,CERRADAFUERA,CERRADAFUERA,PORVENCER,,,,18.3715878,-95.7353753,99.15,81.8,32,6.05,15.19,8.81,0.0,0.0,1.0,11.0,9.0,35.0,5.0,18.0,11.0,46.0,21.0,71.0,209.0,179.0,175.0,149.0,83.0,68.0,30.0,12.0,7.0,13.0,56.0,48.0,600.0,560.0,1489.0,2025-09-02 09:34:00,CERRADAFUERA,FVP04289993,Preventivo,-40.0,6.666666666666667,927.31,0.0,9.0,AGRICOLA,52.375,1850.0,0,3.6527777777777777,52.375,15.19,0.26893530021298395
MADISA - 866016064408437,NEW HOLLAND AG,6810,4WD,5801539M-727415698,MADISAGRAL,LA ANTIGUA,VERACRUZ DE IGNACIO DE LA LLAVE,1792.56,3.1,15,4,2,11,CERRADA,CERRADA,CERRADA,CERRADAFUERA,CERRADA,CERRADAFUERA,PORVENCER,,,19.4578343,-96.5161005,0.0,0.0,0,0.0,0.0,24.0,2.0,0.0,0.0,65.0,86.0,47.0,45.0,42.0,58.0,65.0,59.0,50.0,110.0,73.0,97.0,63.0,97.0,78.0,43.0,45.0,79.0,68.0,86.0,37.0,600.0,642.0,1793.0,2024-05-12 10:09:00,CERRADA,7401932,Preventivo,42.0,7.000000000000001,1150.56,42.0,5.0,AGRICOLA,58.125,1800.0,0,34.0,58.125,0.0,0.5940792878359358
866016064466971,NEW HOLLAND AG,7810,4WD,5801541M-728382776,MADISAGRAL,CHALCHICOMULA DE SESMA,PUEBLA,1144.93,1.04,13,4,0,9,CERRADA,CERRADA,CERRADA,PENDIENTE,,,,,,18.8992001,-97.3215371,0.0,0.0,0,0.0,0.0,24.0,2.0,0.0,0.0,0.0,4.0,35.0,41.0,21.0,32.0,65.0,63.0,22.0,31.0,66.0,57.0,32.0,21.0,67.0,75.0,26.0,74.0,61.0,36.0,10.0,600.0,566.0,1144.0,2025-04-03 00:06:00,CERRADA,8509172 8509049,Preventivo,-34.0,5.666666666666666,578.9300000000001,0.0,4.0,AGRICOLA,35.041666666666664,900.0,0,23.666666666666664,35.041666666666664,0.0,0.29345368377966224
ATC-5801556M-866392063372456,NEW HOLLAND AG,6810,4WD,5801556M-727392702,ATN,PEDRO ESCOBEDO,QUERETARO,1052.09,51.75,4,2,1,2,CERRADA,CERRADA,CERRADAFUERA,PENDIENTE,,,,,,20.5349286,-100.1274551,2.88,0.04,0,0.11,0.65,23.35,0.0,0.0,24.0,79.0,19.0,29.0,84.0,17.0,26.0,24.0,22.0,0.0,0.0,0.0,0.0,0.0,0.0,0.0,0.0,0.0,0.0,0.0,0.0,0.0,600.0,600.0,1054.0,2024-12-24 10:33:00,CERRADAFUERA,,Preventivo,0.0,0.0,452.0899999999999,0.0,12.0,AGRICOLA,13.5,900.0,0,0.0,13.5,0.65,0.06989095910584679
862407060159773,NEW HOLLAND AG,6810,4WD,5801559M-727414171,AGROCISAGRAL,TEPALCATEPEC,MICHOACAN DE OCAMPO,1375.73,127.13,11,1,4,10,CERRADAFUERA,CERRADAFUERA,CERRADAFUERA,CERRADAFUERA,CERRADA,,,,,19.1650896,-102.7093731,46.69,25.33,22,6.42,4.43,19.57,0.0,0.0,0.0,2.0,10.0,55.0,74.0,48.0,62.0,41.0,35.0,56.0,62.0,0.0,26.0,44.0,49.0,71.0,92.0,46.0,79.0,20.0,1.0,61.0,600.0,563.0,1375.0,2025-05-01 09:05:00,CERRADAFUERA,0,Preventivo,-37.0,6.166666666666667,812.73,0.0,5.0,AGRICOLA,38.916666666666664,0.0,0,30.166666666666664,38.916666666666664,4.43,0.3298351209035251
AGROCISA-5801560M-866392063339711,NEW HOLLAND AG,6810,4WD,5801560M-727390692,AGROCISAGRAL,YAHUALICA DE GONZALEZ GALLO,JALISCO,718.49,0.33,3,1,2,2,CERRADA,CERRADAFUERA,CERRADAFUERA,,,,,,,21.1718788,-102.9362275,0.0,0.0,0,0.0,0.0,24.0,5.0,0.0,7.0,9.0,20.0,6.0,40.0,13.0,45.0,8.0,81.0,35.0,96.0,75.0,85.0,32.0,0.0,0.0,0.0,0.0,0.0,0.0,0.0,0.0,600.0,567.0,718.0,2025-02-25 19:09:00,CERRADAFUERA,0,Preventivo,-33.0,5.5,151.49,0.0,2.0,AGRICOLA,23.208333333333332,0.0,0,21.166666666666664,23.208333333333332,0.0,0.07598568718433336
AGROCISA-5801561M-866016064543894,NEW HOLLAND AG,6810,4WD,5801561M-727392922,AGROCISAGRAL,PENJAMO,GUANAJUATO,815.91,22.87,12,1,2,11,CERRADAFUERA,CERRADAFUERA,CERRADA,,,,,,,20.3431403,-101.8254153,44.1,5.4,9,1.34,5.09,18.91,0.0,0.0,2.0,1.0,0.0,18.0,18.0,18.0,9.0,1.0,83.0,1.0,0.0,7.0,43.0,68.0,70.0,12.0,42.0,79.0,90.0,4.0,5.0,13.0,600.0,561.0,815.0,2025-08-21 13:05:00,CERRADA,0,Preventivo,-39.0,6.5,254.90999999999997,0.0,8.0,AGRICOLA,24.333333333333332,0.0,0,6.833333333333333,24.333333333333332,5.09,0.03989519505183077
862407061530568,NEW HOLLAND AG,6810,4WD,5801591M-727416071,AGROCISAGRAL,NAVOJOA,SONORA,1308.79,21.54,11,1,4,10,CERRADAFUERA,CERRADAFUERA,CERRADAFUERA,CERRADAFUERA,CERRADA,,,,,26.9772335,-109.5391961,37.1,31.24,13,7.73,4.35,19.65,0.0,0.0,0.0,0.0,0.0,32.0,78.0,92.0,0.0,0.0,17.0,47.0,57.0,15.0,96.0,34.0,44.0,48.0,74.0,40.0,147.0,75.0,52.0,22.0,600.0,610.0,1308.0,2025-04-22 10:19:00,CERRADAFUERA,0,Preventivo,10.0,1.6666666666666667,698.79,10.0,4.0,AGRICOLA,40.416666666666664,0.0,0,140.5,40.416666666666664,4.35,0.24062166370999258
ATS - 5801591M - 862407061551663,NEW HOLLAND AG,6810,4WD,5801593M-727415601,ATS,OMETEPEC,GUERRERO,1849.45,6.55,7,3,2,4,CERRADA,CERRADA,CERRADA,ENPROCESO,CERRADAFUERA,CERRADAFUERA,PENDIENTE,,,16.4834678,-98.646675,0.0,0.0,0,0.0,0.0,24.0,0.0,0.0,0.0,0.0,0.0,0.0,0.0,48.0,78.0,70.0,69.0,0.0,118.0,132.0,129.0,54.0,152.0,105.0,74.0,100.0,111.0,60.0,60.0,71.0,600.0,571.0,1849.0,2025-07-02 13:26:00,CERRADA,15916,Preventivo,-29.0,4.833333333333333,1278.45,0.0,7.0,AGRICOLA,59.625,1800.0,0,109.44444444444444,59.625,0.0,0.48128340661819985
862407060163874,NEW HOLLAND AG,6810,4WD,5801597M-727415510,MADISAGRAL,ACULA,VERACRUZ DE IGNACIO DE LA LLAVE,1531.86,1.53,14,4,0,10,CERRADA,CERRADA,CERRADA,PENDIENTE,PENDIENTE,PENDIENTE,,,,18.2330805,-95.6025465,46.01,28.33,28,6.33,4.78,19.22,5.0,0.0,0.0,0.0,0.0,0.0,1.0,2.0,5.0,10.0,15.0,107.0,267.0,250.0,225.0,164.0,105.0,0.0,2.0,9.0,4.0,3.0,12.0,63.0,600.0,588.0,1533.0,2025-02-19 13:10:00,CERRADA,8509059,Preventivo,-12.0,2.0,943.8599999999999,0.0,2.0,AGRICOLA,52.041666666666664,3600.0,0,2.3333333333333335,52.041666666666664,4.78,0.40088520523520027
862407061570671,NEW HOLLAND AG,6810,4WD,5801601M-727415697,ALTENOS,SAN JUAN DE LOS LAGOS,JALISCO,641.72,0.54,10,3,0,7,CERRADA,CERRADA,CERRADA,,,,,,,21.2236075,-102.3529878,2.42,1.07,8,5.97,3.28,20.72,0.0,0.0,0.0,0.0,0.0,54.0,34.0,7.0,10.0,80.0,2.0,7.0,17.0,6.0,1.0,23.0,45.0,52.0,28.0,6.0,5.0,75.0,2.0,2.0,600.0,560.0,641.0,2025-10-10 14:59:00,CERRADA,VSS0002872,Preventivo,-40.0,6.666666666666667,81.72000000000003,0.0,10.0,AGRICOLA,19.0,0.0,0,14.000000000000002,19.0,3.28,0.02891395573266363
862407061484766,NEW HOLLAND AG,6810,4WD,5801602M-727415603,ALTENOS,SAN JUAN DE LOS LAGOS,JALISCO,648.55,17.55,9,3,0,6,CERRADA,CERRADA,CERRADA,,,,,,,20.9850166,-102.3853951,2.43,0.39,5,1.92,0.22,23.78,0.0,0.0,0.0,0.0,0.0,27.0,27.0,17.0,4.0,62.0,17.0,17.0,21.0,27.0,12.0,30.0,53.0,68.0,11.0,3.0,11.0,58.0,22.0,18.0,600.0,560.0,648.0,2025-10-23 11:59:00,CERRADA,VSS0002871,Preventivo,-40.0,6.666666666666667,88.54999999999995,0.0,10.0,AGRICOLA,21.041666666666668,0.0,0,52.666666666666664,21.041666666666668,0.22,0.04940578896723401
862407061507293,NEW HOLLAND AG,6810,4WD,5801603M-727415513,ENAGRI,ACAPONETA,NAYARIT,776.44,7.29,5,2,0,3,CERRADA,PENDIENTE,CERRADA,,,,,,,22.7199041,-105.5973173,0.0,0.0,0,0.0,0.0,24.0,0.0,0.0,0.0,0.0,0.0,0.0,19.0,37.0,49.0,51.0,55.0,24.0,14.0,64.0,47.0,22.0,18.0,45.0,79.0,0.0,0.0,0.0,17.0,0.0,600.0,565.0,776.0,2025-05-27 15:44:00,CERRADA,ER12195,Preventivo,-35.0,5.833333333333333,211.44000000000005,0.0,5.0,AGRICOLA,22.541666666666668,300.0,0,174.0,22.541666666666668,0.0,0.06644563838209837
866392063348589,NEW HOLLAND AG,7810,4WD,5801605M-728420522,MADISAGRAL,ACULA,VERACRUZ DE IGNACIO DE LA LLAVE,1288.65,242.43,7,4,0,3,CERRADA,CERRADA,CERRADA,CERRADA,PENDIENTE,,,,,18.4421255,-95.6268871,0.0,0.0,0,0.0,0.0,24.0,0.0,0.0,0.0,0.0,0.0,0.0,0.0,0.0,0.0,1.0,60.0,91.0,106.0,174.0,200.0,181.0,56.0,30.0,27.0,18.0,23.0,31.0,71.0,0.0,600.0,579.0,1293.0,2025-04-03 00:20:00,CERRADA,5510472,Preventivo,-21.0,3.5000000000000004,709.6500000000001,0.0,4.0,AGRICOLA,44.541666666666664,1200.0,0,63.66666666666666,44.541666666666664,0.0,0.5001454613893063
MADISA - 5801609M - 862407061493080,NEW HOLLAND AG,6810,2WD,5801609M-727415516,MADISAGRAL,ATENGO,JALISCO,985.04,86.18,6,3,0,3,CERRADA,CERRADA,CERRADA,PENDIENTE,,,,,,20.1284808,-99.3458118,0.0,0.0,0,0.0,0.0,24.0,0.0,0.0,0.0,0.0,0.0,0.0,2.0,8.0,41.0,40.0,62.0,24.0,54.0,68.0,85.0,58.0,63.0,25.0,19.0,9.0,64.0,18.0,27.0,33.0,600.0,561.0,986.0,2025-03-24 13:27:00,CERRADA,4814221,Preventivo,-39.0,6.5,424.03999999999996,0.0,3.0,AGRICOLA,29.166666666666668,900.0,0,87.33333333333333,29.166666666666668,0.0,0.06844509975174806
862407061526798,NEW HOLLAND AG,7810,4WD,5801611M-728420644,TEPSA,QUECHOLAC,PUEBLA,1517.3,5.79,6,3,0,3,CERRADA,CERRADA,CERRADA,PENDIENTE,PENDIENTE,PENDIENTE,,,,18.8940311,-97.5611178,0.0,0.0,0,0.0,0.0,24.0,0.0,0.0,0.0,0.0,0.0,0.0,0.0,57.0,69.0,56.0,56.0,49.0,107.0,98.0,64.0,49.0,46.0,80.0,101.0,54.0,74.0,72.0,32.0,40.0,600.0,614.0,1519.0,2025-08-02 13:32:00,CERRADA,SMIPT28/733,Preventivo,14.0,2.3333333333333335,903.3,14.0,8.0,AGRICOLA,46.0,3600.0,0,189.0,46.0,0.0,0.47797142969432477
862407061519264,NEW HOLLAND AG,7810,4WD,5801612M-728419162,ALTENOS,SAN JUAN DE LOS LAGOS,JALISCO,653.88,15.95,3,3,0,0,CERRADA,CERRADA,CERRADA,,,,,,,21.0140361,-102.3368901,11.31,0.86,6,0.69,1.55,22.45,0.0,0.0,0.0,0.0,0.0,0.0,0.0,0.0,0.0,34.0,16.0,27.0,44.0,49.0,78.0,54.0,84.0,54.0,25.0,22.0,36.0,79.0,29.0,49.0,600.0,560.0,654.0,2025-09-11 13:33:00,CERRADA,VSS0002908,Preventivo,-40.0,6.666666666666667,93.88,0.0,9.0,AGRICOLA,28.333333333333332,0.0,0,25.333333333333336,28.333333333333332,1.55,0.04133860333166611
862407061408575,NEW HOLLAND AG,7810,4WD,5801617M-728420520,ALTENOS,SAN JUAN DE LOS LAGOS,JALISCO,716.16,3.0,3,3,0,0,CERRADA,CERRADA,CERRADA,,,,,,,21.058481,-102.2892743,0.0,0.0,0,0.0,0.0,24.0,0.0,0.0,0.0,0.0,0.0,0.0,0.0,0.0,0.0,123.0,36.0,4.0,51.0,45.0,15.0,37.0,109.0,42.0,23.0,7.0,17.0,47.0,39.0,26.0,600.0,560.0,716.0,2025-09-24 20:28:00,CERRADA,VSS0003514,Preventivo,-40.0,6.666666666666667,156.15999999999997,0.0,9.0,AGRICOLA,25.875,0.0,0,159.5,25.875,0.0,0.059020552049429804
862407061545392,NEW HOLLAND AG,6810,4WD,5801622M-727415515,ALTENOS,PURISIMA DEL RINCON,GUANAJUATO,777.66,35.83,5,3,0,2,CERRADA,CERRADA,CERRADA,,,,,,,20.9913535,-102.112788,0.0,0.0,4,0.0,0.0,24.0,0.0,0.0,0.0,0.0,0.0,0.0,43.0,0.0,2.0,60.0,78.0,26.0,15.0,22.0,27.0,40.0,147.0,48.0,8.0,14.0,11.0,70.0,3.0,0.0,600.0,561.0,777.0,2025-01-06 09:37:00,CERRADA,OTS0003598,Preventivo,-39.0,6.5,216.65999999999997,0.0,1.0,AGRICOLA,25.583333333333332,0.0,0,15.0,25.583333333333332,0.0,0.06562805988357999
862407061485813,NEW HOLLAND AG,6810,4WD,5801626M-727428191,MADISAGRAL,LA ANTIGUA,VERACRUZ DE IGNACIO DE LA LLAVE,979.75,16.41,4,4,0,0,CERRADA,CERRADA,CERRADA,CERRADA,,,,,,19.4284736,-96.3547431,0.0,0.0,0,0.0,0.0,24.0,0.0,0.0,0.0,0.0,0.0,0.0,2.0,56.0,21.0,21.0,18.0,99.0,148.0,96.0,96.0,78.0,54.0,15.0,7.0,7.0,3.0,4.0,0.0,31.0,600.0,622.0,979.0,2025-03-24 12:36:00,CERRADA,7402033,Preventivo,22.0,3.6666666666666665,357.75,22.0,3.0,AGRICOLA,31.5,0.0,0,52.166666666666664,31.5,0.0,0.08479509511951976
ALTENOS - 5801631M - 862407061487678,NEW HOLLAND AG,6810,4WD,5801631M-727427959,ALTENOS,YAHUALICA DE GONZALEZ GALLO,JALISCO,701.53,24.57,5,3,0,2,CERRADA,CERRADA,CERRADA,,,,,,,21.1866853,-102.8781723,0.0,0.0,0,0.0,0.0,24.0,0.0,0.0,0.0,0.0,0.0,0.0,2.0,3.0,13.0,48.0,3.0,39.0,82.0,7.0,15.0,20.0,19.0,56.0,43.0,6.0,5.0,102.0,3.0,50.0,600.0,560.0,701.0,2025-10-21 15:55:00,CERRADA,VSS0002114,Preventivo,-40.0,6.666666666666667,141.52999999999997,0.0,10.0,AGRICOLA,21.5,0.0,0,71.0,21.5,0.0,0.10256647072582029
862407061553776,NEW HOLLAND AG,7810,4WD,5801639M-728420255,ALTENOS,SILAO DE LA VICTORIA,GUANAJUATO,1788.43,375.24,7,6,1,1,CERRADA,CERRADA,CERRADA,CERRADA,CERRADA,CERRADA,CERRADAFUERA,,,20.9801965,-101.4342223,4.34,0.1,5,0.05,1.9,22.1,0.0,0.0,0.0,0.0,0.0,0.0,0.0,0.0,0.0,10.0,40.0,115.0,269.0,119.0,91.0,148.0,215.0,145.0,120.0,53.0,37.0,49.0,98.0,117.0,600.0,560.0,1788.0,2025-11-02 17:53:00,CERRADA,OTS0003096,Preventivo,-40.0,6.666666666666667,1228.43,0.0,11.0,AGRICOLA,67.75,0.0,0,22.227777777777778,67.75,1.9,0.2540218727883946
862407061522680,NEW HOLLAND AG,6810,4WD,5801713M-727431755,ALTENOS,SAN JUAN DE LOS LAGOS,JALISCO,746.92,10.01,5,3,0,2,CERRADA,CERRADA,CERRADA,,,,,,,21.1763061,-102.3119991,4.01,0.77,6,0.94,0.82,23.18,0.0,0.0,0.0,0.0,0.0,0.0,0.0,0.0,0.0,0.0,0.0,0.0,8.0,2.0,3.0,0.0,7.0,30.0,0.0,8.0,0.0,0.0,0.0,0.0,600.0,631.0,746.0,2025-11-07 09:27:00,CERRADA,OTS0003596,Preventivo,31.0,5.166666666666667,115.91999999999996,31.0,11.0,AGRICOLA,2.4166666666666665,0.0,0,0.0,2.4166666666666665,0.82,0.06989095910584679
862407061566638,NEW HOLLAND AG,6810,4WD,5801714M-727430968,ALTENOS,TEPATITLAN DE MORELOS,JALISCO,670.86,158.68,54,3,0,51,CERRADA,CERRADA,CERRADA,,,,,,,20.8721035,-102.7032716,0.0,0.0,3,0.0,0.0,24.0,0.0,0.0,0.0,0.0,0.0,0.0,0.0,0.0,0.0,0.0,10.0,0.0,0.0,29.0,56.0,69.0,40.0,28.0,41.0,0.0,2.0,9.0,1.0,4.0,600.0,618.0,670.0,2025-09-30 14:20:00,CERRADA,VSA0002265,Preventivo,18.0,3.0,52.860000000000014,18.0,9.0,AGRICOLA,12.041666666666666,0.0,0,0.0,12.041666666666666,0.0,0.13556277165131644
862407061591750,NEW HOLLAND AG,7810,4WD,5801740M-728436789,MADISAGRAL,METEPEC,MEXICO,1156.98,0.11,4,3,0,1,CERRADA,CERRADA,CERRADA,PENDIENTE,,,,,,20.205365,-98.3940083,42.2,25.88,27,3.81,8.56,15.44,0.0,0.0,0.0,0.0,0.0,0.0,0.0,0.0,0.0,0.0,49.0,24.0,49.0,47.0,48.0,84.0,90.0,75.0,45.0,117.0,94.0,58.0,34.0,29.0,600.0,585.0,1156.0,2025-08-21 12:41:00,CERRADA,4814616 4814668,Preventivo,-15.0,2.5,571.98,0.0,8.0,AGRICOLA,35.125,900.0,0,44.333333333333336,35.125,8.56,0.26392305852570674
862407061597310,NEW HOLLAND AG,7810,4WD,5801741M-728437373,MADISAGRAL,OTHON P. BLANCO,QUINTANA ROO,1018.05,0.0,10,3,0,7,CERRADA,CERRADA,CERRADA,PENDIENTE,,,,,,18.3539198,-88.5926223,0.0,0.0,0,0.0,0.0,24.0,0.0,0.0,0.0,0.0,0.0,0.0,0.0,0.0,0.0,0.0,11.0,27.0,108.0,73.0,146.0,91.0,105.0,73.0,122.0,0.0,0.0,0.0,3.0,2.0,600.0,569.0,1018.0,2025-05-27 15:12:00,CERRADA,4209022,Preventivo,-31.0,5.166666666666667,449.04999999999995,0.0,5.0,AGRICOLA,31.708333333333332,900.0,0,6.0,31.708333333333332,0.0,0.06503540860558923
862407062945419,NEW HOLLAND AG,6810,4WD,5801746M-727430769,ALTENOS,SAN JUAN DE LOS LAGOS,JALISCO,1339.0,33.69,5,5,0,0,CERRADA,CERRADA,CERRADA,CERRADA,CERRADA,,,,,21.4302891,-102.198409,73.94,34.18,17,3.33,11.12,12.88,0.0,0.0,0.0,0.0,0.0,0.0,0.0,0.0,0.0,10.0,100.0,0.0,33.0,40.0,71.0,112.0,67.0,85.0,43.0,31.0,42.0,105.0,44.0,38.0,600.0,816.0,1342.0,2025-11-07 15:15:00,CERRADA,VSS0003068,Preventivo,216.0,36.0,523.0,216.0,11.0,AGRICOLA,34.208333333333336,0.0,0,1.7037037037037035,34.208333333333336,11.12,0.2875884857393101
862407062092667,NEW HOLLAND AG,6810,4WD,5801754M-727389454,AGROEQUIPOS,CHAHUITES,OAXACA,1452.32,0.0,5,2,0,3,PENDIENTE,CERRADA,CERRADA,PENDIENTE,PENDIENTE,,,,,16.2710226,-94.1915813,0.0,0.0,0,0.0,0.0,24.0,0.0,0.0,0.0,0.0,0.0,0.0,0.0,0.0,0.0,1.0,152.0,95.0,74.0,78.0,82.0,77.0,80.0,51.0,56.0,14.0,108.0,121.0,57.0,9.0,600.0,547.0,1452.0,2025-03-24 12:57:00,CERRADA,PCG0000000847,Preventivo,-53.0,8.833333333333334,905.3199999999999,0.0,3.0,AGRICOLA,43.958333333333336,2150.0,0,0.6666666666666667,43.958333333333336,0.0,0.6091391930196999
862407062170927,NEW HOLLAND AG,6810,4WD,5801837M-727449240,TRACTIESA,DONATO GUERRA,MEXICO,920.95,0.0,16,2,0,14,PENDIENTE,CERRADA,CERRADA,PENDIENTE,,,,,,19.2949618,-100.0313926,5.01,0.01,0,0.12,0.56,23.44,0.0,0.0,0.0,0.0,0.0,0.0,0.0,0.0,0.0,0.0,0.0,0.0,0.0,47.0,78.0,100.0,79.0,83.0,95.0,57.0,25.0,27.0,40.0,43.0,600.0,626.0,923.0,2025-08-21 10:45:00,CERRADA,PMIN-TOL-5946,Preventivo,26.0,4.333333333333334,294.95000000000005,26.0,8.0,AGRICOLA,28.083333333333332,950.0,0,1.3333333333333335,28.083333333333332,0.56,0.1312158966113312
ALTENOS - S507417M,NEW HOLLAND AG,6610S,4WD,F507417M,ALTENOS,SAN JUAN DE LOS LAGOS,JALISCO,1342.64,359.36,5,1,4,4,CERRADA,CERRADAFUERA,CERRADAFUERA,CERRADAFUERA,CERRADAFUERA,,,,,21.345342,-102.3450108,0.0,0.0,0,0.0,0.0,24.0,0.0,3.0,6.0,113.0,120.0,60.0,103.0,12.0,128.0,22.0,60.0,11.0,69.0,60.0,24.0,17.0,30.0,44.0,45.0,2.0,0.0,0.0,0.0,0.0,600.0,684.0,1342.0,2024-06-08 20:17:00,CERRADAFUERA,CFD,Preventivo,84.0,14.000000000000002,658.6400000000001,84.0,6.0,AGRICOLA,38.708333333333336,0.0,0,6.111111111111112,38.708333333333336,0.0,0.31011627585756285
866392067004485,NEW HOLLAND AG,TS6000,2WD,H000390M-8123839,ARBSA,MEXICALI,BAJA CALIFORNIA,1654.1,211.23,5,5,0,0,,CERRADA,CERRADA,CERRADA,CERRADA,CERRADA,,,,32.5976555,-115.451913,0.0,0.0,0,0.0,0.0,24.0,98.0,66.0,77.0,68.0,70.0,49.0,78.0,60.0,47.0,65.0,68.0,81.0,111.0,77.0,90.0,78.0,77.0,65.0,46.0,0.0,0.0,0.0,0.0,0.0,600.0,657.0,1654.0,2024-06-08 21:13:00,CERRADA,110357,Preventivo,57.0,9.5,997.0999999999999,57.0,6.0,AGRICOLA,57.125,0.0,1,11.88888888888889,57.125,0.0,0.6155115122051287
TRACTIESA - H101214M,NEW HOLLAND AG,TS6000,4WD,H101214M-8094016,TRACTIESA,MARAVATIO,MICHOACAN DE OCAMPO,2025.06,134.8,7,2,2,5,CERRADA,CERRADA,CERRADAFUERA,CERRADAFUERA,PENDIENTE,PENDIENTE,PENDIENTE,,,19.9061208,-100.3758136,0.0,0.0,0,0.0,0.0,24.0,71.0,121.0,142.0,60.0,50.0,16.0,5.0,2.0,1.0,22.0,5.0,37.0,154.0,217.0,182.0,143.0,94.0,15.0,6.0,2.0,0.0,0.0,0.0,0.0,600.0,560.0,2025.0,2024-12-02 07:39:00,CERRADAFUERA,CERRADA POR FUERA,Preventivo,-40.0,6.666666666666667,1465.06,0.0,12.0,AGRICOLA,56.041666666666664,4500.0,0,3.7777777777777777,56.041666666666664,0.0,0.5114991388103093
AGROCISA - H101242M,NEW HOLLAND AG,TS6000,4WD,H101242M-8101699,AGROCISAGRAL,VISTA HERMOSA,MICHOACAN DE OCAMPO,739.46,147.27,3,2,1,1,CERRADA,CERRADA,CERRADAFUERA,,,,,,,20.3460868,-102.3940768,0.0,0.0,0,0.0,0.0,24.0,55.0,23.0,7.0,0.0,80.0,16.0,0.0,0.0,0.0,1.0,19.0,19.0,17.0,3.0,6.0,9.0,97.0,10.0,5.0,3.0,0.0,6.0,26.0,24.0,600.0,583.0,742.0,2025-05-27 15:24:00,CERRADAFUERA,0,Preventivo,-17.0,2.833333333333333,156.46000000000004,0.0,5.0,AGRICOLA,17.75,0.0,0,1.0,17.75,0.0,0.12641023100266507
AGROCISA - H101246M,NEW HOLLAND AG,TS6000,4WD,H101246M-8101866,AGROCISAGRAL,SAN PEDRO LAGUNILLAS,NAYARIT,1870.16,301.04,7,7,0,0,CERRADA,CERRADA,CERRADA,CERRADA,CERRADA,CERRADA,CERRADA,,,21.0559671,-104.6686675,0.0,0.0,0,0.0,0.0,24.0,81.0,12.0,115.0,150.0,72.0,40.0,58.0,62.0,58.0,43.0,100.0,62.0,123.0,117.0,70.0,31.0,84.0,78.0,55.0,36.0,0.0,0.0,0.0,0.0,600.0,574.0,1870.0,2024-06-14 08:57:00,CERRADA,4473,Preventivo,-26.0,4.333333333333334,1296.16,0.0,6.0,AGRICOLA,60.291666666666664,0.0,0,5.0,60.291666666666664,0.0,0.49730890636350994
ATS - H101250M,NEW HOLLAND AG,TS6000,4WD,H101250M-8102114,ATS,SAN JUAN BAUTISTA TUXTEPEC,OAXACA,2108.01,43.32,8,5,2,3,CERRADA,CERRADA,CERRADA,CERRADA,CERRADA,CERRADAFUERA,CERRADAFUERA,PORVENCER,,18.4117815,-96.2029155,0.0,0.0,0,0.0,0.0,24.0,151.0,154.0,38.0,102.0,47.0,50.0,43.0,34.0,49.0,79.0,107.0,88.0,168.0,181.0,155.0,163.0,4.0,0.0,0.0,0.0,0.0,0.0,0.0,0.0,600.0,582.0,2108.0,2024-12-02 12:57:00,CERRADA,15106,Preventivo,-18.0,3.0,1526.0100000000002,0.0,12.0,AGRICOLA,67.20833333333333,2100.0,0,0.7916666666666667,67.20833333333333,0.0,0.4545932801646746
AGROCISA - H101255M,NEW HOLLAND AG,TS6000,4WD,H101255M-8105993,AGROCISAGRAL,MARAVATIO,MICHOACAN DE OCAMPO,643.55,0.0,3,0,3,3,CERRADAFUERA,CERRADAFUERA,CERRADAFUERA,,,,,,,19.9207155,-100.2339128,234.14,4.64,9,3.28,8.02,15.98,41.0,33.0,13.0,0.0,18.0,21.0,12.0,14.0,0.0,0.0,0.0,1.0,0.0,33.0,11.0,17.0,35.0,17.0,0.0,0.0,3.0,12.0,1.0,2.0,600.0,560.0,645.0,2025-10-11 13:47:00,CERRADAFUERA,0,Preventivo,-40.0,6.666666666666667,83.54999999999995,0.0,10.0,AGRICOLA,11.833333333333334,0.0,0,13.333333333333334,11.833333333333334,8.02,0.03795086243876498
TEPSA - H101256M,NEW HOLLAND AG,TS6000,4WD,H101256M-8106001,TEPSA,JUAN RODRIGUEZ CLARA,VERACRUZ DE IGNACIO DE LA LLAVE,1706.66,30.44,6,6,0,0,CERRADA,CERRADA,CERRADA,CERRADA,CERRADA,CERRADA,,,,17.9781178,-95.6854721,0.0,0.0,0,0.0,0.0,24.0,53.0,33.0,26.0,5.0,23.0,68.0,86.0,26.0,39.0,29.0,105.0,121.0,44.0,24.0,2.0,1.0,34.0,57.0,53.0,14.0,43.0,31.0,69.0,35.0,600.0,646.0,1709.0,2024-06-08 21:46:00,CERRADA,SFAB2/0402,Preventivo,46.0,7.666666666666666,1060.66,46.0,6.0,AGRICOLA,42.541666666666664,0.0,0,4.944444444444445,42.541666666666664,0.0,0.4249920591215492
AGROCISA - H101259M,NEW HOLLAND AG,TS6000,4WD,H101259M-8108194,AGROCISAGRAL,TEQUILA,JALISCO,1049.94,381.69,4,2,2,2,CERRADA,CERRADAFUERA,CERRADA,CERRADAFUERA,,,,,,21.109821,-103.7358355,0.0,0.0,0,0.0,0.0,24.0,3.0,56.0,25.0,4.0,1.0,19.0,80.0,3.0,4.0,28.0,0.0,12.0,37.0,0.0,0.0,0.0,3.0,0.0,44.0,0.0,19.0,28.0,0.0,0.0,600.0,646.0,1050.0,2024-05-12 12:29:00,CERRADA,4672,Preventivo,46.0,7.666666666666666,403.94000000000005,46.0,5.0,AGRICOLA,15.25,0.0,0,13.333333333333334,15.25,0.0,0.09022843176673673
AGROCISA - H101264M,NEW HOLLAND AG,TS6000,4WD,H101264M-8108218,AGROCISAGRAL,ZAPOTLAN DEL REY,JALISCO,1881.9,51.06,47,8,0,39,CERRADA,CERRADA,CERRADA,CERRADA,CERRADA,CERRADA,CERRADA,,,20.4686393,-102.8969463,87.62,31.5,27,4.42,8.13,15.87,0.0,23.0,6.0,94.0,69.0,100.0,74.0,55.0,44.0,47.0,80.0,0.0,92.0,114.0,101.0,57.0,119.0,50.0,41.0,31.0,15.0,72.0,63.0,21.0,600.0,639.0,1885.0,2024-04-10 19:18:00,CERRADA,4557,Preventivo,39.0,6.5,1242.9,39.0,4.0,AGRICOLA,57.0,0.0,0,12.333333333333334,57.0,8.13,0.4994991112333299
MADISA-H101271M-8113307,NEW HOLLAND AG,TS6000,4WD,H101271M-8113307,MADISAGRAL,LA ANTIGUA,VERACRUZ DE IGNACIO DE LA LLAVE,1423.67,63.94,5,4,1,1,CERRADA,CERRADA,CERRADA,CERRADA,CERRADAFUERA,,,,,19.3794231,-96.3798756,0.0,0.0,0,0.0,0.0,24.0,7.0,25.0,60.0,50.0,69.0,36.0,5.0,20.0,23.0,5.0,33.0,65.0,29.0,17.0,44.0,28.0,31.0,1.0,9.0,24.0,47.0,2.0,20.0,2.0,600.0,564.0,1423.0,2024-05-03 20:44:00,CERRADA,7401776,Preventivo,-36.0,6.0,859.6700000000001,0.0,5.0,AGRICOLA,27.166666666666668,0.0,0,0.2222222222222222,27.166666666666668,0.0,0.17548035965221506
MADISA - 866392068823123,NEW HOLLAND AG,TS6000,4WD,H101291M-8116188,MADISAGRAL,SAN JUAN BAUTISTA TUXTEPEC,OAXACA,2038.21,126.57,7,0,4,7,PENDIENTE,PENDIENTE,CERRADAFUERA,CERRADAFUERA,CERRADAFUERA,CERRADAFUERA,PENDIENTE,,,18.093432,-95.8285018,0.0,0.0,0,0.0,0.0,24.0,0.0,0.0,2.0,1.0,0.0,0.0,1.0,1.0,63.0,105.0,77.0,53.0,100.0,96.0,93.0,62.0,126.0,111.0,108.0,99.0,135.0,71.0,74.0,92.0,600.0,560.0,2038.0,2025-10-02 06:12:00,CERRADAFUERA,NO APLICA,Preventivo,-40.0,6.666666666666667,1478.21,0.0,10.0,AGRICOLA,61.25,2150.0,0,2.027777777777778,61.25,0.0,0.5537626726878255
866392063397610,NEW HOLLAND AG,TS6000,4WD,H101293M-8123222,AGROSURTE,SAN JUAN BAUTISTA TUXTEPEC,OAXACA,1094.23,1.08,4,3,0,1,CERRADA,CERRADA,CERRADA,PENDIENTE,,,,,,18.3661811,-96.2917331,68.56,11.18,11,1.45,12.59,11.41,0.0,0.0,1.0,1.0,1.0,0.0,1.0,0.0,0.0,0.0,38.0,95.0,145.0,139.0,109.0,110.0,71.0,1.0,0.0,0.0,0.0,0.0,0.0,67.0,600.0,631.0,1097.0,2025-03-24 12:28:00,CERRADA,15980,Preventivo,31.0,5.166666666666667,463.23,31.0,3.0,AGRICOLA,32.458333333333336,900.0,1,60.0,32.458333333333336,12.59,0.5928616428306429
862407061547521,NEW HOLLAND AG,TS6000,4WD,H101300M-8123234,ARBSA,BAHIA DE BANDERAS,NAYARIT,1209.39,12.54,5,2,3,3,CERRADA,CERRADA,CERRADAFUERA,CERRADAFUERA,CERRADAFUERA,,,,,20.9885805,-105.2982258,0.03,0.02,0,0.56,0.04,23.96,0.0,0.0,0.0,0.0,0.0,0.0,0.0,0.0,0.0,55.0,15.0,6.0,73.0,94.0,114.0,98.0,116.0,78.0,63.0,60.0,67.0,49.0,68.0,44.0,600.0,612.0,1209.0,2025-05-27 15:17:00,CERRADAFUERA,0,Preventivo,12.0,2.0,597.3900000000001,12.0,5.0,AGRICOLA,41.666666666666664,0.0,0,126.0,41.666666666666664,0.04,0.33151779951644655
862407062090612,NEW HOLLAND AG,TS6000,4WD,H101316M-8124462,ALTENOS,CORREGIDORA,QUERETARO,668.47,102.22,43,3,0,40,CERRADA,CERRADA,CERRADA,,,,,,,20.3974135,-100.4119261,0.0,0.0,0,0.0,0.0,24.0,0.0,0.0,0.0,0.0,0.0,0.0,0.0,0.0,0.0,3.0,0.0,12.0,25.0,27.0,70.0,44.0,33.0,42.0,21.0,21.0,45.0,54.0,40.0,62.0,600.0,560.0,672.0,2025-12-16 13:57:00,CERRADA,OTS0003566,Preventivo,-40.0,6.666666666666667,108.47000000000003,0.0,12.0,AGRICOLA,20.791666666666668,0.0,0,4.0,20.791666666666668,0.0,0.09535482855509579
TRACTIESA - HFJ182839,CASE IH,FARMALL JX100,4WD ROPS,HFJ182839-558001,TRACTIESA,JOCOTITLAN,MEXICO,2367.3,112.07,8,4,2,4,CERRADA,CERRADA,CERRADA,CERRADA,CERRADAFUERA,PENDIENTE,PENDIENTE,CERRADAFUERA,,19.7188246,-99.717008,0.0,0.0,0,0.0,0.0,24.0,148.0,129.0,102.0,45.0,54.0,11.0,32.0,25.0,6.0,70.0,97.0,49.0,137.0,157.0,167.0,79.0,93.0,32.0,39.0,5.0,0.0,0.0,0.0,0.0,600.0,606.0,2367.0,2024-01-14 11:47:00,CERRADA,PPUB-ATL-0440,Preventivo,6.0,1.0,1761.3000000000002,6.0,1.0,AGRICOLA,61.541666666666664,3300.0,0,4.444444444444445,61.541666666666664,0.0,0.4841937349387099
TEPSA - HFJ182865,CASE IH,FARMALL JX110,4WD CABINA,HFJ182865-559744,TEPSA,CHAPA DE MOTA,MEXICO,684.45,26.25,3,3,0,0,CERRADA,CERRADA,CERRADA,,,,,,,19.7291948,-99.4944635,0.0,0.0,0,0.0,0.0,24.0,84.0,17.0,9.0,25.0,15.0,0.0,0.0,13.0,0.0,6.0,26.0,1.0,57.0,28.0,33.0,6.0,24.0,4.0,3.0,3.0,2.0,4.0,34.0,25.0,600.0,561.0,684.0,2025-03-08 22:07:00,CERRADA,00/00,Preventivo,-39.0,6.5,123.45000000000005,0.0,3.0,AGRICOLA,17.458333333333332,0.0,0,0.0,17.458333333333332,0.0,0.15203773756081598
AGROCISA - HFJ183429,CASE IH,95JX,HC 4WD CABINA,HFJ183429-581226,AGROCISAGRAL,OCOTLAN,JALISCO,719.91,75.89,3,2,1,1,CERRADA,CERRADA,CERRADAFUERA,,,,,,,20.4222608,-102.720434,0.0,0.0,0,0.0,0.0,24.0,0.0,29.0,13.0,6.0,2.0,41.0,77.0,18.0,1.0,1.0,1.0,0.0,27.0,34.0,9.0,0.0,0.0,24.0,31.0,0.0,0.0,0.0,0.0,0.0,600.0,560.0,719.0,2025-04-03 01:42:00,CERRADAFUERA,0,Preventivo,-40.0,6.666666666666667,159.90999999999997,0.0,4.0,AGRICOLA,13.083333333333334,0.0,0,9.333333333333334,13.083333333333334,0.0,0.08087583101613022
ALTENOS - HFJ183474,CASE IH,FARMALL JX110,4WD CABINA,HFJ183474-582638,ALTENOS,PONCITLAN,JALISCO,965.34,55.11,4,1,3,3,CERRADA,CERRADAFUERA,CERRADAFUERA,CERRADAFUERA,,,,,,20.3913741,-102.9247943,64.31,23.57,24,3.35,9.74,14.26,61.0,49.0,15.0,16.0,33.0,68.0,9.0,5.0,5.0,18.0,19.0,24.0,47.0,19.0,9.0,1.0,88.0,96.0,11.0,6.0,4.0,4.0,9.0,21.0,600.0,592.0,968.0,2024-05-11 12:22:00,CERRADAFUERA,CFD,Preventivo,-8.0,1.3333333333333335,373.34000000000003,0.0,5.0,AGRICOLA,26.541666666666668,0.0,0,5.0,26.541666666666668,9.74,0.0827914582762614
ALTENOS - HFJ183491,CASE IH,FARMALL JX100,4WD ROPS,HFJ183491-583049,ALTENOS,TEOCUITATLAN DE CORONA,JALISCO,748.22,96.72,3,2,1,1,CERRADA,CERRADA,CERRADAFUERA,,,,,,,20.1062556,-103.2588651,0.0,0.0,0,0.0,0.0,24.0,45.0,0.0,0.0,0.0,56.0,35.0,1.0,0.0,0.0,0.0,0.0,55.0,29.0,1.0,18.0,10.0,77.0,98.0,11.0,0.0,0.0,3.0,1.0,44.0,600.0,598.0,748.0,2025-05-27 16:13:00,CERRADAFUERA,CFD,Preventivo,-2.0,0.33333333333333337,150.22000000000003,0.0,5.0,AGRICOLA,20.166666666666668,0.0,0,8.666666666666668,20.166666666666668,0.0,0.08341998955009558
AGROCISA - HFJ183592,CASE IH,FARMALL JX100,4WD ROPS,HFJ183592-578826,AGROCISAGRAL,SAN JOSE ITURBIDE,GUANAJUATO,631.04,30.14,3,2,1,1,CERRADA,CERRADAFUERA,CERRADA,,,,,,,21.031148,-100.4558288,0.0,0.0,0,0.0,0.0,24.0,0.0,0.0,1.0,0.0,99.0,8.0,0.0,13.0,7.0,9.0,53.0,3.0,0.0,0.0,16.0,126.0,86.0,19.0,0.0,7.0,0.0,15.0,1.0,12.0,600.0,560.0,631.0,2025-08-25 11:58:00,CERRADA,0,Preventivo,-40.0,6.666666666666667,71.03999999999996,0.0,8.0,AGRICOLA,19.791666666666668,0.0,0,10.0,19.791666666666668,0.0,0.08341998955009558
ATC - HFJ183604,CASE IH,FARMALL JX110,4WD CABINA,HFJ183604-585443,ATC,GUADALUPE VICTORIA,DURANGO,800.39,27.41,3,2,1,1,CERRADA,CERRADA,CERRADAFUERA,,,,,,,24.242117,-103.5532605,0.55,0.11,3,0.83,0.24,23.76,0.0,1.0,1.0,0.0,8.0,1.0,33.0,15.0,1.0,0.0,2.0,82.0,38.0,21.0,2.0,3.0,6.0,18.0,38.0,58.0,5.0,27.0,26.0,31.0,600.0,600.0,800.0,2025-07-16 19:15:00,CERRADAFUERA,,Preventivo,0.0,0.0,200.39,0.0,7.0,AGRICOLA,17.375,0.0,0,0.0,17.375,0.24,0.07189386752114788
AGROCISA - HFJ183617,CASE IH,FARMALL JX110,4WD CABINA,HFJ183617-584253,AGROCISAGRAL,ZACAPU,MICHOACAN DE OCAMPO,995.03,0.3,4,2,2,2,CERRADA,CERRADA,CERRADAFUERA,CERRADAFUERA,,,,,,19.940473,-102.0117353,8.74,1.08,6,1.08,1.71,22.29,27.0,32.0,7.0,23.0,17.0,22.0,3.0,10.0,0.0,24.0,17.0,0.0,11.0,1.0,30.0,11.0,28.0,76.0,117.0,38.0,3.0,16.0,5.0,0.0,600.0,686.0,995.0,2025-11-07 09:25:00,CERRADAFUERA,0,Preventivo,86.0,14.333333333333334,309.03,86.0,11.0,AGRICOLA,21.583333333333332,0.0,0,3.277777777777778,21.583333333333332,1.71,0.06561798336189209
ATC - HFJ183787,CASE IH,FARMALL JX110,4WD CABINA,HFJ183787-590584,ATC,IRAPUATO,GUANAJUATO,1071.79,252.61,4,3,1,1,CERRADA,CERRADA,CERRADA,CERRADAFUERA,,,,,,20.4972445,-101.4573603,38.74,0.42,11,0.12,0.93,23.07,112.0,40.0,2.0,61.0,16.0,9.0,1.0,1.0,2.0,27.0,82.0,114.0,13.0,0.0,0.0,0.0,44.0,4.0,0.0,0.0,4.0,3.0,1.0,27.0,600.0,600.0,1072.0,2024-10-05 21:56:00,CERRADA,971369,Preventivo,0.0,0.0,471.78999999999996,0.0,10.0,AGRICOLA,23.458333333333332,0.0,0,0.0,23.458333333333332,0.93,0.1040708232117889
ARBSA - HFJ183961,CASE IH,FARMALL JX100,4WD CABINA,HFJ183961-595118,ARBSA,HERMOSILLO,SONORA,1362.55,0.0,14,6,0,8,CERRADA,CERRADA,CERRADA,CERRADA,CERRADA,,,,,29.0980285,-110.9294896,0.0,0.0,0,0.0,0.0,24.0,12.0,0.0,9.0,22.0,8.0,2.0,21.0,58.0,7.0,43.0,5.0,1.0,6.0,160.0,37.0,69.0,108.0,112.0,83.0,110.0,60.0,57.0,44.0,1.0,600.0,578.0,1362.0,2025-04-22 09:34:00,CERRADA,503075,Preventivo,-22.0,3.6666666666666665,784.55,0.0,4.0,AGRICOLA,43.125,0.0,0,7.333333333333334,43.125,0.0,0.438048396661867
AGROCISA - HFJ183971,CASE IH,FARMALL JX100,4WD CABINA,HFJ183971-595563,AGROCISAGRAL,PENJAMO,GUANAJUATO,1042.73,369.75,4,4,0,0,CERRADA,CERRADA,CERRADA,CERRADA,,,,,,20.225298,-101.823346,34.53,7.49,6,2.0,4.38,19.62,75.0,15.0,20.0,35.0,40.0,22.0,0.0,1.0,6.0,1.0,7.0,38.0,87.0,42.0,32.0,34.0,15.0,23.0,9.0,1.0,2.0,2.0,14.0,29.0,600.0,563.0,1042.0,2024-06-08 21:23:00,CERRADA,6889,Preventivo,-37.0,6.166666666666667,479.73,0.0,6.0,AGRICOLA,22.916666666666668,0.0,0,0.0,22.916666666666668,4.38,0.1021423031035087
ALTENOS - HFJ183972,CASE IH,FARMALL JX100,4WD ROPS,HFJ183972-595338,ALTENOS,TEOCUITATLAN DE CORONA,JALISCO,1738.19,110.26,6,1,5,5,CERRADA,CERRADAFUERA,CERRADAFUERA,CERRADAFUERA,CERRADAFUERA,CERRADAFUERA,,,,20.106438,-103.2619135,7.62,3.84,12,4.33,1.19,22.81,35.0,62.0,21.0,38.0,114.0,99.0,36.0,4.0,10.0,38.0,52.0,6.0,45.0,27.0,67.0,48.0,105.0,45.0,27.0,1.0,17.0,15.0,11.0,49.0,600.0,560.0,1738.0,2024-07-03 09:00:00,CERRADAFUERA,5,Preventivo,-40.0,6.666666666666667,1178.19,0.0,7.0,AGRICOLA,40.5,0.0,0,4.333333333333334,40.5,1.19,0.20706516318735313
ARBSA - HFJ183983,CASE IH,FARMALL JX110,4WD ROPS,HFJ183983-595846,ARBSA,NAVOJOA,SONORA,942.19,0.0,4,4,0,0,CERRADA,CERRADA,CERRADA,CERRADA,,,,,,27.0694463,-109.4509486,0.0,0.0,0,0.0,0.0,24.0,73.0,65.0,41.0,38.0,85.0,5.0,0.0,0.0,0.0,1.0,0.0,0.0,3.0,58.0,28.0,0.0,114.0,56.0,0.0,0.0,1.0,0.0,1.0,0.0,600.0,632.0,942.0,2024-05-26 11:33:00,CERRADA,257440,Preventivo,32.0,5.333333333333334,310.19000000000005,32.0,5.0,AGRICOLA,23.708333333333332,0.0,0,91.66666666666666,23.708333333333332,0.0,0.06844509975174806
AGROCISA - HFJ183985,CASE IH,95JX,HC 4WD CABINA,HFJ183985-594380,AGROCISAGRAL,PENJAMO,GUANAJUATO,1065.48,21.0,4,4,0,0,CERRADA,CERRADA,CERRADA,CERRADA,,,,,,20.3392258,-101.5999863,0.0,0.0,0,0.0,0.0,24.0,69.0,30.0,11.0,12.0,20.0,48.0,14.0,19.0,3.0,26.0,43.0,63.0,49.0,34.0,5.0,59.0,64.0,16.0,2.0,16.0,8.0,4.0,13.0,41.0,600.0,618.0,1066.0,2024-05-12 10:15:00,CERRADA,6139,Preventivo,18.0,3.0,447.48,18.0,5.0,AGRICOLA,27.875,0.0,0,6.0,27.875,0.0,0.06503540860558923
MADISA - HFJ183987,CASE IH,95JX,HC 4WD CABINA,HFJ183987-594694,MADISAGRAL,CADEREYTA JIMENEZ,NUEVO LEON,894.48,767.98,4,0,3,4,CERRADAFUERA,CERRADAFUERA,CERRADAFUERA,PENDIENTE,,,,,,25.5310861,-99.9135023,0.08,0.03,3,0.68,0.05,23.95,23.0,78.0,18.0,27.0,2.0,21.0,39.0,21.0,44.0,0.0,14.0,21.0,17.0,18.0,27.0,0.0,3.0,33.0,6.0,0.0,75.0,21.0,10.0,0.0,600.0,561.0,894.0,2025-01-16 19:04:00,CERRADAFUERA,NO APLICA,Preventivo,-39.0,6.5,333.48,0.0,1.0,AGRICOLA,21.583333333333332,900.0,0,13.0,21.583333333333332,0.05,0.047687374614392514
AGROCISA - HJF184014,CASE IH,FARMALL JX110,4WD CABINA,HFJ184014-596075,AGROCISAGRAL,MARCOS CASTELLANOS,MICHOACAN DE OCAMPO,1209.41,0.0,5,5,0,0,CERRADA,CERRADA,CERRADA,CERRADA,CERRADA,,,,,19.9852518,-103.0265378,0.0,0.0,3,0.0,0.0,24.0,53.0,72.0,43.0,45.0,39.0,73.0,16.0,28.0,18.0,17.0,23.0,27.0,43.0,95.0,48.0,64.0,50.0,79.0,6.0,11.0,23.0,2.0,16.0,10.0,600.0,581.0,1209.0,2024-06-23 10:24:00,CERRADA,23301,Preventivo,-19.0,3.166666666666667,628.4100000000001,0.0,6.0,AGRICOLA,37.541666666666664,0.0,0,11.666666666666666,37.541666666666664,0.0,0.3329100965122293
TEPSA - HFJ184203,CASE IH,95JX,HC 4WD CABINA,HFJ184203-599113,TEPSA,ORIENTAL,PUEBLA,1584.95,25.76,6,4,2,2,CERRADA,CERRADA,CERRADA,CERRADA,CERRADAFUERA,CERRADAFUERA,,,,19.3751088,-97.6255338,0.0,30.28,23,5.5,5.8,18.2,3.0,11.0,10.0,21.0,69.0,54.0,41.0,59.0,0.0,4.0,12.0,9.0,17.0,13.0,31.0,53.0,41.0,96.0,15.0,69.0,29.0,17.0,26.0,23.0,600.0,563.0,1584.0,2024-04-24 23:40:00,CERRADA,SFPT1719/0449,Preventivo,-37.0,6.166666666666667,1021.95,0.0,4.0,AGRICOLA,30.125,0.0,0,0.7777777777777778,30.125,5.8,0.11649086312689658
AGROCISA - HFJ184238,CASE IH,FARMALL JX110,4WD CABINA,HFJ184238-600944,AGROCISAGRAL,PENJAMO,GUANAJUATO,1613.12,53.94,6,2,4,4,CERRADA,CERRADAFUERA,CERRADAFUERA,CERRADAFUERA,CERRADAFUERA,CERRADA,,,,20.3455393,-101.6221978,17.05,4.78,12,2.46,2.18,21.82,85.0,64.0,44.0,8.0,13.0,55.0,56.0,31.0,12.0,6.0,50.0,70.0,137.0,72.0,61.0,9.0,21.0,30.0,28.0,15.0,11.0,33.0,58.0,54.0,600.0,578.0,1613.0,2024-06-08 20:16:00,CERRADAFUERA,0,Preventivo,-22.0,3.6666666666666665,1035.12,0.0,6.0,AGRICOLA,42.625,0.0,0,13.333333333333334,42.625,2.18,0.2808136546139766
TRACTIESA - HFJ184364,CASE IH,FARMALL JX90,4WD ROPS,HFJ184364-606835,TRACTIESA,ZITACUARO,MICHOACAN DE OCAMPO,1266.99,10.39,5,3,0,2,CERRADA,CERRADA,CERRADA,PENDIENTE,PENDIENTE,,,,,19.400851,-100.4295216,38.53,6.01,24,2.47,8.64,15.36,75.0,85.0,31.0,1.0,68.0,57.0,33.0,42.0,3.0,2.0,0.0,18.0,77.0,113.0,49.0,8.0,96.0,69.0,15.0,0.0,0.0,0.0,0.0,18.0,600.0,615.0,1269.0,2024-06-08 21:27:00,CERRADA,MAR-704,Preventivo,15.0,2.5,651.99,15.0,6.0,AGRICOLA,35.833333333333336,2100.0,0,11.333333333333332,35.833333333333336,8.64,0.2752224678854078
MADISA-HFJ184418-608160,CASE IH,FARMALL JX90,4WD ROPS,HFJ184418-608160,MADISAGRAL,ALLENDE,NUEVO LEON,1172.0,3.68,4,2,1,2,PENDIENTE,CERRADA,CERRADA,CERRADAFUERA,,,,,,28.3678043,-100.8598683,0.0,0.0,0,0.0,0.0,24.0,1.0,0.0,31.0,32.0,27.0,29.0,27.0,6.0,18.0,6.0,13.0,12.0,35.0,52.0,66.0,48.0,49.0,45.0,15.0,0.0,0.0,0.0,0.0,0.0,600.0,563.0,1172.0,2024-02-06 23:21:00,CERRADA,2435834,Preventivo,-37.0,6.166666666666667,609.0,0.0,2.0,AGRICOLA,21.333333333333332,50.0,0,13.333333333333334,21.333333333333332,0.0,0.08985481159789495
AGROCISA - HFJ184435,CASE IH,FARMALL JX90,4WD ROPS,HFJ184435-608737,AGROCISAGRAL,VISTA HERMOSA,MICHOACAN DE OCAMPO,744.23,140.42,3,0,3,3,CERRADAFUERA,CERRADAFUERA,CERRADAFUERA,,,,,,,20.3521566,-102.4563163,0.0,0.0,0,0.0,0.0,24.0,88.0,22.0,23.0,25.0,59.0,27.0,27.0,25.0,0.0,0.0,0.0,1.0,45.0,30.0,30.0,47.0,57.0,37.0,11.0,6.0,7.0,27.0,12.0,26.0,600.0,601.0,744.0,2025-01-06 09:34:00,CERRADAFUERA,0,Preventivo,1.0,0.16666666666666669,143.23000000000002,1.0,1.0,AGRICOLA,26.333333333333332,0.0,0,13.333333333333334,26.333333333333332,0.0,0.06562805988357999
AGROCISA - HFJ184484,CASE IH,FARMALL JX90,4WD CABINA,HFJ184484-610416,AGROCISAGRAL,ZACAPU,MICHOACAN DE OCAMPO,1687.57,94.44,6,3,3,3,CERRADA,CERRADA,CERRADAFUERA,CERRADAFUERA,CERRADAFUERA,CERRADA,,,,19.8448458,-101.5883863,50.4,36.45,24,5.07,8.09,15.91,113.0,74.0,104.0,70.0,37.0,30.0,36.0,20.0,0.0,11.0,41.0,67.0,70.0,58.0,32.0,43.0,27.0,41.0,28.0,14.0,5.0,8.0,36.0,51.0,600.0,561.0,1687.0,2024-03-13 15:34:00,CERRADAFUERA,0,Preventivo,-39.0,6.5,1126.57,0.0,3.0,AGRICOLA,42.333333333333336,0.0,0,0.6666666666666667,42.333333333333336,8.09,0.4029031678277836
AGROCISA - HFJ184490,CASE IH,FARMALL JX100,4WD ROPS,HFJ184490-610444,AGROCISAGRAL,ZAPOTLAN DEL REY,JALISCO,783.56,1.19,2,2,0,0,,CERRADA,CERRADA,,,,,,,20.5591885,-102.7395003,0.66,0.65,6,1.29,0.6,23.4,3.0,17.0,82.0,24.0,16.0,1.0,2.0,3.0,21.0,4.0,2.0,2.0,56.0,15.0,1.0,28.0,50.0,17.0,12.0,12.0,12.0,15.0,16.0,7.0,600.0,560.0,783.0,2025-02-13 12:40:00,CERRADA,4804,Preventivo,-40.0,6.666666666666667,223.55999999999995,0.0,2.0,AGRICOLA,17.416666666666668,0.0,0,51.33333333333333,17.416666666666668,0.6,0.054858468797366194
AGROCISA - HFJ184493,CASE IH,FARMALL JX90,4WD CABINA,HFJ184493-610495,AGROCISAGRAL,SAN JUAN DE LOS LAGOS,JALISCO,684.97,0.0,6,3,0,3,CERRADA,CERRADA,CERRADA,,,,,,,21.0257863,-102.3746905,0.0,0.0,0,0.0,0.0,24.0,43.0,46.0,28.0,35.0,19.0,23.0,2.0,34.0,32.0,31.0,21.0,25.0,43.0,28.0,27.0,35.0,33.0,2.0,9.0,11.0,0.0,2.0,4.0,0.0,600.0,570.0,684.0,2025-03-24 15:17:00,CERRADA,23149,Preventivo,-30.0,5.0,114.97000000000003,0.0,3.0,AGRICOLA,22.208333333333332,0.0,0,10.333333333333334,22.208333333333332,0.0,0.05912054354210951
MADISA - HFJ184519,CASE IH,FARMALL JX90,4WD CABINA,HFJ184519-609402,MADISAGRAL,CALPULALPAN,TLAXCALA,667.81,0.02,3,2,1,1,CERRADA,CERRADA,CERRADAFUERA,,,,,,,19.5058873,-98.3970068,0.0,0.0,0,0.0,0.03,23.97,63.0,19.0,2.0,3.0,30.0,9.0,19.0,38.0,4.0,0.0,17.0,11.0,32.0,15.0,60.0,36.0,78.0,9.0,2.0,8.0,8.0,6.0,7.0,12.0,600.0,572.0,667.0,2025-05-27 15:48:00,CERRADAFUERA,NO APLICA,Preventivo,-28.0,4.666666666666667,95.80999999999995,0.0,5.0,AGRICOLA,20.333333333333332,0.0,0,178.66666666666666,20.333333333333332,0.03,0.06726676047611047
AGROCISA - HFJ184527,CASE IH,FARMALL JX90,4WD CABINA,HFJ184527-611154,AGROCISAGRAL,PURISIMA DEL RINCON,GUANAJUATO,2358.17,0.0,9,1,7,8,CERRADAFUERA,CERRADAFUERA,CERRADAFUERA,CERRADAFUERA,CERRADAFUERA,CERRADAFUERA,CERRADAFUERA,CERRADA,PORVENCER,20.8172136,-101.8760231,66.48,62.05,24,8.16,8.21,15.79,109.0,61.0,53.0,66.0,138.0,38.0,47.0,33.0,12.0,67.0,115.0,107.0,77.0,58.0,85.0,109.0,48.0,75.0,52.0,0.0,14.0,15.0,57.0,73.0,600.0,564.0,2358.0,2024-04-24 23:26:00,CERRADAFUERA,0,Preventivo,-36.0,6.0,1794.17,0.0,4.0,AGRICOLA,62.875,2400.0,0,1.3333333333333335,62.875,8.21,0.46503915453092304
866392068843337,CASE IH,FARMALL JX100,4WD ROPS,HFJ184532-611727,BOSQUES,JOSE MARIA MORELOS,QUINTANA ROO,1788.14,8.13,7,5,0,2,CERRADA,CERRADA,CERRADA,CERRADA,CERRADA,PENDIENTE,PORVENCER,,,19.7559308,-88.7657341,30.09,24.29,18,6.03,3.88,20.12,2.0,0.0,9.0,13.0,0.0,0.0,7.0,1.0,8.0,21.0,14.0,8.0,19.0,16.0,33.0,6.0,25.0,1.0,35.0,17.0,26.0,14.0,21.0,23.0,600.0,856.0,1791.0,2024-10-30 11:41:00,CERRADA,BSPJX13072024,Preventivo,256.0,42.66666666666667,932.1400000000001,256.0,10.0,AGRICOLA,13.291666666666666,3300.0,0,897.5000000000001,13.291666666666666,3.88,0.10524329515011041
AGROCISA - HFJ184543,CASE IH,FARMALL JX110,4WD CABINA,HFJ184543-612144,AGROCISAGRAL,YURECUARO,MICHOACAN DE OCAMPO,752.27,69.51,2,0,2,2,,CERRADAFUERA,CERRADAFUERA,,,,,,,20.3548036,-102.330073,0.0,0.0,0,0.0,0.0,24.0,72.0,72.0,14.0,6.0,27.0,1.0,0.0,0.0,0.0,4.0,9.0,86.0,47.0,8.0,29.0,44.0,87.0,17.0,4.0,0.0,13.0,3.0,5.0,22.0,600.0,562.0,752.0,2025-04-23 17:17:00,CERRADAFUERA,0,Preventivo,-38.0,6.333333333333334,190.26999999999998,0.0,4.0,AGRICOLA,23.75,0.0,0,7.000000000000001,23.75,0.0,0.06503540860558923
AGROCISA - HFJ184545,CASE IH,FARMALL JX110,4WD CABINA,HFJ184545-612142,AGROCISAGRAL,LA PIEDAD,MICHOACAN DE OCAMPO,1591.32,184.68,4,3,1,1,,,CERRADAFUERA,CERRADA,CERRADA,CERRADA,,,,20.2907978,-101.8940716,2.15,1.83,11,7.34,0.26,23.74,161.0,70.0,24.0,23.0,145.0,24.0,22.0,23.0,22.0,65.0,62.0,69.0,23.0,18.0,22.0,14.0,82.0,25.0,3.0,1.0,0.0,21.0,20.0,117.0,600.0,798.0,1591.0,2024-06-08 21:00:00,CERRADAFUERA,0,Preventivo,198.0,33.0,793.3199999999999,198.0,6.0,AGRICOLA,44.0,0.0,0,19.666666666666664,44.0,0.26,0.36655979034260283
AGROCISA - HFJ184553,CASE IH,95JX,HC 4WD CABINA,HFJ184553-610523,AGROCISAGRAL,ZACAPU,MICHOACAN DE OCAMPO,1649.05,25.31,5,2,3,3,,CERRADA,CERRADAFUERA,CERRADA,CERRADAFUERA,CERRADAFUERA,,,,20.0566531,-101.7147075,27.21,7.11,9,2.21,5.41,18.59,0.0,0.0,0.0,21.0,205.0,0.0,22.0,7.0,0.0,1.0,82.0,98.0,159.0,63.0,70.0,133.0,111.0,82.0,26.0,2.0,0.0,18.0,20.0,54.0,600.0,563.0,1649.0,2024-12-20 21:43:00,CERRADAFUERA,0,Preventivo,-37.0,6.166666666666667,1086.05,0.0,12.0,AGRICOLA,48.916666666666664,0.0,0,21.0,48.916666666666664,5.41,0.4254141952128764
ALTENOS - HFJ184624,CASE IH,FARMALL JX110,4WD CABINA,HFJ184624-614037,ALTENOS,TEQUILA,JALISCO,1559.76,7.73,6,5,1,1,CERRADA,CERRADA,CERRADA,CERRADA,CERRADAFUERA,CERRADA,,,,20.8716403,-103.7907765,37.18,9.61,12,2.09,4.74,19.26,1.0,0.0,1.0,8.0,67.0,49.0,17.0,8.0,25.0,12.0,113.0,23.0,39.0,40.0,42.0,70.0,83.0,85.0,89.0,70.0,63.0,67.0,46.0,21.0,600.0,560.0,1562.0,2025-02-13 07:25:00,CERRADA,OTS0002861,Preventivo,-40.0,6.666666666666667,999.76,0.0,2.0,AGRICOLA,43.291666666666664,0.0,0,176.16666666666666,43.291666666666664,4.74,0.26805016291587014
MADISA - HFJ184659-614318,CASE IH,FARMALL JX110,4WD CABINA,HFJ184659-614318,MADISAGRAL,MUZQUIZ,COAHUILA DE ZARAGOZA,813.78,0.09,2,2,0,0,,CERRADA,CERRADA,,,,,,,28.2055266,-101.6025396,0.0,0.0,0,0.0,0.0,24.0,76.0,0.0,0.0,0.0,0.0,0.0,4.0,15.0,0.0,0.0,0.0,0.0,1.0,26.0,13.0,0.0,0.0,25.0,17.0,5.0,6.0,43.0,0.0,0.0,600.0,562.0,813.0,2025-01-24 15:49:00,CERRADA,734190,Preventivo,-38.0,6.333333333333334,251.77999999999997,0.0,1.0,AGRICOLA,9.625,0.0,0,65.66666666666666,9.625,0.0,0.139064387071021
ATC-HFJ185056-866392066954938,CASE IH,95JX,HC 4WD CABINA,HFJ185056-613783,ATC,PANUCO,VERACRUZ DE IGNACIO DE LA LLAVE,1755.08,0.0,6,6,0,0,,CERRADA,CERRADA,CERRADA,CERRADA,CERRADA,CERRADA,,,21.9254855,-98.422383,38.37,16.89,13,3.23,6.77,17.23,50.0,98.0,40.0,30.0,9.0,13.0,59.0,85.0,96.0,1.0,23.0,32.0,57.0,110.0,127.0,113.0,82.0,51.0,40.0,51.0,66.0,30.0,9.0,5.0,600.0,454.0,1757.0,2024-07-29 07:29:00,CERRADA,949834,Preventivo,-146.0,24.333333333333336,1301.08,0.0,7.0,AGRICOLA,53.208333333333336,0.0,0,24.0,53.208333333333336,6.77,0.5666911511924682
866392067004378,CASE IH,95JX,HC 4WD CABINA,HFJ185059-620993,TAPSA,SAN NICOLAS BUENOS AIRES,PUEBLA,2363.6,102.95,7,0,6,7,,,CERRADAFUERA,CERRADAFUERA,CERRADAFUERA,CERRADAFUERA,CERRADAFUERA,CERRADAFUERA,PORVENCER,19.244132,-97.5561125,0.0,0.0,0,0.0,0.0,24.0,62.0,10.0,37.0,81.0,100.0,97.0,101.0,104.0,79.0,75.0,57.0,12.0,71.0,37.0,76.0,54.0,65.0,79.0,93.0,49.0,70.0,78.0,23.0,37.0,600.0,842.0,2363.0,2024-06-08 21:11:00,CERRADAFUERA,******,Preventivo,242.0,40.33333333333333,1521.6,242.0,6.0,AGRICOLA,64.45833333333333,2400.0,0,14.13888888888889,64.45833333333333,0.0,0.5281169576161129
862407060128810,CASE IH,FARMALL JX90,4WD CABINA,HFJ185293-631956,ARBSA,HERMOSILLO,SONORA,617.4,0.1,3,3,0,0,CERRADA,CERRADA,CERRADA,,,,,,,29.2866911,-110.8853966,0.0,0.0,0,0.0,0.0,24.0,1.0,15.0,0.0,16.0,31.0,48.0,43.0,9.0,35.0,5.0,16.0,5.0,4.0,3.0,9.0,30.0,9.0,46.0,4.0,12.0,3.0,22.0,14.0,6.0,600.0,560.0,617.0,2025-10-22 12:59:00,CERRADA,503075,Preventivo,-40.0,6.666666666666667,57.39999999999998,0.0,10.0,AGRICOLA,16.083333333333332,0.0,0,167.83333333333334,16.083333333333332,0.0,0.1435547548638488
ATC-HFJ185350-862407060152034,CASE IH,FARMALL JX100,4WD ROPS,HFJ185350-633819,ATC,GUADALUPE VICTORIA,DURANGO,1386.51,18.97,5,2,3,3,CERRADA,CERRADA,CERRADAFUERA,CERRADAFUERA,CERRADAFUERA,,,,,24.3034436,-103.482183,0.0,0.0,0,0.0,0.0,24.0,0.0,21.0,62.0,6.0,67.0,94.0,81.0,32.0,17.0,60.0,9.0,20.0,27.0,120.0,24.0,53.0,50.0,48.0,88.0,33.0,9.0,47.0,11.0,25.0,600.0,600.0,1387.0,2024-05-12 21:56:00,CERRADAFUERA,,Preventivo,0.0,0.0,786.51,0.0,5.0,AGRICOLA,41.833333333333336,0.0,1,176.0,41.833333333333336,0.0,0.5416000938865362
MADISA - 862407060158155,CASE IH,FARMALL JX110,4WD ROPS,HFJ185355-633937,MADISAGRAL,REYNOSA,TAMAULIPAS,888.44,8.78,4,0,2,4,CERRADAFUERA,PENDIENTE,CERRADAFUERA,PORVENCER,,,,,,25.7985331,-98.5471185,0.0,0.0,0,0.0,0.0,24.0,0.0,4.0,6.0,26.0,24.0,35.0,30.0,15.0,17.0,64.0,52.0,37.0,33.0,16.0,17.0,54.0,53.0,41.0,75.0,18.0,50.0,25.0,0.0,25.0,600.0,564.0,888.0,2025-01-06 10:30:00,CERRADAFUERA,FVP04402455,Preventivo,-36.0,6.0,324.44000000000005,0.0,1.0,AGRICOLA,29.875,1200.0,0,266.0,29.875,0.0,0.0808279601161754
ATC-HFJ185362-862407060157934,CASE IH,FARMALL JX100,4WD CABINA,HFJ185362-635019,ATC,PANUCO,VERACRUZ DE IGNACIO DE LA LLAVE,2205.68,0.0,9,9,0,0,,CERRADA,CERRADA,CERRADA,CERRADA,CERRADA,CERRADA,CERRADA,CERRADA,22.0213153,-98.1846288,0.0,0.0,0,0.0,0.0,24.0,8.0,133.0,164.0,93.0,203.0,145.0,59.0,53.0,73.0,111.0,62.0,102.0,67.0,62.0,72.0,44.0,92.0,57.0,1.0,2.0,0.0,0.0,0.0,0.0,600.0,503.0,2205.0,2024-05-06 10:49:00,CERRADA,926842,Preventivo,-97.0,16.166666666666664,1702.6799999999998,0.0,5.0,AGRICOLA,66.79166666666667,0.0,0,26.166666666666664,66.79166666666667,0.0,0.5121279605462651
866016064451551,CASE IH,FARMALL JX100,4WD ROPS,HFJ185376-634912,AGROCISAGRAL,VILLAMAR,MICHOACAN DE OCAMPO,1918.31,92.43,5,3,2,2,,,CERRADAFUERA,CERRADAFUERA,CERRADA,CERRADA,CERRADA,,,20.0233968,-102.5310933,10.88,6.26,11,2.74,4.52,19.48,149.0,78.0,48.0,35.0,137.0,154.0,19.0,3.0,1.0,15.0,39.0,106.0,138.0,84.0,66.0,79.0,155.0,107.0,14.0,8.0,12.0,13.0,20.0,56.0,600.0,766.0,1921.0,2024-06-08 20:37:00,CERRADAFUERA,0,Preventivo,166.0,27.666666666666668,1152.31,166.0,6.0,AGRICOLA,64.0,0.0,0,4.444444444444445,64.0,4.52,0.3143058349068206
ALTENOS - 866016064452039,CASE IH,FARMALL JX100,4WD ROPS,HFJ185377-634387,ALTENOS,SILAO DE LA VICTORIA,GUANAJUATO,1010.92,96.04,3,3,0,0,,CERRADA,CERRADA,CERRADA,,,,,,20.8282708,-101.3473846,19.72,15.01,15,6.44,5.44,18.56,62.0,24.0,6.0,29.0,29.0,61.0,19.0,0.0,0.0,4.0,55.0,73.0,20.0,29.0,6.0,14.0,106.0,75.0,12.0,10.0,1.0,0.0,70.0,49.0,600.0,576.0,1012.0,2025-03-24 13:58:00,CERRADA,OTS0003449,Preventivo,-24.0,4.0,434.91999999999996,0.0,3.0,AGRICOLA,31.416666666666668,0.0,0,8.333333333333332,31.416666666666668,5.44,0.041335441961511406
866016064478174,CASE IH,FARMALL JX110,4WD CABINA,HFJ185395-636028,ALTENOS,MANUEL DOBLADO,GUANAJUATO,1379.81,32.79,9,3,3,6,CERRADA,CERRADA,CERRADAFUERA,CERRADAFUERA,CERRADAFUERA,,,,,20.7966575,-101.9553458,23.29,0.05,3,0.04,6.16,17.84,6.0,89.0,68.0,85.0,64.0,82.0,7.0,10.0,9.0,0.0,4.0,105.0,31.0,52.0,89.0,58.0,60.0,33.0,7.0,18.0,29.0,6.0,40.0,95.0,600.0,561.0,1383.0,2024-09-12 13:31:00,CERRADAFUERA,CFD,Preventivo,-39.0,6.5,818.81,0.0,9.0,AGRICOLA,43.625,0.0,0,8.5,43.625,6.16,0.35691092670614644
ATC - 866016064578239,CASE IH,FARMALL JX100,4WD CABINA,HFJ185400-636277,ATN,TIANGUISTENCO,MEXICO,806.5,103.14,12,2,1,10,CERRADA,CERRADA,CERRADAFUERA,,,,,,,19.135003,-99.4558458,0.0,0.0,0,0.0,0.0,24.0,0.0,3.0,2.0,37.0,23.0,90.0,5.0,10.0,1.0,4.0,2.0,0.0,0.0,0.0,0.0,0.0,0.0,0.0,0.0,0.0,0.0,0.0,0.0,0.0,600.0,600.0,806.0,2025-05-27 17:41:00,CERRADAFUERA,,Preventivo,0.0,0.0,206.5,0.0,5.0,AGRICOLA,7.375,0.0,0,0.0,7.375,0.0,0.13556277165131644
866016064401028,CASE IH,FARMALL JX110,4WD,HFJ185470-636830,AGROEQUIPOS,LAS ROSAS,CHIAPAS,2647.03,149.45,10,5,0,5,CERRADA,CERRADA,CERRADA,CERRADA,CERRADA,,,,,16.2600703,-92.4280415,32.92,30.53,21,6.56,4.9,19.1,0.0,0.0,103.0,161.0,175.0,70.0,94.0,99.0,25.0,56.0,106.0,219.0,283.0,169.0,0.0,0.0,0.0,65.0,141.0,22.0,1.0,25.0,111.0,74.0,600.0,612.0,2649.0,2024-07-15 12:58:00,CERRADA,PCG0000000391,Preventivo,12.0,2.0,2035.0300000000002,12.0,7.0,AGRICOLA,83.29166666666667,0.0,0,17.03472222222222,83.29166666666667,4.9,0.21908636887148145
ATC - 862407060123886,CASE IH,95JX,HC 4WD CABINA,HFJ185475-634575,ATC,ROMITA,GUANAJUATO,2336.82,6.41,24,6,2,18,CERRADA,CERRADA,CERRADA,CERRADAFUERA,CERRADAFUERA,CERRADA,CERRADA,PENDIENTE,,20.981127,-101.580641,77.55,11.54,8,1.43,11.17,12.83,0.0,36.0,47.0,51.0,111.0,65.0,92.0,102.0,46.0,39.0,22.0,39.0,133.0,68.0,100.0,115.0,138.0,82.0,56.0,65.0,72.0,78.0,49.0,72.0,600.0,600.0,2337.0,2024-06-08 20:44:00,CERRADA,955565,Preventivo,0.0,0.0,1736.8200000000002,0.0,6.0,AGRICOLA,69.91666666666667,2100.0,0,2.0,69.91666666666667,11.17,0.2006455470683483
862407060126384,CASE IH,95JX,HC 4WD CABINA,HFJ185484-638505,MADISAGRAL,SAN NICOLAS BUENOS AIRES,PUEBLA,724.12,122.75,34,3,1,31,CERRADA,CERRADA,CERRADAFUERA,,,,,,,19.2667695,-97.533469,0.0,0.0,0,0.0,0.0,24.0,0.0,0.0,23.0,0.0,22.0,13.0,24.0,32.0,48.0,13.0,3.0,6.0,8.0,21.0,50.0,41.0,49.0,42.0,24.0,17.0,47.0,33.0,7.0,6.0,600.0,569.0,724.0,2025-07-21 12:53:00,CERRADAFUERA,NO APLICA,Preventivo,-31.0,5.166666666666667,155.12,0.0,7.0,AGRICOLA,22.041666666666668,0.0,0,7.5,22.041666666666668,0.0,0.10943004026635114
866392063315125,CASE IH,FARMALL JX110,4WD CABINA,HFJ185499-640400,AGROCISAGRAL,CHAVINDA,MICHOACAN DE OCAMPO,672.76,22.57,3,1,2,2,CERRADAFUERA,CERRADAFUERA,CERRADA,,,,,,,20.1173915,-102.3728485,0.0,0.0,0,0.0,0.0,24.0,4.0,0.0,0.0,27.0,103.0,33.0,2.0,8.0,0.0,0.0,10.0,85.0,47.0,13.0,6.0,60.0,98.0,3.0,0.0,0.0,0.0,0.0,3.0,50.0,600.0,560.0,672.0,2025-04-12 07:53:00,CERRADA,25117,Preventivo,-40.0,6.666666666666667,112.75999999999999,0.0,4.0,AGRICOLA,23.0,0.0,0,136.16666666666666,23.0,0.0,0.059020552049429804
866016064400921,CASE IH,FARMALL JX90,4WD ROPS,HFJ185505-640568,AGROCISAGRAL,PURISIMA DEL RINCON,GUANAJUATO,1625.89,0.0,9,6,0,3,CERRADA,CERRADA,CERRADA,CERRADA,CERRADA,CERRADA,,,,20.8660226,-101.944618,0.33,0.07,5,0.46,0.18,23.82,6.0,0.0,1.0,69.0,112.0,63.0,33.0,32.0,10.0,63.0,68.0,90.0,75.0,89.0,44.0,70.0,112.0,64.0,32.0,6.0,23.0,58.0,84.0,44.0,600.0,689.0,1626.0,2024-05-12 21:53:00,CERRADA,7691,Preventivo,89.0,14.833333333333334,936.8900000000001,89.0,5.0,AGRICOLA,52.0,0.0,0,11.333333333333332,52.0,0.18,0.42190822544080897
ATC - 866016064543068,CASE IH,FARMALL JX110,4WD CABINA,HFJ185516-641802,ATN,QUERENDARO,MICHOACAN DE OCAMPO,1666.84,0.0,28,5,1,23,CERRADA,CERRADA,CERRADA,CERRADA,CERRADAFUERA,PENDIENTE,,,,19.8301846,-100.92931,0.0,0.0,0,0.0,0.0,24.0,6.0,20.0,16.0,52.0,164.0,148.0,32.0,45.0,1.0,0.0,0.0,0.0,0.0,0.0,0.0,0.0,0.0,0.0,0.0,0.0,0.0,0.0,0.0,0.0,600.0,600.0,1669.0,2024-06-08 20:38:00,CERRADA,961251,Preventivo,0.0,0.0,1066.84,0.0,6.0,AGRICOLA,20.166666666666668,1500.0,0,5.0,20.166666666666668,0.0,0.08933485461357529
866392063317949,CASE IH,FARMALL JX110,4WD CABINA,HFJ185560-643376,TEPSA,SAN ANTONINO MONTE VERDE,OAXACA,1520.04,141.93,5,1,4,4,,CERRADA,CERRADAFUERA,CERRADAFUERA,CERRADAFUERA,CERRADAFUERA,,,,17.6738815,-97.559459,31.58,15.34,25,3.9,4.51,19.49,0.0,0.0,0.0,4.0,0.0,0.0,0.0,0.0,0.0,0.0,0.0,0.0,0.0,0.0,0.0,0.0,0.0,0.0,0.0,0.0,0.0,0.0,0.0,0.0,600.0,560.0,1523.0,2025-01-28 16:37:00,CERRADAFUERA,0,Preventivo,-40.0,6.666666666666667,960.04,0.0,1.0,AGRICOLA,0.16666666666666666,0.0,0,8.333333333333332,0.16666666666666666,4.51,0.026747063972197015
862407060136953,CASE IH,FARMALL JX90,4WD CABINA,HFJ185563-642874,AGROCISAGRAL,PENJAMO,GUANAJUATO,771.19,6.53,15,2,1,13,CERRADAFUERA,CERRADA,CERRADA,,,,,,,20.4568695,-101.649215,11.53,6.17,13,3.57,1.75,22.25,0.0,0.0,0.0,1.0,1.0,0.0,0.0,0.0,0.0,3.0,1.0,28.0,66.0,90.0,43.0,91.0,161.0,64.0,44.0,23.0,19.0,44.0,37.0,46.0,600.0,575.0,771.0,2025-07-24 08:57:00,CERRADA,7089,Preventivo,-25.0,4.166666666666666,196.19000000000005,0.0,7.0,AGRICOLA,31.75,0.0,0,4.333333333333334,31.75,1.75,0.028831612930085328
862407060153495,CASE IH,95JX,HC 4WD CABINA,HFJ185572-642885,ALTENOS,SAN FRANCISCO DEL RINCON,GUANAJUATO,1006.57,0.37,3,3,0,0,,CERRADA,CERRADA,CERRADA,,,,,,20.9644056,-101.7015611,0.0,0.0,0,0.0,0.0,24.0,0.0,0.0,23.0,58.0,34.0,18.0,35.0,39.0,26.0,50.0,47.0,31.0,39.0,28.0,70.0,67.0,45.0,5.0,15.0,19.0,34.0,16.0,26.0,22.0,600.0,567.0,1006.0,2025-07-02 13:27:00,CERRADA,OTS0002935,Preventivo,-33.0,5.5,439.57000000000005,0.0,7.0,AGRICOLA,31.125,0.0,0,8.38888888888889,31.125,0.0,0.05912054354210951
862407060134024,CASE IH,FARMALL JX100,4WD CABINA,HFJ185573-643784,ATN,PANUCO,VERACRUZ DE IGNACIO DE LA LLAVE,2326.4,48.25,7,7,0,0,,CERRADA,CERRADA,CERRADA,CERRADA,CERRADA,CERRADA,CERRADA,,22.0812405,-98.305556,62.98,43.49,22,4.79,11.2,12.8,0.0,0.0,0.0,4.0,183.0,127.0,69.0,69.0,63.0,83.0,24.0,0.0,0.0,0.0,0.0,0.0,0.0,0.0,0.0,0.0,0.0,0.0,0.0,0.0,600.0,498.0,2329.0,2024-08-14 15:10:00,CERRADA,950755,Preventivo,-102.0,17.0,1828.4,0.0,8.0,AGRICOLA,25.916666666666668,0.0,0,16.0,25.916666666666668,11.2,0.06337359954593277
862407060153388,CASE IH,FARMALL JX110,4WD CABINA,HFJ185584-643736,TEPSA,CUYOACO,PUEBLA,621.13,76.24,3,2,0,1,CERRADA,PENDIENTE,CERRADA,,,,,,,19.6917148,-97.5999868,0.0,0.0,0,0.0,0.0,24.0,0.0,0.0,0.0,0.0,21.0,61.0,30.0,0.0,0.0,0.0,5.0,34.0,92.0,62.0,19.0,86.0,38.0,27.0,0.0,1.0,0.0,0.0,0.0,1.0,600.0,566.0,621.0,2025-10-12 11:53:00,CERRADA,SFP2166/0780,Preventivo,-34.0,5.666666666666666,55.129999999999995,0.0,10.0,AGRICOLA,19.875,300.0,0,224.00000000000003,19.875,0.0,0.10446747819992112
862407060140245,CASE IH,FARMALL JX110,4WD CABINA,HFJ185592-644392,AGROCISAGRAL,YURECUARO,MICHOACAN DE OCAMPO,1381.97,284.1,5,4,1,1,CERRADA,CERRADA,CERRADAFUERA,CERRADA,CERRADA,,,,,20.3263678,-102.3711095,11.68,9.27,23,6.86,1.36,22.64,0.0,0.0,0.0,91.0,75.0,9.0,1.0,8.0,14.0,98.0,80.0,57.0,40.0,55.0,94.0,103.0,112.0,40.0,10.0,0.0,1.0,12.0,51.0,60.0,600.0,563.0,1381.0,2024-12-16 09:51:00,CERRADAFUERA,0,Preventivo,-37.0,6.166666666666667,818.97,0.0,12.0,AGRICOLA,42.125,0.0,0,206.16666666666666,42.125,1.36,0.2418801130087282
866392063358554,CASE IH,FARMALL JX110,4WD CABINA,HFJ185600-644234,AGROCISAGRAL,CUERAMARO,GUANAJUATO,728.42,166.54,3,3,0,0,CERRADA,CERRADA,CERRADA,,,,,,,20.6234698,-101.672674,0.0,0.0,0,0.0,0.13,23.87,2.0,0.0,0.0,64.0,69.0,25.0,20.0,9.0,3.0,16.0,20.0,55.0,55.0,5.0,5.0,25.0,73.0,37.0,12.0,3.0,3.0,2.0,22.0,15.0,600.0,607.0,728.0,2025-11-07 11:12:00,CERRADA,7177,Preventivo,7.0,1.1666666666666667,121.41999999999996,7.0,11.0,AGRICOLA,22.5,0.0,0,189.83333333333334,22.5,0.13,0.03727452124089512
862407060159443,CASE IH,FARMALL JX110,4WD CABINA,HFJ185635-646526,ATN,CHAMPOTON,CAMPECHE,637.76,0.0,2,1,1,1,,CERRADA,CERRADAFUERA,,,,,,,19.3615731,-90.6606846,0.0,0.0,0,0.0,0.01,23.99,0.0,0.0,0.0,5.0,88.0,53.0,62.0,14.0,25.0,3.0,1.0,0.0,0.0,0.0,0.0,0.0,0.0,0.0,0.0,0.0,0.0,0.0,0.0,0.0,600.0,600.0,638.0,2025-12-07 15:14:00,CERRADAFUERA,,Preventivo,0.0,0.0,37.75999999999999,0.0,12.0,AGRICOLA,10.458333333333334,0.0,0,0.6666666666666667,10.458333333333334,0.01,0.08204253100230441
866392063364289,CASE IH,FARMALL JX110,4WD CABINA,HFJ185651-646941,ATN,SALVATIERRA,GUANAJUATO,1108.84,54.3,4,2,2,2,CERRADA,CERRADA,CERRADAFUERA,CERRADAFUERA,,,,,,20.2030553,-100.9625853,0.04,0.03,0,1.2,1.53,22.47,0.0,0.0,0.0,0.0,1.0,3.0,30.0,14.0,38.0,74.0,65.0,28.0,15.0,21.0,26.0,0.0,0.0,0.0,0.0,0.0,0.0,0.0,0.0,0.0,600.0,600.0,1108.0,2025-03-24 13:32:00,CERRADAFUERA,,Preventivo,0.0,0.0,508.8399999999999,0.0,3.0,AGRICOLA,13.125,0.0,0,0.0,13.125,1.53,0.06866534522906254
862407061477059,CASE IH,FARMALL JX100,4WD ROPS,HFJ185687-647719,AGROCISAGRAL,SALVATIERRA,GUANAJUATO,1433.79,188.39,4,3,1,1,,CERRADA,CERRADAFUERA,CERRADA,CERRADA,,,,,20.261689,-100.7438003,54.48,13.71,11,2.15,7.78,16.22,0.0,0.0,0.0,0.0,27.0,99.0,102.0,30.0,2.0,7.0,16.0,75.0,156.0,133.0,43.0,59.0,79.0,57.0,109.0,5.0,7.0,14.0,0.0,7.0,600.0,575.0,1436.0,2025-07-01 21:44:00,CERRADAFUERA,0,Preventivo,-25.0,4.166666666666666,858.79,0.0,7.0,AGRICOLA,42.791666666666664,0.0,0,7.888888888888888,42.791666666666664,7.78,0.3614884339491097
862407061531814,CASE IH,FARMALL JX100,4WD CABINA,HFJ185688-647825,ARBSA,SAN JUAN DEL RIO,QUERETARO,814.02,83.59,34,3,0,31,CERRADA,CERRADA,CERRADA,,,,,,,20.2953428,-99.870292,29.17,9.16,7,2.76,3.56,20.44,0.0,0.0,0.0,0.0,0.0,0.0,0.0,0.0,0.0,0.0,0.0,0.0,25.0,31.0,56.0,73.0,16.0,45.0,13.0,27.0,40.0,31.0,43.0,45.0,600.0,601.0,816.0,2025-11-27 19:38:00,CERRADA,123456,Preventivo,1.0,0.16666666666666669,213.01999999999998,1.0,11.0,AGRICOLA,18.541666666666668,0.0,0,3.8333333333333335,18.541666666666668,3.56,0.03041796355171752
862407061396945,CASE IH,FARMALL JX110,4WD ROPS,HFJ185739-648836,TEPSA,JUAN RODRIGUEZ CLARA,VERACRUZ DE IGNACIO DE LA LLAVE,2055.22,5.14,6,4,0,2,,CERRADA,CERRADA,CERRADA,PENDIENTE,CERRADA,PENDIENTE,,,18.051125,-95.3780748,18.11,10.38,28,4.08,2.67,21.34,0.0,0.0,0.0,0.0,0.0,0.0,0.0,74.0,130.0,98.0,65.0,95.0,104.0,50.0,81.0,73.0,108.0,78.0,76.0,79.0,127.0,100.0,60.0,57.0,600.0,565.0,2057.0,2024-05-11 10:08:00,CERRADA,SFAB157/352,Preventivo,-35.0,5.833333333333333,1490.2199999999998,0.0,5.0,AGRICOLA,60.625,3000.0,0,3.6666666666666665,60.625,2.67,0.31281877014234044
862407061559864,CASE IH,FARMALL JX110,4WD ROPS,HFJ185744-643649,AGROCISAGRAL,SAN FRANCISCO DEL RINCON,GUANAJUATO,1338.54,0.05,5,5,0,0,CERRADA,CERRADA,CERRADA,CERRADA,CERRADA,,,,,20.9799685,-101.830538,28.14,10.24,11,2.31,4.5,19.5,0.0,0.0,0.0,0.0,0.0,0.0,59.0,45.0,58.0,38.0,24.0,23.0,94.0,89.0,65.0,87.0,90.0,38.0,55.0,44.0,52.0,43.0,48.0,54.0,600.0,568.0,1339.0,2025-02-25 14:56:00,CERRADA,7867,Preventivo,-32.0,5.333333333333334,770.54,0.0,2.0,AGRICOLA,41.916666666666664,0.0,0,38.833333333333336,41.916666666666664,4.5,0.3007166138752709
862407061570374,CASE IH,FARMALL JX90,4WD CABINA,HFJ185756-649748,MADISAGRAL,CADEREYTA JIMENEZ,NUEVO LEON,926.32,181.45,4,3,0,1,CERRADA,CERRADA,CERRADA,PENDIENTE,,,,,,25.4004551,-99.9260641,83.67,23.69,23,2.54,9.93,14.07,0.0,0.0,0.0,0.0,0.0,1.0,48.0,104.0,5.0,15.0,49.0,21.0,107.0,67.0,64.0,13.0,20.0,52.0,49.0,1.0,8.0,24.0,6.0,7.0,600.0,561.0,928.0,2025-04-03 00:07:00,CERRADA,3202595,Preventivo,-39.0,6.5,365.32000000000005,0.0,4.0,AGRICOLA,27.541666666666668,900.0,0,40.5,27.541666666666668,9.93,0.07299820443336041
862407061485045,CASE IH,FARMALL JX110,4WD CABINA,HFJ185764-644876,ATN,VICENTE GUERRERO,DURANGO,1239.87,9.01,5,3,1,2,CERRADA,CERRADA,CERRADA,CERRADAFUERA,PENDIENTE,,,,,24.0197136,-103.4070385,0.0,0.0,0,0.0,0.0,24.0,0.0,0.0,0.0,0.0,0.0,0.0,53.0,0.0,0.0,0.0,0.0,0.0,0.0,0.0,0.0,0.0,0.0,0.0,0.0,0.0,0.0,0.0,0.0,0.0,600.0,600.0,1239.0,2025-07-02 14:25:00,CERRADA,1012604,Preventivo,0.0,0.0,639.8699999999999,0.0,7.0,AGRICOLA,2.2083333333333335,1200.0,0,464.6666666666667,2.2083333333333335,0.0,0.16714363346085734
AGROCISA - HFJ185765 - 862407061569715,CASE IH,FARMALL JX110,4WD CABINA,HFJ185765-650514,AGROCISAGRAL,PENJAMO,GUANAJUATO,1051.52,393.88,6,2,2,4,CERRADAFUERA,CERRADAFUERA,CERRADA,CERRADA,,,,,,20.2284745,-101.8284316,0.0,0.0,0,0.0,0.0,24.0,0.0,0.0,0.0,0.0,0.0,0.0,1.0,2.0,0.0,5.0,20.0,73.0,194.0,164.0,44.0,9.0,148.0,61.0,0.0,3.0,3.0,0.0,11.0,90.0,600.0,561.0,1055.0,2025-04-23 09:20:00,CERRADA,7137,Preventivo,-39.0,6.5,490.52,0.0,4.0,AGRICOLA,34.5,0.0,0,8.370370370370372,34.5,0.0,0.2798467219622958
862407061522672,CASE IH,FARMALL JX100,4WD CABINA,HFJ185824-650983,ATN,SALVATIERRA,GUANAJUATO,830.51,29.64,7,2,1,5,CERRADA,CERRADAFUERA,CERRADA,,,,,,,20.307808,-100.797844,0.54,0.07,7,1.04,0.08,23.92,0.0,0.0,0.0,0.0,0.0,0.0,3.0,11.0,18.0,61.0,0.0,0.0,0.0,0.0,0.0,0.0,0.0,0.0,0.0,0.0,0.0,0.0,0.0,0.0,600.0,600.0,835.0,2025-07-23 13:59:00,CERRADA,1024588,Preventivo,0.0,0.0,230.51,0.0,7.0,AGRICOLA,3.875,0.0,0,0.0,3.875,0.08,0.08144895596428217
DASSA - HFJ185841 - 862407061735068,CASE IH,FARMALL JX110,4WD CABINA,HFJ185841-654100,DASSA,SALVADOR ALVARADO,SINALOA,1954.24,0.05,7,4,0,3,CERRADA,CERRADA,CERRADA,CERRADA,PENDIENTE,PENDIENTE,PENDIENTE,,,25.4601033,-108.0700336,0.0,0.0,0,0.0,0.0,24.0,0.0,0.0,0.0,0.0,0.0,0.0,188.0,152.0,54.0,143.0,9.0,3.0,56.0,16.0,23.0,0.0,58.0,86.0,132.0,36.0,128.0,87.0,62.0,9.0,600.0,600.0,1954.0,2024-05-12 12:53:00,CERRADA,352,Preventivo,0.0,0.0,1354.24,0.0,5.0,AGRICOLA,51.75,4500.0,1,0.0,51.75,0.0,0.6639174190539626
862407061578161,CASE IH,FARMALL JX110,4WD CABINA,HFJ185849-654581,MADISAGRAL,CADEREYTA JIMENEZ,NUEVO LEON,1098.11,13.33,4,3,0,1,CERRADA,CERRADA,CERRADA,PENDIENTE,,,,,,25.5309945,-99.9211133,11.65,12.45,24,3.92,6.91,17.09,0.0,0.0,0.0,0.0,0.0,0.0,64.0,17.0,27.0,11.0,115.0,41.0,52.0,42.0,26.0,39.0,5.0,11.0,21.0,43.0,72.0,49.0,79.0,48.0,600.0,563.0,1098.0,2025-11-07 09:28:00,CERRADA,3202631,Preventivo,-37.0,6.166666666666667,535.1099999999999,0.0,11.0,AGRICOLA,31.75,900.0,0,72.33333333333333,31.75,6.91,0.0912210480616075
862407061715888,CASE IH,FARMALL JX110,4WD ROPS,HFJ185909-657499,AGROCISAGRAL,PENJAMO,GUANAJUATO,1231.14,8.0,9,4,1,5,CERRADAFUERA,CERRADA,CERRADA,CERRADA,CERRADA,,,,,20.3248118,-101.6281771,4.71,3.66,11,4.79,0.82,23.18,0.0,0.0,0.0,0.0,0.0,0.0,0.0,0.0,0.0,0.0,0.0,87.0,95.0,78.0,86.0,123.0,151.0,41.0,24.0,4.0,20.0,40.0,122.0,91.0,600.0,595.0,1233.0,2025-05-27 14:58:00,CERRADA,7136,Preventivo,-5.0,0.8333333333333334,636.1400000000001,0.0,5.0,AGRICOLA,40.083333333333336,0.0,0,13.666666666666668,40.083333333333336,0.82,0.27803852187294625
862407061420786,CASE IH,95JX,HC 4WD CABINA,HFJ185935-656128,ATN,PALMAR DE BRAVO,PUEBLA,934.08,27.55,4,3,0,1,CERRADA,CERRADA,CERRADA,PENDIENTE,,,,,,18.8429251,-97.5569716,23.61,10.14,11,3.16,3.31,20.69,0.0,0.0,0.0,0.0,0.0,0.0,0.0,33.0,35.0,49.0,48.0,20.0,68.0,54.0,40.0,76.0,52.0,36.0,30.0,47.0,36.0,34.0,30.0,11.0,600.0,590.0,934.0,2025-11-07 09:28:00,CERRADA,SFPT2344/748,Preventivo,-10.0,1.6666666666666667,344.08000000000004,0.0,11.0,AGRICOLA,29.125,900.0,0,41.0,29.125,3.31,0.04477537844268021
862407061484600,CASE IH,95JX,HC 4WD CABINA,HFJ185965-658594,TEPSA,ORIENTAL,PUEBLA,629.92,9.88,3,3,0,0,CERRADA,CERRADA,CERRADA,,,,,,,19.2595676,-97.583182,0.0,20.64,17,3.78,7.93,16.07,0.0,0.0,0.0,0.0,0.0,0.0,0.0,0.0,1.0,22.0,11.0,17.0,45.0,86.0,60.0,69.0,52.0,55.0,17.0,38.0,44.0,16.0,8.0,1.0,600.0,560.0,630.0,2025-02-10 15:22:00,CERRADA,SFPT/2399/818,Preventivo,-40.0,6.666666666666667,69.91999999999996,0.0,2.0,AGRICOLA,22.583333333333332,0.0,0,4.0,22.583333333333332,7.93,0.03678477550223769
862407061597344,CASE IH,FARMALL JX110,4WD CABINA,HFJ186063-663523,MADISAGRAL,CAMARGO,CHIHUAHUA,993.35,62.66,9,3,0,6,CERRADA,CERRADA,CERRADA,PENDIENTE,,,,,,27.583846,-105.3552771,0.0,0.0,0,0.0,0.0,24.0,0.0,0.0,0.0,0.0,0.0,0.0,0.0,0.0,0.0,0.0,0.0,0.0,1.0,157.0,70.0,29.0,27.0,29.0,31.0,10.0,15.0,6.0,59.0,0.0,600.0,561.0,993.0,2025-07-23 12:04:00,CERRADA,5105227,Preventivo,-39.0,6.5,432.35,0.0,7.0,AGRICOLA,18.083333333333332,900.0,0,36.833333333333336,18.083333333333332,0.0,0.12408576233782373
862407061868869,CASE IH,95JX,HC 4WD CABINA,HFJ186075-658916,TEPSA,CHALCHICOMULA DE SESMA,PUEBLA,861.38,77.65,25,2,1,23,CERRADAFUERA,CERRADA,CERRADA,PORVENCER,,,,,,18.921112,-97.3226388,0.0,0.84,8,2.79,0.37,23.63,0.0,0.0,0.0,0.0,0.0,0.0,0.0,0.0,0.0,0.0,0.0,1.0,44.0,63.0,36.0,35.0,136.0,87.0,99.0,63.0,34.0,34.0,3.0,56.0,600.0,562.0,862.0,2025-07-24 10:16:00,CERRADA,AO43,Preventivo,-38.0,6.333333333333334,299.38,0.0,7.0,AGRICOLA,28.791666666666668,900.0,0,9.5,28.791666666666668,0.37,0.03073075578177144
862407062848241,CASE IH,FARMALL JX110,4WD CABINA,HFJ186103-665097,ALTENOS,ROMITA,GUANAJUATO,968.42,131.89,8,4,0,4,CERRADA,CERRADA,CERRADA,CERRADA,,,,,,20.9075093,-101.4700675,0.0,0.0,0,0.0,0.0,24.0,0.0,0.0,0.0,0.0,0.0,0.0,0.0,0.0,0.0,0.0,0.0,0.0,0.0,44.0,71.0,67.0,78.0,87.0,42.0,41.0,26.0,87.0,59.0,55.0,600.0,600.0,971.0,2025-08-21 12:19:00,CERRADA,OTS0004017,Preventivo,0.0,0.0,368.41999999999996,0.0,8.0,AGRICOLA,27.375,0.0,0,10.5,27.375,0.0,0.05912054354210951
862407061634840,CASE IH,95JX,HC 4WD CABINA,HFJ186199-665715,ATN,TENANGO DEL VALLE,MEXICO,955.13,1.57,4,2,1,2,CERRADAFUERA,CERRADA,CERRADA,PENDIENTE,,,,,,19.1133515,-99.5292541,42.31,9.9,9,1.91,5.87,18.13,0.0,0.0,0.0,0.0,0.0,0.0,0.0,0.0,0.0,0.0,21.0,20.0,38.0,65.0,70.0,31.0,58.0,0.0,0.0,0.0,0.0,0.0,0.0,0.0,600.0,600.0,957.0,2025-07-21 09:40:00,CERRADA,1046987,Preventivo,0.0,0.0,355.13,0.0,7.0,AGRICOLA,12.625,900.0,0,0.0,12.625,5.87,0.09120774319576047
862407062062702,CASE IH,95JX,HC 4WD CABINA,HFJ186276-669327,ATC,ROMITA,GUANAJUATO,758.58,1.98,7,2,1,5,CERRADA,CERRADA,CERRADAFUERA,,,,,,,20.9005293,-101.5105338,0.0,0.0,0,0.0,0.0,24.0,0.0,0.0,0.0,0.0,0.0,0.0,0.0,0.0,0.0,0.0,0.0,71.0,90.0,69.0,83.0,51.0,63.0,31.0,18.0,43.0,43.0,31.0,0.0,0.0,600.0,600.0,758.0,2025-08-21 13:01:00,CERRADAFUERA,,Preventivo,0.0,0.0,158.58000000000004,0.0,8.0,AGRICOLA,24.708333333333332,0.0,0,0.0,24.708333333333332,0.0,0.2398043150746069
AGROCISA - 866392061596965,NEW HOLLAND AG,BOOMER 25,4WD,LSM0B25REN0310355-304478,AGROCISAGRAL,PURISIMA DEL RINCON,GUANAJUATO,1966.97,3.59,7,7,0,0,CERRADA,CERRADA,CERRADA,CERRADA,CERRADA,CERRADA,CERRADA,,,20.8729541,-101.9000883,17.22,7.14,10,1.53,5.07,18.93,20.0,61.0,55.0,67.0,64.0,40.0,39.0,41.0,60.0,58.0,47.0,41.0,81.0,79.0,69.0,65.0,78.0,51.0,2.0,27.0,85.0,77.0,53.0,45.0,600.0,565.0,1968.0,2024-04-14 15:47:00,CERRADA,7440,Preventivo,-35.0,5.833333333333333,1401.97,0.0,4.0,AGRICOLA,54.375,0.0,0,5.555555555555555,54.375,5.07,0.3963036334641665
ATC - 353738102946942,NEW HOLLAND AG,TS6.110,FWD 8X8 MS,NH08803M,ATN,VILLA COMALTITLAN,CHIAPAS,5816.6,113.09,15,0,7,15,CERRADAFUERA,CERRADAFUERA,CERRADAFUERA,CERRADAFUERA,CERRADAFUERA,PORVENCER,,,,15.141099,-92.473164,36.26,24.41,10,5.55,4.76,19.24,105.0,15.0,0.0,0.0,0.0,6.0,0.0,0.0,0.0,0.0,0.0,0.0,0.0,0.0,0.0,0.0,0.0,0.0,0.0,0.0,0.0,0.0,0.0,0.0,600.0,600.0,5816.0,2024-04-10 19:37:00,CERRADAFUERA,,Preventivo,0.0,0.0,5216.6,0.0,4.0,AGRICOLA,5.25,1500.0,0,9.833333333333332,5.25,4.76,0.026747063972197015
ARBSA-R- NH09442M-353738100917317,NEW HOLLAND AG,TS6.120 ELITE,FWD 8X8 MS CABINA,NH09442M,ARBSA,SAN LUIS RIO COLORADO,SONORA,4968.95,288.24,11,2,5,9,,,CERRADAFUERA,CERRADA,CERRADA,,,,,32.4012691,-114.9711116,0.0,0.0,0,0.0,0.0,24.0,0.0,7.0,107.0,117.0,103.0,87.0,82.0,96.0,88.0,90.0,66.0,55.0,86.0,58.0,0.0,7.0,31.0,6.0,17.0,3.0,0.0,0.0,0.0,0.0,600.0,568.0,4968.0,2025-08-21 12:27:00,CERRADAFUERA,0,Preventivo,-32.0,5.333333333333334,4400.95,0.0,8.0,AGRICOLA,46.083333333333336,0.0,0,0.6899381868131869,46.083333333333336,0.0,0.6148426194385995
ARBSA - NH09735M,NEW HOLLAND AG,TS6.125,FWD 16X8 PS,NH09735M-001854142,ARBSA,CAJEME,SONORA,1115.24,120.7,27,2,2,25,CERRADA,CERRADA,CERRADAFUERA,CERRADAFUERA,,,,,,27.5585016,-110.132195,0.0,0.0,0,0.0,0.0,24.0,0.0,0.0,1.0,0.0,0.0,7.0,78.0,129.0,94.0,77.0,43.0,108.0,69.0,52.0,37.0,40.0,31.0,38.0,32.0,21.0,0.0,0.0,0.0,0.0,600.0,585.0,1115.0,2024-05-11 10:16:00,CERRADAFUERA,0,Preventivo,-15.0,2.5,530.24,0.0,5.0,AGRICOLA,35.708333333333336,0.0,1,27.333333333333332,35.708333333333336,0.0,0.5022593626630646
SURESTE - NH09752M,NEW HOLLAND AG,TS6.110,FWD 8X8 PS,NH09752M-001862865,ATS,IGNACIO DE LA LLAVE,VERACRUZ DE IGNACIO DE LA LLAVE,1107.05,15.64,4,4,0,0,CERRADA,CERRADA,CERRADA,CERRADA,,,,,,18.5953101,-96.2544035,0.0,0.0,0,0.0,0.0,24.0,61.0,16.0,18.0,39.0,28.0,12.0,1.0,3.0,0.0,0.0,0.0,0.0,0.0,57.0,37.0,11.0,64.0,0.0,0.0,0.0,0.0,0.0,0.0,0.0,600.0,602.0,1107.0,2024-05-01 10:22:00,CERRADA,14483,Preventivo,2.0,0.33333333333333337,505.04999999999995,2.0,5.0,AGRICOLA,14.458333333333334,0.0,0,2.0,14.458333333333334,0.0,0.13196899922833288
ENAGRI - NH09981M,NEW HOLLAND AG,TS6.125,FWD 8X8 PS,NH09981M-001869175,ENAGRI,COSALA,SINALOA,1783.08,1840.45,6,5,0,1,CERRADA,CERRADA,CERRADA,CERRADA,CERRADA,PENDIENTE,,,,23.901389,-106.895939,0.0,0.0,0,0.0,0.0,24.0,0.0,14.0,36.0,2.0,95.0,92.0,157.0,137.0,49.0,0.0,0.0,9.0,17.0,4.0,1.0,0.0,32.0,152.0,134.0,26.0,0.0,0.0,0.0,0.0,600.0,561.0,1783.0,2024-05-28 15:02:00,CERRADA,NC14714,Preventivo,-39.0,6.5,1222.08,0.0,5.0,AGRICOLA,39.875,1500.0,0,6.083333333333334,39.875,0.0,0.31134136748321933
TEPSA - NH09989M,NEW HOLLAND AG,TS6.110,2WD 8X8 PS,NH09989M-001928702,TEPSA,CHALCHICOMULA DE SESMA,PUEBLA,2407.31,73.37,8,1,6,7,CERRADA,,CERRADAFUERA,CERRADAFUERA,CERRADAFUERA,CERRADAFUERA,CERRADAFUERA,CERRADAFUERA,PENDIENTE,18.9133033,-97.485302,0.0,0.0,0,0.0,0.0,24.0,63.0,79.0,60.0,92.0,173.0,87.0,70.0,109.0,93.0,41.0,65.0,7.0,92.0,73.0,60.0,79.0,149.0,87.0,78.0,52.0,57.0,53.0,78.0,18.0,600.0,560.0,2408.0,2024-09-05 09:19:00,CERRADAFUERA,******,Preventivo,-40.0,6.666666666666667,1847.31,0.0,9.0,AGRICOLA,75.625,2400.0,0,3.0555555555555554,75.625,0.0,0.3882659993079248
AGROCISA - NH10009M,NEW HOLLAND AG,TS6.120,FWD 8X8 PS CABINA,NH10009M-001900715,AGROCISAGRAL,SAN JUAN DE LOS LAGOS,JALISCO,610.82,209.78,3,2,1,1,CERRADA,CERRADA,CERRADAFUERA,,,,,,,21.0458655,-102.2256386,0.0,0.0,0,0.0,0.0,24.0,0.0,0.0,1.0,14.0,23.0,55.0,21.0,2.0,4.0,12.0,83.0,0.0,0.0,0.0,0.0,34.0,33.0,28.0,12.0,0.0,0.0,0.0,0.0,0.0,600.0,585.0,610.0,2025-11-07 10:28:00,CERRADAFUERA,0,Preventivo,-15.0,2.5,25.82000000000005,0.0,11.0,AGRICOLA,13.416666666666666,0.0,0,8.333333333333332,13.416666666666666,0.0,0.08087583101613022
AGROCISA - NH10034M,NEW HOLLAND AG,TS6.125,FWD 16X8 PS,NH10034M-001882696,AGROCISAGRAL,ZAPOTLAN DEL REY,JALISCO,1015.25,0.06,4,2,2,2,CERRADA,CERRADAFUERA,CERRADAFUERA,CERRADA,,,,,,20.5773361,-102.7411483,0.0,0.0,0,0.0,0.0,24.0,11.0,10.0,13.0,38.0,6.0,26.0,0.0,0.0,21.0,0.0,4.0,80.0,86.0,31.0,20.0,128.0,150.0,5.0,0.0,10.0,4.0,6.0,15.0,57.0,600.0,643.0,1015.0,2025-04-22 09:29:00,CERRADAFUERA,0,Preventivo,43.0,7.166666666666667,372.25,43.0,4.0,AGRICOLA,30.041666666666668,0.0,0,10.666666666666668,30.041666666666668,0.0,0.05912054354210951
ALTENOS - NH10070M,NEW HOLLAND AG,TS6.110,FWD 8X8 PS CABINA,NH10070M-001928688,ALTENOS,PEDRO ESCOBEDO,QUERETARO,2444.57,34.96,9,0,9,9,CERRADAFUERA,CERRADAFUERA,CERRADAFUERA,CERRADAFUERA,CERRADAFUERA,CERRADAFUERA,CERRADAFUERA,CERRADAFUERA,CERRADAFUERA,20.5819751,-100.0952688,61.36,11.38,22,1.65,8.37,15.63,140.0,128.0,91.0,81.0,125.0,80.0,83.0,73.0,1.0,56.0,78.0,71.0,86.0,60.0,35.0,28.0,55.0,59.0,77.0,22.0,72.0,62.0,70.0,69.0,600.0,562.0,2445.0,2024-03-17 13:34:00,CERRADAFUERA,CFD,Preventivo,-38.0,6.333333333333334,1882.5700000000002,0.0,3.0,AGRICOLA,70.91666666666667,0.0,0,12.333333333333334,70.91666666666667,8.37,0.3739326524078439
ATS - NH10115M,NEW HOLLAND AG,TS6.110,FWD 8X8 PS,NH10115M-001929460,ATS,SAN JUAN BAUTISTA TUXTEPEC,OAXACA,1113.55,0.0,42,3,0,39,CERRADA,CERRADA,CERRADA,PENDIENTE,,,,,,17.95965,-96.1793435,7.25,4.78,12,2.87,1.73,22.27,0.0,2.0,18.0,22.0,54.0,43.0,44.0,20.0,42.0,24.0,17.0,13.0,63.0,58.0,85.0,84.0,106.0,43.0,40.0,33.0,39.0,11.0,55.0,41.0,600.0,593.0,1114.0,2025-03-24 13:15:00,CERRADA,16064,Preventivo,-7.0,1.1666666666666667,520.55,0.0,3.0,AGRICOLA,39.875,900.0,0,12.5,39.875,1.73,0.25366991678855166
ARBOURS - NH10121M,NEW HOLLAND AG,TS6.110,FWD 8X8 MS,NH10121M-001944680,ARBSA,ENSENADA,BAJA CALIFORNIA,986.32,148.93,39,1,2,38,,CERRADA,CERRADAFUERA,CERRADAFUERA,,,,,,31.1815665,-116.1812773,0.0,0.0,0,0.0,0.0,24.0,0.0,0.0,0.0,0.0,0.0,4.0,0.0,5.0,3.0,10.0,7.0,7.0,4.0,13.0,5.0,5.0,0.0,0.0,0.0,0.0,0.0,1.0,6.0,0.0,600.0,560.0,986.0,2025-01-20 10:19:00,CERRADAFUERA,0,Preventivo,-40.0,6.666666666666667,426.32000000000005,0.0,1.0,AGRICOLA,2.9166666666666665,0.0,0,29.27777777777778,2.9166666666666665,0.0,0.2180946182227639
AGROCISA-NH10165M-001957395,NEW HOLLAND AG,TS6.110,FWD 8X8 MS CABINA,NH10165M-001957395,AGROCISAGRAL,AYOTLAN,JALISCO,809.44,28.97,3,2,1,1,CERRADA,CERRADA,CERRADAFUERA,,,,,,,20.599352,-102.3659723,55.32,3.8,4,1.05,6.28,17.72,0.0,23.0,51.0,46.0,27.0,0.0,0.0,0.0,2.0,2.0,2.0,19.0,78.0,97.0,26.0,46.0,5.0,5.0,0.0,0.0,4.0,0.0,18.0,21.0,600.0,568.0,811.0,2025-02-19 13:38:00,CERRADAFUERA,0,Preventivo,-32.0,5.333333333333334,241.44000000000005,0.0,2.0,AGRICOLA,19.666666666666668,0.0,0,13.333333333333334,19.666666666666668,6.28,0.04701794524556902
ALTENOS - NH10191M,NEW HOLLAND AG,TS6.110,FWD 8X8 PS,NH10191M-001961717,ALTENOS,SAN IGNACIO CERRO GORDO,JALISCO,1704.13,23.53,6,1,5,5,CERRADAFUERA,CERRADA,CERRADAFUERA,CERRADAFUERA,CERRADAFUERA,CERRADAFUERA,,,,20.730395,-102.5341381,13.19,1.75,8,1.32,1.33,22.67,45.0,53.0,44.0,41.0,83.0,60.0,32.0,27.0,24.0,41.0,43.0,37.0,57.0,66.0,93.0,98.0,108.0,76.0,32.0,17.0,20.0,43.0,62.0,55.0,600.0,563.0,1704.0,2024-05-04 15:29:00,CERRADAFUERA,CFD,Preventivo,-37.0,6.166666666666667,1141.13,0.0,5.0,AGRICOLA,52.375,0.0,0,0.4444444444444444,52.375,1.33,0.42771156599357063
865640063345448,NEW HOLLAND AG,TS6.120,FWD 8X8 PS CABINA,NH10214M-001943104,ATN,VALLE DE SANTIAGO,GUANAJUATO,1200.18,28.72,5,1,3,4,CERRADA,CERRADAFUERA,CERRADAFUERA,CERRADAFUERA,PENDIENTE,,,,,20.4093543,-101.1266501,42.64,27.8,12,6.65,4.23,19.77,98.0,12.0,16.0,17.0,41.0,4.0,0.0,5.0,0.0,11.0,0.0,0.0,0.0,0.0,0.0,0.0,0.0,0.0,0.0,0.0,0.0,0.0,0.0,0.0,600.0,600.0,1200.0,2024-09-01 16:14:00,CERRADAFUERA,,Preventivo,0.0,0.0,600.1800000000001,0.0,9.0,AGRICOLA,8.5,1200.0,0,0.0,8.5,4.23,0.06866534522906254
AGROCISA - NH10251M,NEW HOLLAND AG,TS6.110,FWD 8X8 MS CABINA,NH10251M-001956543,AGROCISAGRAL,LA PIEDAD,MICHOACAN DE OCAMPO,1159.45,207.78,5,4,0,1,CERRADA,CERRADA,CERRADA,CERRADA,PORVENCER,,,,,20.2980841,-101.9623066,0.0,0.0,0,0.0,0.0,24.0,86.0,95.0,65.0,45.0,53.0,14.0,16.0,30.0,16.0,0.0,0.0,120.0,110.0,20.0,33.0,32.0,84.0,14.0,1.0,0.0,19.0,5.0,1.0,45.0,600.0,585.0,1159.0,2024-04-10 20:21:00,CERRADA,7674,Preventivo,-15.0,2.5,574.45,0.0,4.0,AGRICOLA,37.666666666666664,1200.0,0,13.0,37.666666666666664,0.0,0.34733850123612237
AGROCISA - NH10259M,NEW HOLLAND AG,TS6.110,FWD 8X8 MS CABINA,NH10259M-001957392,AGROCISAGRAL,ZAPOTLANEJO,JALISCO,729.61,0.0,23,3,1,20,CERRADA,CERRADA,CERRADAFUERA,,,,,,,20.555254,-103.095023,128.87,8.45,15,1.98,6.02,17.98,1.0,54.0,26.0,26.0,76.0,19.0,4.0,3.0,0.0,14.0,8.0,20.0,72.0,55.0,38.0,14.0,66.0,22.0,0.0,3.0,4.0,4.0,8.0,5.0,600.0,589.0,730.0,2025-05-27 17:22:00,CERRADAFUERA,0,Preventivo,-11.0,1.8333333333333333,140.61,0.0,5.0,AGRICOLA,22.583333333333332,0.0,0,13.666666666666668,22.583333333333332,6.02,0.042496143804264704
ARBSA - NH10271M,NEW HOLLAND AG,TS6.125,FWD 8X8 PS,NH10271M-001883059,ARBSA,CAJEME,SONORA,1482.75,0.0,8,6,0,2,CERRADA,CERRADA,CERRADA,CERRADA,CERRADA,PORVENCER,,,,27.6440798,-110.4059625,224.22,5.2,7,0.0,0.0,24.0,72.0,0.0,0.0,0.0,0.0,1.0,1.0,0.0,0.0,91.0,171.0,142.0,138.0,51.0,59.0,141.0,173.0,256.0,196.0,188.0,281.0,280.0,131.0,189.0,600.0,560.0,1485.0,2024-12-19 11:33:00,CERRADA,0,Preventivo,-40.0,6.666666666666667,922.75,0.0,12.0,AGRICOLA,106.70833333333333,1500.0,0,60.83333333333333,106.70833333333333,0.0,0.29159594403146627
ARBSA - NH10280M,NEW HOLLAND AG,TS6.125,FWD 8X8 PS,NH10280M-001882698,ARBSA,CAJEME,SONORA,679.09,127.04,7,3,0,4,CERRADA,CERRADA,CERRADA,,,,,,,27.5635988,-110.0902205,150.67,4.1,8,0.29,15.81,8.19,1.0,0.0,0.0,0.0,0.0,5.0,37.0,19.0,0.0,21.0,96.0,45.0,18.0,17.0,0.0,0.0,0.0,35.0,14.0,54.0,115.0,73.0,25.0,131.0,600.0,561.0,679.0,2025-10-31 00:41:00,CERRADA,0,Preventivo,-39.0,6.5,118.09000000000003,0.0,10.0,AGRICOLA,29.416666666666668,0.0,0,32.333333333333336,29.416666666666668,15.81,0.07347074299941637
ENAGRI - NH10283M,NEW HOLLAND AG,TS6.125,FWD 16X8 PS CABINA,NH10283M-001898892,ENAGRI,COMONDU,BAJA CALIFORNIA SUR,723.74,79.99,3,2,0,1,CERRADA,PENDIENTE,CERRADA,,,,,,,25.1653715,-111.8448006,224.26,18.46,8,0.88,9.22,14.78,0.0,0.0,0.0,0.0,0.0,0.0,0.0,0.0,0.0,0.0,0.0,0.0,0.0,12.0,87.0,132.0,109.0,169.0,218.0,229.0,210.0,141.0,103.0,137.0,600.0,565.0,728.0,2025-10-28 01:00:00,CERRADA,ELP14859,Preventivo,-35.0,5.833333333333333,158.74,0.0,10.0,AGRICOLA,64.45833333333333,300.0,0,28.000000000000004,64.45833333333333,9.22,0.4708243602688577
AGROCISA - NH10287M,NEW HOLLAND AG,TS6.120,FWD 8X8 MS CABINA,NH10287M-001905405,AGROCISAGRAL,AYOTLAN,JALISCO,1952.24,49.28,7,7,0,0,CERRADA,CERRADA,CERRADA,CERRADA,CERRADA,CERRADA,CERRADA,,,20.5219126,-102.3437081,0.0,0.0,0,0.0,0.0,24.0,126.0,76.0,52.0,40.0,116.0,126.0,109.0,117.0,83.0,110.0,100.0,7.0,17.0,0.0,8.0,10.0,31.0,93.0,21.0,21.0,4.0,0.0,0.0,0.0,600.0,560.0,1952.0,2024-10-05 08:38:00,CERRADA,22963,Preventivo,-40.0,6.666666666666667,1392.24,0.0,10.0,AGRICOLA,52.791666666666664,0.0,0,9.523611111111112,52.791666666666664,0.0,0.5347696089106972
ATC - NH10288M - 001891501,NEW HOLLAND AG,TS6.120,FWD 8X8 PS CABINA,NH10288M-001891501,ATC,CHAMPOTON,CAMPECHE,750.0,0.0,30,4,0,26,CERRADA,CERRADA,CERRADA,CERRADA,,,,,,19.5029081,-90.5123465,0.0,0.0,0,0.0,0.0,24.0,0.0,0.0,2.0,2.0,0.0,0.0,0.0,0.0,0.0,0.0,0.0,0.0,0.0,0.0,0.0,0.0,0.0,0.0,0.0,0.0,0.0,0.0,0.0,0.0,600.0,500.0,750.0,2025-05-07 11:08:00,CERRADA,927951,Preventivo,-100.0,16.666666666666664,250.0,0.0,5.0,AGRICOLA,0.16666666666666666,0.0,0,0.0,0.16666666666666666,0.0,0.13556277165131644
ARBSA - NH10297M,NEW HOLLAND AG,TS6.110,FWD 8X8 PS,NH10297M-001965108,ARBSA,MEXICALI,BAJA CALIFORNIA,1699.7,21.54,6,6,0,0,CERRADA,CERRADA,CERRADA,CERRADA,CERRADA,CERRADA,,,,32.5976566,-115.4523266,7.1,1.17,9,4.06,3.78,20.22,0.0,0.0,0.0,0.0,1.0,2.0,35.0,58.0,59.0,78.0,86.0,70.0,102.0,87.0,83.0,134.0,115.0,102.0,175.0,144.0,200.0,157.0,140.0,117.0,600.0,562.0,1702.0,2024-12-27 12:33:00,CERRADA,110545,Preventivo,-38.0,6.333333333333334,1137.7,0.0,12.0,AGRICOLA,81.04166666666667,0.0,0,32.66666666666667,81.04166666666667,3.78,0.17785095392261677
TEPSA - NH10301M,NEW HOLLAND AG,TS6.110,FWD 8X8 MS CABINA,NH10301M-001963066,TEPSA,CAMERINO Z. MENDOZA,VERACRUZ DE IGNACIO DE LA LLAVE,1857.76,0.0,7,4,0,3,CERRADA,CERRADA,CERRADA,PENDIENTE,CERRADA,PENDIENTE,PENDIENTE,,,18.8942051,-97.2816046,0.0,0.0,0,0.0,0.0,24.0,81.0,157.0,88.0,64.0,72.0,70.0,70.0,65.0,35.0,52.0,12.0,21.0,68.0,58.0,91.0,54.0,0.0,0.0,0.0,0.0,0.0,0.0,0.0,0.0,600.0,600.0,1857.0,2024-12-01 11:21:00,CERRADA,SFP1229/3254,Preventivo,0.0,0.0,1257.76,0.0,12.0,AGRICOLA,44.083333333333336,4200.0,0,3.166666666666667,44.083333333333336,0.0,0.6286174820044349
AGROCISA - NH10303M,NEW HOLLAND AG,TS6.110,FWD 8X8 PS CABINA,NH10303M-001963240,AGROCISAGRAL,QUERENDARO,MICHOACAN DE OCAMPO,1455.39,52.19,5,5,0,0,CERRADA,CERRADA,CERRADA,CERRADA,CERRADA,,,,,19.8721968,-101.021886,0.0,0.0,0,0.0,0.0,24.0,3.0,45.0,71.0,74.0,63.0,44.0,8.0,0.0,0.0,1.0,32.0,42.0,51.0,113.0,99.0,41.0,115.0,76.0,4.0,1.0,6.0,0.0,5.0,7.0,600.0,562.0,1455.0,2024-11-02 09:28:00,CERRADA,998,Preventivo,-38.0,6.333333333333334,893.3900000000001,0.0,11.0,AGRICOLA,37.541666666666664,0.0,0,4.0,37.541666666666664,0.0,0.309969309359282
866392061510420,NEW HOLLAND AG,TS6.110,LODERO 8X8 MS CABINA,NH10306M-001967108,AGROCISAGRAL,SALVADOR ESCALANTE,MICHOACAN DE OCAMPO,918.1,140.73,23,2,2,21,CERRADAFUERA,CERRADA,CERRADAFUERA,CERRADA,,,,,,19.6191811,-101.8510593,63.08,16.55,25,2.52,6.89,17.11,0.0,0.0,0.0,0.0,0.0,0.0,0.0,40.0,121.0,81.0,35.0,8.0,0.0,0.0,1.0,0.0,0.0,5.0,27.0,96.0,175.0,193.0,20.0,7.0,600.0,584.0,918.0,2025-08-21 10:44:00,CERRADAFUERA,0,Preventivo,-16.0,2.666666666666667,334.1,0.0,8.0,AGRICOLA,33.708333333333336,0.0,0,198.0,33.708333333333336,6.89,0.23633922582008587
MADISA - NH10340M-001961062,NEW HOLLAND AG,TS6.120,FWD 8X8 PS CABINA,NH10340M-001961062,MADISAGRAL,BALANCAN,TABASCO,1426.73,6.15,5,1,4,4,CERRADAFUERA,CERRADAFUERA,CERRADA,CERRADAFUERA,CERRADAFUERA,,,,,18.2368456,-91.4092021,0.0,0.0,0,0.0,0.0,24.0,41.0,17.0,11.0,0.0,21.0,29.0,3.0,3.0,50.0,0.0,0.0,72.0,56.0,24.0,12.0,0.0,37.0,91.0,14.0,0.0,20.0,0.0,0.0,0.0,600.0,639.0,1429.0,2024-04-10 18:55:00,CERRADA,9242281,Preventivo,39.0,6.5,787.73,39.0,4.0,AGRICOLA,20.875,0.0,0,13.333333333333334,20.875,0.0,0.08985481159789495
ATC - NH10361M,NEW HOLLAND AG,TS6.110,FWD 8X8 PS,NH10361M-001967090,ATC,YURIRIA,GUANAJUATO,1529.64,0.0,6,3,2,3,CERRADA,CERRADA,CERRADA,CERRADAFUERA,CERRADAFUERA,PENDIENTE,,,,20.2348425,-101.2257103,81.79,23.88,15,2.97,8.7,15.3,147.0,87.0,25.0,18.0,42.0,43.0,18.0,17.0,5.0,17.0,47.0,26.0,145.0,109.0,4.0,24.0,64.0,21.0,10.0,0.0,1.0,0.0,71.0,68.0,600.0,600.0,1530.0,2024-05-03 21:58:00,CERRADA,932914,Preventivo,0.0,0.0,929.6400000000001,0.0,5.0,AGRICOLA,42.041666666666664,1500.0,0,3.0,42.041666666666664,8.7,0.3856244123124651
TEPSA - NH10363M,NEW HOLLAND AG,TS6.110,FWD 8X8 PS,NH10363M-001965129,TEPSA,CHIETLA,PUEBLA,1593.73,0.0,6,3,0,3,CERRADA,CERRADA,CERRADA,PENDIENTE,PENDIENTE,PENDIENTE,,,,18.5091406,-98.6263338,9.42,12.61,30,2.86,5.99,18.01,27.0,29.0,17.0,17.0,15.0,40.0,115.0,57.0,42.0,28.0,41.0,21.0,65.0,29.0,53.0,47.0,67.0,17.0,94.0,3.0,6.0,3.0,135.0,99.0,600.0,626.0,1593.0,2024-06-08 20:50:00,CERRADA,SF P1512/0503,Preventivo,26.0,4.333333333333334,967.73,26.0,6.0,AGRICOLA,44.458333333333336,3600.0,0,0.0,44.458333333333336,5.99,0.4634043227775198
ENAGRI - NH10380M,NEW HOLLAND AG,TS6.125,FWD 8X8 PS,NH10380M-001955958,ENAGRI,IXTLAN DEL RIO,NAYARIT,1262.36,121.37,5,5,0,0,CERRADA,CERRADA,CERRADA,CERRADA,CERRADA,,,,,21.0552033,-104.3914841,0.0,0.0,0,0.0,0.0,24.0,47.0,39.0,19.0,52.0,41.0,42.0,13.0,39.0,71.0,29.0,76.0,27.0,63.0,45.0,9.0,28.0,55.0,114.0,26.0,114.0,209.0,0.0,16.0,78.0,600.0,677.0,1262.0,2024-05-12 10:09:00,CERRADA,TF16991,Preventivo,77.0,12.833333333333332,585.3599999999999,77.0,5.0,AGRICOLA,52.166666666666664,0.0,0,5.666666666666667,52.166666666666664,0.0,0.5023504022198003
TEPSA - NH10403M-001963592,NEW HOLLAND AG,TS6.125,FWD 8X8 PS,NH10403M,TEPSA,ATEMPAN,PUEBLA,740.27,1.51,3,3,0,0,CERRADA,CERRADA,CERRADA,,,,,,,19.8611978,-97.4620181,0.0,0.0,0,0.0,0.0,24.0,25.0,0.0,1.0,1.0,19.0,0.0,52.0,18.0,7.0,1.0,19.0,17.0,38.0,54.0,1.0,0.0,7.0,38.0,30.0,0.0,0.0,32.0,20.0,14.0,600.0,619.0,740.0,2025-11-07 11:18:00,CERRADA,SFP2167/0782,Preventivo,19.0,3.166666666666667,121.26999999999998,19.0,11.0,AGRICOLA,16.416666666666668,0.0,0,13.0,16.416666666666668,0.0,0.08992750589156603
AGROCISA - NH10407M,NEW HOLLAND AG,TS6.125,FWD 8X8 PS,NH10407M-001963911,AGROCISAGRAL,CIUDAD OBREGON,SONORA,1572.23,8.27,6,1,5,5,CERRADAFUERA,CERRADAFUERA,CERRADAFUERA,CERRADAFUERA,CERRADAFUERA,CERRADA,,,,27.400651,-109.8990661,2.63,1.09,6,4.29,0.36,23.64,112.0,51.0,20.0,97.0,105.0,58.0,60.0,17.0,4.0,0.0,0.0,0.0,6.0,27.0,50.0,41.0,77.0,25.0,7.0,2.0,34.0,76.0,76.0,162.0,600.0,566.0,1572.0,2024-06-02 23:59:00,CERRADAFUERA,0,Preventivo,-34.0,5.666666666666666,1006.23,0.0,6.0,AGRICOLA,46.125,0.0,0,3.888888888888889,46.125,0.36,0.34354961146585467
ENAGRI - NH10415M,NEW HOLLAND AG,TS6.125,FWD 8X8 PS,NH10415M-001925165,ENAGRI,CULIACAN,SINALOA,2157.56,141.65,27,4,0,23,CERRADA,PENDIENTE,CERRADA,CERRADA,PENDIENTE,PENDIENTE,CERRADA,PENDIENTE,,24.6464178,-107.5081435,58.25,55.27,32,9.65,6.09,17.91,0.0,2.0,0.0,0.0,0.0,0.0,9.0,0.0,2.0,94.0,74.0,141.0,185.0,125.0,133.0,92.0,1.0,15.0,88.0,101.0,146.0,61.0,82.0,73.0,600.0,563.0,2159.0,2025-04-01 08:41:00,CERRADA,ND37121,Preventivo,-37.0,6.166666666666667,1594.56,0.0,4.0,AGRICOLA,59.333333333333336,5100.0,0,19.166666666666668,59.333333333333336,6.09,0.45975218818224406
ATC - NH10419M,NEW HOLLAND AG,TS6.110,FWD 8X8 MS,NH10419M-001955554,ATN,JARAL DEL PROGRESO,GUANAJUATO,957.07,7.18,4,2,1,2,CERRADA,CERRADA,CERRADAFUERA,PENDIENTE,,,,,,20.37646,-101.093225,0.0,0.0,0,0.0,0.0,24.0,29.0,0.0,0.0,0.0,0.0,0.0,0.0,0.0,0.0,0.0,0.0,0.0,0.0,0.0,0.0,0.0,0.0,0.0,0.0,0.0,0.0,0.0,0.0,0.0,600.0,600.0,957.0,2024-12-16 09:51:00,CERRADAFUERA,,Preventivo,0.0,0.0,357.07000000000005,0.0,12.0,AGRICOLA,1.2083333333333333,900.0,0,8.0,1.2083333333333333,0.0,0.08087583101613022
ATS - NH10421M,NEW HOLLAND AG,TS6.110,FWD 8X8 MS,NH10421M-001968323,ATS,ACULA,VERACRUZ DE IGNACIO DE LA LLAVE,1522.19,23.99,6,3,2,3,CERRADA,CERRADA,CERRADA,CERRADAFUERA,CERRADAFUERA,PENDIENTE,,,,18.4791586,-95.7001041,19.43,25.1,26,8.0,3.23,20.77,61.0,146.0,129.0,98.0,70.0,10.0,0.0,2.0,9.0,22.0,0.0,52.0,129.0,163.0,145.0,137.0,97.0,31.0,17.0,5.0,19.0,9.0,18.0,16.0,600.0,560.0,1524.0,2024-06-05 13:09:00,CERRADA,0,Preventivo,-40.0,6.666666666666667,962.19,0.0,6.0,AGRICOLA,57.708333333333336,1500.0,0,32.66666666666667,57.708333333333336,3.23,0.3756250255013839
866392069164535,NEW HOLLAND AG,TS6.110,LODERO 8X8 MS CABINA,NH10445M-001961063,ATC,DOLORES HIDALGO CUNA DE LA INDEPENDENCIA NACIONAL,GUANAJUATO,2764.4,42.14,9,3,5,6,,CERRADA,CERRADA,CERRADAFUERA,CERRADAFUERA,CERRADAFUERA,CERRADAFUERA,CERRADA,CERRADAFUERA,21.2865628,-100.7501753,64.77,26.99,10,3.41,8.42,15.58,0.0,15.0,49.0,135.0,119.0,85.0,90.0,109.0,70.0,120.0,103.0,75.0,184.0,174.0,124.0,111.0,136.0,120.0,77.0,0.0,0.0,14.0,62.0,30.0,600.0,613.0,2767.0,2024-06-19 14:31:00,CERRADA,956107,Preventivo,13.0,2.166666666666667,2151.4,13.0,6.0,AGRICOLA,83.41666666666667,0.0,0,0.0,83.41666666666667,8.42,0.18869159896562399
ARBSA - NH10459M,NEW HOLLAND AG,TS6.110,FWD 8X8 PS,NH10459M-001970257,ARBSA,CHIGNAHUAPAN,PUEBLA,774.48,4.21,58,2,2,56,CERRADA,CERRADAFUERA,CERRADAFUERA,,,,,,,19.6590156,-98.1614258,0.0,0.0,0,0.0,0.0,24.0,22.0,0.0,3.0,23.0,30.0,21.0,33.0,22.0,8.0,62.0,88.0,10.0,2.0,3.0,16.0,12.0,52.0,55.0,48.0,35.0,37.0,23.0,18.0,8.0,600.0,567.0,774.0,2025-11-07 09:27:00,CERRADAFUERA,0,Preventivo,-33.0,5.5,207.48000000000002,0.0,11.0,AGRICOLA,26.291666666666668,0.0,0,94.83333333333333,26.291666666666668,0.0,0.06844509975174806
ALTENOS - NH10468M,NEW HOLLAND AG,TS6.110,FWD 8X8 PS,NH10468M-001968324,ALTENOS,HUITZILAC,MORELOS,938.62,32.38,4,0,4,4,CERRADAFUERA,CERRADAFUERA,CERRADAFUERA,CERRADAFUERA,,,,,,19.0289293,-99.3840016,26.68,8.62,15,3.09,4.02,19.98,12.0,10.0,25.0,20.0,20.0,24.0,21.0,22.0,10.0,14.0,7.0,10.0,31.0,10.0,8.0,7.0,58.0,34.0,28.0,8.0,9.0,17.0,5.0,13.0,600.0,563.0,938.0,2024-05-12 12:24:00,CERRADAFUERA,CFD,Preventivo,-37.0,6.166666666666667,375.62,0.0,5.0,AGRICOLA,17.625,0.0,0,1.0,17.625,4.02,0.058919612381744535
TRACTIESA - NH10473M,NEW HOLLAND AG,TS6.120,FWD 8X8 MS CABINA,NH10473M-002013436,TRACTIESA,HUITZILAC,MORELOS,1442.28,4.07,5,1,1,4,PENDIENTE,CERRADA,CERRADAFUERA,PENDIENTE,PENDIENTE,,,,,19.0973686,-99.2465606,0.0,0.0,0,0.0,0.0,24.0,0.0,0.0,96.0,122.0,117.0,26.0,12.0,1.0,3.0,0.0,0.0,0.0,0.0,36.0,128.0,135.0,38.0,35.0,88.0,30.0,0.0,0.0,0.0,0.0,600.0,576.0,1442.0,2024-07-05 22:24:00,CERRADAFUERA,CERRADA POR FUERA,Preventivo,-24.0,4.0,866.28,0.0,7.0,AGRICOLA,36.125,2150.0,0,4.333333333333334,36.125,0.0,0.2936541167112582
AGROCISA - NH10492M,NEW HOLLAND AG,TS6.125,FWD 8X8 PS,NH10492M-001963546,AGROCISAGRAL,OCOTLAN,JALISCO,1265.31,13.46,5,5,0,0,CERRADA,CERRADA,CERRADA,CERRADA,CERRADA,,,,,20.3125985,-102.7591721,0.0,0.0,0,0.0,0.0,24.0,200.0,73.0,23.0,58.0,119.0,29.0,13.0,20.0,25.0,49.0,85.0,131.0,84.0,45.0,0.0,0.0,0.0,0.0,0.0,0.0,0.0,0.0,0.0,0.0,600.0,564.0,1268.0,2024-05-18 20:08:00,CERRADA,22881,Preventivo,-36.0,6.0,701.31,0.0,5.0,AGRICOLA,39.75,0.0,0,9.166666666666668,39.75,0.0,0.3394921528105207
ATC - NH10521M,NEW HOLLAND AG,TS6.120,FWD 8X8 PS,NH10521M-002018869,ATC,VICENTE GUERRERO,DURANGO,1218.75,52.19,7,5,0,2,CERRADA,CERRADA,CERRADA,CERRADA,PENDIENTE,,,,,24.0776421,-103.5316946,7.77,2.47,10,3.32,4.33,19.67,0.0,0.0,0.0,0.0,5.0,55.0,82.0,37.0,26.0,61.0,7.0,23.0,36.0,47.0,45.0,18.0,37.0,83.0,91.0,51.0,3.0,35.0,6.0,7.0,600.0,600.0,1218.0,2025-01-31 12:09:00,CERRADA,991605,Preventivo,0.0,0.0,618.75,0.0,1.0,AGRICOLA,31.458333333333332,1200.0,0,0.0,31.458333333333332,4.33,0.1021423031035087
ATS - NH10525M,NEW HOLLAND AG,TS6.140,FWD 8X8 PS,NH10525M-001990183,ATS,ACULA,VERACRUZ DE IGNACIO DE LA LLAVE,1355.17,43.85,5,4,0,1,CERRADA,CERRADA,CERRADA,CERRADA,PENDIENTE,,,,,18.3651493,-95.7580885,95.52,51.97,33,5.63,10.34,13.66,35.0,20.0,92.0,32.0,9.0,0.0,0.0,0.0,0.0,3.0,4.0,105.0,182.0,171.0,143.0,113.0,53.0,3.0,0.0,0.0,6.0,1.0,5.0,51.0,600.0,560.0,1356.0,2025-01-26 15:55:00,CERRADA,15834,Preventivo,-40.0,6.666666666666667,795.1700000000001,0.0,1.0,AGRICOLA,42.833333333333336,1200.0,0,11.0,42.833333333333336,10.34,0.29633082977811886
ATS - NH10540M,NEW HOLLAND AG,TS6.125,FWD 8X8 MS,NH10540M-001927706,ATS,SAN JUAN BAUTISTA TUXTEPEC,OAXACA,1688.02,1.91,6,0,5,6,CERRADAFUERA,CERRADAFUERA,CERRADAFUERA,CERRADAFUERA,CERRADAFUERA,PENDIENTE,,,,18.315082,-96.042018,41.92,34.48,16,8.01,4.94,19.06,119.0,120.0,131.0,83.0,68.0,18.0,1.0,0.0,1.0,1.0,28.0,88.0,126.0,133.0,107.0,122.0,84.0,0.0,0.0,0.0,0.0,1.0,2.0,87.0,600.0,615.0,1689.0,2024-03-23 11:42:00,CERRADAFUERA,0,Preventivo,15.0,2.5,1073.02,15.0,3.0,AGRICOLA,55.0,1500.0,0,0.33333333333333337,55.0,4.94,0.5064022639134902
AGROCISA - NH10560M,NEW HOLLAND AG,TS6.120,FWD 8X8 PS,NH10560M-002022642,AGROCISAGRAL,ZAPOTLAN DEL REY,JALISCO,776.33,39.7,51,0,3,51,CERRADAFUERA,CERRADAFUERA,CERRADAFUERA,,,,,,,20.5015231,-102.8444655,62.84,4.8,6,1.23,8.15,15.85,0.0,34.0,1.0,0.0,101.0,23.0,18.0,22.0,7.0,1.0,0.0,15.0,43.0,39.0,6.0,46.0,77.0,76.0,21.0,5.0,11.0,5.0,39.0,2.0,600.0,649.0,776.0,2025-11-07 09:34:00,CERRADAFUERA,0,Preventivo,49.0,8.166666666666666,127.33000000000004,49.0,11.0,AGRICOLA,24.666666666666668,0.0,0,15.5,24.666666666666668,8.15,0.03214979406488971
ATS - NH10571M,NEW HOLLAND AG,TS6.125,FWD 8X8 MS,NH10571M-002033776,ATS,SAN JUAN BAUTISTA TUXTEPEC,OAXACA,2847.6,28.51,10,0,9,10,CERRADAFUERA,CERRADAFUERA,CERRADAFUERA,CERRADAFUERA,CERRADAFUERA,CERRADAFUERA,CERRADAFUERA,CERRADAFUERA,CERRADAFUERA,18.3060555,-96.1135028,51.88,32.19,18,4.89,7.02,16.99,190.0,149.0,145.0,98.0,104.0,24.0,23.0,16.0,25.0,49.0,104.0,132.0,181.0,148.0,156.0,153.0,97.0,33.0,23.0,20.0,46.0,10.0,56.0,105.0,600.0,563.0,2850.0,2024-03-02 09:35:00,CERRADAFUERA,0,Preventivo,-37.0,6.166666666666667,2284.6,0.0,3.0,AGRICOLA,86.95833333333333,0.0,0,2.3333333333333335,86.95833333333333,7.02,0.22740828767837834
TEPSA - NH10573M,NEW HOLLAND AG,TS6.125,FWD 16X8 PS,NH10573M-002033778,TEPSA,APAZAPAN,VERACRUZ DE IGNACIO DE LA LLAVE,2529.78,1.26,9,3,5,6,CERRADA,CERRADA,CERRADA,CERRADAFUERA,CERRADAFUERA,CERRADAFUERA,CERRADAFUERA,CERRADAFUERA,PENDIENTE,19.4749035,-96.5781425,2.31,5.52,8,1.89,3.14,20.86,124.0,69.0,70.0,111.0,93.0,54.0,76.0,82.0,47.0,26.0,83.0,74.0,115.0,91.0,55.0,49.0,43.0,89.0,55.0,42.0,79.0,75.0,56.0,51.0,600.0,560.0,2529.0,2024-06-03 17:55:00,CERRADA,SFP1291/3570,Preventivo,-40.0,6.666666666666667,1969.7800000000002,0.0,6.0,AGRICOLA,71.20833333333333,2400.0,0,12.0,71.20833333333333,3.14,0.2544925753844871
TEPSA - NH10576M,NEW HOLLAND AG,TS6.125,FWD 8X8 MS,NH10576M-002033777,TEPSA,ACULA,VERACRUZ DE IGNACIO DE LA LLAVE,2631.21,49.26,9,7,0,2,CERRADA,CERRADA,CERRADA,CERRADA,CERRADA,PENDIENTE,CERRADA,CERRADA,ENPROCESO,18.376022,-95.7365161,93.3,54.87,30,5.23,10.96,13.04,194.0,173.0,141.0,129.0,111.0,35.0,4.0,21.0,33.0,18.0,76.0,99.0,169.0,191.0,180.0,182.0,122.0,16.0,7.0,0.0,15.0,8.0,14.0,83.0,600.0,582.0,2634.0,2024-11-02 09:39:00,CERRADA,SF0077/2923,Preventivo,-18.0,3.0,2049.21,0.0,11.0,AGRICOLA,84.20833333333333,1500.0,0,2.342592592592593,84.20833333333333,10.96,0.09278662970002247
ATC - NH10589M-001988684,NEW HOLLAND AG,TS6.110,FWD 16X8 PS,NH10589M-001988684,ATC,APASEO EL GRANDE,GUANAJUATO,1555.82,0.0,6,3,2,3,CERRADA,CERRADA,CERRADA,CERRADAFUERA,CERRADAFUERA,PENDIENTE,,,,20.5538165,-100.7277255,30.06,21.55,10,6.94,3.14,20.86,74.0,36.0,23.0,0.0,8.0,48.0,21.0,41.0,8.0,27.0,67.0,8.0,27.0,59.0,21.0,54.0,54.0,17.0,30.0,9.0,55.0,41.0,10.0,19.0,600.0,600.0,1558.0,2024-05-12 10:09:00,CERRADA,949160,Preventivo,0.0,0.0,955.8199999999999,0.0,5.0,AGRICOLA,31.541666666666668,1500.0,0,12.0,31.541666666666668,3.14,0.029115457162133863
866392061514141,NEW HOLLAND AG,TS6.125,FWD 8X8 PS,NH10626M-002031136,TEPSA,SAN JUAN BAUTISTA TUXTEPEC,OAXACA,1160.13,70.56,5,3,1,2,CERRADAFUERA,CERRADA,CERRADA,CERRADA,PORVENCER,,,,,18.1038298,-95.8791113,0.0,0.0,0,0.0,0.0,24.0,0.0,0.0,0.0,1.0,0.0,0.0,4.0,1.0,0.0,68.0,63.0,47.0,97.0,73.0,39.0,100.0,80.0,37.0,28.0,48.0,81.0,40.0,42.0,43.0,600.0,613.0,1160.0,2025-04-22 10:34:00,CERRADA,SF209,Preventivo,13.0,2.166666666666667,547.1300000000001,13.0,4.0,AGRICOLA,37.166666666666664,1200.0,0,164.66666666666666,37.166666666666664,0.0,0.2912472545167733
ALTENOS - NH10651M,NEW HOLLAND AG,TS6.110,FWD 8X8 PS CABINA,NH10651M-002008204,ALTENOS,SAN JUAN DE LOS LAGOS,JALISCO,785.2,106.11,2,2,0,0,,CERRADA,CERRADA,,,,,,,21.1700021,-102.522152,0.0,0.0,0,0.0,0.0,24.0,0.0,35.0,50.0,22.0,17.0,72.0,29.0,2.0,0.0,73.0,0.0,0.0,39.0,0.0,0.0,38.0,49.0,27.0,32.0,0.0,2.0,42.0,22.0,0.0,600.0,566.0,785.0,2025-01-27 18:44:00,CERRADA,OTS0002878,Preventivo,-34.0,5.666666666666666,219.20000000000005,0.0,1.0,AGRICOLA,22.958333333333332,0.0,0,19.666666666666664,22.958333333333332,0.0,0.07598568718433336
ENAGRI - NH10665M,NEW HOLLAND AG,TS6.110,2WD 8X8 PS,NH10665M-002008198,ENAGRI,CONCORDIA,SINALOA,752.62,11.95,2,2,0,0,CERRADA,,CERRADA,,,,,,,23.1835603,-106.2144306,27.81,20.02,25,7.0,3.15,20.85,2.0,0.0,3.0,1.0,0.0,0.0,0.0,36.0,14.0,0.0,1.0,0.0,7.0,21.0,2.0,5.0,48.0,13.0,2.0,12.0,9.0,9.0,16.0,63.0,600.0,576.0,752.0,2025-11-11 11:00:00,CERRADA,ER12310,Preventivo,-24.0,4.0,176.62,0.0,11.0,AGRICOLA,11.0,0.0,0,246.0,11.0,3.15,0.049426235972231156
ALTENOS - 866392061516625,NEW HOLLAND AG,TS6.140,FWD 16X8 PS,NH10704M-002049280,ALTENOS,ROMITA,GUANAJUATO,886.88,4.58,4,1,3,3,CERRADA,CERRADAFUERA,CERRADAFUERA,CERRADAFUERA,,,,,,20.8686886,-101.4295118,7.3,3.86,11,6.02,3.82,20.18,41.0,15.0,6.0,1.0,40.0,50.0,53.0,31.0,35.0,40.0,20.0,44.0,70.0,128.0,5.0,74.0,110.0,159.0,112.0,93.0,20.0,4.0,56.0,121.0,600.0,560.0,886.0,2025-01-22 08:21:00,CERRADAFUERA,CFD,Preventivo,-40.0,6.666666666666667,326.88,0.0,1.0,AGRICOLA,55.333333333333336,0.0,0,17.166666666666668,55.333333333333336,3.82,0.33922861560705864
ARBSA - NH10710M,NEW HOLLAND AG,TS6.110,FWD 8X8 MS CABINA,NH10710M-002047200,ARBSA,SAN JOSE ITURBIDE,GUANAJUATO,1581.36,168.56,6,2,4,4,CERRADA,CERRADA,CERRADAFUERA,CERRADAFUERA,CERRADAFUERA,CERRADAFUERA,,,,21.0927801,-100.51534,0.0,0.0,0,0.0,0.0,24.0,30.0,52.0,10.0,45.0,18.0,13.0,62.0,23.0,12.0,60.0,75.0,21.0,66.0,20.0,25.0,40.0,31.0,0.0,13.0,30.0,30.0,64.0,39.0,50.0,600.0,593.0,1583.0,2024-06-08 21:02:00,CERRADAFUERA,0,Preventivo,-7.0,1.1666666666666667,988.3599999999999,0.0,6.0,AGRICOLA,34.541666666666664,0.0,1,3.2222222222222223,34.541666666666664,0.0,0.49948477254364937
ATS - NH10711M,NEW HOLLAND AG,TS6.110,FWD 8X8 MS,NH10711M-002047899,ATS,SAN JUAN BAUTISTA TUXTEPEC,OAXACA,1015.61,30.44,9,3,0,6,CERRADA,CERRADA,CERRADA,PENDIENTE,,,,,,18.0537321,-96.0386783,4.56,0.15,7,0.25,0.71,23.29,0.0,0.0,1.0,1.0,2.0,40.0,26.0,38.0,29.0,12.0,6.0,51.0,168.0,126.0,30.0,0.0,90.0,40.0,70.0,30.0,4.0,7.0,35.0,6.0,600.0,561.0,1017.0,2025-02-19 13:02:00,CERRADA,16037,Preventivo,-39.0,6.5,454.61,0.0,2.0,AGRICOLA,33.833333333333336,900.0,0,6.666666666666667,33.833333333333336,0.71,0.11968945837157731
DASSA - NH10724M,NEW HOLLAND AG,TS6.110,2WD 8X8 PS CABINA,NH10724M-002008672,DASSA,NAVOLATO,SINALOA,1347.25,0.6,4,3,0,1,CERRADA,,CERRADA,CERRADA,PENDIENTE,,,,,25.0546173,-107.9143428,0.0,0.0,0,0.0,0.0,24.0,0.0,0.0,0.0,0.0,0.0,0.0,2.0,94.0,59.0,54.0,60.0,24.0,15.0,38.0,58.0,14.0,0.0,80.0,57.0,64.0,90.0,75.0,56.0,26.0,600.0,600.0,1347.0,2025-03-24 13:01:00,CERRADA,555,Preventivo,0.0,0.0,747.25,0.0,3.0,AGRICOLA,36.083333333333336,1200.0,0,100.0,36.083333333333336,0.0,0.28475898873397554
866392067721708,NEW HOLLAND AG,TS6.110,FWD 8X8 PS,NH10728M-002008673,ALTENOS,LAGOS DE MORENO,JALISCO,1044.82,14.04,39,0,4,39,CERRADAFUERA,CERRADAFUERA,CERRADAFUERA,CERRADAFUERA,,,,,,21.2339633,-101.9645383,46.5,6.47,15,1.33,4.9,19.1,0.0,2.0,13.0,20.0,40.0,35.0,28.0,3.0,22.0,40.0,0.0,15.0,118.0,116.0,101.0,37.0,6.0,41.0,28.0,21.0,10.0,37.0,1.0,17.0,600.0,621.0,1047.0,2025-03-24 12:28:00,CERRADAFUERA,CFD,Preventivo,21.0,3.5000000000000004,423.81999999999994,21.0,3.0,AGRICOLA,31.291666666666668,0.0,0,4.333333333333334,31.291666666666668,4.9,0.04489519505183076
ATN-866392061555516,NEW HOLLAND AG,TS6.110,FWD 8X8 PS,NH10730M-002048267,ATN,MATAMOROS,COAHUILA DE ZARAGOZA,1469.84,146.55,6,3,0,3,CERRADA,CERRADA,CERRADA,PENDIENTE,PENDIENTE,PORVENCER,,,,25.4908651,-103.13879,0.0,0.0,0,0.0,0.0,24.0,167.0,5.0,30.0,0.0,89.0,122.0,47.0,18.0,0.0,66.0,0.0,0.0,87.0,83.0,4.0,36.0,10.0,23.0,47.0,18.0,47.0,3.0,10.0,30.0,600.0,580.0,1469.0,2024-08-06 19:07:00,CERRADA,938047,Preventivo,-20.0,3.3333333333333335,889.8399999999999,0.0,8.0,AGRICOLA,39.25,3600.0,0,0.6666666666666667,39.25,0.0,0.42595873855196204
TRACTIESA-NH10742M-002047898,NEW HOLLAND AG,TS6.110,FWD 8X8 MS,NH10742M,TRACTIESA,IXTAPAN DE LA SAL,MEXICO,1661.98,60.33,4,0,2,4,,,CERRADAFUERA,CERRADAFUERA,PENDIENTE,PENDIENTE,,,,18.8151515,-99.7684575,21.8,4.54,9,2.06,4.33,19.67,128.0,80.0,41.0,47.0,101.0,113.0,13.0,27.0,24.0,33.0,57.0,34.0,88.0,68.0,41.0,50.0,51.0,22.0,24.0,4.0,11.0,15.0,42.0,17.0,600.0,725.0,1661.0,2024-06-18 10:46:00,CERRADAFUERA,CERRADA POR FUERA,Preventivo,125.0,20.833333333333336,936.98,125.0,6.0,AGRICOLA,47.125,2700.0,0,2.888888888888889,47.125,4.33,0.3765036832681863
MADISA - 866392068817661,NEW HOLLAND AG,TS6.110,FWD 8X8 PS,NH10747M-002008201,MADISAGRAL,ORIENTAL,PUEBLA,845.1,726.57,3,3,0,0,CERRADA,CERRADA,CERRADA,,,,,,,19.3421358,-97.5404721,0.0,0.0,0,0.0,0.0,24.0,0.0,0.0,0.0,0.0,1.0,0.0,0.0,0.0,63.0,65.0,15.0,4.0,46.0,101.0,66.0,71.0,57.0,59.0,80.0,15.0,22.0,0.0,0.0,0.0,600.0,571.0,845.0,2025-05-27 17:07:00,CERRADA,3003186,Preventivo,-29.0,4.833333333333333,274.1,0.0,5.0,AGRICOLA,27.708333333333332,0.0,0,62.66666666666667,27.708333333333332,0.0,0.0689936350762742
866392069115826,NEW HOLLAND AG,TS6.125,FWD 8X8 PS,NH10750M-002054641,AGROCISAGRAL,LA PIEDAD,MICHOACAN DE OCAMPO,870.28,2.53,11,1,2,10,CERRADAFUERA,CERRADA,CERRADAFUERA,PORVENCER,,,,,,20.3559721,-102.0609313,0.0,0.0,0,0.0,0.0,24.0,0.0,0.0,0.0,0.0,2.0,35.0,104.0,2.0,0.0,1.0,0.0,31.0,31.0,8.0,0.0,81.0,79.0,93.0,62.0,47.0,36.0,37.0,44.0,15.0,600.0,571.0,870.0,2025-11-07 10:37:00,CERRADAFUERA,0,Preventivo,-29.0,4.833333333333333,299.28,0.0,11.0,AGRICOLA,29.5,900.0,0,165.66666666666666,29.5,0.0,0.059020552049429804
AGROCISA-NH10752M-866392068822901,NEW HOLLAND AG,TS6.140,FWD 8X8 PS,NH10752M-002021113,AGROCISAGRAL,SILAO DE LA VICTORIA,GUANAJUATO,878.39,6.06,3,1,1,2,,CERRADA,CERRADAFUERA,PORVENCER,,,,,,20.9675651,-101.4953345,0.0,0.0,0,0.0,0.0,24.0,0.0,2.0,1.0,8.0,41.0,21.0,0.0,1.0,1.0,0.0,0.0,74.0,68.0,0.0,0.0,3.0,31.0,8.0,16.0,8.0,3.0,32.0,75.0,0.0,600.0,567.0,878.0,2025-05-27 17:17:00,CERRADAFUERA,0,Preventivo,-33.0,5.5,311.39,0.0,5.0,AGRICOLA,16.375,900.0,0,11.0,16.375,0.0,0.09188112948123422
MADISA-NH10753M-866392068813256,NEW HOLLAND AG,TS6.140,FWD 8X8 PS,NH10753M-002048937,MADISAGRAL,PANUCO,VERACRUZ DE IGNACIO DE LA LLAVE,657.83,108.18,3,1,1,2,CERRADA,PENDIENTE,CERRADAFUERA,,,,,,,22.0112508,-98.3563493,0.0,0.0,0,0.0,0.0,24.0,0.0,75.0,0.0,0.0,15.0,0.0,0.0,0.0,7.0,21.0,36.0,20.0,56.0,25.0,54.0,79.0,61.0,44.0,10.0,10.0,0.0,0.0,10.0,33.0,600.0,578.0,657.0,2025-11-07 09:52:00,CERRADAFUERA,NO APLICA,Preventivo,-22.0,3.6666666666666665,79.83000000000004,0.0,11.0,AGRICOLA,23.166666666666668,300.0,0,166.0,23.166666666666668,0.0,0.059020552049429804
ALTENOS - NH10755M,NEW HOLLAND AG,TS6.110,FWD 8X8 PS CABINA,NH10755M-002008759,ALTENOS,CONCORDIA,SINALOA,631.85,524.58,3,0,3,3,CERRADAFUERA,CERRADAFUERA,CERRADAFUERA,,,,,,,23.394404,-106.1701603,0.0,0.0,0,0.0,0.0,24.0,1.0,1.0,11.0,5.0,55.0,14.0,39.0,11.0,19.0,20.0,14.0,2.0,15.0,18.0,0.0,9.0,6.0,19.0,18.0,4.0,24.0,27.0,0.0,0.0,600.0,560.0,632.0,2025-10-14 17:58:00,CERRADAFUERA,CFD,Preventivo,-40.0,6.666666666666667,71.85000000000002,0.0,10.0,AGRICOLA,13.833333333333334,0.0,0,141.16666666666666,13.833333333333334,0.0,0.13061930404417665
ARBSA - NH10766M,NEW HOLLAND AG,TS6.120,LODERO 8X8 MS CABINA,NH10766M-002036253,ARBSA,ENSENADA,BAJA CALIFORNIA,749.93,42.15,3,3,0,0,CERRADA,CERRADA,CERRADA,,,,,,,31.540489,-116.3887888,0.0,0.01,0,0.0,3.97,20.03,1.0,1.0,1.0,13.0,31.0,43.0,8.0,8.0,0.0,0.0,0.0,0.0,1.0,23.0,25.0,74.0,70.0,61.0,36.0,33.0,67.0,36.0,27.0,0.0,600.0,560.0,749.0,2025-04-09 15:00:00,CERRADA,110876,Preventivo,-40.0,6.666666666666667,189.92999999999995,0.0,4.0,AGRICOLA,23.291666666666668,0.0,0,112.00000000000001,23.291666666666668,3.97,0.03512214463478521
ALTENOS - 866392068738974,NEW HOLLAND AG,TS6.110,FWD 8X8 MS,NH10773M-002048253,ALTENOS,ZAPOTLAN DEL REY,JALISCO,820.32,47.47,3,0,3,3,CERRADAFUERA,CERRADAFUERA,CERRADAFUERA,,,,,,,20.453452,-102.8463176,0.0,0.0,0,0.0,0.0,24.0,0.0,1.0,30.0,12.0,36.0,67.0,32.0,42.0,10.0,7.0,28.0,3.0,48.0,11.0,4.0,18.0,66.0,93.0,25.0,24.0,15.0,6.0,14.0,1.0,600.0,636.0,820.0,2025-11-07 12:32:00,CERRADAFUERA,CFD,Preventivo,36.0,6.0,184.32000000000005,36.0,11.0,AGRICOLA,24.708333333333332,0.0,0,136.5,24.708333333333332,0.0,0.059020552049429804
ALTENOS - 866392061557819,NEW HOLLAND AG,TS6.110,FWD 8X8 MS,NH10774M-002048254,ALTENOS,ROMITA,GUANAJUATO,934.07,31.12,4,3,1,1,CERRADA,CERRADAFUERA,CERRADA,CERRADA,,,,,,20.9823755,-101.6158588,0.0,0.0,6,0.0,0.0,24.0,2.0,0.0,4.0,113.0,1.0,41.0,0.0,6.0,69.0,33.0,10.0,0.0,68.0,107.0,10.0,68.0,40.0,44.0,13.0,23.0,14.0,25.0,31.0,23.0,600.0,561.0,934.0,2025-04-23 09:03:00,CERRADA,OTS0003030,Preventivo,-39.0,6.5,373.07000000000005,0.0,4.0,AGRICOLA,31.041666666666668,0.0,0,120.0,31.041666666666668,0.0,0.07091719534094394
866392065089538,NEW HOLLAND AG,TS6.125,FWD 8X8 PS CABINA,NH10786M-002057602,MADISAGRAL,AHUMADA,CHIHUAHUA,1812.41,10.64,8,3,0,5,,CERRADA,CERRADA,CERRADA,PENDIENTE,PENDIENTE,PENDIENTE,,,30.2710248,-106.7646006,2.67,0.98,9,0.61,1.65,22.35,0.0,0.0,0.0,0.0,0.0,1.0,20.0,120.0,106.0,28.0,53.0,88.0,27.0,58.0,57.0,54.0,73.0,64.0,47.0,69.0,141.0,66.0,28.0,81.0,600.0,560.0,1812.0,2024-10-12 13:49:00,CERRADA,2501553,Preventivo,-40.0,6.666666666666667,1252.41,0.0,10.0,AGRICOLA,49.208333333333336,4500.0,0,26.333333333333332,49.208333333333336,1.65,0.34128607768155433
866392068834872,NEW HOLLAND AG,TS6.120,FWD 16X8 PS CABINA,NH10787M-002034672,ARBSA,HERMOSILLO,SONORA,1027.56,49.42,4,3,0,1,CERRADA,CERRADA,CERRADA,PENDIENTE,,,,,,29.276162,-110.8735721,32.57,2.67,8,1.47,6.63,17.37,10.0,18.0,20.0,27.0,7.0,15.0,7.0,59.0,60.0,76.0,4.0,2.0,13.0,40.0,23.0,43.0,34.0,24.0,17.0,57.0,56.0,17.0,47.0,22.0,600.0,569.0,1029.0,2025-04-22 09:55:00,CERRADA,503080,Preventivo,-31.0,5.166666666666667,458.55999999999995,0.0,4.0,AGRICOLA,29.083333333333332,900.0,0,166.5,29.083333333333332,6.63,0.08017654923685048
866392068952120,NEW HOLLAND AG,TS6.110,2WD 8X8 PS,NH10793M-002049454,ATC,EZEQUIEL MONTES,QUERETARO,4331.96,4584.7,14,4,8,10,CERRADA,,CERRADAFUERA,CERRADAFUERA,CERRADA,CERRADA,CERRADA,CERRADAFUERA,CERRADAFUERA,20.620235,-99.9344113,116.41,53.23,16,4.88,13.87,10.13,0.0,0.0,0.0,0.0,0.0,0.0,0.0,0.0,0.0,198.0,171.0,175.0,272.0,206.0,176.0,193.0,156.0,178.0,172.0,206.0,259.0,200.0,134.0,116.0,600.0,600.0,4337.0,2024-06-12 13:48:00,CERRADAFUERA,,Preventivo,0.0,0.0,3731.96,0.0,6.0,AGRICOLA,117.16666666666667,0.0,0,0.0,117.16666666666667,13.87,0.09168634294637949
MADISA-866392067005292,NEW HOLLAND AG,TS6.120,FWD 16X8 PS CABINA,NH10805M-002046370,MADISAGRAL,IRAPUATO,GUANAJUATO,759.01,268.32,12,1,1,11,CERRADA,PENDIENTE,CERRADAFUERA,,,,,,,20.6110128,-101.4610875,77.7,45.99,27,5.95,9.0,15.0,1.0,0.0,1.0,5.0,4.0,11.0,6.0,1.0,7.0,20.0,85.0,27.0,36.0,2.0,4.0,65.0,127.0,17.0,0.0,0.0,0.0,0.0,31.0,92.0,600.0,566.0,759.0,2025-11-07 10:38:00,CERRADAFUERA,NO APLICA,Preventivo,-34.0,5.666666666666666,193.01,0.0,11.0,AGRICOLA,22.583333333333332,300.0,0,20.0,22.583333333333332,9.0,0.0679524439947258
AGROCISA - 866392066812326,NEW HOLLAND AG,TS6.110,LODERO 8X8 MS,NH10808M-002099934,AGROCISAGRAL,ROMITA,GUANAJUATO,770.66,10.75,6,0,3,6,CERRADAFUERA,CERRADAFUERA,CERRADAFUERA,,,,,,,20.9836123,-101.6034668,0.0,0.0,0,0.0,0.0,24.0,0.0,12.0,0.0,4.0,24.0,15.0,27.0,19.0,58.0,36.0,65.0,20.0,29.0,9.0,18.0,5.0,4.0,37.0,17.0,16.0,37.0,22.0,29.0,22.0,600.0,623.0,770.0,2025-08-21 13:01:00,CERRADAFUERA,0,Preventivo,23.0,3.833333333333333,147.65999999999997,23.0,8.0,AGRICOLA,21.875,0.0,0,12.666666666666668,21.875,0.0,0.10243602458448448
866392066954797,NEW HOLLAND AG,TS6.120,LODERO 8X8 MS CABINA,NH10812M-002036687,MADISAGRAL,ACULA,VERACRUZ DE IGNACIO DE LA LLAVE,1041.0,83.8,28,5,0,23,CERRADA,CERRADA,CERRADA,CERRADA,,,,,,18.2729583,-95.8502191,68.65,38.36,26,5.37,9.65,14.35,0.0,0.0,0.0,0.0,0.0,0.0,4.0,0.0,0.0,4.0,1.0,7.0,98.0,148.0,122.0,122.0,191.0,107.0,56.0,31.0,0.0,9.0,2.0,24.0,600.0,720.0,1041.0,2025-05-27 15:22:00,CERRADA,5510561 5510676,Preventivo,120.0,20.0,321.0,120.0,5.0,AGRICOLA,38.583333333333336,0.0,0,7.5,38.583333333333336,9.65,0.37490873430906874
ATC - 866392066954789,NEW HOLLAND AG,TS6.120,FWD 8X8 PS,NH10813M-002036550,ATC,EBANO,SAN LUIS POTOSI,2818.66,42.22,8,3,4,5,,,CERRADA,CERRADA,CERRADA,CERRADAFUERA,CERRADAFUERA,CERRADAFUERA,CERRADAFUERA,22.4041631,-98.3470416,0.0,0.0,0,0.0,0.0,24.0,93.0,129.0,61.0,111.0,170.0,56.0,85.0,85.0,49.0,52.0,103.0,101.0,213.0,121.0,53.0,138.0,150.0,23.0,26.0,70.0,84.0,44.0,33.0,53.0,600.0,853.0,2818.0,2024-06-18 10:46:00,CERRADA,921693,Preventivo,253.0,42.16666666666667,1965.6599999999999,253.0,6.0,AGRICOLA,87.625,0.0,0,0.0,87.625,0.0,0.3011960901917811
866392067007165,NEW HOLLAND AG,TS6.120,FWD 8X8 PS CABINA,NH10820M-002042493,MADISAGRAL,TAMUIN,SAN LUIS POTOSI,1632.59,93.23,10,5,0,5,CERRADA,CERRADA,CERRADA,CERRADA,CERRADA,PENDIENTE,,,,21.916252,-98.598752,84.71,62.01,25,8.82,8.17,15.83,0.0,0.0,0.0,0.0,0.0,1.0,0.0,0.0,0.0,0.0,0.0,15.0,159.0,133.0,122.0,151.0,0.0,4.0,3.0,221.0,142.0,20.0,21.0,36.0,600.0,603.0,1632.0,2025-04-22 09:31:00,CERRADA,814743,Preventivo,3.0,0.5,1029.59,3.0,4.0,AGRICOLA,42.833333333333336,1500.0,0,7.666666666666666,42.833333333333336,8.17,0.3403308306859128
TRACTIESA - 866392067006118,NEW HOLLAND AG,TS6.120,FWD 8X8 MS,NH10829M-002034240,TRACTIESA,HUITZILAC,MORELOS,3231.87,27.77,9,0,2,9,,,CERRADAFUERA,CERRADAFUERA,PENDIENTE,PENDIENTE,PENDIENTE,PENDIENTE,PENDIENTE,19.157009,-99.1548896,43.39,8.74,6,1.95,5.17,18.83,18.0,7.0,54.0,95.0,165.0,192.0,173.0,167.0,173.0,75.0,67.0,13.0,87.0,72.0,111.0,144.0,150.0,121.0,137.0,45.0,80.0,19.0,43.0,79.0,600.0,594.0,3233.0,2024-06-18 21:39:00,CERRADAFUERA,CERRADA POR FUERA,Preventivo,-6.0,1.0,2637.87,0.0,6.0,AGRICOLA,95.29166666666667,9000.0,0,9.11111111111111,95.29166666666667,5.17,0.17285286673793857
ATS - 866392066982558,NEW HOLLAND AG,TS6.120,FWD 8X8 MS,NH10833M-002101000,ATS,SAN ANDRES TUXTLA,VERACRUZ DE IGNACIO DE LA LLAVE,1370.42,0.0,11,4,0,7,CERRADA,CERRADA,CERRADA,CERRADA,PENDIENTE,,,,,18.6307575,-95.4361543,68.02,43.09,28,5.32,10.63,13.37,0.0,2.0,1.0,0.0,1.0,0.0,4.0,26.0,51.0,13.0,64.0,24.0,48.0,86.0,137.0,107.0,188.0,64.0,86.0,33.0,13.0,7.0,20.0,37.0,600.0,688.0,1371.0,2025-03-24 12:27:00,CERRADA,15961,Preventivo,88.0,14.666666666666666,682.4200000000001,88.0,3.0,AGRICOLA,42.166666666666664,1200.0,0,109.00000000000001,42.166666666666664,10.63,0.3200523215027358
MADISA - NH10840M-866392066913876,NEW HOLLAND AG,TS6.110,FWD 8X8 PS,NH10840M-002085699,MADISAGRAL,CHICOLOAPAN,MEXICO,803.16,0.83,3,3,0,0,CERRADA,CERRADA,CERRADA,,,,,,,19.4011146,-98.9018816,2.21,1.6,9,2.01,1.04,22.96,0.0,0.0,0.0,0.0,0.0,0.0,0.0,0.0,0.0,0.0,0.0,0.0,0.0,0.0,0.0,0.0,0.0,0.0,0.0,0.0,0.0,0.0,0.0,0.0,600.0,627.0,803.0,2025-11-07 08:49:00,CERRADA,4814710 4814651,Preventivo,27.0,4.5,176.15999999999997,27.0,11.0,AGRICOLA,0.0,0.0,0,87.83333333333333,0.0,1.04,0.05973954110751159
MADISA-NH10841M-862407060172214,NEW HOLLAND AG,TS6.110,FWD 8X8 PS,NH10841M-002086940,MADISAGRAL,TIZAYUCA,HIDALGO,1546.82,11.43,7,3,0,4,CERRADA,CERRADA,CERRADA,PENDIENTE,PENDIENTE,PENDIENTE,,,,19.8307361,-98.9598643,53.04,7.82,11,1.55,7.15,16.85,0.0,0.0,0.0,0.0,0.0,1.0,1.0,1.0,0.0,1.0,0.0,0.0,0.0,0.0,0.0,8.0,115.0,173.0,131.0,125.0,121.0,112.0,58.0,86.0,600.0,710.0,1549.0,2025-08-21 10:45:00,CERRADA,4814620 4814673,Preventivo,110.0,18.333333333333332,836.8199999999999,110.0,8.0,AGRICOLA,38.875,3600.0,1,120.0,38.875,7.15,0.615578512946268
ATC-NH10855M-866392063359594,NEW HOLLAND AG,TS6.120,FWD 8X8 MS,NH10855M-002101003,ATC,EBANO,SAN LUIS POTOSI,2632.27,12.35,7,5,1,2,,,CERRADA,CERRADA,CERRADA,CERRADA,CERRADA,CERRADAFUERA,PENDIENTE,22.2309355,-98.4595998,27.88,28.67,20,5.72,8.15,15.85,120.0,119.0,53.0,117.0,149.0,67.0,48.0,103.0,74.0,59.0,49.0,47.0,76.0,80.0,90.0,122.0,95.0,27.0,30.0,98.0,66.0,9.0,71.0,53.0,600.0,600.0,2633.0,2024-06-18 10:46:00,CERRADA,927659,Preventivo,0.0,0.0,2032.27,0.0,6.0,AGRICOLA,75.91666666666667,2400.0,0,0.0,75.91666666666667,8.15,0.31115053611294474
866016064543910,NEW HOLLAND AG,TS6.110,FWD 8X8 MS,NH10857M-002085700,TEPSA,MOLCAXAC,PUEBLA,1129.41,19.5,12,2,0,10,CERRADA,PENDIENTE,CERRADA,PENDIENTE,,,,,,18.4892976,-97.854774,0.0,0.0,0,0.0,0.0,24.0,0.0,0.0,0.0,0.0,0.0,20.0,37.0,12.0,29.0,114.0,71.0,40.0,48.0,27.0,31.0,29.0,93.0,66.0,80.0,18.0,22.0,45.0,40.0,49.0,600.0,600.0,1129.0,2025-07-02 13:51:00,CERRADA,SMIPT49/848,Preventivo,0.0,0.0,529.4100000000001,0.0,7.0,AGRICOLA,36.291666666666664,1200.0,0,115.99999999999999,36.291666666666664,0.0,0.2884581494828458
TRACTIESA - NH10859M - 866016064483885,NEW HOLLAND AG,TS6.110,FWD 8X8 MS,NH10859M-002083695,TRACTIESA,HUITZILAC,MORELOS,1290.08,3.3,5,1,1,4,PENDIENTE,CERRADAFUERA,CERRADA,ENPROCESO,PENDIENTE,,,,,19.0098345,-99.3858373,0.0,0.0,0,0.0,0.0,24.0,0.0,0.0,0.0,0.0,0.0,0.0,27.0,63.0,65.0,40.0,27.0,45.0,111.0,49.0,62.0,53.0,139.0,59.0,22.0,46.0,95.0,29.0,28.0,25.0,600.0,569.0,1290.0,2025-02-25 15:02:00,CERRADA,PMIN-TOL-5667,Preventivo,-31.0,5.166666666666667,721.0799999999999,0.0,2.0,AGRICOLA,41.041666666666664,1250.0,0,16.333333333333332,41.041666666666664,0.0,0.3729137526334951
ATC - 866392060783382,NEW HOLLAND AG,TS6.110,FWD 8X8 MS,NH10863M-002101002,ATC,SAN JUAN DEL RIO,QUERETARO,2612.8,1.75,8,6,1,2,,CERRADA,CERRADA,CERRADA,CERRADA,CERRADA,CERRADA,CERRADAFUERA,PENDIENTE,20.4273973,-100.0653713,8.47,5.13,16,3.0,2.28,21.72,8.0,56.0,65.0,96.0,82.0,34.0,73.0,84.0,96.0,109.0,68.0,122.0,74.0,105.0,114.0,179.0,143.0,75.0,51.0,47.0,110.0,114.0,77.0,117.0,600.0,537.0,2612.0,2024-06-08 20:52:00,CERRADA,951997,Preventivo,-63.0,10.5,2075.8,0.0,6.0,AGRICOLA,87.45833333333333,2400.0,0,11.11111111111111,87.45833333333333,2.28,0.15276745940829253
866392066775556,NEW HOLLAND AG,TS6.140,FWD 8X8 PS,NH10866M-002092928,ATC,PEDRO ESCOBEDO,QUERETARO,3583.19,1.43,10,3,5,7,,,CERRADA,CERRADAFUERA,,CERRADA,CERRADAFUERA,CERRADA,CERRADAFUERA,20.4776941,-100.0471328,0.0,0.0,0,0.0,0.0,24.0,0.0,60.0,135.0,126.0,128.0,89.0,139.0,228.0,194.0,46.0,2.0,71.0,312.0,237.0,195.0,83.0,52.0,75.0,25.0,31.0,58.0,107.0,112.0,74.0,600.0,640.0,3583.0,2024-06-18 10:46:00,CERRADA,945334,Preventivo,40.0,6.666666666666667,2943.19,40.0,6.0,AGRICOLA,107.45833333333333,0.0,0,1.6666666666666667,107.45833333333333,0.0,0.2912345514389146
ATC - 862407060171984,NEW HOLLAND AG,TS6.120,FWD 8X8 PS,NH10868M-002101001,ATC,EZEQUIEL MONTES,QUERETARO,2671.99,9.47,8,5,1,3,,,CERRADA,CERRADA,CERRADAFUERA,CERRADA,CERRADA,CERRADA,PENDIENTE,20.5436183,-99.9128675,41.98,23.55,9,4.18,8.06,15.94,49.0,57.0,76.0,119.0,121.0,98.0,62.0,59.0,24.0,65.0,67.0,95.0,112.0,115.0,40.0,162.0,148.0,65.0,56.0,59.0,88.0,111.0,104.0,99.0,600.0,616.0,2672.0,2024-06-18 21:14:00,CERRADA,943904,Preventivo,16.0,2.666666666666667,2055.99,16.0,6.0,AGRICOLA,85.45833333333333,2400.0,0,3.3333333333333335,85.45833333333333,8.06,0.174550266606584
ATC - 862407060172016,NEW HOLLAND AG,TS6.120,FWD 8X8 MS,NH10869M-002102316,ATC,SAN JUAN DEL RIO,QUERETARO,3276.32,7.89,11,6,3,5,,CERRADA,CERRADA,CERRADA,CERRADAFUERA,CERRADA,CERRADA,CERRADAFUERA,CERRADA,20.4279725,-100.0624035,90.78,15.65,10,1.72,9.85,14.15,15.0,38.0,65.0,92.0,91.0,72.0,132.0,97.0,52.0,109.0,81.0,42.0,65.0,117.0,94.0,186.0,181.0,151.0,128.0,87.0,181.0,128.0,130.0,123.0,600.0,672.0,3276.0,2024-06-08 20:15:00,CERRADA,951998,Preventivo,72.0,12.0,2604.32,72.0,6.0,AGRICOLA,102.375,0.0,0,3.6249999999999996,102.375,9.85,0.22474510652677346
866016064543282,NEW HOLLAND AG,TS6.110,LODERO 8X8 MS,NH10870M-002075618,AGROCISAGRAL,TEZIUTLAN,PUEBLA,1163.42,57.1,5,2,2,3,CERRADA,CERRADA,CERRADAFUERA,CERRADAFUERA,PORVENCER,,,,,19.6041503,-97.286332,34.55,23.3,12,6.37,3.75,20.25,0.0,0.0,0.0,0.0,0.0,0.0,0.0,79.0,89.0,79.0,21.0,9.0,35.0,40.0,0.0,13.0,43.0,28.0,94.0,67.0,116.0,38.0,2.0,26.0,600.0,594.0,1163.0,2025-11-07 09:25:00,CERRADAFUERA,0,Preventivo,-6.0,1.0,569.4200000000001,0.0,11.0,AGRICOLA,32.458333333333336,1200.0,0,175.66666666666666,32.458333333333336,3.75,0.13503286280305082
ATC - 862407060170598,NEW HOLLAND AG,TS6.120,FWD 8X8 PS,NH10874M-002109264,ATC,SAN JUAN DE GUADALUPE,DURANGO,600.0,147.4,3,3,0,0,CERRADA,CERRADA,CERRADA,,,,,,,24.3097686,-103.396647,0.0,0.0,0,0.0,0.0,24.0,30.0,39.0,20.0,24.0,3.0,0.0,0.0,0.0,0.0,0.0,0.0,0.0,0.0,0.0,0.0,0.0,0.0,0.0,0.0,0.0,0.0,0.0,0.0,0.0,600.0,196.0,600.0,2025-05-21 14:12:00,CERRADA,1026950,Preventivo,-404.0,67.33333333333333,404.0,0.0,5.0,AGRICOLA,4.833333333333333,0.0,0,17.333333333333336,4.833333333333333,0.0,0.10452149862792964
862407060167784,NEW HOLLAND AG,TS6.110,FWD 8X8 MS,NH10894M-002076681,MADISAGRAL,SAN JUAN BAUTISTA TUXTEPEC,OAXACA,898.59,40.96,4,3,0,1,CERRADA,CERRADA,CERRADA,PENDIENTE,,,,,,18.2003183,-95.9916758,68.4,39.48,15,5.6,7.75,16.25,0.0,0.0,0.0,0.0,0.0,0.0,0.0,29.0,58.0,33.0,29.0,54.0,69.0,103.0,59.0,24.0,70.0,1.0,24.0,14.0,13.0,15.0,2.0,12.0,600.0,560.0,904.0,2025-03-24 13:00:00,CERRADA,5510491 5510656,Preventivo,-40.0,6.666666666666667,338.59000000000003,0.0,3.0,AGRICOLA,25.375,900.0,0,56.5,25.375,7.75,0.03237093993353363
866016064538019,NEW HOLLAND AG,TS6.125,FWD 8X8 PS,NH10896M-002053320,ENAGRI,BAHIA DE BANDERAS,NAYARIT,1354.16,21.22,5,3,0,2,CERRADA,CERRADA,CERRADA,PENDIENTE,PENDIENTE,,,,,20.8300061,-105.2078375,25.95,0.58,7,0.33,2.71,21.29,0.0,0.0,0.0,0.0,0.0,0.0,0.0,10.0,108.0,102.0,98.0,77.0,53.0,28.0,8.0,7.0,44.0,38.0,23.0,21.0,107.0,99.0,84.0,75.0,600.0,560.0,1358.0,2024-12-21 07:26:00,CERRADA,TF17200,Preventivo,-40.0,6.666666666666667,794.1600000000001,0.0,12.0,AGRICOLA,40.916666666666664,2100.0,0,134.0,40.916666666666664,2.71,0.24062166370999258
862407060148826,NEW HOLLAND AG,TS6.125,FWD 8X8 MS,NH10898M-002051522,MADISAGRAL,ACATLAN,HIDALGO,752.5,6.85,5,3,0,2,CERRADA,CERRADA,CERRADA,,,,,,,20.1671465,-98.3922721,0.02,0.05,12,0.85,0.06,23.94,0.0,0.0,0.0,0.0,0.0,0.0,3.0,1.0,0.0,19.0,0.0,47.0,61.0,85.0,87.0,49.0,37.0,49.0,22.0,26.0,29.0,0.0,17.0,6.0,600.0,560.0,752.0,2025-08-26 16:59:00,CERRADA,4814647 4814701,Preventivo,-40.0,6.666666666666667,192.5,0.0,8.0,AGRICOLA,22.416666666666668,0.0,0,10.333333333333334,22.416666666666668,0.06,0.03656979390273934
866392063338044,NEW HOLLAND AG,TS6.125,FWD 8X8 MS,NH10899M-002053318,MADISAGRAL,ACULA,VERACRUZ DE IGNACIO DE LA LLAVE,1078.9,5.41,8,3,0,5,CERRADA,CERRADA,CERRADA,PENDIENTE,,,,,,18.5169003,-95.6903221,21.33,11.05,32,4.48,2.64,21.36,0.0,0.0,0.0,0.0,0.0,0.0,0.0,0.0,0.0,1.0,2.0,71.0,183.0,185.0,163.0,117.0,150.0,0.0,2.0,0.0,0.0,0.0,2.0,34.0,600.0,625.0,1080.0,2025-03-24 13:15:00,CERRADA,5510451,Preventivo,25.0,4.166666666666666,453.9000000000001,25.0,3.0,AGRICOLA,37.916666666666664,900.0,0,8.333333333333334,37.916666666666664,2.64,0.2115837263558012
866016064310096,NEW HOLLAND AG,TS6.110,LODERO 8X8 MS,NH10905M-002099406,TEPSA,ORIENTAL,PUEBLA,1208.35,31.86,5,3,0,2,CERRADA,CERRADA,CERRADA,PENDIENTE,PENDIENTE,,,,,19.3774958,-97.553126,44.6,26.02,11,5.07,5.46,18.54,0.0,0.0,0.0,0.0,0.0,0.0,45.0,12.0,39.0,5.0,1.0,1.0,50.0,105.0,79.0,51.0,89.0,82.0,67.0,41.0,71.0,85.0,70.0,21.0,600.0,562.0,1209.0,2025-05-27 17:18:00,CERRADA,SFPT2341/740,Preventivo,-38.0,6.333333333333334,646.3499999999999,0.0,5.0,AGRICOLA,38.083333333333336,2100.0,1,16.0,38.083333333333336,5.46,0.45343104250983907
862407060168964,NEW HOLLAND AG,TS6.110,FWD 8X8 PS CABINA,NH10907M-002099405,MADISAGRAL,VALLECILLO,NUEVO LEON,1711.54,548.95,6,4,0,2,CERRADA,CERRADA,CERRADA,CERRADA,PENDIENTE,PENDIENTE,,,,26.5266433,-99.8541515,56.98,31.71,26,6.08,8.22,15.78,0.0,0.0,0.0,0.0,0.0,0.0,0.0,0.0,0.0,0.0,37.0,104.0,136.0,131.0,95.0,85.0,84.0,89.0,113.0,62.0,60.0,95.0,74.0,74.0,600.0,560.0,1712.0,2025-03-24 13:24:00,CERRADA,2878150,Preventivo,-40.0,6.666666666666667,1151.54,0.0,3.0,AGRICOLA,51.625,2700.0,0,6.166666666666667,51.625,8.22,0.37959421405921384
866016064437766,NEW HOLLAND AG,TS6.120,FWD 8X8 PS CABINA,NH10908M-002109250,ARBSA,BANAMICHI,SONORA,872.39,303.85,4,3,0,1,CERRADA,CERRADA,CERRADA,PORVENCER,,,,,,30.376706,-110.1552271,0.0,0.0,0,0.0,0.0,24.0,0.0,0.0,0.0,0.0,0.0,0.0,0.0,0.0,93.0,75.0,74.0,11.0,19.0,2.0,5.0,3.0,25.0,38.0,33.0,25.0,90.0,96.0,61.0,0.0,600.0,560.0,872.0,2025-09-19 11:59:00,CERRADA,503530,Preventivo,-40.0,6.666666666666667,312.39,0.0,9.0,AGRICOLA,27.083333333333332,900.0,0,74.5,27.083333333333332,0.0,0.0689936350762742
866016064327355,NEW HOLLAND AG,TS6.120,FWD 8X8 PS CABINA,NH10910M-002111693,ALTENOS,SAN JUAN DE LOS LAGOS,JALISCO,645.93,320.99,3,3,0,0,CERRADA,CERRADA,CERRADA,,,,,,,21.4058008,-102.2262653,85.22,51.98,14,5.63,9.62,14.38,0.0,0.0,0.0,0.0,0.0,0.0,0.0,0.0,0.0,127.0,9.0,0.0,4.0,0.0,35.0,94.0,38.0,32.0,28.0,0.0,70.0,83.0,22.0,3.0,600.0,560.0,645.0,2025-10-22 10:22:00,CERRADA,VSS0002897,Preventivo,-40.0,6.666666666666667,85.92999999999995,0.0,10.0,AGRICOLA,22.708333333333332,0.0,0,104.16666666666667,22.708333333333332,9.62,0.10412739193937531
862407060164104,NEW HOLLAND AG,TS6.125,FWD 8X8 MS,NH10935M-002053768,MADISAGRAL,JUAN RODRIGUEZ CLARA,VERACRUZ DE IGNACIO DE LA LLAVE,929.63,0.35,4,3,0,1,CERRADA,CERRADA,CERRADA,PENDIENTE,,,,,,18.1841185,-95.6413893,44.51,36.3,22,6.82,8.1,15.9,0.0,0.0,0.0,0.0,0.0,0.0,0.0,0.0,0.0,0.0,32.0,62.0,124.0,110.0,117.0,80.0,97.0,12.0,0.0,0.0,1.0,16.0,0.0,21.0,600.0,594.0,932.0,2025-04-22 10:31:00,CERRADA,5510526,Preventivo,-6.0,1.0,335.63,0.0,4.0,AGRICOLA,28.0,900.0,0,39.666666666666664,28.0,8.1,0.03237093993353363
862407060136128,NEW HOLLAND AG,TS6.125,FWD 8X8 PS,NH10940M-002053358,ALTENOS,ZACOALCO DE TORRES,JALISCO,1598.93,18.39,6,6,0,0,CERRADA,CERRADA,CERRADA,CERRADA,CERRADA,CERRADA,,,,20.1167106,-103.715141,0.0,0.0,0,0.0,0.0,24.0,4.0,0.0,0.0,0.0,0.0,0.0,0.0,75.0,84.0,86.0,48.0,76.0,48.0,6.0,18.0,27.0,39.0,70.0,83.0,79.0,92.0,70.0,112.0,35.0,600.0,600.0,1598.0,2025-08-01 12:15:00,CERRADA,OTA0002312,Preventivo,0.0,0.0,998.9300000000001,0.0,8.0,AGRICOLA,43.833333333333336,0.0,1,1.1111111111111112,43.833333333333336,0.0,0.6595151601433096
866016064406464,NEW HOLLAND AG,TS6.140,FWD 16X8 PS,NH10953M-002143054,ARBSA,SAN LUIS RIO COLORADO,SONORA,1374.35,139.73,13,5,0,8,CERRADA,CERRADA,CERRADA,CERRADA,CERRADA,,,,,32.2679568,-114.972631,84.65,69.29,36,10.77,9.16,14.84,0.0,0.0,0.0,0.0,0.0,0.0,0.0,0.0,0.0,0.0,0.0,44.0,116.0,127.0,81.0,56.0,30.0,23.0,107.0,71.0,85.0,41.0,31.0,62.0,600.0,566.0,1375.0,2025-12-07 13:55:00,CERRADA,110824,Preventivo,-34.0,5.666666666666666,808.3499999999999,0.0,12.0,AGRICOLA,36.416666666666664,0.0,0,10.148148148148147,36.416666666666664,9.16,0.3069628693886378
862407061533729,NEW HOLLAND AG,TS6.110,FWD 8X8 MS,NH10973M-002136779,MADISAGRAL,VERACRUZ,VERACRUZ DE IGNACIO DE LA LLAVE,1186.32,38.76,14,3,0,11,CERRADA,CERRADA,CERRADA,PENDIENTE,PORVENCER,,,,,19.118241,-96.2272421,83.19,26.39,14,2.65,11.78,12.22,0.0,0.0,0.0,0.0,0.0,0.0,0.0,0.0,1.0,1.0,2.0,63.0,197.0,176.0,151.0,115.0,99.0,0.0,8.0,0.0,0.0,2.0,5.0,87.0,600.0,601.0,1186.0,2025-03-24 12:33:00,CERRADA,7402039,Preventivo,1.0,0.16666666666666669,585.3199999999999,1.0,3.0,AGRICOLA,37.791666666666664,2100.0,0,16.666666666666668,37.791666666666664,11.78,0.2974222737799039
862407061571869,NEW HOLLAND AG,TS6.110,FWD 8X8 PS,NH10979M-002132313,MADISAGRAL,JUAN RODRIGUEZ CLARA,VERACRUZ DE IGNACIO DE LA LLAVE,1062.07,0.0,4,4,0,0,CERRADA,CERRADA,CERRADA,CERRADA,,,,,,18.1150608,-95.5321896,0.0,0.0,0,0.0,0.0,24.0,0.0,0.0,0.0,0.0,0.0,0.0,0.0,0.0,0.0,63.0,83.0,42.0,36.0,1.0,20.0,31.0,51.0,45.0,73.0,89.0,113.0,101.0,0.0,0.0,600.0,560.0,1062.0,2025-07-19 09:16:00,CERRADA,8509082,Preventivo,-40.0,6.666666666666667,502.06999999999994,0.0,7.0,AGRICOLA,31.166666666666668,0.0,0,185.66666666666666,31.166666666666668,0.0,0.0714152071571229
862407061477695,NEW HOLLAND AG,TS6.140,FWD 16X8 PS,NH10984M-002128857,ARBSA,SAN LUIS RIO COLORADO,SONORA,1313.14,35.21,10,5,0,5,CERRADA,CERRADA,CERRADA,CERRADA,CERRADA,,,,,32.2135126,-114.8655306,67.92,60.67,33,10.71,6.95,17.05,0.0,0.0,0.0,0.0,0.0,0.0,0.0,0.0,0.0,0.0,3.0,80.0,51.0,159.0,94.0,76.0,78.0,6.0,3.0,58.0,93.0,59.0,21.0,95.0,600.0,636.0,1314.0,2025-08-21 13:05:00,CERRADA,110832,Preventivo,36.0,6.0,677.1400000000001,36.0,8.0,AGRICOLA,36.5,0.0,0,15.333333333333334,36.5,6.95,0.3388622826895156
862407061486589,NEW HOLLAND AG,TS6.110,FWD 8X8 PS,NH10988M-002134433,MADISAGRAL,CUITLAHUAC,VERACRUZ DE IGNACIO DE LA LLAVE,1777.47,33.98,7,4,0,3,CERRADA,CERRADA,CERRADA,CERRADA,PENDIENTE,PENDIENTE,PORVENCER,,,18.7614531,-96.4887735,57.88,6.44,11,1.02,8.19,15.81,0.0,0.0,0.0,0.0,0.0,0.0,0.0,0.0,0.0,0.0,88.0,83.0,147.0,119.0,110.0,127.0,131.0,84.0,82.0,70.0,86.0,76.0,83.0,73.0,600.0,616.0,1779.0,2025-03-24 13:16:00,CERRADA,8508798 8508833,Preventivo,16.0,2.666666666666667,1161.47,16.0,3.0,AGRICOLA,56.625,4500.0,0,104.66666666666667,56.625,8.19,0.40834879634153004
862407061467084,NEW HOLLAND AG,TS6.110,FWD 8X8 PS,NH10989M-002140310,MADISAGRAL,CUITLAHUAC,VERACRUZ DE IGNACIO DE LA LLAVE,1215.54,17.27,11,4,0,7,CERRADA,CERRADA,CERRADA,CERRADA,PENDIENTE,,,,,18.7612425,-96.4882583,48.24,5.8,10,0.99,6.5,17.5,0.0,0.0,0.0,0.0,0.0,0.0,0.0,0.0,0.0,0.0,0.0,78.0,125.0,112.0,30.0,112.0,106.0,82.0,60.0,48.0,64.0,61.0,48.0,63.0,600.0,621.0,1217.0,2025-11-07 09:20:00,CERRADA,8509031 8508970,Preventivo,21.0,3.5000000000000004,594.54,21.0,11.0,AGRICOLA,41.208333333333336,1200.0,0,6.814814814814814,41.208333333333336,6.5,0.35449542146985685
862407061466763,NEW HOLLAND AG,TS6.110,FWD 8X8 MS CABINA,NH10991M-002139998,ATN,OTHON P. BLANCO,QUINTANA ROO,901.6,25.55,4,3,0,1,CERRADA,CERRADA,CERRADA,PENDIENTE,,,,,,18.1725225,-88.707432,0.0,0.0,0,0.0,0.0,24.0,0.0,0.0,0.0,0.0,3.0,19.0,15.0,62.0,68.0,64.0,13.0,0.0,0.0,0.0,0.0,0.0,0.0,0.0,0.0,0.0,0.0,0.0,0.0,0.0,600.0,600.0,901.0,2025-04-23 05:57:00,CERRADA,982479,Preventivo,0.0,0.0,301.6,0.0,4.0,AGRICOLA,10.166666666666666,900.0,0,0.0,10.166666666666666,0.0,0.13556277165131644
862407061573428,NEW HOLLAND AG,TS6.120,FWD 16X8 PS,NH10993M-002151556,AGROEQUIPOS,MAPASTEPEC,CHIAPAS,1276.12,42.94,5,2,0,3,PENDIENTE,CERRADA,CERRADA,PENDIENTE,PENDIENTE,,,,,15.354915,-92.9775068,9.32,4.51,13,5.38,0.7,23.3,0.0,0.0,0.0,0.0,0.0,0.0,0.0,8.0,32.0,39.0,22.0,70.0,150.0,99.0,47.0,24.0,54.0,33.0,49.0,15.0,20.0,24.0,60.0,55.0,600.0,600.0,1277.0,2025-02-19 21:36:00,CERRADA,OS-13999,Preventivo,0.0,0.0,676.1199999999999,0.0,2.0,AGRICOLA,33.375,2150.0,0,0.0,33.375,0.7,0.18854120093449014
862407061476218,NEW HOLLAND AG,TS6.110,LODERO 8X8 MS,NH11005M-002134435,TEPSA,COYOMEAPAN,PUEBLA,1829.32,26.52,7,4,0,3,CERRADA,CERRADA,CERRADA,CERRADA,PENDIENTE,PENDIENTE,PENDIENTE,,,18.0796043,-97.0895628,0.0,0.0,0,0.0,0.0,24.0,0.0,0.0,0.0,0.0,0.0,0.0,26.0,79.0,53.0,113.0,67.0,25.0,15.0,101.0,88.0,46.0,53.0,58.0,36.0,73.0,112.0,122.0,71.0,97.0,600.0,680.0,1834.0,2025-08-01 13:16:00,CERRADA,SMIPT42/813,Preventivo,80.0,13.333333333333334,1149.32,80.0,8.0,AGRICOLA,51.458333333333336,4500.0,0,10.0,51.458333333333336,0.0,0.5349174265421385
862407061503664,NEW HOLLAND AG,TS6.120,FWD 8X8 PS,NH11021M-002150017,TEPSA,ORIENTAL,PUEBLA,2939.5,2.78,10,8,1,2,CERRADAFUERA,CERRADA,CERRADA,CERRADA,CERRADA,CERRADA,CERRADA,CERRADA,CERRADA,19.3895296,-97.578424,110.36,29.57,19,2.95,11.2,12.8,0.0,0.0,0.0,0.0,0.0,0.0,0.0,0.0,0.0,0.0,0.0,0.0,0.0,0.0,0.0,206.0,258.0,243.0,225.0,222.0,266.0,220.0,192.0,208.0,600.0,836.0,2947.0,2025-11-07 09:20:00,CERRADA,SFP1938/1688,Preventivo,236.0,39.33333333333333,2103.5,236.0,11.0,AGRICOLA,85.0,0.0,0,21.15702947845805,85.0,11.2,0.14382152905136705
862407061478818,NEW HOLLAND AG,TS6.140,FWD 8X8 PS,NH11025M-002133820,ARBSA,HUATABAMPO,SONORA,735.18,73.02,3,3,0,0,CERRADA,CERRADA,CERRADA,,,,,,,26.9845146,-109.819171,12.09,6.16,22,6.61,2.37,21.63,0.0,0.0,0.0,0.0,0.0,0.0,0.0,0.0,114.0,16.0,2.0,2.0,17.0,37.0,26.0,2.0,16.0,24.0,3.0,33.0,22.0,45.0,67.0,82.0,600.0,560.0,735.0,2025-10-12 18:43:00,CERRADA,71190,Preventivo,-40.0,6.666666666666667,175.17999999999995,0.0,10.0,AGRICOLA,21.166666666666668,0.0,0,103.5,21.166666666666668,2.37,0.03741919815252424
862407061561050,NEW HOLLAND AG,TS6.140,FWD 8X8 PS,NH11027M-002133021,ARBSA,SAN LUIS RIO COLORADO,SONORA,1476.77,59.19,6,4,0,2,CERRADA,CERRADA,CERRADA,CERRADA,PENDIENTE,PORVENCER,,,,32.2679665,-114.9724891,0.0,58.16,38,7.99,7.45,16.55,0.0,0.0,0.0,0.0,0.0,0.0,0.0,0.0,0.0,1.0,81.0,102.0,35.0,0.0,24.0,90.0,90.0,125.0,101.0,31.0,59.0,42.0,65.0,89.0,600.0,560.0,1476.0,2025-05-27 15:11:00,CERRADA,110771,Preventivo,-40.0,6.666666666666667,916.77,0.0,5.0,AGRICOLA,38.958333333333336,2700.0,0,102.33333333333333,38.958333333333336,7.45,0.38520077795204233
862407061505297,NEW HOLLAND AG,TS6.140,FWD 16X8 PS,NH11031M-002143055,AGROCISAGRAL,ZAPOTLAN DEL REY,JALISCO,2214.11,95.05,8,7,1,1,CERRADAFUERA,CERRADA,CERRADA,CERRADA,CERRADA,CERRADA,CERRADA,CERRADA,,20.5553345,-102.8036241,77.12,14.66,12,2.15,9.64,14.36,0.0,0.0,0.0,0.0,0.0,0.0,0.0,0.0,0.0,0.0,55.0,99.0,178.0,153.0,114.0,136.0,143.0,131.0,95.0,93.0,138.0,123.0,98.0,113.0,600.0,560.0,2217.0,2025-04-03 08:16:00,CERRADA,4748,Preventivo,-40.0,6.666666666666667,1654.1100000000001,0.0,4.0,AGRICOLA,69.54166666666667,0.0,0,40.3,69.54166666666667,9.64,0.4176758619588009
862407061505065,NEW HOLLAND AG,TS6.140,FWD 16X8 PS,NH11032M-002143440,ARBSA,NAVOJOA,SONORA,629.48,109.15,20,4,0,16,CERRADA,CERRADA,CERRADA,,,,,,,27.1165366,-109.736263,52.49,87.93,34,21.03,4.31,19.69,0.0,0.0,0.0,0.0,0.0,0.0,0.0,0.0,0.0,0.0,0.0,19.0,32.0,79.0,66.0,80.0,64.0,1.0,0.0,0.0,9.0,20.0,52.0,37.0,600.0,560.0,629.0,2025-08-12 10:50:00,CERRADA,71129,Preventivo,-40.0,6.666666666666667,69.48000000000002,0.0,8.0,AGRICOLA,19.125,0.0,0,7.5,19.125,4.31,0.03041796355171752
862407061535385,NEW HOLLAND AG,TS6.125,FWD 8X8 PS,NH11037M-002053946,MADISAGRAL,ACULA,VERACRUZ DE IGNACIO DE LA LLAVE,1098.86,1.21,8,5,0,3,CERRADA,CERRADA,CERRADA,CERRADA,,,,,,18.4342068,-95.8269481,27.1,13.39,30,4.37,5.05,18.95,0.0,0.0,0.0,0.0,0.0,0.0,0.0,0.0,0.0,0.0,0.0,0.0,147.0,180.0,233.0,258.0,160.0,2.0,0.0,0.0,0.0,1.0,1.0,5.0,600.0,584.0,1101.0,2025-03-24 13:20:00,CERRADA,5510456,Preventivo,-16.0,2.666666666666667,514.8599999999999,0.0,3.0,AGRICOLA,41.125,0.0,1,8.0,41.125,5.05,0.2967845660870782
862407061469759,NEW HOLLAND AG,TS6.125,FWD 8X8 PS,NH11042M-002052367,MADISAGRAL,ACULA,VERACRUZ DE IGNACIO DE LA LLAVE,958.43,12.88,9,3,0,6,CERRADA,CERRADA,CERRADA,PENDIENTE,,,,,,18.380277,-95.7430288,76.86,38.28,22,4.22,11.02,12.98,0.0,0.0,0.0,0.0,0.0,0.0,0.0,0.0,0.0,0.0,0.0,62.0,151.0,178.0,163.0,185.0,94.0,1.0,7.0,1.0,1.0,1.0,24.0,69.0,600.0,630.0,958.0,2025-04-23 09:14:00,CERRADA,5510527,Preventivo,30.0,5.0,328.42999999999995,30.0,4.0,AGRICOLA,39.041666666666664,900.0,0,10.0,39.041666666666664,11.02,0.2790582689534713
862407061438614,NEW HOLLAND AG,TS6.125,FWD 8X8 PS,NH11045M-002054403,AGROCISAGRAL,ARANDAS,JALISCO,1290.21,55.55,12,4,1,8,CERRADAFUERA,CERRADA,CERRADA,CERRADA,CERRADA,,,,,20.7534185,-102.4260288,81.85,21.89,17,2.71,8.33,15.67,0.0,0.0,0.0,0.0,0.0,0.0,0.0,0.0,0.0,0.0,0.0,64.0,149.0,86.0,41.0,67.0,123.0,80.0,14.0,55.0,99.0,84.0,94.0,74.0,600.0,561.0,1290.0,2025-05-27 16:16:00,CERRADA,24916,Preventivo,-39.0,6.5,729.21,0.0,5.0,AGRICOLA,42.916666666666664,0.0,0,7.666666666666667,42.916666666666664,8.33,0.3403308306859128
862407061407098,NEW HOLLAND AG,TS6.120,LODERO 8X8 MS,NH11058M-002142914,ARBSA,SAN JOSE ITURBIDE,GUANAJUATO,1976.55,10.28,7,0,7,7,CERRADAFUERA,CERRADAFUERA,CERRADAFUERA,CERRADAFUERA,CERRADAFUERA,CERRADAFUERA,CERRADAFUERA,,,21.1078206,-100.4543078,0.37,0.41,12,6.19,0.07,23.93,0.0,0.0,0.0,0.0,0.0,2.0,86.0,16.0,85.0,103.0,0.0,10.0,53.0,69.0,36.0,94.0,109.0,118.0,65.0,31.0,79.0,88.0,1.0,30.0,600.0,642.0,1976.0,2024-05-12 15:31:00,CERRADAFUERA,0,Preventivo,42.0,7.000000000000001,1334.55,42.0,5.0,AGRICOLA,44.791666666666664,0.0,1,56.99999999999999,44.791666666666664,0.07,0.6087721412613167
862407061521443,NEW HOLLAND AG,TS6.120,FWD 16X8 PS,NH11064M-002150014,MADISAGRAL,JUAN RODRIGUEZ CLARA,VERACRUZ DE IGNACIO DE LA LLAVE,1240.59,9.54,12,4,0,8,CERRADA,CERRADA,CERRADA,PENDIENTE,PENDIENTE,,,,,18.039072,-95.5340275,13.2,15.19,27,10.3,1.73,22.27,0.0,0.0,0.0,0.0,0.0,0.0,0.0,0.0,0.0,0.0,0.0,0.0,55.0,27.0,96.0,109.0,100.0,114.0,67.0,87.0,122.0,96.0,73.0,49.0,600.0,662.0,1240.0,2025-08-21 10:44:00,CERRADA,5510711,Preventivo,62.0,10.333333333333334,578.5899999999999,62.0,8.0,AGRICOLA,41.458333333333336,2100.0,0,6.5,41.458333333333336,1.73,0.20311771706984502
862407061567925,NEW HOLLAND AG,TS6.140,FWD 8X8 PS,NH11065M-002144989,ARBSA,SAN LUIS RIO COLORADO,SONORA,1607.79,52.6,6,6,0,0,CERRADA,CERRADA,CERRADA,CERRADA,CERRADA,CERRADA,,,,32.2867841,-114.968659,41.42,31.11,35,8.38,7.88,16.12,0.0,0.0,0.0,0.0,0.0,0.0,0.0,0.0,0.0,0.0,97.0,109.0,83.0,1.0,42.0,106.0,86.0,95.0,85.0,50.0,100.0,82.0,0.0,99.0,600.0,648.0,1611.0,2025-05-27 15:40:00,CERRADA,110749,Preventivo,48.0,8.0,959.79,48.0,5.0,AGRICOLA,43.125,0.0,0,99.66666666666667,43.125,7.88,0.3477777459527773
862407061567032,NEW HOLLAND AG,TS6.140,FWD 16X8 PS,NH11067M-002151925,ARBSA,SAN LUIS RIO COLORADO,SONORA,1270.55,86.26,15,5,0,10,CERRADA,CERRADA,CERRADA,CERRADA,PENDIENTE,,,,,32.2314283,-114.9820423,113.16,26.04,26,3.32,9.76,14.24,0.0,0.0,0.0,0.0,0.0,0.0,0.0,0.0,0.0,0.0,2.0,0.0,66.0,105.0,80.0,22.0,32.0,54.0,100.0,66.0,70.0,1.0,39.0,93.0,600.0,584.0,1270.0,2025-08-21 10:46:00,CERRADA,110884,Preventivo,-16.0,2.666666666666667,686.55,0.0,8.0,AGRICOLA,30.416666666666668,1200.0,0,6.166666666666667,30.416666666666668,9.76,0.0827914582762614
862407061592725,NEW HOLLAND AG,TS6.140,FWD 16X8 PS,NH11092M-002144616,ARBSA,SAN LUIS RIO COLORADO,SONORA,1315.12,73.46,13,4,0,9,CERRADA,CERRADA,CERRADA,CERRADA,PENDIENTE,,,,,32.2314255,-114.9818665,83.22,51.63,36,9.09,8.15,15.85,0.0,0.0,0.0,0.0,0.0,0.0,0.0,0.0,0.0,0.0,2.0,0.0,78.0,102.0,63.0,37.0,16.0,86.0,91.0,57.0,49.0,35.0,50.0,74.0,600.0,607.0,1317.0,2025-08-21 10:43:00,CERRADA,503075,Preventivo,7.0,1.1666666666666667,708.1199999999999,7.0,8.0,AGRICOLA,30.833333333333332,1200.0,0,7.5,30.833333333333332,8.15,0.031746859003940184
862407061659516,NEW HOLLAND AG,TS6.125,FWD 16X8 PS,NH11101M-002145240,MADISAGRAL,LA PERLA,VERACRUZ DE IGNACIO DE LA LLAVE,1144.51,0.1,4,3,0,1,CERRADA,CERRADA,CERRADA,PENDIENTE,,,,,,18.9362753,-97.246943,0.0,0.0,0,0.0,0.0,24.0,0.0,0.0,0.0,0.0,0.0,0.0,0.0,0.0,0.0,48.0,65.0,65.0,90.0,80.0,92.0,37.0,56.0,41.0,65.0,31.0,42.0,49.0,59.0,38.0,600.0,586.0,1144.0,2025-04-23 09:29:00,CERRADA,8508907,Preventivo,-14.0,2.3333333333333335,558.51,0.0,4.0,AGRICOLA,35.75,900.0,0,229.99999999999997,35.75,0.0,0.26583811208791763
862407062936517,NEW HOLLAND AG,TS6.120,LODERO 8X8 MS,NH11108M-002191773,TEPSA,TEZIUTLAN,PUEBLA,1217.55,0.66,8,2,1,6,CERRADAFUERA,CERRADA,CERRADA,ENPROCESO,PENDIENTE,,,,,19.7764393,-97.2940213,57.04,15.08,9,2.09,8.02,15.98,0.0,0.0,0.0,0.0,0.0,0.0,0.0,0.0,0.0,0.0,0.0,51.0,115.0,101.0,87.0,52.0,77.0,46.0,60.0,94.0,38.0,40.0,91.0,30.0,600.0,639.0,1222.0,2025-12-07 10:41:00,CERRADA,SFP2032/1786,Preventivo,39.0,6.5,578.55,39.0,12.0,AGRICOLA,36.75,1200.0,0,6.166666666666666,36.75,8.02,0.2475795638501983
862407062936830,NEW HOLLAND AG,TS6.140,FWD 8X8 PS,NH11110M-002143053,ARBSA,SAN LUIS RIO COLORADO,SONORA,1328.33,0.01,10,5,0,5,CERRADA,CERRADA,CERRADA,CERRADA,CERRADA,,,,,32.205075,-114.852891,47.78,26.89,15,6.86,6.08,17.92,0.0,0.0,0.0,0.0,0.0,0.0,0.0,0.0,0.0,0.0,3.0,82.0,152.0,135.0,75.0,44.0,32.0,7.0,77.0,66.0,60.0,91.0,39.0,41.0,600.0,563.0,1331.0,2025-07-16 12:22:00,CERRADA,110823,Preventivo,-37.0,6.166666666666667,765.3299999999999,0.0,7.0,AGRICOLA,37.666666666666664,0.0,0,8.222222222222221,37.666666666666664,6.08,0.2966242562887448
862407062189562,NEW HOLLAND AG,TS6.120,FWD 8X8 PS CABINA,NH11160M-002208529,ARBSA,MEXICALI,BAJA CALIFORNIA,670.25,7.0,3,3,0,0,CERRADA,CERRADA,CERRADA,,,,,,,32.462116,-115.2340808,189.8,8.78,27,0.53,7.21,16.79,0.0,0.0,0.0,0.0,0.0,0.0,0.0,0.0,0.0,0.0,0.0,0.0,0.0,0.0,0.0,0.0,0.0,1.0,136.0,150.0,62.0,48.0,0.0,0.0,600.0,595.0,671.0,2025-11-27 17:41:00,CERRADA,110884,Preventivo,-5.0,0.8333333333333334,75.25,0.0,11.0,AGRICOLA,16.541666666666668,0.0,0,51.666666666666664,16.541666666666668,7.21,0.07015810918610589
ALTENOS - NKJ0B80CCPKH33505,NEW HOLLAND CE,B80C,2WD,NKJ0B80CCPKH33505-48-395675,ALTENOS,YAHUALICA DE GONZALEZ GALLO,JALISCO,1153.14,0.05,2,1,1,1,,,CERRADA,CERRADAFUERA,,,,,,21.0013668,-102.9789958,0.0,0.0,0,0.0,0.0,24.0,37.0,86.0,28.0,119.0,33.0,46.0,3.0,20.0,22.0,10.0,3.0,1.0,17.0,16.0,9.0,37.0,23.0,67.0,0.0,5.0,1.0,0.0,0.0,26.0,600.0,823.0,1153.0,2024-06-18 20:52:00,CERRADA,OTS0001842,Preventivo,223.0,37.166666666666664,330.1400000000001,223.0,6.0,CONSTRUCCION,25.375,0.0,0,8.444444444444445,25.375,0.0,0.05912054354210951
AGROCISA - NKJ0B80CHPKH33503,NEW HOLLAND CE,B80C,2WD,NKJ0B80CHPKH33503-48-395523,AGROCISAGRAL,SAN PEDRO TLAQUEPAQUE,JALISCO,1167.9,0.39,4,3,0,1,,CERRADA,CERRADA,CERRADA,PORVENCER,,,,,20.5489975,-103.3012058,0.52,0.33,6,3.63,0.11,23.89,52.0,52.0,70.0,46.0,52.0,51.0,19.0,21.0,10.0,63.0,65.0,25.0,60.0,8.0,0.0,22.0,28.0,27.0,119.0,139.0,206.0,172.0,162.0,8.0,600.0,565.0,1167.0,2024-06-30 19:56:00,CERRADA,4508,Preventivo,-35.0,5.833333333333333,602.9000000000001,0.0,6.0,CONSTRUCCION,61.541666666666664,1200.0,0,77.66666666666666,61.541666666666664,0.11,0.4044881975623385
ALTENOS - NKJ0B80CKPKH33315,NEW HOLLAND CE,B80C,2WD,NKJ0B80CKPKH33315-48-390524,ALTENOS,ZAPOTLANEJO,JALISCO,614.98,52.16,2,1,1,1,,CERRADA,CERRADAFUERA,,,,,,,20.6257985,-103.0276998,0.0,0.0,0,0.0,0.0,24.0,9.0,5.0,10.0,12.0,70.0,47.0,1.0,2.0,14.0,17.0,6.0,13.0,38.0,28.0,10.0,40.0,39.0,12.0,6.0,0.0,1.0,3.0,5.0,4.0,600.0,570.0,614.0,2025-01-06 08:59:00,CERRADAFUERA,CFD,Preventivo,-30.0,5.0,44.98000000000002,0.0,1.0,CONSTRUCCION,16.333333333333332,0.0,0,1.3333333333333335,16.333333333333332,0.0,0.18026166021668563
ATS - NKJ0B80CKPKH33492,NEW HOLLAND CE,B80C,2WD,NKJ0B80CKPKH33492-40-395016,ATS,ABEJONES,OAXACA,859.2,39.61,3,2,0,1,,CERRADA,CERRADA,PORVENCER,,,,,,17.3154796,-96.4920945,0.0,0.0,0,0.0,0.0,24.0,51.0,40.0,48.0,46.0,19.0,18.0,15.0,18.0,8.0,29.0,62.0,21.0,45.0,44.0,22.0,35.0,11.0,5.0,1.0,3.0,26.0,7.0,0.0,15.0,600.0,568.0,861.0,2025-08-01 12:25:00,CERRADA,15697,Preventivo,-32.0,5.333333333333334,291.20000000000005,0.0,8.0,CONSTRUCCION,24.541666666666668,900.0,0,10.666666666666668,24.541666666666668,0.0,0.05912054354210951
AGROCISA - NKJ0B80CLNKH31861,NEW HOLLAND CE,B80C,2WD,NKJ0B80CLNKH31861-48-383230,AGROCISAGRAL,ATOTONILCO EL ALTO,JALISCO,841.26,37.34,3,0,3,3,CERRADAFUERA,CERRADAFUERA,CERRADAFUERA,,,,,,,20.5902506,-102.7021771,48.37,6.58,11,1.18,5.78,18.22,1.0,8.0,0.0,2.0,41.0,20.0,14.0,1.0,0.0,0.0,12.0,5.0,55.0,136.0,7.0,37.0,26.0,8.0,10.0,34.0,44.0,61.0,22.0,58.0,600.0,560.0,842.0,2025-09-20 08:02:00,CERRADAFUERA,0,Preventivo,-40.0,6.666666666666667,281.26,0.0,9.0,CONSTRUCCION,25.083333333333332,0.0,0,54.0,25.083333333333332,5.78,0.04832340200369629
ALTENOS - NKJ0B80CTNKH31719,NEW HOLLAND CE,B80C,2WD,NKJ0B80CTNKH31719-48-368042,ALTENOS,ARANDAS,JALISCO,837.77,39.12,2,0,2,2,,CERRADAFUERA,CERRADAFUERA,,,,,,,20.6905735,-102.2784645,0.0,0.0,0,0.0,0.0,24.0,18.0,10.0,14.0,12.0,43.0,7.0,16.0,17.0,2.0,3.0,4.0,0.0,12.0,30.0,50.0,15.0,33.0,23.0,10.0,28.0,41.0,49.0,37.0,59.0,600.0,561.0,837.0,2025-08-21 13:06:00,CERRADAFUERA,CFD,Preventivo,-39.0,6.5,276.77,0.0,8.0,CONSTRUCCION,22.208333333333332,0.0,0,1.3333333333333335,22.208333333333332,0.0,0.1978683566565641
AGROCISA - NKJ0B80CTPKH33490,NEW HOLLAND CE,B80C,2WD,NKJ0B80CTPKH33490-40-393767,AGROCISAGRAL,SAN FELIPE DEL PROGRESO,MEXICO,903.74,0.06,4,3,0,1,CERRADA,CERRADA,CERRADA,PENDIENTE,,,,,,19.8606065,-100.0946446,88.8,2.59,12,0.31,21.96,2.04,0.0,0.0,0.0,0.0,0.0,12.0,0.0,1.0,7.0,53.0,48.0,48.0,135.0,66.0,116.0,136.0,179.0,92.0,72.0,34.0,1.0,0.0,0.0,1.0,600.0,595.0,906.0,2025-03-03 23:53:00,CERRADA,1513,Preventivo,-5.0,0.8333333333333334,308.74,0.0,3.0,CONSTRUCCION,41.708333333333336,900.0,0,36.0,41.708333333333336,21.96,0.37881594614989494
AGROCISA - NKJ0B80CTPKH34445,NEW HOLLAND CE,B80C,2WD,NKJ0B80CTPKH34445-48-401595,AGROCISAGRAL,YURECUARO,MICHOACAN DE OCAMPO,2646.94,38.1,7,6,1,1,,,CERRADA,CERRADA,CERRADA,CERRADA,CERRADAFUERA,CERRADA,CERRADA,20.3347428,-102.2921246,0.75,0.08,5,0.1,0.97,23.03,146.0,78.0,64.0,43.0,136.0,77.0,75.0,70.0,13.0,76.0,50.0,105.0,69.0,118.0,117.0,110.0,147.0,118.0,74.0,46.0,1.0,53.0,68.0,47.0,600.0,815.0,2647.0,2024-06-18 19:52:00,CERRADA,7453,Preventivo,215.0,35.833333333333336,1831.94,215.0,6.0,CONSTRUCCION,79.20833333333333,0.0,0,8.666666666666668,79.20833333333333,0.97,0.1876674876720049
AGROCISA - S204569M,NEW HOLLAND AG,6610S HERENCIA,2WD,S204569M-8088651,AGROCISAGRAL,SANTIAGO DE ANAYA,HIDALGO,2952.47,1036.31,10,1,9,9,CERRADAFUERA,CERRADAFUERA,CERRADAFUERA,CERRADAFUERA,CERRADAFUERA,CERRADAFUERA,CERRADAFUERA,CERRADAFUERA,CERRADAFUERA,20.4345983,-99.1481731,0.0,0.0,0,0.0,0.0,24.0,138.0,119.0,161.0,124.0,116.0,86.0,134.0,61.0,75.0,109.0,131.0,57.0,97.0,148.0,114.0,162.0,129.0,86.0,85.0,31.0,0.0,0.0,0.0,0.0,600.0,563.0,2952.0,2024-03-22 09:52:00,CERRADAFUERA,0,Preventivo,-37.0,6.166666666666667,2389.47,0.0,3.0,AGRICOLA,90.125,0.0,0,12.0,90.125,0.0,0.28916516932563907
TRACTIESA - S204608M,NEW HOLLAND AG,6610S HERENCIA,2WD,S204608M-8094015,TRACTIESA,EPITACIO HUERTA,MICHOACAN DE OCAMPO,1328.27,42.26,5,2,1,3,CERRADA,CERRADA,CERRADAFUERA,PENDIENTE,PENDIENTE,,,,,20.0787051,-100.2029748,0.0,0.0,0,0.0,0.0,24.0,111.0,64.0,61.0,37.0,53.0,44.0,1.0,3.0,0.0,28.0,9.0,60.0,104.0,19.0,46.0,81.0,97.0,22.0,2.0,2.0,2.0,16.0,36.0,54.0,600.0,567.0,1330.0,2024-05-18 19:33:00,CERRADAFUERA,CERRADA POR FUERA,Preventivo,-33.0,5.5,761.27,0.0,5.0,AGRICOLA,39.666666666666664,2100.0,0,8.333333333333332,39.666666666666664,0.0,0.3394921528105207
ALTENOS - S204617M,NEW HOLLAND AG,6610S HERENCIA,2WD,S204617M-8097547,ALTENOS,ATLACOMULCO,MEXICO,731.5,16.36,3,1,2,2,CERRADA,CERRADAFUERA,CERRADAFUERA,,,,,,,19.9280693,-100.0481746,0.0,0.01,0,0.0,1.53,22.47,8.0,5.0,5.0,0.0,9.0,9.0,0.0,0.0,0.0,0.0,0.0,0.0,0.0,2.0,25.0,80.0,74.0,49.0,0.0,0.0,3.0,33.0,65.0,36.0,600.0,560.0,731.0,2025-10-12 12:59:00,CERRADAFUERA,CFD,Preventivo,-40.0,6.666666666666667,171.5,0.0,10.0,AGRICOLA,16.791666666666668,0.0,0,1.0,16.791666666666668,1.53,0.058919612381744535
860092059735361,NEW HOLLAND AG,6610S HERENCIA,2WD,S204660M-8103420,TEPSA,QUECHOLAC,PUEBLA,722.52,0.0,3,3,0,0,CERRADA,CERRADA,CERRADA,,,,,,,18.8922293,-97.6386753,0.0,0.0,0,0.0,0.0,24.0,33.0,6.0,3.0,17.0,2.0,3.0,38.0,10.0,0.0,16.0,13.0,0.0,10.0,30.0,34.0,23.0,34.0,20.0,12.0,59.0,6.0,10.0,16.0,14.0,600.0,561.0,722.0,2025-05-06 21:13:00,CERRADA,SLPT309/1287,Preventivo,-39.0,6.5,161.51999999999998,0.0,5.0,AGRICOLA,17.041666666666668,0.0,0,10.666666666666668,17.041666666666668,0.0,0.08341998955009558
ALTENOS - S204696M,NEW HOLLAND AG,6610S HERENCIA,2WD,S204696M-8105990,ALTENOS,AYAPANGO,MEXICO,2428.34,0.58,9,1,8,8,CERRADA,CERRADAFUERA,CERRADAFUERA,CERRADAFUERA,CERRADAFUERA,CERRADAFUERA,CERRADAFUERA,CERRADAFUERA,CERRADAFUERA,19.1297515,-98.7928928,18.93,2.47,6,0.85,2.92,21.08,79.0,18.0,68.0,35.0,68.0,4.0,0.0,75.0,66.0,76.0,54.0,0.0,103.0,76.0,68.0,0.0,6.0,27.0,60.0,61.0,76.0,83.0,81.0,85.0,600.0,561.0,2428.0,2024-05-15 15:44:00,CERRADAFUERA,CFD,Preventivo,-39.0,6.5,1867.3400000000001,0.0,5.0,AGRICOLA,52.875,0.0,0,5.833333333333333,52.875,2.92,0.30662252396953643
ARBSA - S204705M,NEW HOLLAND AG,6610S HERENCIA,2WD,S204705M-8107259,ARBSA,PEDRO ESCOBEDO,QUERETARO,2356.24,0.23,8,1,7,7,CERRADA,CERRADAFUERA,CERRADAFUERA,CERRADAFUERA,CERRADAFUERA,CERRADAFUERA,CERRADAFUERA,CERRADAFUERA,,20.5076056,-100.0431881,83.91,41.29,16,4.29,9.87,14.13,110.0,84.0,61.0,64.0,19.0,2.0,1.0,0.0,2.0,62.0,101.0,100.0,135.0,70.0,84.0,81.0,71.0,94.0,22.0,52.0,26.0,28.0,14.0,84.0,600.0,560.0,2359.0,2024-05-15 06:55:00,CERRADAFUERA,0,Preventivo,-40.0,6.666666666666667,1796.2399999999998,0.0,5.0,AGRICOLA,56.958333333333336,0.0,1,0.5694444444444444,56.958333333333336,9.87,0.6525577903931128
ARBSA - S204706M,NEW HOLLAND AG,6610S HERENCIA,2WD,S204706M-8108213,ARBSA,HUATABAMPO,SONORA,985.54,0.77,4,2,2,2,CERRADA,CERRADA,CERRADAFUERA,CERRADAFUERA,,,,,,27.0427666,-109.8511638,0.0,0.0,0,0.0,0.0,24.0,71.0,42.0,33.0,31.0,32.0,0.0,0.0,0.0,0.0,0.0,3.0,28.0,32.0,40.0,45.0,83.0,52.0,65.0,61.0,14.0,50.0,53.0,23.0,52.0,600.0,564.0,985.0,2025-07-14 03:43:00,CERRADAFUERA,0,Preventivo,-36.0,6.0,421.53999999999996,0.0,7.0,AGRICOLA,33.75,0.0,0,230.16666666666669,33.75,0.0,0.15679882969940243
ARBSA - S204711M,NEW HOLLAND AG,6610S HERENCIA,4WD,S204711M-8107270,ARBSA,EZEQUIEL MONTES,QUERETARO,1369.45,13.95,5,4,1,1,CERRADA,CERRADA,CERRADA,CERRADA,CERRADAFUERA,,,,,20.7219788,-99.9143093,26.91,5.54,11,2.23,2.5,21.51,0.0,2.0,0.0,0.0,0.0,0.0,2.0,5.0,44.0,50.0,48.0,80.0,141.0,121.0,114.0,78.0,69.0,103.0,85.0,69.0,130.0,80.0,118.0,72.0,600.0,624.0,1372.0,2025-03-24 12:57:00,CERRADA,29294,Preventivo,24.0,4.0,745.45,24.0,3.0,AGRICOLA,58.791666666666664,0.0,0,12.555555555555555,58.791666666666664,2.5,0.3834047158350742
TEPSA - S204738M,NEW HOLLAND AG,6610S HERENCIA,2WD,S204738M-8109780,TEPSA,TEHUACAN,PUEBLA,806.16,4.34,14,2,0,12,PENDIENTE,CERRADA,CERRADA,,,,,,,18.4385641,-97.3692303,0.0,0.0,0,0.0,0.0,24.0,3.0,2.0,1.0,2.0,11.0,2.0,2.0,0.0,0.0,2.0,37.0,45.0,57.0,45.0,57.0,67.0,54.0,31.0,25.0,52.0,50.0,20.0,4.0,28.0,600.0,624.0,806.0,2025-08-21 12:31:00,CERRADA,SMIPT127/843,Preventivo,24.0,4.0,182.15999999999997,24.0,8.0,AGRICOLA,24.875,50.0,0,4.0,24.875,0.0,0.06503540860558923
ARBSA - S204739M,NEW HOLLAND AG,6610S HERENCIA,2WD,S204739M-8109014,ARBSA,EZEQUIEL MONTES,QUERETARO,1703.89,4.24,8,4,2,4,CERRADA,CERRADA,CERRADA,CERRADA,CERRADAFUERA,CERRADAFUERA,,,,20.7220213,-99.9139426,44.67,5.96,12,1.48,5.0,19.0,0.0,0.0,0.0,0.0,0.0,0.0,1.0,62.0,70.0,64.0,41.0,48.0,81.0,136.0,132.0,131.0,116.0,93.0,73.0,87.0,115.0,99.0,76.0,71.0,600.0,560.0,1706.0,2025-08-02 13:54:00,CERRADA,857923,Preventivo,-40.0,6.666666666666667,1143.89,0.0,8.0,AGRICOLA,62.333333333333336,0.0,0,83.66666666666667,62.333333333333336,5.0,0.4200717069017002
ATC - S204743M,NEW HOLLAND AG,6610S HERENCIA,4WD,S204743M-8113315,ATC,VILLAGRAN,GUANAJUATO,1165.45,99.01,5,3,1,2,CERRADA,CERRADA,CERRADA,CERRADAFUERA,PORVENCER,,,,,20.5260633,-101.0665265,0.0,0.0,0,0.0,0.0,24.0,13.0,24.0,0.0,29.0,60.0,101.0,12.0,6.0,11.0,11.0,43.0,18.0,17.0,14.0,0.0,13.0,72.0,38.0,36.0,13.0,29.0,3.0,114.0,23.0,600.0,600.0,1165.0,2024-05-12 22:22:00,CERRADA,983803,Preventivo,0.0,0.0,565.45,0.0,5.0,AGRICOLA,29.166666666666668,1200.0,0,0.0,29.166666666666668,0.0,0.23480431507460695
ALTENOS-S204748-866392061513002,NEW HOLLAND AG,6610S HERENCIA,2WD,S204748M-8114116,ALTENOS,TLACOLULA DE MATAMOROS,OAXACA,755.2,29.25,3,0,3,3,CERRADAFUERA,CERRADAFUERA,CERRADAFUERA,,,,,,,17.0174616,-96.5386538,0.12,0.02,3,1.92,3.73,20.27,2.0,5.0,0.0,11.0,6.0,11.0,158.0,25.0,2.0,0.0,3.0,0.0,0.0,0.0,9.0,30.0,106.0,102.0,86.0,8.0,2.0,0.0,7.0,5.0,600.0,652.0,755.0,2025-11-07 09:22:00,CERRADAFUERA,CFD,Preventivo,52.0,8.666666666666668,103.20000000000005,52.0,11.0,AGRICOLA,24.083333333333332,0.0,0,35.833333333333336,24.083333333333332,3.73,0.04477537844268021
ARBSA - S204756M,NEW HOLLAND AG,6610S HERENCIA,2WD,S204756M-8116083,ARBSA,HERMOSILLO,SONORA,1158.75,112.87,4,4,0,0,CERRADA,CERRADA,CERRADA,CERRADA,,,,,,28.9832123,-111.6133256,0.0,0.0,0,0.0,0.0,24.0,0.0,0.0,0.0,0.0,0.0,0.0,0.0,0.0,0.0,62.0,94.0,67.0,37.0,70.0,53.0,42.0,94.0,103.0,75.0,15.0,20.0,80.0,58.0,60.0,600.0,564.0,1158.0,2025-05-27 15:09:00,CERRADA,503095,Preventivo,-36.0,6.0,594.75,0.0,5.0,AGRICOLA,38.75,0.0,0,166.83333333333334,38.75,0.0,0.30597017658707765
ARBSA - S204775M,NEW HOLLAND AG,6610S HERENCIA,2WD,S204775M-8118078,ARBSA,EMPALME,SONORA,697.03,22.0,3,1,2,2,CERRADA,CERRADAFUERA,CERRADAFUERA,,,,,,,27.5994945,-110.4683801,107.91,9.34,13,0.92,8.57,15.43,1.0,34.0,21.0,7.0,1.0,1.0,0.0,18.0,18.0,0.0,0.0,106.0,85.0,25.0,36.0,18.0,30.0,22.0,26.0,43.0,6.0,8.0,77.0,263.0,600.0,560.0,697.0,2025-07-10 09:49:00,CERRADAFUERA,0,Preventivo,-40.0,6.666666666666667,137.02999999999997,0.0,7.0,AGRICOLA,35.25,0.0,0,35.666666666666664,35.25,8.57,0.26392305852570674
862407061496307,NEW HOLLAND AG,6610S HERENCIA,2WD,S204805M-8123655,ATN,SAN MIGUEL DE ALLENDE,GUANAJUATO,743.39,8.45,3,2,1,1,CERRADAFUERA,CERRADA,CERRADA,,,,,,,20.912188,-100.6038916,3.41,0.17,4,0.34,1.34,22.66,0.0,0.0,0.0,0.0,0.0,0.0,0.0,40.0,10.0,9.0,0.0,0.0,0.0,0.0,0.0,0.0,0.0,0.0,0.0,0.0,0.0,0.0,0.0,0.0,600.0,600.0,745.0,2025-09-30 13:59:00,CERRADA,1039235,Preventivo,0.0,0.0,143.39,0.0,9.0,AGRICOLA,2.4583333333333335,0.0,0,0.0,2.4583333333333335,1.34,0.06866534522906254
862407061478677,NEW HOLLAND AG,6610S HERENCIA,4WD,S204809M-8123674,AGROSURTE,APASEO EL GRANDE,GUANAJUATO,1567.82,5.34,6,0,3,6,CERRADAFUERA,CERRADAFUERA,CERRADAFUERA,PENDIENTE,PENDIENTE,PENDIENTE,,,,20.51412,-100.7442711,33.75,1.8,7,0.69,6.34,17.66,0.0,0.0,0.0,0.0,0.0,0.0,0.0,0.0,0.0,0.0,0.0,0.0,24.0,12.0,18.0,17.0,53.0,110.0,45.0,56.0,70.0,54.0,84.0,75.0,600.0,570.0,1569.0,2025-01-20 23:08:00,CERRADAFUERA,CFD,Preventivo,-30.0,5.0,997.8199999999999,0.0,1.0,AGRICOLA,25.75,3600.0,0,49.833333333333336,25.75,6.34,0.052179724319887544
862407061522813,NEW HOLLAND AG,6610S HERENCIA,2WD,S204812M-8123224,ARBSA,HERMOSILLO,SONORA,1180.91,9.09,12,5,0,7,CERRADA,CERRADA,CERRADA,CERRADA,CERRADA,,,,,29.0398313,-110.9287848,37.62,2.98,11,0.85,4.64,19.36,0.0,0.0,0.0,0.0,0.0,0.0,0.0,0.0,0.0,0.0,0.0,1.0,1.0,106.0,79.0,82.0,126.0,117.0,80.0,61.0,79.0,42.0,36.0,58.0,600.0,588.0,1182.0,2025-11-07 09:25:00,CERRADA,503113,Preventivo,-12.0,2.0,592.9100000000001,0.0,11.0,AGRICOLA,36.166666666666664,0.0,0,11.703703703703704,36.166666666666664,4.64,0.19350672969506647
862407061527564,NEW HOLLAND AG,6610S HERENCIA,2WD,S204813M-8123227,ARBSA,HERMOSILLO,SONORA,1041.23,128.59,9,4,0,5,CERRADA,CERRADA,CERRADA,CERRADA,,,,,,28.975995,-111.6103998,95.89,25.12,15,2.93,10.73,13.27,0.0,0.0,0.0,0.0,0.0,0.0,0.0,0.0,0.0,14.0,9.0,49.0,130.0,9.0,110.0,53.0,114.0,94.0,0.0,21.0,7.0,82.0,70.0,23.0,600.0,633.0,1042.0,2025-07-25 08:27:00,CERRADA,503094,Preventivo,33.0,5.5,408.23,33.0,7.0,AGRICOLA,32.708333333333336,0.0,0,5.259259259259259,32.708333333333336,10.73,0.20368495751589002
862407061578708,NEW HOLLAND AG,6610S HERENCIA,2WD,S204814M-8123232,ARBSA,PEDRO ESCOBEDO,QUERETARO,1063.78,61.72,11,4,0,7,CERRADA,CERRADA,CERRADA,CERRADA,,,,,,20.5496003,-100.0355888,102.32,58.9,20,6.3,9.59,14.41,0.0,0.0,0.0,0.0,0.0,0.0,0.0,0.0,0.0,0.0,1.0,31.0,116.0,71.0,21.0,94.0,94.0,99.0,51.0,37.0,54.0,14.0,28.0,48.0,600.0,588.0,1063.0,2025-11-07 10:06:00,CERRADA,29523,Preventivo,-12.0,2.0,475.78,0.0,11.0,AGRICOLA,31.625,0.0,0,4.814814814814814,31.625,9.59,0.09065552633123106
ATC - 353738102815683,NEW HOLLAND AG,6610S HERENCIA,LODERO,S306147M-8077530,ATN,COMONFORT,GUANAJUATO,1413.13,337.89,49,4,1,45,CERRADA,CERRADA,CERRADA,CERRADA,CERRADAFUERA,,,,,20.7287471,-100.7765105,0.0,0.0,0,0.0,0.0,24.0,0.0,0.0,0.0,0.0,0.0,20.0,0.0,0.0,0.0,0.0,0.0,0.0,0.0,0.0,0.0,0.0,0.0,0.0,0.0,0.0,0.0,0.0,0.0,0.0,600.0,600.0,1413.0,2024-05-11 12:24:00,CERRADA,980825,Preventivo,0.0,0.0,813.1300000000001,0.0,5.0,AGRICOLA,0.8333333333333334,0.0,0,6.0,0.8333333333333334,0.0,0.08488450845485945
ALTENOS-S306186M-6610S HERENCIA,NEW HOLLAND AG,6610S HERENCIA,4WD,S306186M-8084448,ALTENOS,SAN JUAN DE LOS LAGOS,JALISCO,589.51,154.67,3,1,2,2,CERRADA,CERRADAFUERA,CERRADAFUERA,,,,,,,21.2561628,-102.1936341,0.0,0.0,0,0.0,0.0,24.0,1.0,0.0,0.0,0.0,0.0,14.0,8.0,30.0,54.0,25.0,18.0,17.0,44.0,50.0,41.0,51.0,76.0,15.0,25.0,17.0,0.0,0.0,0.0,0.0,600.0,563.0,590.0,2025-07-22 14:16:00,CERRADAFUERA,CFD,Preventivo,-37.0,6.166666666666667,26.50999999999999,0.0,7.0,AGRICOLA,20.25,0.0,0,3.6666666666666665,20.25,0.0,0.08933485461357529
ATC - S306253M,NEW HOLLAND AG,6610S HERENCIA,4WD,S306253M,ATC,CAMPECHE,CAMPECHE,1130.28,26.27,14,6,0,8,CERRADA,CERRADA,CERRADA,CERRADA,,,,,,19.7678488,-90.1278081,0.0,0.0,0,0.0,0.0,24.0,114.0,63.0,46.0,38.0,78.0,11.0,129.0,89.0,31.0,30.0,31.0,10.0,39.0,55.0,53.0,49.0,55.0,13.0,8.0,6.0,0.0,0.0,0.0,0.0,600.0,900.0,1130.0,2025-02-20 14:20:00,CERRADA,830074,Preventivo,300.0,50.0,230.27999999999997,300.0,2.0,AGRICOLA,39.5,0.0,0,0.0,39.5,0.0,0.43778224016678685
ARBSA - S306415M,NEW HOLLAND AG,6610S HERENCIA,4WD,S306415M-8094830,ARBSA,CIUDAD OBREGON,SONORA,684.12,533.92,9,4,0,5,CERRADA,CERRADA,CERRADA,,,,,,,27.4810761,-109.9318965,0.0,0.0,0,0.0,0.0,24.0,54.0,39.0,29.0,30.0,21.0,8.0,0.0,0.0,0.0,1.0,2.0,17.0,40.0,62.0,55.0,83.0,56.0,99.0,62.0,0.0,0.0,0.0,0.0,0.0,600.0,614.0,684.0,2025-11-07 09:20:00,CERRADA,70599,Preventivo,14.0,2.3333333333333335,70.12,14.0,11.0,AGRICOLA,27.416666666666668,0.0,0,179.16666666666666,27.416666666666668,0.0,0.0714152071571229
ARBSA - S306441M,NEW HOLLAND AG,6610S HERENCIA,4WD,S306441M-8094038,ARBSA,HUATABAMPO,SONORA,1098.5,6.99,4,4,0,0,CERRADA,CERRADA,CERRADA,CERRADA,,,,,,27.0900021,-109.9123481,103.4,5.72,14,0.54,9.14,14.86,0.0,0.0,0.0,0.0,2.0,0.0,28.0,101.0,84.0,71.0,63.0,52.0,78.0,75.0,97.0,49.0,127.0,171.0,155.0,121.0,246.0,147.0,113.0,148.0,600.0,564.0,1102.0,2025-04-01 08:45:00,CERRADA,69761,Preventivo,-36.0,6.0,534.5,0.0,4.0,AGRICOLA,80.33333333333333,0.0,0,11.666666666666668,80.33333333333333,9.14,0.25634879794492116
AGROCISA - S306444M,NEW HOLLAND AG,6610S HERENCIA,4WD,S306444M-8097577,AGROCISAGRAL,MAGDALENA,JALISCO,695.96,0.79,3,1,2,2,CERRADA,CERRADAFUERA,CERRADAFUERA,,,,,,,21.0003163,-104.081237,25.76,9.01,22,2.29,3.94,20.06,4.0,6.0,3.0,9.0,9.0,19.0,2.0,5.0,0.0,1.0,16.0,10.0,11.0,8.0,20.0,14.0,66.0,38.0,16.0,30.0,69.0,48.0,19.0,14.0,600.0,560.0,698.0,2025-09-27 18:10:00,CERRADAFUERA,0,Preventivo,-40.0,6.666666666666667,135.96000000000004,0.0,9.0,AGRICOLA,18.208333333333332,0.0,0,8.0,18.208333333333332,3.94,0.024503098488237788
ARBSA - S306450M,NEW HOLLAND AG,6610S HERENCIA,4WD,S306450M-8099638,ARBSA,HUIMILPAN,QUERETARO,828.9,60.43,3,1,2,2,CERRADA,CERRADAFUERA,CERRADAFUERA,,,,,,,20.3555061,-100.1309445,0.0,0.0,0,0.0,0.0,24.0,63.0,35.0,58.0,12.0,51.0,53.0,4.0,0.0,31.0,31.0,38.0,54.0,16.0,0.0,56.0,0.0,0.0,6.0,8.0,0.0,0.0,0.0,0.0,0.0,600.0,657.0,828.0,2024-05-12 12:24:00,CERRADAFUERA,0,Preventivo,57.0,9.5,171.89999999999998,57.0,5.0,AGRICOLA,21.5,0.0,0,11.333333333333332,21.5,0.0,0.0833472952564245
ATC - S306467M,NEW HOLLAND AG,6610S HERENCIA,LODERO,S306467M-8097597,ATC,SALVATIERRA,GUANAJUATO,662.08,179.73,3,0,3,3,CERRADAFUERA,CERRADAFUERA,CERRADAFUERA,,,,,,,20.2670723,-100.9212838,0.0,0.0,0,0.0,0.0,24.0,0.0,0.0,4.0,0.0,13.0,9.0,55.0,21.0,30.0,24.0,10.0,0.0,9.0,19.0,0.0,0.0,4.0,63.0,7.0,4.0,0.0,0.0,7.0,5.0,600.0,600.0,662.0,2025-07-14 10:55:00,CERRADAFUERA,,Preventivo,0.0,0.0,62.08000000000004,0.0,7.0,AGRICOLA,11.833333333333334,0.0,0,9.333333333333334,11.833333333333334,0.0,0.08087583101613022
ARBSA - S306475M,NEW HOLLAND AG,6610S HERENCIA,4WD,S306475M-8095808,ARBSA,HUATABAMPO,SONORA,969.5,25.15,4,4,0,0,CERRADA,CERRADA,CERRADA,CERRADA,,,,,,27.1058663,-109.879687,11.74,16.49,26,15.33,2.22,21.78,0.0,0.0,0.0,0.0,0.0,0.0,36.0,111.0,37.0,44.0,49.0,34.0,58.0,54.0,96.0,127.0,138.0,101.0,137.0,55.0,150.0,100.0,8.0,40.0,600.0,604.0,971.0,2025-03-24 12:55:00,CERRADA,70058,Preventivo,4.0,0.6666666666666667,365.5,4.0,3.0,AGRICOLA,57.291666666666664,0.0,0,16.0,57.291666666666664,2.22,0.36171028048731285
865640063351784,NEW HOLLAND AG,6610S HERENCIA,4WD,S306529M-8105354,ALTENOS,SAN JUAN BAUTISTA TUXTEPEC,OAXACA,1663.47,0.0,6,0,6,6,CERRADAFUERA,CERRADAFUERA,CERRADAFUERA,CERRADAFUERA,CERRADAFUERA,CERRADAFUERA,,,,18.3867978,-96.2549688,0.0,0.0,0,0.0,0.0,24.0,165.0,94.0,100.0,102.0,69.0,8.0,0.0,19.0,18.0,14.0,1.0,24.0,64.0,29.0,8.0,27.0,2.0,0.0,2.0,0.0,0.0,0.0,39.0,51.0,600.0,600.0,1663.0,2024-06-01 08:22:00,CERRADAFUERA,CFD,Preventivo,0.0,0.0,1063.47,0.0,6.0,AGRICOLA,34.833333333333336,0.0,0,3.8472222222222223,34.833333333333336,0.0,0.2729102569126363
ATS - S306537M,NEW HOLLAND AG,6610S HERENCIA,4WD,S306537M-8105357,ATS,SAN JUAN BAUTISTA TUXTEPEC,OAXACA,1591.05,18.16,6,4,2,2,CERRADA,CERRADA,CERRADA,CERRADA,CERRADAFUERA,CERRADAFUERA,,,,17.9742071,-95.9648823,0.0,0.0,0,0.0,0.0,24.0,218.0,112.0,193.0,118.0,81.0,0.0,0.0,0.0,0.0,21.0,5.0,82.0,89.0,66.0,55.0,88.0,44.0,0.0,0.0,0.0,1.0,0.0,1.0,1.0,600.0,750.0,1595.0,2024-02-28 15:15:00,CERRADA,15215,Preventivo,150.0,25.0,841.05,150.0,2.0,AGRICOLA,48.958333333333336,0.0,1,33.33333333333333,48.958333333333336,0.0,0.6772093539796522
ALTENOS - S306540M,NEW HOLLAND AG,6610S HERENCIA,4WD,S306540M-8105228,ALTENOS,HUIMANGUILLO,TABASCO,2179.84,9.11,8,0,8,8,CERRADAFUERA,CERRADAFUERA,CERRADAFUERA,CERRADAFUERA,CERRADAFUERA,CERRADAFUERA,CERRADAFUERA,CERRADAFUERA,,17.9378776,-93.4482115,75.66,21.87,19,2.09,13.38,10.62,193.0,212.0,168.0,143.0,62.0,0.0,0.0,123.0,69.0,0.0,1.0,39.0,60.0,1.0,163.0,120.0,46.0,298.0,26.0,4.0,1.0,1.0,2.0,0.0,600.0,564.0,2180.0,2024-06-02 01:01:00,CERRADAFUERA,CFD,Preventivo,-36.0,6.0,1615.8400000000001,0.0,6.0,AGRICOLA,72.16666666666667,0.0,0,2.005555555555555,72.16666666666667,13.38,0.18077017650183247
ATC-S306550M-865640063432311,NEW HOLLAND AG,6610S HERENCIA,LODERO,S306550M-8105222,ATC,CORTAZAR,GUANAJUATO,728.25,37.4,3,1,2,2,CERRADA,CERRADAFUERA,CERRADAFUERA,,,,,,,20.4734808,-100.9980545,55.67,22.66,26,4.13,5.52,18.49,26.0,11.0,10.0,7.0,23.0,46.0,15.0,7.0,0.0,0.0,16.0,22.0,28.0,30.0,41.0,8.0,19.0,47.0,28.0,0.0,1.0,0.0,20.0,18.0,600.0,600.0,729.0,2025-04-23 16:00:00,CERRADAFUERA,,Preventivo,0.0,0.0,128.25,0.0,4.0,AGRICOLA,17.625,0.0,0,13.333333333333334,17.625,5.52,0.052017945245569026
ARBSA - S306555M,NEW HOLLAND AG,6610S HERENCIA,4WD,S306555M-8101869,ARBSA,FRESNILLO,ZACATECAS,840.63,365.91,3,1,2,2,CERRADA,CERRADAFUERA,CERRADAFUERA,,,,,,,23.7670646,-103.2559191,6.85,10.49,26,14.08,0.86,23.14,0.0,15.0,15.0,15.0,0.0,16.0,18.0,10.0,0.0,23.0,5.0,30.0,24.0,0.0,6.0,74.0,16.0,31.0,80.0,14.0,0.0,33.0,47.0,12.0,600.0,562.0,842.0,2025-11-07 09:22:00,CERRADAFUERA,0,Preventivo,-38.0,6.333333333333334,278.63,0.0,11.0,AGRICOLA,20.166666666666668,0.0,0,12.333333333333334,20.166666666666668,0.86,0.03442233568827815
AGROCISA - S306556M,NEW HOLLAND AG,6610S HERENCIA,4WD,S306556M-8105214,AGROCISAGRAL,CUERAMARO,GUANAJUATO,1385.91,51.04,5,4,1,1,CERRADA,CERRADAFUERA,CERRADA,CERRADA,CERRADA,,,,,20.6975581,-101.7002758,111.8,4.93,11,0.35,21.25,2.75,43.0,7.0,30.0,32.0,64.0,42.0,22.0,16.0,5.0,32.0,59.0,31.0,68.0,25.0,19.0,66.0,80.0,26.0,151.0,2.0,1.0,13.0,45.0,47.0,600.0,561.0,1386.0,2024-10-04 22:13:00,CERRADA,6572,Preventivo,-39.0,6.5,824.9100000000001,0.0,10.0,AGRICOLA,38.583333333333336,0.0,0,6.333333333333334,38.583333333333336,21.25,0.3805155887899207
ATS - S306559M,NEW HOLLAND AG,6610S HERENCIA,4WD,S306559M-8102821,ATS,IGNACIO DE LA LLAVE,VERACRUZ DE IGNACIO DE LA LLAVE,1144.63,17.27,4,3,1,1,CERRADA,CERRADA,CERRADA,CERRADAFUERA,,,,,,18.606992,-96.157749,0.0,0.0,0,0.0,0.0,24.0,50.0,64.0,81.0,40.0,16.0,13.0,20.0,21.0,3.0,15.0,25.0,17.0,40.0,18.0,35.0,151.0,104.0,152.0,11.0,9.0,29.0,24.0,14.0,11.0,600.0,685.0,1144.0,2024-07-12 08:54:00,CERRADA,15552,Preventivo,85.0,14.166666666666666,459.6300000000001,85.0,7.0,AGRICOLA,40.125,0.0,0,20.0,40.125,0.0,0.372071107295058
ATS - S306561M,NEW HOLLAND AG,6610S HERENCIA,4WD,S306561M-8102849,ATS,SAN JUAN BAUTISTA TUXTEPEC,OAXACA,2530.31,41.94,9,0,9,9,CERRADAFUERA,CERRADAFUERA,CERRADAFUERA,CERRADAFUERA,CERRADAFUERA,CERRADAFUERA,CERRADAFUERA,CERRADAFUERA,CERRADAFUERA,18.1762016,-96.2821513,54.83,0.69,6,0.0,0.0,24.0,224.0,178.0,174.0,174.0,132.0,0.0,0.0,0.0,0.0,0.0,8.0,103.0,164.0,76.0,124.0,148.0,204.0,160.0,171.0,0.0,0.0,0.0,0.0,1.0,600.0,600.0,2532.0,2024-10-01 08:02:00,CERRADAFUERA,0,Preventivo,0.0,0.0,1930.31,0.0,10.0,AGRICOLA,85.04166666666667,0.0,0,0.0,85.04166666666667,0.0,0.3011960901917811
ALTENOS - S306569M,NEW HOLLAND AG,6610S HERENCIA,4WD,S306569M-8101867,ALTENOS,MEXTICACAN,JALISCO,814.66,9.89,3,1,2,2,CERRADAFUERA,CERRADA,CERRADAFUERA,,,,,,,21.3211116,-102.8018355,30.46,6.6,7,1.64,4.38,19.62,0.0,1.0,2.0,13.0,12.0,22.0,10.0,14.0,20.0,27.0,17.0,35.0,31.0,20.0,27.0,34.0,31.0,33.0,35.0,21.0,25.0,38.0,26.0,53.0,600.0,587.0,815.0,2025-08-21 09:48:00,CERRADAFUERA,CFD,Preventivo,-13.0,2.166666666666667,227.65999999999997,0.0,8.0,AGRICOLA,22.791666666666668,0.0,0,6.0,22.791666666666668,4.38,0.028831612930085328
ATC - S306575M,NEW HOLLAND AG,6610S HERENCIA,4WD,S306575M-8102112,ATC,VILLAGRAN,GUANAJUATO,964.69,560.24,4,0,4,4,CERRADAFUERA,CERRADAFUERA,CERRADAFUERA,CERRADAFUERA,,,,,,20.5578638,-100.9603028,0.0,0.0,0,0.0,0.0,24.0,113.0,37.0,0.0,2.0,6.0,63.0,38.0,8.0,2.0,9.0,30.0,70.0,38.0,36.0,0.0,14.0,13.0,118.0,77.0,0.0,0.0,0.0,0.0,43.0,600.0,600.0,964.0,2024-05-12 15:07:00,CERRADAFUERA,,Preventivo,0.0,0.0,364.69000000000005,0.0,5.0,AGRICOLA,29.875,0.0,0,11.333333333333332,29.875,0.0,0.05912054354210951
AGROCISA - S306607M,NEW HOLLAND AG,6610S HERENCIA,4WD,S306607M-8102102,AGROCISAGRAL,PONCITLAN,JALISCO,1563.92,0.35,6,2,4,4,CERRADA,CERRADAFUERA,CERRADAFUERA,CERRADAFUERA,CERRADAFUERA,CERRADA,,,,20.3714818,-102.9645281,9.05,3.89,9,1.48,4.19,19.82,0.0,4.0,10.0,31.0,8.0,0.0,18.0,21.0,20.0,78.0,34.0,54.0,76.0,78.0,80.0,130.0,108.0,104.0,60.0,48.0,60.0,47.0,69.0,91.0,600.0,567.0,1565.0,2025-01-20 23:30:00,CERRADAFUERA,0,Preventivo,-33.0,5.5,996.9200000000001,0.0,1.0,AGRICOLA,51.208333333333336,0.0,0,0.33333333333333337,51.208333333333336,4.19,0.41780999378832595
ATC - S306618M,NEW HOLLAND AG,6610S HERENCIA,4WD,S306618M-8101704,ATC,VALLE DE SANTIAGO,GUANAJUATO,2609.65,44.92,9,1,7,8,CERRADAFUERA,CERRADAFUERA,CERRADAFUERA,CERRADA,CERRADAFUERA,CERRADAFUERA,CERRADAFUERA,CERRADAFUERA,PENDIENTE,20.3212745,-101.1944986,69.98,35.15,16,5.27,8.28,15.72,164.0,120.0,88.0,10.0,12.0,54.0,65.0,24.0,11.0,37.0,62.0,50.0,123.0,155.0,86.0,38.0,21.0,60.0,39.0,28.0,69.0,60.0,71.0,59.0,600.0,605.0,2613.0,2024-09-01 19:07:00,CERRADAFUERA,,Preventivo,5.0,0.8333333333333334,2004.65,5.0,9.0,AGRICOLA,62.75,2400.0,0,2.055555555555556,62.75,8.28,0.4466712384888876
ARBSA - S306638M,NEW HOLLAND AG,6610S HERENCIA,LODERO,S306638M-8106345,ARBSA,ENSENADA,BAJA CALIFORNIA,1358.68,3.39,10,5,0,5,CERRADA,CERRADA,CERRADA,CERRADA,CERRADA,,,,,31.7024651,-116.6219556,190.79,7.85,14,0.38,17.42,6.58,1.0,0.0,0.0,0.0,0.0,0.0,0.0,0.0,0.0,0.0,1.0,102.0,124.0,111.0,55.0,120.0,55.0,34.0,40.0,146.0,214.0,5.0,184.0,200.0,600.0,560.0,1359.0,2025-02-19 14:31:00,CERRADA,135,Preventivo,-40.0,6.666666666666667,798.6800000000001,0.0,2.0,AGRICOLA,58.0,0.0,0,23.333333333333332,58.0,17.42,0.3245489798750041
AGROEQUIPOS - S306645M,NEW HOLLAND AG,6610S HERENCIA,4WD,S306645M-8106351,AGROEQUIPOS,LAS ROSAS,CHIAPAS,708.65,54.71,3,3,0,0,CERRADA,CERRADA,CERRADA,,,,,,,16.3692468,-92.4520828,0.0,0.0,0,0.0,0.0,24.0,201.0,126.0,87.0,24.0,0.0,0.0,0.0,0.0,0.0,0.0,0.0,0.0,0.0,0.0,0.0,0.0,0.0,0.0,0.0,0.0,0.0,0.0,0.0,0.0,600.0,618.0,709.0,2024-11-03 08:02:00,CERRADA,PCG0000000305,Preventivo,18.0,3.0,90.64999999999998,18.0,11.0,AGRICOLA,18.25,0.0,0,2.0,18.25,0.0,0.1447138847536601
MADISA-S306650M-866392061608794,NEW HOLLAND AG,6610S HERENCIA,4WD,S306650M-8105213,MADISAGRAL,LA ANTIGUA,VERACRUZ DE IGNACIO DE LA LLAVE,1532.31,10.64,6,1,4,5,CERRADA,CERRADAFUERA,CERRADAFUERA,CERRADAFUERA,CERRADAFUERA,PENDIENTE,,,,19.4576763,-96.529663,93.21,26.35,15,2.91,9.33,14.67,100.0,41.0,21.0,7.0,86.0,7.0,14.0,9.0,83.0,54.0,95.0,31.0,71.0,116.0,86.0,67.0,33.0,0.0,5.0,24.0,12.0,13.0,11.0,42.0,600.0,606.0,1536.0,2024-04-10 18:52:00,CERRADAFUERA,NO APLICA,Preventivo,6.0,1.0,926.31,6.0,4.0,AGRICOLA,42.833333333333336,1500.0,0,13.333333333333334,42.833333333333336,9.33,0.40118490410768154
AGROCISA - S306662M,NEW HOLLAND AG,6610S HERENCIA,4WD,S306662M-8105982,AGROCISAGRAL,ATOTONILCO EL ALTO,JALISCO,819.13,3.08,3,2,1,1,CERRADA,CERRADA,CERRADAFUERA,,,,,,,20.6238773,-102.5303411,192.36,3.11,32,1.29,17.22,6.78,17.0,32.0,40.0,41.0,107.0,36.0,2.0,0.0,0.0,0.0,0.0,0.0,0.0,0.0,0.0,36.0,263.0,277.0,260.0,154.0,218.0,12.0,148.0,97.0,600.0,564.0,820.0,2024-06-19 23:33:00,CERRADAFUERA,0,Preventivo,-36.0,6.0,255.13,0.0,6.0,AGRICOLA,72.5,0.0,0,11.333333333333332,72.5,17.22,0.22977689947541705
ATS - S306673M,NEW HOLLAND AG,6610S HERENCIA,4WD,S306673M-8107263,ATS,SAN JUAN BAUTISTA TUXTEPEC,OAXACA,1063.64,32.59,4,4,0,0,CERRADA,CERRADA,CERRADA,CERRADA,,,,,,18.3527988,-96.1596011,0.0,0.0,0,0.0,0.0,24.0,215.0,172.0,162.0,58.0,0.0,0.0,0.0,0.0,0.0,0.0,0.0,0.0,0.0,0.0,0.0,0.0,0.0,0.0,0.0,0.0,0.0,0.0,0.0,0.0,600.0,593.0,1063.0,2024-04-02 23:51:00,CERRADA,15082,Preventivo,-7.0,1.1666666666666667,470.6400000000001,0.0,4.0,AGRICOLA,25.291666666666668,0.0,0,2.555555555555556,25.291666666666668,0.0,0.15958256750660912
MADISA-R-S306682M-8107266,NEW HOLLAND AG,6610S HERENCIA,LODERO,S306682M-8107266,MADISAGRAL,PURISIMA DEL RINCON,GUANAJUATO,1000.32,7.13,11,3,0,8,CERRADA,CERRADA,CERRADA,PENDIENTE,,,,,,20.8883961,-101.9221733,14.78,7.59,13,3.59,3.71,20.29,0.0,0.0,0.0,0.0,0.0,49.0,40.0,41.0,0.0,0.0,5.0,35.0,70.0,83.0,64.0,47.0,64.0,26.0,0.0,15.0,0.0,3.0,23.0,4.0,600.0,568.0,1000.0,2025-07-02 15:35:00,CERRADA,4813919 4813978,Preventivo,-32.0,5.333333333333334,432.32000000000005,0.0,7.0,AGRICOLA,23.708333333333332,900.0,0,20.5,23.708333333333332,3.71,0.04133860333166611
ALTENOS - S306683M,NEW HOLLAND AG,6610S HERENCIA,LODERO,S306683M-8106281,TEPSA,ORIENTAL,PUEBLA,1740.54,87.0,6,3,3,3,CERRADA,CERRADA,CERRADA,CERRADAFUERA,CERRADAFUERA,CERRADAFUERA,,,,19.309368,-97.5089391,4.88,5.28,13,5.48,4.99,19.01,37.0,2.0,0.0,0.0,0.0,0.0,0.0,0.0,0.0,0.0,0.0,0.0,0.0,0.0,0.0,0.0,0.0,0.0,0.0,0.0,0.0,0.0,0.0,0.0,600.0,560.0,1741.0,2024-05-16 18:18:00,CERRADA,SFP1405*/0232,Preventivo,-40.0,6.666666666666667,1180.54,0.0,5.0,AGRICOLA,1.625,0.0,0,1.3333333333333335,1.625,4.99,0.15823092548070097
AGROCISA - S306684M,NEW HOLLAND AG,6610S HERENCIA,4WD,S306684M-8107258,AGROCISAGRAL,MANUEL DOBLADO,GUANAJUATO,4062.8,95.33,21,8,6,13,CERRADA,CERRADA,CERRADA,CERRADA,CERRADAFUERA,CERRADAFUERA,CERRADAFUERA,CERRADAFUERA,CERRADA,20.7200868,-101.8710116,79.58,28.73,12,3.67,8.61,15.39,0.0,98.0,75.0,144.0,203.0,108.0,71.0,71.0,92.0,143.0,135.0,138.0,187.0,212.0,196.0,140.0,155.0,99.0,85.0,118.0,150.0,120.0,109.0,79.0,600.0,561.0,4062.0,2024-05-22 09:37:00,CERRADA,7343,Preventivo,-39.0,6.5,3501.8,0.0,5.0,AGRICOLA,122.0,0.0,0,9.066666666666666,122.0,8.61,0.19729316979641795
ATS - S306685M,NEW HOLLAND AG,6610S HERENCIA,4WD,S306685M-8108478,ATS,CHAHUITES,OAXACA,1348.17,37.46,5,2,2,3,CERRADA,CERRADA,CERRADAFUERA,CERRADAFUERA,PENDIENTE,,,,,16.3626896,-94.1964761,0.0,0.0,0,0.0,0.0,24.0,10.0,9.0,6.0,0.0,15.0,23.0,4.0,51.0,42.0,69.0,70.0,11.0,14.0,0.0,21.0,48.0,25.0,18.0,40.0,2.0,8.0,63.0,37.0,27.0,600.0,560.0,1348.0,2024-06-17 23:22:00,CERRADAFUERA,0,Preventivo,-40.0,6.666666666666667,788.1700000000001,0.0,6.0,AGRICOLA,25.541666666666668,1200.0,0,4.777777777777778,25.541666666666668,0.0,0.06503540860558923
AGROEQUIPOS - S306686M,NEW HOLLAND AG,6610S HERENCIA,4WD,S306686M-8108217,AGROEQUIPOS,METAPA,CHIAPAS,293.46,1581.45,3,3,0,0,CERRADA,CERRADA,CERRADA,,,,,,,14.8283008,-92.1524788,0.0,0.0,0,0.0,0.0,24.0,0.0,0.0,0.0,0.0,0.0,0.0,0.0,0.0,0.0,0.0,0.0,0.0,0.0,0.0,0.0,0.0,0.0,0.0,0.0,0.0,0.0,0.0,0.0,0.0,600.0,672.0,672.0,2024-09-13 21:54:00,CERRADA,OS-13448,Preventivo,72.0,12.0,0.0,72.0,9.0,AGRICOLA,0.0,0.0,0,9.0,0.0,0.0,0.08087583101613022
ATC - S306688M,NEW HOLLAND AG,6610S HERENCIA,4WD,S306688M-8108212,ATC,SAN JOSE ITURBIDE,GUANAJUATO,2578.12,45.44,9,2,7,7,CERRADA,CERRADA,CERRADAFUERA,CERRADAFUERA,CERRADAFUERA,CERRADAFUERA,CERRADAFUERA,CERRADAFUERA,CERRADAFUERA,21.1347895,-100.3506886,182.49,5.87,9,0.0,0.0,24.0,153.0,135.0,95.0,91.0,111.0,102.0,93.0,121.0,86.0,122.0,96.0,62.0,100.0,120.0,112.0,61.0,196.0,64.0,146.0,112.0,122.0,158.0,44.0,188.0,600.0,566.0,2578.0,2024-03-27 19:30:00,CERRADAFUERA,,Preventivo,-34.0,5.666666666666666,2012.12,0.0,3.0,AGRICOLA,112.08333333333333,0.0,0,13.333333333333334,112.08333333333333,0.0,0.28662079200079593
ALTENOS - S306693M,NEW HOLLAND AG,6610S HERENCIA,4WD,S306693M-8108185,ALTENOS,SAN IGNACIO CERRO GORDO,JALISCO,619.39,23.5,3,2,1,1,CERRADA,CERRADA,CERRADAFUERA,,,,,,,20.7622333,-102.4747615,5.02,6.76,26,12.85,2.36,21.64,19.0,5.0,45.0,51.0,25.0,28.0,10.0,7.0,5.0,11.0,24.0,1.0,33.0,28.0,0.0,51.0,26.0,36.0,15.0,1.0,3.0,7.0,10.0,3.0,600.0,561.0,620.0,2025-11-07 09:55:00,CERRADAFUERA,CFD,Preventivo,-39.0,6.5,58.389999999999986,0.0,11.0,AGRICOLA,18.5,0.0,0,12.666666666666668,18.5,2.36,0.03230955189151016
ATS - S306710M,NEW HOLLAND AG,6610S HERENCIA,4WD,S306710M-8108187,ATS,SAN JUAN BAUTISTA TUXTEPEC,OAXACA,729.13,1.48,3,1,2,2,CERRADA,CERRADAFUERA,CERRADAFUERA,,,,,,,18.018275,-96.0940161,0.0,0.0,0,0.0,0.0,24.0,149.0,132.0,62.0,41.0,0.0,0.0,0.0,0.0,0.0,0.0,0.0,0.0,0.0,0.0,0.0,0.0,0.0,0.0,0.0,0.0,0.0,0.0,0.0,0.0,600.0,600.0,731.0,2024-02-29 15:30:00,CERRADAFUERA,0,Preventivo,0.0,0.0,129.13,0.0,2.0,AGRICOLA,16.0,0.0,0,0.0,16.0,0.0,0.13556277165131644
MADISA-S306727M-8109012,NEW HOLLAND AG,6610S HERENCIA,4WD,S306727M-8109012,MADISAGRAL,LA ANTIGUA,VERACRUZ DE IGNACIO DE LA LLAVE,1296.06,11.75,5,2,2,3,CERRADA,CERRADA,CERRADAFUERA,CERRADAFUERA,PENDIENTE,,,,,19.4622018,-96.4976965,0.0,0.0,0,0.0,0.0,24.0,131.0,60.0,17.0,70.0,45.0,11.0,6.0,14.0,60.0,15.0,62.0,35.0,84.0,31.0,36.0,1.0,32.0,8.0,14.0,15.0,16.0,35.0,36.0,53.0,600.0,587.0,1296.0,2024-04-10 18:26:00,CERRADAFUERA,NO APLICA,Preventivo,-13.0,2.166666666666667,709.06,0.0,4.0,AGRICOLA,36.958333333333336,1200.0,0,12.666666666666668,36.958333333333336,0.0,0.3359652043510144
ARBSA - S306730M,NEW HOLLAND AG,6610S HERENCIA,4WD,S306730M-8109013,ARBSA,SAN JOSE ITURBIDE,GUANAJUATO,2179.57,25.32,8,3,5,5,CERRADA,CERRADA,CERRADA,CERRADAFUERA,CERRADAFUERA,CERRADAFUERA,CERRADAFUERA,CERRADAFUERA,,20.887663,-100.4367338,26.77,6.52,10,2.4,3.38,20.62,39.0,59.0,47.0,44.0,41.0,86.0,78.0,60.0,84.0,99.0,61.0,44.0,85.0,68.0,75.0,72.0,102.0,69.0,61.0,40.0,74.0,82.0,23.0,38.0,600.0,622.0,2180.0,2024-06-08 20:18:00,CERRADA,28833,Preventivo,22.0,3.6666666666666665,1557.5700000000002,22.0,6.0,AGRICOLA,63.791666666666664,0.0,0,254.5925925925926,63.791666666666664,3.38,0.27279438697393443
ATS - S306731M,NEW HOLLAND AG,6610S HERENCIA,4WD,S306731M-8108694,ATS,SAN ANDRES TUXTLA,VERACRUZ DE IGNACIO DE LA LLAVE,1777.11,24.29,7,3,3,4,CERRADA,CERRADA,CERRADAFUERA,CERRADA,CERRADAFUERA,CERRADAFUERA,PORVENCER,,,18.5990005,-95.4305196,38.65,19.13,9,5.29,3.91,20.09,104.0,41.0,112.0,118.0,161.0,41.0,35.0,54.0,43.0,2.0,43.0,35.0,122.0,49.0,39.0,72.0,127.0,65.0,53.0,21.0,20.0,18.0,35.0,15.0,600.0,560.0,1777.0,2024-04-30 12:18:00,CERRADAFUERA,0,Preventivo,-40.0,6.666666666666667,1217.11,0.0,4.0,AGRICOLA,59.375,1800.0,0,8.11111111111111,59.375,3.91,0.3442081423040365
MADISA-S306732M-8108693,NEW HOLLAND AG,7610S HERENCIA,4WD,S306732M-8108693,MADISAGRAL,ACATLAN DE PEREZ FIGUEROA,OAXACA,1390.45,17.65,21,2,2,19,CERRADA,CERRADAFUERA,CERRADA,CERRADAFUERA,PENDIENTE,,,,,18.6281103,-96.2550995,127.34,46.8,29,4.63,10.21,13.79,12.0,99.0,94.0,84.0,31.0,0.0,0.0,0.0,0.0,12.0,1.0,108.0,140.0,169.0,113.0,61.0,66.0,12.0,0.0,1.0,2.0,0.0,4.0,59.0,600.0,561.0,1390.0,2025-01-01 15:38:00,CERRADA,8508863 8508823,Preventivo,-39.0,6.5,829.45,0.0,1.0,AGRICOLA,44.5,1200.0,0,3.833333333333333,44.5,10.21,0.3033174332361712
ATS - S306736M,NEW HOLLAND AG,6610S HERENCIA,4WD,S306736M-8108690,ATS,CHAHUITES,OAXACA,1197.25,8.28,92,5,0,87,CERRADA,CERRADA,CERRADA,CERRADA,PORVENCER,,,,,16.3310481,-94.455349,0.0,0.0,0,0.0,0.0,24.0,1.0,0.0,4.0,4.0,2.0,24.0,121.0,77.0,54.0,109.0,137.0,50.0,42.0,61.0,97.0,105.0,93.0,9.0,0.0,0.0,0.0,0.0,0.0,0.0,600.0,774.0,1199.0,2024-05-12 10:47:00,CERRADA,15653,Preventivo,174.0,28.999999999999996,423.25,174.0,5.0,AGRICOLA,41.25,1200.0,0,37.666666666666664,41.25,0.0,0.39384776861600096
ARBSA - S306749M,NEW HOLLAND AG,6610S HERENCIA,4WD,S306749M-8109796,ARBSA,EZEQUIEL MONTES,QUERETARO,757.31,100.07,3,3,0,0,CERRADA,CERRADA,CERRADA,,,,,,,20.6404483,-99.8990476,0.0,0.0,0,0.0,0.0,24.0,0.0,0.0,0.0,0.0,0.0,0.0,1.0,9.0,0.0,0.0,0.0,49.0,77.0,72.0,68.0,70.0,80.0,61.0,33.0,11.0,0.0,0.0,0.0,0.0,600.0,587.0,757.0,2025-05-27 18:07:00,CERRADA,29561,Preventivo,-13.0,2.166666666666667,170.30999999999995,0.0,5.0,AGRICOLA,22.125,0.0,0,161.16666666666666,22.125,0.0,0.06787394814895906
ALTENOS - S306767M,NEW HOLLAND AG,6610S HERENCIA,4WD,S306767M-8114112,ALTENOS,PURISIMA DEL RINCON,GUANAJUATO,738.66,4.24,3,2,1,1,CERRADA,CERRADA,CERRADAFUERA,,,,,,,20.9941135,-102.117772,0.0,0.0,0,0.0,0.0,24.0,7.0,0.0,1.0,31.0,35.0,24.0,41.0,13.0,17.0,11.0,9.0,8.0,51.0,15.0,8.0,20.0,56.0,43.0,24.0,6.0,18.0,25.0,10.0,34.0,600.0,621.0,738.0,2025-07-14 12:20:00,CERRADAFUERA,CFD,Preventivo,21.0,3.5000000000000004,117.65999999999997,21.0,7.0,AGRICOLA,21.125,0.0,0,198.33333333333334,21.125,0.0,0.10075764164076881
ALTENOS - S306768M,NEW HOLLAND AG,6610S HERENCIA,4WD,S306768M-8114344,ALTENOS,SAN IGNACIO CERRO GORDO,JALISCO,677.32,11.29,3,2,1,1,CERRADA,CERRADA,CERRADAFUERA,,,,,,,20.7760206,-102.4693251,45.19,2.86,11,0.85,7.95,16.05,0.0,0.0,2.0,22.0,7.0,37.0,16.0,13.0,0.0,9.0,21.0,11.0,16.0,74.0,63.0,16.0,40.0,53.0,16.0,2.0,1.0,1.0,24.0,11.0,600.0,560.0,680.0,2025-04-11 19:54:00,CERRADAFUERA,CFD,Preventivo,-40.0,6.666666666666667,117.32000000000005,0.0,4.0,AGRICOLA,18.958333333333332,0.0,0,104.0,18.958333333333332,7.95,0.0745137959237998
AGROCISA - S306769M,NEW HOLLAND AG,6610S HERENCIA,4WD,S306769M-8114113,AGROCISAGRAL,APORO,MICHOACAN DE OCAMPO,655.36,5.54,3,2,1,1,CERRADA,CERRADAFUERA,CERRADA,,,,,,,19.7675141,-100.3746868,0.0,0.0,0,0.0,0.0,24.0,44.0,22.0,15.0,41.0,25.0,16.0,6.0,0.0,0.0,6.0,25.0,30.0,44.0,32.0,5.0,30.0,25.0,5.0,1.0,2.0,1.0,25.0,35.0,17.0,600.0,560.0,655.0,2025-10-25 17:55:00,CERRADA,0,Preventivo,-40.0,6.666666666666667,95.36000000000001,0.0,10.0,AGRICOLA,18.833333333333332,0.0,0,187.16666666666666,18.833333333333332,0.0,0.10446747819992112
AGROCISA - S306770M,NEW HOLLAND AG,6610S HERENCIA,4WD,S306770M-8114141,AGROCISAGRAL,HUANDACAREO,MICHOACAN DE OCAMPO,1002.4,39.91,3,1,2,2,,CERRADAFUERA,CERRADAFUERA,CERRADA,,,,,,20.1088246,-101.5099216,55.53,28.79,17,5.44,5.33,18.67,11.0,0.0,42.0,6.0,61.0,24.0,2.0,4.0,4.0,2.0,4.0,34.0,70.0,68.0,58.0,47.0,71.0,42.0,4.0,1.0,1.0,3.0,25.0,33.0,600.0,560.0,1003.0,2025-02-13 07:37:00,CERRADAFUERA,0,Preventivo,-40.0,6.666666666666667,442.4,0.0,2.0,AGRICOLA,25.708333333333332,0.0,0,15.666666666666668,25.708333333333332,5.33,0.04990642629703755
ATS - S306779M,NEW HOLLAND AG,6610S HERENCIA,4WD,S306779M-8114350,ATS,JUAN RODRIGUEZ CLARA,VERACRUZ DE IGNACIO DE LA LLAVE,1519.35,2.74,4,2,0,2,,,CERRADA,CERRADA,PENDIENTE,PENDIENTE,,,,18.1027031,-95.6854991,2.87,2.81,7,5.23,0.57,23.43,66.0,22.0,17.0,11.0,17.0,52.0,8.0,18.0,2.0,8.0,149.0,62.0,10.0,12.0,0.0,0.0,6.0,66.0,23.0,0.0,21.0,45.0,39.0,32.0,600.0,571.0,1519.0,2024-06-18 20:38:00,CERRADA,15438,Preventivo,-29.0,4.833333333333333,948.3499999999999,0.0,6.0,AGRICOLA,28.583333333333332,2700.0,0,3.111111111111111,28.583333333333332,0.57,0.10475807240461245
ATC -S306780M,NEW HOLLAND AG,6610S HERENCIA,4WD,S306780M-8114337,ATC,OMETEPEC,GUERRERO,2382.59,12.79,7,0,5,7,,,CERRADAFUERA,CERRADAFUERA,CERRADAFUERA,CERRADAFUERA,CERRADAFUERA,PENDIENTE,PORVENCER,16.5321843,-98.5238366,14.77,12.61,20,6.19,4.06,19.94,126.0,40.0,7.0,3.0,17.0,33.0,58.0,59.0,2.0,40.0,64.0,165.0,185.0,66.0,61.0,29.0,25.0,26.0,74.0,86.0,11.0,31.0,165.0,132.0,600.0,600.0,2382.0,2024-06-18 10:47:00,CERRADAFUERA,,Preventivo,0.0,0.0,1782.5900000000001,0.0,6.0,AGRICOLA,62.708333333333336,4500.0,0,11.444444444444445,62.708333333333336,4.06,0.3565581223504157
ALTENOS - S306791M,NEW HOLLAND AG,6610S HERENCIA,4WD,S306791M-8114115,ALTENOS,MIAHUATLAN DE PORFIRIO DIAZ,OAXACA,1051.13,6.09,4,0,4,4,CERRADAFUERA,CERRADAFUERA,CERRADAFUERA,CERRADAFUERA,,,,,,16.47637,-96.6985035,0.0,0.0,0,0.0,0.0,24.0,0.0,0.0,0.0,0.0,67.0,163.0,34.0,9.0,0.0,18.0,33.0,20.0,24.0,24.0,15.0,19.0,80.0,148.0,41.0,17.0,0.0,13.0,11.0,10.0,600.0,594.0,1051.0,2025-05-27 14:57:00,CERRADAFUERA,CFD,Preventivo,-6.0,1.0,457.1300000000001,0.0,5.0,AGRICOLA,31.083333333333332,0.0,0,136.5,31.083333333333332,0.0,0.059020552049429804
MADISA-S306798M-8114106,NEW HOLLAND AG,6610S HERENCIA,4WD,S306798M-8114106,MADISAGRAL,LA ANTIGUA,VERACRUZ DE IGNACIO DE LA LLAVE,932.34,13.07,3,1,2,2,,CERRADA,CERRADAFUERA,CERRADAFUERA,,,,,,19.50259,-96.4798158,0.0,0.0,0,0.0,0.0,24.0,8.0,12.0,18.0,60.0,140.0,53.0,1.0,1.0,0.0,14.0,20.0,42.0,123.0,187.0,68.0,145.0,146.0,11.0,6.0,1.0,0.0,0.0,0.0,0.0,600.0,560.0,932.0,2025-09-01 09:33:00,CERRADAFUERA,NO APLICA,Preventivo,-40.0,6.666666666666667,372.34000000000003,0.0,9.0,AGRICOLA,44.0,0.0,0,15.5,44.0,0.0,0.5261130115019278
TEPSA - S306808M,NEW HOLLAND AG,6610S HERENCIA,4WD,S306808M-8116074,TEPSA,SAN SALVADOR HUIXCOLOTLA,PUEBLA,1248.53,0.28,9,3,0,6,PENDIENTE,CERRADA,CERRADA,CERRADA,PENDIENTE,,,,,18.9059538,-97.784601,27.11,11.08,13,3.34,3.96,20.04,1.0,0.0,0.0,3.0,0.0,1.0,1.0,1.0,2.0,69.0,66.0,78.0,91.0,87.0,96.0,55.0,133.0,76.0,68.0,55.0,77.0,63.0,67.0,61.0,600.0,561.0,1249.0,2025-04-23 15:47:00,CERRADA,SFPT2274/656,Preventivo,-39.0,6.5,687.53,0.0,4.0,AGRICOLA,47.958333333333336,1250.0,0,13.333333333333334,47.958333333333336,3.96,0.351609956996125
ATC-866392068834997,NEW HOLLAND AG,6610S HERENCIA,4WD,S306840M-8117600,ATC,DOLORES HIDALGO CUNA DE LA INDEPENDENCIA NACIONAL,GUANAJUATO,1356.91,0.62,3,0,3,3,,,CERRADAFUERA,CERRADAFUERA,CERRADAFUERA,,,,,21.088954,-100.8989783,0.0,0.0,0,0.0,0.0,24.0,50.0,119.0,76.0,80.0,50.0,14.0,47.0,65.0,13.0,42.0,12.0,13.0,44.0,17.0,48.0,42.0,45.0,49.0,29.0,21.0,30.0,5.0,4.0,2.0,600.0,600.0,1357.0,2024-06-08 15:30:00,CERRADAFUERA,,Preventivo,0.0,0.0,756.9100000000001,0.0,6.0,AGRICOLA,38.208333333333336,0.0,0,0.0,38.208333333333336,0.0,0.448845732230279
ATS - 866392068916661,NEW HOLLAND AG,6610S HERENCIA,4WD,S306852M-8119220,ATS,SAN JUAN BAUTISTA TUXTEPEC,OAXACA,822.11,14.33,7,3,0,4,CERRADA,CERRADA,CERRADA,,,,,,,18.1991436,-96.3081366,0.0,0.0,0,0.0,0.0,24.0,0.0,2.0,1.0,0.0,0.0,2.0,4.0,0.0,1.0,0.0,37.0,105.0,155.0,168.0,120.0,94.0,0.0,0.0,0.0,0.0,0.0,0.0,0.0,0.0,600.0,561.0,823.0,2025-02-25 12:40:00,CERRADA,15925,Preventivo,-39.0,6.5,261.11,0.0,2.0,AGRICOLA,28.708333333333332,0.0,0,40.0,28.708333333333332,0.0,0.08479509511951976
TEPSA - S306858M,NEW HOLLAND AG,6610S HERENCIA,LODERO,S306858M-8119312,TEPSA,QUECHOLAC,PUEBLA,2547.44,1.84,7,1,5,6,,,CERRADAFUERA,CERRADAFUERA,CERRADA,CERRADAFUERA,CERRADAFUERA,CERRADAFUERA,PENDIENTE,18.9046585,-97.6015373,0.0,0.0,0,0.0,0.0,24.0,56.0,95.0,63.0,64.0,114.0,124.0,156.0,162.0,139.0,52.0,8.0,0.0,59.0,90.0,75.0,144.0,109.0,49.0,11.0,16.0,110.0,47.0,79.0,0.0,600.0,692.0,2547.0,2024-06-18 22:04:00,CERRADAFUERA,00/00,Preventivo,92.0,15.333333333333332,1855.44,92.0,6.0,AGRICOLA,75.91666666666667,2400.0,0,12.72037037037037,75.91666666666667,0.0,0.39893853087726083
ATC - 866392068972029,NEW HOLLAND AG,6610S HERENCIA,4WD,S306862M-8119322,ATC,CHAMPOTON,CAMPECHE,618.84,2.62,2,2,0,0,,CERRADA,CERRADA,,,,,,,19.1456211,-90.4759093,0.0,0.0,0,0.0,0.0,24.0,0.0,0.0,0.0,7.0,0.0,0.0,1.0,0.0,0.0,0.0,5.0,0.0,0.0,0.0,0.0,3.0,0.0,2.0,0.0,0.0,0.0,14.0,10.0,0.0,600.0,600.0,618.0,2025-10-21 07:31:00,CERRADA,1055443,Preventivo,0.0,0.0,18.840000000000032,0.0,10.0,AGRICOLA,1.75,0.0,0,0.0,1.75,0.0,0.13556277165131644
862407062146364,NEW HOLLAND AG,6610S,4WD,S306881M-8117594,MADISAGRAL,LA ANTIGUA,VERACRUZ DE IGNACIO DE LA LLAVE,969.26,45.57,3,1,1,2,,CERRADA,CERRADAFUERA,PENDIENTE,,,,,,19.4743908,-96.357649,0.0,0.0,0,0.0,0.0,24.0,0.0,0.0,0.0,0.0,0.0,0.0,0.0,0.0,0.0,0.0,0.0,0.0,0.0,42.0,97.0,85.0,77.0,27.0,26.0,37.0,14.0,10.0,3.0,70.0,600.0,603.0,969.0,2025-05-27 17:58:00,CERRADAFUERA,FVP04316826,Preventivo,3.0,0.5,366.26,3.0,5.0,AGRICOLA,20.333333333333332,900.0,0,41.0,20.333333333333332,0.0,0.12408576233782373
MADISA-S306883M-866392065085213,NEW HOLLAND AG,6610S HERENCIA,4WD,S306883M-8117598,MADISAGRAL,ACULA,VERACRUZ DE IGNACIO DE LA LLAVE,969.05,6.43,20,1,2,19,CERRADA,CERRADAFUERA,CERRADAFUERA,PENDIENTE,,,,,,18.2574743,-95.788818,79.67,14.28,30,1.93,6.85,17.15,1.0,2.0,17.0,0.0,0.0,1.0,0.0,3.0,11.0,3.0,21.0,47.0,139.0,154.0,121.0,129.0,67.0,5.0,19.0,12.0,4.0,1.0,13.0,40.0,600.0,614.0,973.0,2025-04-23 09:10:00,CERRADAFUERA,NO APLICA,Preventivo,14.0,2.3333333333333335,355.04999999999995,14.0,4.0,AGRICOLA,33.75,900.0,0,0.0,33.75,6.85,0.25472658160183803
MADISA - 866392068779655,NEW HOLLAND AG,6610S HERENCIA,4WD,S306889M-8117788,MADISAGRAL,CARMEN,CAMPECHE,1664.43,31.15,6,5,0,1,CERRADA,CERRADA,CERRADA,CERRADA,CERRADA,PENDIENTE,,,,18.3396108,-91.3989633,2.87,22.39,13,90.67,0.26,23.74,1.0,0.0,0.0,0.0,2.0,39.0,0.0,3.0,29.0,0.0,49.0,14.0,11.0,70.0,4.0,94.0,117.0,13.0,3.0,14.0,63.0,15.0,50.0,0.0,600.0,574.0,1665.0,2025-07-02 14:09:00,CERRADA,9617338,Preventivo,-26.0,4.333333333333334,1090.43,0.0,7.0,AGRICOLA,24.625,1500.0,0,12.36111111111111,24.625,0.26,0.03283598506664596
MADISA - 866392068843899,NEW HOLLAND AG,7610S HERENCIA,4WD,S306890M-8117615,MADISAGRAL,BALANCAN,TABASCO,1460.57,14.93,5,2,0,3,,CERRADA,CERRADA,PENDIENTE,PENDIENTE,PORVENCER,,,,18.2808461,-91.345878,13.76,12.0,25,6.18,1.23,22.77,0.0,0.0,0.0,0.0,2.0,9.0,33.0,74.0,25.0,58.0,78.0,17.0,0.0,4.0,0.0,4.0,0.0,1.0,45.0,126.0,26.0,57.0,73.0,43.0,600.0,591.0,1460.0,2025-06-06 09:31:00,CERRADA,9617592,Preventivo,-9.0,1.5,869.5699999999999,0.0,6.0,AGRICOLA,28.125,3600.0,0,70.33333333333334,28.125,1.23,0.04039184015045772
MADISA-866392068837529,NEW HOLLAND AG,6610S HERENCIA,LODERO,S306896M-8117787,MADISAGRAL,OTHON P. BLANCO,QUINTANA ROO,959.83,201.1,4,1,2,3,CERRADA,PENDIENTE,CERRADAFUERA,CERRADAFUERA,,,,,,18.2405563,-88.6817205,31.4,0.32,5,0.11,2.84,21.16,22.0,52.0,9.0,5.0,0.0,30.0,155.0,32.0,54.0,1.0,0.0,0.0,0.0,0.0,7.0,1.0,0.0,49.0,116.0,71.0,20.0,26.0,3.0,0.0,600.0,581.0,959.0,2025-11-07 09:20:00,CERRADAFUERA,FVP04376984,Preventivo,-19.0,3.166666666666667,378.83000000000004,0.0,11.0,AGRICOLA,27.208333333333332,300.0,0,75.22222222222223,27.208333333333332,2.84,0.04039184015045772
MADISA - 866392069048183,NEW HOLLAND AG,6610S HERENCIA,4WD,S306903M-8123836,MADISAGRAL,BALANCAN,TABASCO,1206.62,0.89,5,4,0,1,CERRADA,,CERRADA,CERRADA,CERRADA,,,,,18.3038735,-91.3672305,0.0,0.0,0,0.0,0.0,24.0,0.0,0.0,0.0,1.0,1.0,17.0,51.0,57.0,29.0,2.0,25.0,35.0,17.0,13.0,16.0,7.0,40.0,58.0,12.0,11.0,0.0,0.0,0.0,0.0,600.0,591.0,1207.0,2024-12-21 01:01:00,CERRADA,9617038,Preventivo,-9.0,1.5,615.6199999999999,0.0,12.0,AGRICOLA,16.333333333333332,0.0,1,28.000000000000004,16.333333333333332,0.0,0.4357406563066581
ATC - 866392066841390,NEW HOLLAND AG,6610S HERENCIA,LODERO,S306908M,ATC,CELAYA,GUANAJUATO,1200.0,0.15,4,4,0,0,CERRADA,,CERRADA,CERRADA,CERRADA,,,,,20.5147601,-100.8879966,0.0,0.0,0,0.0,0.0,24.0,0.0,0.0,0.0,0.0,0.0,0.0,0.0,0.0,0.0,0.0,0.0,0.0,0.0,0.0,0.0,0.0,0.0,0.0,0.0,0.0,0.0,0.0,0.0,0.0,600.0,600.0,1200.0,2025-05-07 08:59:00,CERRADA,962853,Preventivo,0.0,0.0,600.0,0.0,5.0,AGRICOLA,0.0,0.0,0,0.0,0.0,0.0,0.13556277165131644
ALTENOS - 866392063347532,NEW HOLLAND AG,6610S HERENCIA,4WD,S306912M-8120671,ALTENOS,BUENAVISTA DE CUELLAR,GUERRERO,979.52,5.66,3,2,1,1,,CERRADA,CERRADA,CERRADAFUERA,,,,,,18.5179545,-99.4161676,0.0,0.0,0,0.0,0.0,24.0,9.0,0.0,1.0,0.0,7.0,33.0,0.0,0.0,12.0,62.0,0.0,1.0,22.0,14.0,16.0,8.0,75.0,5.0,2.0,12.0,9.0,15.0,14.0,1.0,600.0,600.0,979.0,2025-05-26 08:40:00,CERRADA,OTS0003321,Preventivo,0.0,0.0,379.52,0.0,5.0,AGRICOLA,13.25,0.0,0,0.0,13.25,0.0,0.13556277165131644
ALTENOS - 866392063385292,NEW HOLLAND AG,6610S HERENCIA,4WD,S306913M-8120672,ALTENOS,SAN IGNACIO CERRO GORDO,JALISCO,628.01,62.56,3,3,0,0,CERRADA,CERRADA,CERRADA,,,,,,,20.7031271,-102.4960966,0.0,0.0,3,0.0,0.0,24.0,0.0,1.0,1.0,91.0,13.0,80.0,53.0,14.0,0.0,1.0,0.0,19.0,6.0,1.0,43.0,140.0,33.0,47.0,28.0,7.0,16.0,1.0,1.0,0.0,600.0,574.0,628.0,2025-11-07 10:35:00,CERRADA,OTA0002514,Preventivo,-26.0,4.333333333333334,54.00999999999999,0.0,11.0,AGRICOLA,24.833333333333332,0.0,0,13.833333333333332,24.833333333333332,0.0,0.06562805988357999
ALTENOS - 866016064409153,NEW HOLLAND AG,7610S HERENCIA,4WD,S306928M-8119828,ALTENOS,TEPATITLAN DE MORELOS,JALISCO,847.33,4.77,3,3,0,0,CERRADA,CERRADA,CERRADA,,,,,,,20.9959665,-102.7444516,72.22,4.17,11,0.91,6.62,17.38,55.0,25.0,4.0,34.0,15.0,51.0,61.0,4.0,3.0,57.0,9.0,20.0,45.0,17.0,4.0,13.0,37.0,21.0,32.0,1.0,0.0,8.0,53.0,37.0,600.0,574.0,848.0,2025-05-27 08:21:00,CERRADA,OTS0003822,Preventivo,-26.0,4.333333333333334,273.33000000000004,0.0,5.0,AGRICOLA,25.25,0.0,0,9.666666666666668,25.25,6.62,0.06614307587459294
ATC - 866016064538639,NEW HOLLAND AG,6610S HERENCIA,LODERO,S306932M-8119827,ATN,SALAMANCA,GUANAJUATO,1120.41,69.01,4,3,0,1,CERRADA,CERRADA,CERRADA,PENDIENTE,,,,,,20.5824185,-101.1408221,2.51,0.05,6,0.31,2.66,21.34,0.0,5.0,22.0,58.0,64.0,19.0,15.0,10.0,28.0,31.0,30.0,0.0,0.0,0.0,0.0,0.0,0.0,0.0,0.0,0.0,0.0,0.0,0.0,0.0,600.0,600.0,1120.0,2025-07-02 14:51:00,CERRADA,1032674,Preventivo,0.0,0.0,520.4100000000001,0.0,7.0,AGRICOLA,11.75,900.0,0,9.5,11.75,2.66,0.026747063972197015
866392066988894,NEW HOLLAND AG,6610S HERENCIA,4WD,S306938M-8121005,ATN,AMATLAN DE LOS REYES,VERACRUZ DE IGNACIO DE LA LLAVE,753.32,23.25,3,2,1,1,CERRADA,CERRADAFUERA,CERRADA,,,,,,,18.78526,-96.9006146,0.0,0.0,0,0.0,0.0,24.0,3.0,2.0,9.0,39.0,8.0,15.0,55.0,43.0,39.0,33.0,16.0,0.0,0.0,0.0,0.0,0.0,0.0,0.0,0.0,0.0,0.0,0.0,0.0,0.0,600.0,600.0,753.0,2025-11-02 16:08:00,CERRADA,1002468,Preventivo,0.0,0.0,153.32000000000005,0.0,11.0,AGRICOLA,10.916666666666666,0.0,0,0.0,10.916666666666666,0.0,0.13556277165131644
862407060130055,NEW HOLLAND AG,6610S HERENCIA,4WD,S306948M-8122003,AGROCISAGRAL,MORELIA,MICHOACAN DE OCAMPO,727.17,7.81,5,2,1,3,CERRADAFUERA,CERRADA,CERRADA,,,,,,,19.494881,-101.3205651,0.0,0.0,0,0.0,0.0,24.0,0.0,0.0,0.0,0.0,0.0,0.0,0.0,12.0,16.0,22.0,41.0,18.0,25.0,27.0,51.0,32.0,78.0,52.0,13.0,4.0,21.0,63.0,9.0,19.0,600.0,560.0,727.0,2025-12-09 17:39:00,CERRADA,0,Preventivo,-40.0,6.666666666666667,167.16999999999996,0.0,12.0,AGRICOLA,20.958333333333332,0.0,0,21.5,20.958333333333332,0.0,0.10021243889864831
MADISA - S306949M-8121998,NEW HOLLAND AG,6610S HERENCIA,4WD,S306949M-8121998,MADISAGRAL,LA ANTIGUA,VERACRUZ DE IGNACIO DE LA LLAVE,978.74,15.09,4,3,0,1,CERRADA,CERRADA,CERRADA,PENDIENTE,,,,,,19.3317073,-96.4177291,20.79,22.13,23,11.84,3.4,20.6,0.0,2.0,0.0,0.0,2.0,0.0,1.0,24.0,68.0,12.0,21.0,20.0,53.0,70.0,53.0,94.0,132.0,62.0,40.0,33.0,32.0,13.0,75.0,23.0,600.0,593.0,978.0,2025-05-27 15:17:00,CERRADA,7402098,Preventivo,-7.0,1.1666666666666667,385.74,0.0,5.0,AGRICOLA,34.583333333333336,900.0,0,104.66666666666667,34.583333333333336,3.4,0.16329202420032263
866392063343911,NEW HOLLAND AG,6610S HERENCIA,4WD,S306963M-8124458,ATS,CHAHUITES,OAXACA,1485.66,14.17,6,3,0,3,CERRADA,CERRADA,CERRADA,PENDIENTE,PENDIENTE,PORVENCER,,,,16.2690195,-94.1909508,44.18,22.0,32,4.86,5.56,18.44,0.0,0.0,0.0,1.0,17.0,15.0,15.0,72.0,13.0,70.0,50.0,86.0,59.0,72.0,59.0,74.0,42.0,51.0,60.0,74.0,66.0,93.0,86.0,36.0,600.0,560.0,1487.0,2025-01-27 15:18:00,CERRADA,15915,Preventivo,-40.0,6.666666666666667,925.6600000000001,0.0,1.0,AGRICOLA,46.291666666666664,3600.0,0,19.666666666666664,46.291666666666664,5.56,0.41395054591269864
862407060123340,NEW HOLLAND AG,6610S HERENCIA,4WD,S306965M-8122209,ATS,CHAHUITES,OAXACA,1241.28,68.09,5,1,3,4,CERRADA,CERRADAFUERA,CERRADAFUERA,CERRADAFUERA,PENDIENTE,,,,,16.2550363,-94.1803603,38.58,41.13,34,9.7,4.68,19.32,0.0,0.0,0.0,12.0,57.0,37.0,0.0,51.0,28.0,92.0,69.0,47.0,19.0,65.0,83.0,88.0,66.0,66.0,36.0,39.0,48.0,64.0,76.0,26.0,600.0,568.0,1241.0,2025-02-25 14:10:00,CERRADAFUERA,0,Preventivo,-32.0,5.333333333333334,673.28,0.0,2.0,AGRICOLA,44.541666666666664,1200.0,0,88.5,44.541666666666664,4.68,0.2766975883105397
866016064469017,NEW HOLLAND AG,6610S HERENCIA,4WD,S306984M-8123747,ATS,ACATLAN DE PEREZ FIGUEROA,OAXACA,980.23,0.43,4,1,2,3,CERRADA,CERRADAFUERA,CERRADAFUERA,PENDIENTE,,,,,,18.4462101,-96.7163743,0.0,0.0,0,0.0,0.0,24.0,0.0,0.0,0.0,1.0,45.0,47.0,11.0,28.0,60.0,76.0,116.0,35.0,70.0,68.0,5.0,47.0,72.0,12.0,8.0,4.0,17.0,36.0,10.0,1.0,600.0,568.0,980.0,2024-12-31 00:01:00,CERRADAFUERA,0,Preventivo,-32.0,5.333333333333334,412.23,0.0,12.0,AGRICOLA,32.041666666666664,900.0,0,39.166666666666664,32.041666666666664,0.0,0.08479509511951976
862407061544247,NEW HOLLAND AG,6610S HERENCIA,4WD,S306987M-8123746,ATS,CHAHUITES,OAXACA,847.64,39.56,5,1,1,4,CERRADA,PENDIENTE,CERRADAFUERA,,,,,,,16.4874821,-94.3365943,6.1,4.41,9,3.99,1.53,22.47,0.0,0.0,0.0,0.0,0.0,0.0,15.0,65.0,5.0,73.0,7.0,22.0,19.0,46.0,96.0,89.0,42.0,5.0,55.0,43.0,21.0,51.0,22.0,24.0,600.0,576.0,847.0,2025-03-08 22:11:00,CERRADAFUERA,0,Preventivo,-24.0,4.0,271.64,0.0,3.0,AGRICOLA,29.166666666666668,300.0,0,120.0,29.166666666666668,1.53,0.042152732162970656
862407061530444,NEW HOLLAND AG,6610S HERENCIA,4WD,S306988M-8123748,ATS,SAN JUAN BAUTISTA TUXTEPEC,OAXACA,1159.47,32.78,12,3,0,9,CERRADA,CERRADA,CERRADA,PENDIENTE,PORVENCER,,,,,18.0285923,-96.1683263,8.62,3.46,8,3.71,1.13,22.87,0.0,0.0,0.0,15.0,28.0,17.0,35.0,28.0,26.0,17.0,82.0,55.0,161.0,86.0,81.0,9.0,54.0,26.0,6.0,14.0,28.0,27.0,44.0,11.0,600.0,560.0,1161.0,2025-01-16 19:45:00,CERRADA,15840,Preventivo,-40.0,6.666666666666667,599.47,0.0,1.0,AGRICOLA,35.416666666666664,2100.0,0,17.166666666666664,35.416666666666664,1.13,0.20338747370917465
866016064556805,NEW HOLLAND AG,6610S HERENCIA,LODERO,S306990M-8123223,ATN,FRESNILLO,ZACATECAS,902.28,3.98,4,1,2,3,CERRADA,CERRADAFUERA,CERRADAFUERA,PENDIENTE,,,,,,23.390197,-103.0619378,0.0,0.0,0,0.0,0.0,24.0,5.0,0.0,0.0,0.0,25.0,25.0,3.0,2.0,1.0,0.0,0.0,44.0,88.0,78.0,78.0,65.0,58.0,65.0,96.0,35.0,12.0,0.0,7.0,18.0,600.0,600.0,902.0,2025-11-07 09:25:00,CERRADAFUERA,,Preventivo,0.0,0.0,302.28,0.0,11.0,AGRICOLA,29.375,900.0,0,0.0,29.375,0.0,0.23480431507460695
862407061526608,NEW HOLLAND AG,6610S HERENCIA,4WD,S306999M-8122396,MADISAGRAL,ACULA,VERACRUZ DE IGNACIO DE LA LLAVE,1074.16,30.04,8,2,0,6,CERRADA,PENDIENTE,CERRADA,PENDIENTE,,,,,,18.2380211,-95.7080375,76.7,38.95,32,5.32,7.68,16.32,0.0,0.0,0.0,0.0,0.0,0.0,0.0,0.0,2.0,1.0,0.0,57.0,207.0,182.0,159.0,148.0,85.0,0.0,0.0,1.0,0.0,0.0,7.0,34.0,600.0,598.0,1075.0,2025-03-24 12:46:00,CERRADA,5510563 5510678,Preventivo,-2.0,0.33333333333333337,476.1600000000001,0.0,3.0,AGRICOLA,36.791666666666664,1200.0,0,0.0,36.791666666666664,7.68,0.33549375569186807
862407061536649,NEW HOLLAND AG,6610S HERENCIA,4WD,S307028M-8129044,ATC,HIDALGO DEL PARRAL,CHIHUAHUA,844.0,4.3,9,2,1,7,CERRADA,CERRADA,CERRADAFUERA,,,,,,,26.8206655,-105.8316036,0.0,0.0,0,0.0,0.0,24.0,0.0,0.0,0.0,0.0,0.0,0.0,0.0,0.0,0.0,0.0,1.0,0.0,73.0,103.0,32.0,209.0,205.0,168.0,80.0,79.0,0.0,0.0,0.0,0.0,600.0,600.0,844.0,2025-07-14 07:47:00,CERRADAFUERA,,Preventivo,0.0,0.0,244.0,0.0,7.0,AGRICOLA,39.583333333333336,0.0,0,0.0,39.583333333333336,0.0,0.43778224016678685
862407061571018,NEW HOLLAND AG,6610S HERENCIA,4WD,S307032M-8123679,ATC,VENADO,SAN LUIS POTOSI,2851.48,1.37,10,1,8,9,CERRADAFUERA,CERRADAFUERA,CERRADAFUERA,CERRADAFUERA,CERRADAFUERA,CERRADAFUERA,CERRADAFUERA,CERRADAFUERA,CERRADA,23.1380408,-101.1580805,55.2,0.83,11,5.99,8.76,15.24,0.0,0.0,0.0,0.0,0.0,0.0,0.0,0.0,0.0,8.0,108.0,132.0,205.0,191.0,207.0,261.0,272.0,210.0,124.0,118.0,163.0,169.0,175.0,167.0,600.0,600.0,2852.0,2025-01-31 14:21:00,CERRADAFUERA,,Preventivo,0.0,0.0,2251.48,0.0,1.0,AGRICOLA,104.58333333333333,0.0,0,0.0,104.58333333333333,8.76,0.20115415021283506
862407061406991,NEW HOLLAND AG,6610S HERENCIA,LODERO,S307040M-8122576,TEPSA,PALMAR DE BRAVO,PUEBLA,728.21,0.0,3,3,0,0,CERRADA,CERRADA,CERRADA,,,,,,,18.8427426,-97.5657943,0.0,0.0,0,0.0,0.0,24.0,0.0,0.0,0.0,0.0,0.0,0.0,0.0,1.0,57.0,47.0,33.0,15.0,35.0,43.0,17.0,19.0,38.0,61.0,38.0,26.0,35.0,28.0,28.0,27.0,600.0,560.0,729.0,2025-08-23 09:00:00,CERRADA,SMIPT92/746,Preventivo,-40.0,6.666666666666667,168.21000000000004,0.0,8.0,AGRICOLA,22.833333333333332,0.0,0,47.0,22.833333333333332,0.0,0.08479509511951976
862407061590281,NEW HOLLAND AG,6610S HERENCIA,4WD,S307061M-8130294,ATC,VENADO,SAN LUIS POTOSI,1335.62,0.28,5,1,3,4,CERRADAFUERA,CERRADA,CERRADAFUERA,CERRADAFUERA,PENDIENTE,,,,,23.13851,-101.1579621,21.35,1.62,16,2.76,5.56,18.44,0.0,0.0,0.0,0.0,0.0,0.0,0.0,0.0,0.0,0.0,0.0,0.0,0.0,1.0,149.0,208.0,148.0,0.0,57.0,94.0,116.0,119.0,158.0,152.0,600.0,600.0,1336.0,2025-08-21 16:42:00,CERRADAFUERA,,Preventivo,0.0,0.0,735.6199999999999,0.0,8.0,AGRICOLA,50.083333333333336,1200.0,0,0.0,50.083333333333336,5.56,0.4942350536363878
862407061867507,NEW HOLLAND AG,6610S HERENCIA,4WD,S307073M-6303648,ATN,VENADO,SAN LUIS POTOSI,1050.95,1.86,4,2,1,2,CERRADAFUERA,CERRADA,CERRADA,PENDIENTE,,,,,,23.1381016,-101.1581985,25.27,3.05,24,3.41,5.48,18.52,0.0,0.0,0.0,0.0,0.0,0.0,0.0,0.0,0.0,0.0,0.0,0.0,0.0,0.0,37.0,37.0,37.0,137.0,95.0,73.0,74.0,82.0,110.0,81.0,600.0,600.0,1052.0,2025-08-23 21:41:00,CERRADA,1041063,Preventivo,0.0,0.0,450.95000000000005,0.0,8.0,AGRICOLA,31.791666666666668,900.0,0,0.0,31.791666666666668,5.48,0.144185297569987
862407061603399,NEW HOLLAND AG,6610S HERENCIA,4WD,S307074M-6304273,ATN,VENADO,SAN LUIS POTOSI,2067.94,0.93,8,2,4,6,CERRADAFUERA,CERRADA,CERRADA,CERRADAFUERA,CERRADAFUERA,CERRADAFUERA,PENDIENTE,PORVENCER,,23.1380771,-101.1580948,29.17,1.51,18,3.57,5.4,18.6,0.0,0.0,0.0,0.0,0.0,0.0,0.0,0.0,0.0,0.0,0.0,0.0,0.0,3.0,60.0,190.0,193.0,0.0,0.0,0.0,0.0,0.0,0.0,0.0,600.0,600.0,2067.0,2025-07-17 10:20:00,CERRADA,1041060,Preventivo,0.0,0.0,1467.94,0.0,7.0,AGRICOLA,18.583333333333332,3900.0,0,0.0,18.583333333333332,5.4,0.09767426328835174
862407062935741,NEW HOLLAND AG,6610S HERENCIA,4WD,S307092M-6306244,AGROCISAGRAL,URUAPAN,MICHOACAN DE OCAMPO,746.13,2.87,5,3,0,2,CERRADA,CERRADA,CERRADA,,,,,,,19.3788195,-101.9392295,59.94,10.88,11,1.52,7.38,16.62,0.0,0.0,0.0,0.0,0.0,0.0,0.0,0.0,0.0,0.0,0.0,0.0,2.0,4.0,96.0,105.0,105.0,67.0,33.0,32.0,53.0,47.0,63.0,75.0,600.0,560.0,748.0,2025-10-30 16:53:00,CERRADA,0,Preventivo,-40.0,6.666666666666667,186.13,0.0,10.0,AGRICOLA,28.416666666666668,0.0,0,46.666666666666664,28.416666666666668,7.38,0.03642136406171458
862407062943554,NEW HOLLAND AG,6610S HERENCIA,4WD,S307093M-6306246,AGROCISAGRAL,PONCITLAN,JALISCO,699.91,24.28,3,3,0,0,CERRADA,CERRADA,CERRADA,,,,,,,20.3600516,-102.8616863,47.35,21.06,76,4.86,4.55,19.45,0.0,0.0,0.0,0.0,0.0,0.0,0.0,0.0,0.0,0.0,0.0,0.0,13.0,1.0,73.0,76.0,46.0,20.0,99.0,58.0,50.0,44.0,59.0,0.0,600.0,560.0,702.0,2025-10-10 10:50:00,CERRADA,0,Preventivo,-40.0,6.666666666666667,139.90999999999997,0.0,10.0,AGRICOLA,22.458333333333332,0.0,0,6.0,22.458333333333332,4.55,0.028831612930085328
862407062849272,NEW HOLLAND AG,6610S HERENCIA,4WD,S307094M-6308653,AGROCISAGRAL,TALA,JALISCO,762.12,0.0,3,2,1,1,CERRADAFUERA,CERRADA,CERRADA,,,,,,,20.7152525,-103.7640225,0.02,0.02,4,0.2,2.68,21.32,0.0,0.0,0.0,0.0,0.0,0.0,0.0,0.0,0.0,0.0,0.0,0.0,0.0,1.0,0.0,80.0,16.0,61.0,86.0,68.0,83.0,71.0,20.0,2.0,600.0,560.0,765.0,2025-06-10 08:59:00,CERRADA,4999,Preventivo,-40.0,6.666666666666667,202.12,0.0,6.0,AGRICOLA,20.333333333333332,0.0,0,10.0,20.333333333333332,2.68,0.024503098488237788
862407062067115,NEW HOLLAND AG,6610S HERENCIA,4WD,S307099M-6308603,ARBSA,EMPALME,SONORA,947.39,105.99,4,4,0,0,CERRADA,CERRADA,CERRADA,CERRADA,,,,,,28.0342878,-110.9085668,79.44,28.13,8,3.23,8.73,15.27,0.0,0.0,0.0,0.0,0.0,0.0,0.0,0.0,0.0,0.0,0.0,0.0,0.0,0.0,0.0,0.0,0.0,54.0,85.0,42.0,99.0,68.0,61.0,90.0,600.0,560.0,950.0,2025-10-27 16:56:00,CERRADA,70990,Preventivo,-40.0,6.666666666666667,387.39,0.0,10.0,AGRICOLA,20.791666666666668,0.0,1,1.3333333333333335,20.791666666666668,8.73,0.5876505346510027
AGROCISA - S402753M,NEW HOLLAND AG,7610S HERENCIA,2WD,S402753M-8095781,AGROCISAGRAL,TIZAYUCA,HIDALGO,1903.58,40.98,83,4,4,79,CERRADA,CERRADAFUERA,CERRADAFUERA,CERRADAFUERA,CERRADAFUERA,CERRADA,CERRADA,,,19.827484,-98.9656836,22.84,6.16,10,1.26,6.61,17.39,6.0,0.0,0.0,0.0,0.0,0.0,0.0,0.0,0.0,2.0,0.0,102.0,193.0,154.0,142.0,153.0,145.0,116.0,92.0,84.0,80.0,108.0,89.0,106.0,600.0,604.0,1907.0,2025-03-24 13:05:00,CERRADAFUERA,0,Preventivo,4.0,0.6666666666666667,1299.58,4.0,3.0,AGRICOLA,65.5,0.0,0,9.666666666666668,65.5,6.61,0.49562948557256176
DASSA - S402754M,NEW HOLLAND AG,7610S HERENCIA,2WD,S402754M-8095788,DASSA,NAVOLATO,SINALOA,1673.67,24.44,6,4,0,2,CERRADA,CERRADA,CERRADA,CERRADA,PENDIENTE,PENDIENTE,,,,24.8403996,-107.7450963,0.0,0.0,0,0.0,0.0,24.0,5.0,15.0,12.0,6.0,12.0,62.0,40.0,18.0,56.0,26.0,41.0,73.0,61.0,15.0,11.0,16.0,25.0,13.0,87.0,34.0,56.0,48.0,24.0,36.0,600.0,600.0,1673.0,2024-06-30 19:48:00,CERRADA,200,Preventivo,0.0,0.0,1073.67,0.0,6.0,AGRICOLA,33.0,2700.0,0,1.2222222222222223,33.0,0.0,0.29115051103616607
DASSA - S402762M,NEW HOLLAND AG,7610S HERENCIA,2WD,S402762M-8099491,DASSA,AHOME,SINALOA,816.29,13.28,3,2,1,1,CERRADA,CERRADA,CERRADAFUERA,,,,,,,25.9558138,-109.3028623,0.0,0.0,0,0.0,0.0,24.0,16.0,40.0,30.0,33.0,55.0,0.0,0.0,0.0,0.0,43.0,59.0,25.0,20.0,9.0,0.0,3.0,0.0,2.0,0.0,2.0,0.0,32.0,134.0,64.0,600.0,587.0,816.0,2024-05-12 15:07:00,CERRADAFUERA,0,Preventivo,-13.0,2.166666666666667,229.28999999999996,0.0,5.0,AGRICOLA,23.625,0.0,0,13.0,23.625,0.0,0.06562805988357999
865640063376872,NEW HOLLAND AG,7610S HERENCIA,2WD,S402776M-8099726,ARBSA,PEDRO ESCOBEDO,QUERETARO,2068.64,26.22,8,1,6,7,CERRADA,ENPROCESO,CERRADAFUERA,CERRADAFUERA,CERRADAFUERA,CERRADAFUERA,CERRADAFUERA,CERRADAFUERA,,20.5627373,-100.0864581,112.69,9.86,15,0.49,18.52,5.48,78.0,73.0,90.0,89.0,83.0,32.0,48.0,52.0,28.0,82.0,44.0,29.0,71.0,100.0,64.0,160.0,137.0,41.0,194.0,94.0,115.0,201.0,57.0,88.0,600.0,562.0,2069.0,2024-06-02 00:53:00,CERRADAFUERA,0,Preventivo,-38.0,6.333333333333334,1506.6399999999999,0.0,6.0,AGRICOLA,85.41666666666667,0.0,0,3.251851851851852,85.41666666666667,18.52,0.10179388988949939
TEPSA - S402809M,NEW HOLLAND AG,7610S HERENCIA,2WD,S402809M-8102805,TEPSA,CHALCHICOMULA DE SESMA,PUEBLA,983.69,0.05,99,4,0,95,CERRADA,CERRADA,CERRADA,CERRADA,,,,,,19.0701395,-97.425376,19.47,7.87,13,2.89,4.2,19.8,0.0,1.0,0.0,1.0,1.0,6.0,7.0,6.0,8.0,53.0,84.0,44.0,82.0,48.0,159.0,156.0,112.0,52.0,16.0,6.0,12.0,77.0,181.0,109.0,600.0,646.0,983.0,2025-04-22 09:52:00,CERRADA,SF M64,Preventivo,46.0,7.666666666666666,337.69000000000005,46.0,4.0,AGRICOLA,50.875,0.0,0,4.333333333333334,50.875,4.2,0.30217544357186255
ALTENOS - S402831M,NEW HOLLAND AG,7610S HERENCIA,2WD,S402831M-8107799,ALTENOS,ACAPONETA,NAYARIT,1068.13,136.27,4,0,4,4,CERRADAFUERA,CERRADAFUERA,CERRADAFUERA,CERRADAFUERA,,,,,,22.5851786,-105.7610736,117.39,38.76,20,4.97,11.2,12.8,67.0,45.0,21.0,0.0,0.0,1.0,0.0,30.0,14.0,15.0,28.0,36.0,99.0,57.0,46.0,31.0,0.0,0.0,0.0,0.0,26.0,7.0,9.0,45.0,600.0,570.0,1070.0,2024-05-12 15:16:00,CERRADAFUERA,CFD,Preventivo,-30.0,5.0,498.1300000000001,0.0,5.0,AGRICOLA,24.041666666666668,0.0,0,0.0,24.041666666666668,11.2,0.10583545484476228
TEPSA - S402841M,NEW HOLLAND AG,7610S HERENCIA,2WD,S402841M-8103367,TEPSA,SAN ANDRES CHOLULA,PUEBLA,1269.15,12.54,5,4,0,1,CERRADA,CERRADA,CERRADA,CERRADA,PENDIENTE,,,,,19.0123906,-98.311572,1.27,0.05,3,0.09,0.49,23.51,61.0,18.0,18.0,41.0,34.0,45.0,63.0,63.0,26.0,18.0,13.0,11.0,13.0,70.0,51.0,83.0,35.0,6.0,6.0,8.0,14.0,25.0,12.0,1.0,600.0,606.0,1269.0,2024-12-05 22:03:00,CERRADA,SLPT224/0322,Preventivo,6.0,1.0,663.1500000000001,6.0,12.0,AGRICOLA,30.625,1200.0,0,1.1111111111111112,30.625,0.49,0.10834813183369832
ATC - S402842M,NEW HOLLAND AG,7610S HERENCIA,2WD,S402842M-8101770,ATC,CELAYA,GUANAJUATO,600.0,0.62,3,3,0,0,CERRADA,CERRADA,CERRADA,,,,,,,20.5148653,-100.8877693,0.0,0.0,0,0.0,0.0,24.0,0.0,0.0,0.0,0.0,0.0,0.0,0.0,0.0,0.0,0.0,0.0,0.0,0.0,0.0,0.0,0.0,0.0,0.0,0.0,0.0,0.0,0.0,0.0,0.0,600.0,600.0,600.0,2025-05-07 10:15:00,CERRADA,976474,Preventivo,0.0,0.0,0.0,0.0,5.0,AGRICOLA,0.0,0.0,0,0.0,0.0,0.0,0.13556277165131644
ATN - S402843M,NEW HOLLAND AG,7610S HERENCIA,2WD,S402843M-8103369,ATN,VALLE DE SANTIAGO,GUANAJUATO,1128.26,0.0,4,0,4,4,CERRADAFUERA,CERRADAFUERA,CERRADAFUERA,CERRADAFUERA,,,,,,20.4485316,-101.1183676,0.0,0.0,0,0.0,0.0,24.0,19.0,0.0,0.0,0.0,0.0,0.0,0.0,0.0,0.0,0.0,0.0,0.0,0.0,0.0,0.0,0.0,0.0,0.0,0.0,0.0,0.0,0.0,0.0,0.0,600.0,600.0,1128.0,2024-04-06 21:52:00,CERRADAFUERA,,Preventivo,0.0,0.0,528.26,0.0,4.0,AGRICOLA,0.7916666666666666,0.0,0,0.0,0.7916666666666666,0.0,0.13556277165131644
ALTENOS - S402853M,NEW HOLLAND AG,7610S HERENCIA,4WD,S402853M-8101767,ALTENOS,JEREZ,ZACATECAS,925.88,19.63,4,1,3,3,CERRADA,CERRADAFUERA,CERRADAFUERA,CERRADAFUERA,,,,,,22.8934241,-103.0727938,0.0,0.0,0,0.0,0.0,24.0,0.0,6.0,0.0,0.0,0.0,0.0,14.0,0.0,0.0,3.0,0.0,0.0,7.0,0.0,0.0,0.0,11.0,14.0,33.0,3.0,1.0,0.0,1.0,6.0,600.0,571.0,926.0,2024-05-12 10:56:00,CERRADAFUERA,CFD,Preventivo,-29.0,4.833333333333333,354.88,0.0,5.0,AGRICOLA,4.125,0.0,0,13.333333333333334,4.125,0.0,0.09022843176673673
MADISA-R-S402865M-8107882,NEW HOLLAND AG,7610S HERENCIA,2WD,S402865M-8107882,MADISAGRAL,ATENGO,JALISCO,1396.93,20.8,14,2,2,12,CERRADA,CERRADA,CERRADAFUERA,CERRADAFUERA,PENDIENTE,,,,,20.1688641,-99.3776945,0.0,0.0,0,0.0,0.0,24.0,0.0,1.0,9.0,8.0,37.0,34.0,46.0,32.0,22.0,28.0,35.0,18.0,78.0,32.0,102.0,96.0,114.0,67.0,45.0,24.0,51.0,46.0,37.0,38.0,600.0,560.0,1396.0,2025-08-01 14:53:00,CERRADAFUERA,NO APLICA,Preventivo,-40.0,6.666666666666667,836.9300000000001,0.0,8.0,AGRICOLA,41.666666666666664,1200.0,0,76.07407407407409,41.666666666666664,0.0,0.3655647829287975
MADISA-S402887M-866392061520445,NEW HOLLAND AG,7610S HERENCIA,2WD,S402887M-8110216,MADISAGRAL,EL ARENAL,HIDALGO,925.28,215.27,3,2,0,1,,CERRADA,CERRADA,PENDIENTE,,,,,,20.251686,-99.008248,0.0,0.0,0,0.0,0.0,24.0,0.0,20.0,46.0,76.0,81.0,18.0,8.0,17.0,38.0,29.0,10.0,33.0,38.0,49.0,42.0,62.0,60.0,21.0,7.0,25.0,0.0,0.0,0.0,0.0,600.0,560.0,925.0,2025-03-02 10:59:00,CERRADA,4814043,Preventivo,-40.0,6.666666666666667,365.28,0.0,3.0,AGRICOLA,28.333333333333332,900.0,0,1.6666666666666667,28.333333333333332,0.0,0.16120126438143875
TEPSA-S402888M-8110561,NEW HOLLAND AG,7610S HERENCIA,2WD,S402888M,TEPSA,CHALCHICOMULA DE SESMA,PUEBLA,950.46,2.15,4,3,0,1,CERRADA,CERRADA,CERRADA,PENDIENTE,,,,,,19.063899,-97.4345438,51.95,5.68,13,0.75,9.01,14.99,31.0,8.0,26.0,29.0,0.0,1.0,1.0,2.0,0.0,14.0,14.0,17.0,124.0,96.0,50.0,26.0,13.0,17.0,6.0,1.0,2.0,13.0,8.0,23.0,600.0,563.0,952.0,2025-01-31 09:09:00,CERRADA,SF AO23,Preventivo,-37.0,6.166666666666667,387.46000000000004,0.0,1.0,AGRICOLA,21.75,900.0,0,12.0,21.75,9.01,0.11603344859238457
TEPSA - S402892M,NEW HOLLAND AG,7610S HERENCIA,2WD,S402892M-8112802,TEPSA,PALMAR DE BRAVO,PUEBLA,920.67,20.06,4,3,0,1,CERRADA,CERRADA,CERRADA,PENDIENTE,,,,,,18.8587095,-97.5362826,62.25,11.43,8,2.21,5.33,18.67,38.0,6.0,33.0,26.0,45.0,47.0,17.0,41.0,26.0,16.0,29.0,21.0,16.0,12.0,26.0,36.0,18.0,37.0,14.0,7.0,66.0,25.0,37.0,8.0,600.0,560.0,920.0,2025-01-22 14:54:00,CERRADA,SFPT2348/750,Preventivo,-40.0,6.666666666666667,360.66999999999996,0.0,1.0,AGRICOLA,26.958333333333332,900.0,0,0.0,26.958333333333332,5.33,0.12914831274749683
TEPSA - 866392068833395,NEW HOLLAND AG,7610S HERENCIA,2WD,S402909M-8113423,TEPSA,ATOTONILCO EL GRANDE,HIDALGO,2234.21,0.0,6,2,0,4,,,CERRADA,CERRADA,PENDIENTE,PENDIENTE,PENDIENTE,PENDIENTE,,20.3200335,-98.6644211,36.88,2.65,7,1.01,3.53,20.47,0.0,80.0,92.0,98.0,110.0,76.0,85.0,56.0,69.0,66.0,55.0,48.0,79.0,75.0,53.0,58.0,66.0,57.0,33.0,48.0,70.0,60.0,50.0,47.0,600.0,582.0,2235.0,2024-06-18 10:47:00,CERRADA,SF18771/0576,Preventivo,-18.0,3.0,1652.21,0.0,6.0,AGRICOLA,63.791666666666664,6600.0,0,6.777777777777779,63.791666666666664,3.53,0.3245455088315719
TEPSA - S402910M,NEW HOLLAND AG,7610S HERENCIA,2WD,S402910M-8113430,TEPSA,ATLIXCO,PUEBLA,3112.12,281.8,10,2,6,8,,CERRADA,CERRADA,CERRADAFUERA,CERRADAFUERA,CERRADAFUERA,CERRADAFUERA,CERRADAFUERA,CERRADAFUERA,18.8511343,-98.4178715,67.72,27.35,18,4.72,7.98,16.02,0.0,58.0,99.0,77.0,32.0,88.0,114.0,126.0,44.0,82.0,128.0,81.0,113.0,146.0,125.0,69.0,85.0,53.0,106.0,132.0,68.0,80.0,89.0,71.0,600.0,680.0,3115.0,2024-06-08 21:02:00,CERRADA,SF18758/0558,Preventivo,80.0,13.333333333333334,2432.12,80.0,6.0,AGRICOLA,86.08333333333333,0.0,1,3.3611111111111107,86.08333333333333,7.98,0.174550266606584
MADISA-866392068844491,NEW HOLLAND AG,7610S HERENCIA,2WD,S402915M-8113436,MADISAGRAL,HUAMANTLA,TLAXCALA,2709.89,42.71,10,1,5,9,CERRADA,CERRADAFUERA,CERRADAFUERA,CERRADAFUERA,CERRADAFUERA,CERRADAFUERA,PENDIENTE,PENDIENTE,PENDIENTE,19.3700708,-97.9347178,79.66,8.95,8,1.45,6.58,17.42,0.0,0.0,0.0,0.0,1.0,1.0,120.0,116.0,106.0,113.0,76.0,77.0,109.0,98.0,90.0,95.0,115.0,99.0,90.0,103.0,128.0,89.0,116.0,101.0,600.0,781.0,2710.0,2024-05-12 12:32:00,CERRADAFUERA,NO APLICA,Preventivo,181.0,30.166666666666668,1928.8899999999999,181.0,5.0,AGRICOLA,76.79166666666667,6300.0,1,59.0,76.79166666666667,6.58,0.658505536119812
866016064315608,NEW HOLLAND AG,7610S HERENCIA,2WD,S402957M-8122267,TEPSA,TULA DE ALLENDE,HIDALGO,891.43,12.65,4,4,0,0,CERRADA,CERRADA,CERRADA,CERRADA,,,,,,20.0678665,-99.315366,0.0,0.0,0,0.0,0.0,24.0,0.0,0.0,83.0,9.0,43.0,14.0,22.0,46.0,44.0,13.0,2.0,0.0,92.0,92.0,103.0,61.0,37.0,34.0,7.0,5.0,6.0,2.0,18.0,40.0,600.0,560.0,891.0,2025-02-19 14:03:00,CERRADA,SF C18/0908,Preventivo,-40.0,6.666666666666667,331.42999999999995,0.0,2.0,AGRICOLA,32.208333333333336,0.0,0,132.0,32.208333333333336,0.0,0.059020552049429804
862407060152968,NEW HOLLAND AG,7610S HERENCIA,2WD,S402961M-8122279,TEPSA,SAN MARTIN TEXMELUCAN,PUEBLA,716.67,34.29,3,3,0,0,CERRADA,CERRADA,CERRADA,,,,,,,19.2664316,-98.4742633,0.0,0.0,0,0.0,0.0,24.0,0.0,0.0,8.0,25.0,53.0,25.0,57.0,19.0,9.0,19.0,24.0,23.0,20.0,23.0,25.0,18.0,43.0,17.0,16.0,16.0,29.0,18.0,28.0,22.0,600.0,581.0,716.0,2025-08-21 10:44:00,CERRADA,SF 20243,Preventivo,-19.0,3.166666666666667,135.66999999999996,0.0,8.0,AGRICOLA,22.375,0.0,0,63.0,22.375,0.0,0.0689936350762742
862407061475889,NEW HOLLAND AG,7610S HERENCIA,2WD,S402988M-8130047,TEPSA,SANTIAGO MIAHUATLAN,PUEBLA,1341.9,441.6,5,4,0,1,CERRADA,CERRADA,CERRADA,PENDIENTE,CERRADA,,,,,18.5104036,-97.5464236,51.88,34.02,15,4.12,8.36,15.64,0.0,0.0,0.0,0.0,0.0,0.0,42.0,107.0,23.0,124.0,55.0,29.0,62.0,130.0,83.0,57.0,25.0,39.0,52.0,69.0,68.0,22.0,10.0,4.0,600.0,596.0,1345.0,2025-01-02 08:59:00,CERRADA,SMIPT21/634,Preventivo,-4.0,0.6666666666666667,745.9000000000001,0.0,1.0,AGRICOLA,41.708333333333336,900.0,0,1.0,41.708333333333336,8.36,0.3823858106288597
862407061776252,NEW HOLLAND AG,7610S HERENCIA,2WD,S402994M-8131976,ALTENOS,ACAPONETA,NAYARIT,1096.23,0.52,4,3,1,1,CERRADA,CERRADA,CERRADA,CERRADAFUERA,,,,,,22.6804955,-105.8169366,24.56,19.02,20,7.05,4.35,19.65,0.0,0.0,0.0,0.0,0.0,0.0,0.0,19.0,23.0,39.0,104.0,56.0,104.0,74.0,77.0,76.0,59.0,6.0,80.0,8.0,16.0,33.0,61.0,60.0,600.0,607.0,1097.0,2025-03-24 12:41:00,CERRADA,CFD,Preventivo,7.0,1.1666666666666667,489.23,7.0,3.0,AGRICOLA,37.291666666666664,0.0,0,10.5,37.291666666666664,4.35,0.21369270847293753
862407062945187,NEW HOLLAND AG,7610S HERENCIA,2WD,S403006M-8132053,ALTENOS,MEXTICACAN,JALISCO,2115.57,0.0,7,4,2,3,,CERRADA,CERRADA,CERRADA,CERRADAFUERA,CERRADA,CERRADAFUERA,PENDIENTE,,21.394886,-102.7617395,81.66,3.72,15,1.17,6.79,17.21,0.0,0.0,0.0,0.0,0.0,0.0,0.0,0.0,34.0,159.0,47.0,106.0,122.0,93.0,96.0,137.0,168.0,174.0,50.0,36.0,10.0,127.0,39.0,48.0,600.0,560.0,2117.0,2024-12-19 11:17:00,CERRADA,OTS0003344,Preventivo,-40.0,6.666666666666667,1555.5700000000002,0.0,12.0,AGRICOLA,60.25,2100.0,0,63.0,60.25,6.79,0.6052867873833293
862407061736603,NEW HOLLAND AG,7610S HERENCIA,2WD,S403019M-8133164,TEPSA,SANTA ISABEL CHOLULA,PUEBLA,680.34,0.0,3,2,1,1,CERRADAFUERA,CERRADA,CERRADA,,,,,,,18.9383178,-98.3478121,87.47,35.5,15,3.58,10.77,13.23,0.0,0.0,0.0,0.0,0.0,0.0,0.0,0.0,0.0,28.0,3.0,16.0,21.0,25.0,26.0,35.0,58.0,21.0,35.0,23.0,24.0,28.0,20.0,19.0,600.0,560.0,681.0,2025-08-12 21:57:00,CERRADA,SF20397,Preventivo,-40.0,6.666666666666667,120.34000000000003,0.0,8.0,AGRICOLA,15.916666666666666,0.0,0,23.833333333333332,15.916666666666666,10.77,0.09918768604540779
862407062125418,NEW HOLLAND AG,7610S HERENCIA,2WD,S403022M-6302504,TEPSA,ATLIXCO,PUEBLA,1297.13,26.28,14,2,3,12,CERRADAFUERA,CERRADA,CERRADA,CERRADAFUERA,CERRADAFUERA,,,,,18.9504511,-98.4990566,71.31,39.09,22,5.41,10.76,13.24,0.0,0.0,0.0,0.0,0.0,0.0,0.0,0.0,0.0,0.0,0.0,0.0,22.0,93.0,79.0,74.0,147.0,139.0,122.0,31.0,31.0,60.0,95.0,75.0,600.0,676.0,1300.0,2025-11-07 09:20:00,CERRADA,SF20083,Preventivo,76.0,12.666666666666668,621.1300000000001,76.0,11.0,AGRICOLA,40.333333333333336,0.0,0,11.444444444444445,40.333333333333336,10.76,0.28949405140668344
AGROCISA - S507591M,NEW HOLLAND AG,7610S,4WD,S507591M-8089735,AGROCISAGRAL,MAGDALENA,JALISCO,1708.48,54.29,6,1,5,5,CERRADA,CERRADAFUERA,CERRADAFUERA,CERRADAFUERA,CERRADAFUERA,CERRADAFUERA,,,,20.9940033,-104.0762993,0.0,0.0,0,0.0,0.0,24.0,58.0,31.0,49.0,28.0,83.0,32.0,22.0,29.0,36.0,40.0,2.0,66.0,100.0,47.0,45.0,54.0,70.0,57.0,50.0,8.0,0.0,0.0,0.0,0.0,600.0,600.0,1708.0,2024-10-01 08:20:00,CERRADAFUERA,0,Preventivo,0.0,0.0,1108.48,0.0,10.0,AGRICOLA,37.791666666666664,0.0,0,2.666666666666667,37.791666666666664,0.0,0.44126947545828055
MADISA-S507615M,NEW HOLLAND AG,7610S,2WD,S507615M-8088355,MADISAGRAL,IGNACIO DE LA LLAVE,VERACRUZ DE IGNACIO DE LA LLAVE,1028.69,13.38,5,4,1,1,CERRADA,CERRADA,CERRADA,CERRADAFUERA,,,,,,18.6028038,-96.1878145,0.0,0.0,0,0.0,0.0,24.0,36.0,7.0,89.0,79.0,17.0,23.0,5.0,7.0,9.0,3.0,3.0,4.0,5.0,5.0,26.0,153.0,70.0,24.0,29.0,2.0,0.0,0.0,0.0,0.0,600.0,786.0,1028.0,2025-02-25 16:22:00,CERRADA,8508097,Preventivo,186.0,31.0,242.69000000000005,186.0,2.0,AGRICOLA,24.833333333333332,0.0,0,6.166666666666667,24.833333333333332,0.0,0.06503540860558923
ATC - S507642M,NEW HOLLAND AG,7610S HERENCIA,LODERO,S507642M-8088350,ATC,DOLORES HIDALGO CUNA DE LA INDEPENDENCIA NACIONAL,GUANAJUATO,1982.2,43.06,7,0,7,7,CERRADAFUERA,CERRADAFUERA,CERRADAFUERA,CERRADAFUERA,CERRADAFUERA,CERRADAFUERA,CERRADAFUERA,,,21.2383575,-100.7524905,0.0,0.0,0,0.0,0.0,24.0,0.0,0.0,124.0,61.0,81.0,46.0,1.0,122.0,106.0,85.0,48.0,95.0,128.0,133.0,74.0,60.0,57.0,51.0,46.0,13.0,0.0,0.0,0.0,0.0,600.0,560.0,1982.0,2024-04-14 14:26:00,CERRADAFUERA,,Preventivo,-40.0,6.666666666666667,1422.2,0.0,4.0,AGRICOLA,55.458333333333336,0.0,0,0.0,55.458333333333336,0.0,0.6349362198000199
ATC - S507670M,NEW HOLLAND AG,7610S,4WD,S507670M-8089786,ATC,ACAMBARO,GUANAJUATO,1437.56,160.03,5,1,4,4,CERRADA,CERRADAFUERA,CERRADAFUERA,CERRADAFUERA,CERRADAFUERA,,,,,20.0815031,-100.8298386,0.0,0.0,0,0.0,0.0,24.0,0.0,0.0,0.0,38.0,110.0,61.0,52.0,22.0,1.0,27.0,15.0,77.0,74.0,27.0,115.0,50.0,99.0,47.0,1.0,0.0,0.0,0.0,0.0,0.0,600.0,566.0,1437.0,2024-05-18 19:17:00,CERRADAFUERA,,Preventivo,-34.0,5.666666666666666,871.56,0.0,5.0,AGRICOLA,34.0,0.0,0,0.0,34.0,0.0,0.3168788183918402
ATC - S507738M,NEW HOLLAND AG,,,S507738M-8089589,ATC,ROMITA,GUANAJUATO,600.0,0.0,3,3,0,0,CERRADA,CERRADA,CERRADA,,,,,,,20.8935696,-101.4843481,0.0,0.0,0,0.0,0.0,24.0,0.0,0.0,0.0,0.0,0.0,0.0,0.0,0.0,0.0,0.0,0.0,0.0,0.0,0.0,0.0,0.0,0.0,0.0,0.0,0.0,0.0,0.0,0.0,0.0,600.0,600.0,600.0,2025-05-07 08:05:00,CERRADA,952960,Preventivo,0.0,0.0,0.0,0.0,5.0,AGRICOLA,0.0,0.0,0,0.0,0.0,0.0,0.13556277165131644
ARBSA - S507892M,NEW HOLLAND AG,7610S HERENCIA,LODERO,S507892M-8095777,ARBSA,DOLORES HIDALGO CUNA DE LA INDEPENDENCIA NACIONAL,GUANAJUATO,2118.6,123.73,8,0,8,8,CERRADAFUERA,CERRADAFUERA,CERRADAFUERA,CERRADAFUERA,CERRADAFUERA,CERRADAFUERA,CERRADAFUERA,CERRADAFUERA,,21.1420881,-100.818919,0.0,0.0,0,0.0,0.0,24.0,0.0,27.0,74.0,76.0,139.0,83.0,131.0,76.0,93.0,81.0,63.0,80.0,62.0,102.0,113.0,129.0,129.0,151.0,1.0,26.0,0.0,0.0,0.0,0.0,600.0,561.0,2118.0,2024-08-05 17:24:00,CERRADAFUERA,0,Preventivo,-39.0,6.5,1557.6,0.0,8.0,AGRICOLA,68.16666666666667,0.0,0,8.38888888888889,68.16666666666667,0.0,0.39268631632866496
ARBSA - S507894M,NEW HOLLAND AG,7610S HERENCIA,LODERO,S507894M-8095773,ARBSA,SAN MIGUEL DE ALLENDE,GUANAJUATO,1455.7,100.84,5,0,5,5,CERRADAFUERA,CERRADAFUERA,CERRADAFUERA,CERRADAFUERA,CERRADAFUERA,,,,,20.9809406,-100.6559681,0.0,0.0,0,0.0,0.0,24.0,18.0,17.0,24.0,63.0,103.0,60.0,48.0,0.0,58.0,54.0,59.0,58.0,63.0,7.0,52.0,27.0,72.0,34.0,44.0,1.0,0.0,0.0,0.0,0.0,600.0,564.0,1455.0,2024-05-15 06:30:00,CERRADAFUERA,0,Preventivo,-36.0,6.0,891.7,0.0,5.0,AGRICOLA,35.916666666666664,0.0,0,0.8888888888888888,35.916666666666664,0.0,0.4038025497968875
ARBSA - S507895M,NEW HOLLAND AG,7610S HERENCIA,LODERO,S507895M-8095818,ARBSA,CELAYA,GUANAJUATO,2590.85,2.51,9,1,8,8,CERRADAFUERA,CERRADAFUERA,CERRADAFUERA,CERRADAFUERA,CERRADAFUERA,CERRADAFUERA,CERRADA,CERRADAFUERA,CERRADAFUERA,20.5902441,-100.8757271,41.57,5.66,12,1.46,4.86,19.14,111.0,29.0,69.0,84.0,100.0,70.0,121.0,76.0,68.0,79.0,82.0,59.0,91.0,65.0,80.0,125.0,116.0,83.0,87.0,63.0,86.0,35.0,82.0,77.0,600.0,561.0,2591.0,2024-08-04 16:49:00,CERRADAFUERA,0,Preventivo,-39.0,6.5,2029.85,0.0,8.0,AGRICOLA,80.75,0.0,0,4.209722222222222,80.75,4.86,0.135834825515555
ARBSA - S507896M,NEW HOLLAND AG,7610S HERENCIA,LODERO,S507896M-8097130,ARBSA,SAN LUIS DE LA PAZ,GUANAJUATO,2205.41,21.16,51,0,9,51,CERRADAFUERA,CERRADAFUERA,CERRADAFUERA,CERRADAFUERA,CERRADAFUERA,CERRADAFUERA,CERRADAFUERA,CERRADAFUERA,,21.174267,-100.6291251,0.0,0.0,0,0.0,0.0,24.0,1.0,5.0,88.0,92.0,146.0,93.0,101.0,23.0,89.0,111.0,108.0,78.0,89.0,73.0,113.0,86.0,82.0,142.0,83.0,9.0,0.0,0.0,0.0,0.0,600.0,562.0,2205.0,2024-06-23 09:38:00,CERRADAFUERA,0,Preventivo,-38.0,6.333333333333334,1643.4099999999999,0.0,6.0,AGRICOLA,67.16666666666667,0.0,1,7.787037037037037,67.16666666666667,0.0,0.5613717208935123
ARBSA - S507897M,NEW HOLLAND AG,7610S HERENCIA,LODERO,S507897M-8097142,ARBSA,DOLORES HIDALGO CUNA DE LA INDEPENDENCIA NACIONAL,GUANAJUATO,2278.43,7.06,14,0,8,14,CERRADAFUERA,CERRADAFUERA,CERRADAFUERA,CERRADAFUERA,CERRADAFUERA,CERRADAFUERA,CERRADAFUERA,CERRADAFUERA,,21.3205955,-100.861555,0.0,12.51,14,1.91,8.71,15.29,0.0,0.0,61.0,78.0,91.0,41.0,119.0,91.0,109.0,89.0,75.0,66.0,82.0,85.0,125.0,128.0,109.0,122.0,57.0,18.0,15.0,63.0,55.0,76.0,600.0,569.0,2281.0,2024-06-08 20:43:00,CERRADAFUERA,0,Preventivo,-31.0,5.166666666666667,1709.4299999999998,0.0,6.0,AGRICOLA,73.125,0.0,0,186.55555555555554,73.125,8.71,0.37854253860529974
ARBSA - S507898M,NEW HOLLAND AG,7610S HERENCIA,LODERO,S507898M-8097179,ARBSA,SALAMANCA,GUANAJUATO,1853.04,34.14,10,0,7,10,CERRADAFUERA,CERRADAFUERA,CERRADAFUERA,CERRADAFUERA,CERRADAFUERA,CERRADAFUERA,CERRADAFUERA,,,20.6020675,-101.1678343,0.0,0.0,0,0.0,0.0,24.0,58.0,102.0,102.0,2.0,117.0,100.0,116.0,67.0,53.0,52.0,53.0,12.0,65.0,55.0,72.0,58.0,55.0,41.0,27.0,27.0,52.0,47.0,35.0,73.0,600.0,560.0,1853.0,2024-06-19 01:09:00,CERRADAFUERA,0,Preventivo,-40.0,6.666666666666667,1293.04,0.0,6.0,AGRICOLA,60.041666666666664,0.0,0,338.11111111111114,60.041666666666664,0.0,0.4417017764831679
ATN - S507931M,NEW HOLLAND AG,7610S HERENCIA,4WD,S507931M-8094824,ATC,BACALAR,QUINTANA ROO,601.88,77.46,3,3,0,0,CERRADA,CERRADA,CERRADA,,,,,,,18.5964986,-89.2134303,0.0,0.0,0,0.0,0.0,24.0,0.0,0.0,0.0,0.0,0.0,0.0,0.0,0.0,0.0,0.0,0.0,0.0,0.0,0.0,0.0,0.0,0.0,0.0,0.0,0.0,0.0,0.0,0.0,0.0,600.0,600.0,602.0,2025-11-15 09:30:00,CERRADA,839953,Preventivo,0.0,0.0,1.8799999999999955,0.0,11.0,AGRICOLA,0.0,0.0,0,0.0,0.0,0.0,0.13556277165131644
ATC - S507935M,NEW HOLLAND AG,7610S HERENCIA,4WD,S507935M-8097054,ATC,COMONFORT,GUANAJUATO,706.26,13.17,3,0,3,3,CERRADAFUERA,CERRADAFUERA,CERRADAFUERA,,,,,,,20.6873491,-100.802145,0.0,0.0,0,0.0,0.0,24.0,14.0,0.0,13.0,0.0,31.0,0.0,4.0,20.0,11.0,41.0,27.0,14.0,34.0,18.0,29.0,41.0,15.0,18.0,12.0,0.0,0.0,0.0,0.0,0.0,600.0,560.0,706.0,2025-01-22 15:26:00,CERRADAFUERA,,Preventivo,-40.0,6.666666666666667,146.26,0.0,1.0,AGRICOLA,14.25,0.0,0,6.0,14.25,0.0,0.08488450845485945
ATC - S507942M,NEW HOLLAND AG,7610S HERENCIA,4WD,S507942M-809728,ATC,ATARJEA,GUANAJUATO,600.0,0.96,3,3,0,0,CERRADA,CERRADA,CERRADA,,,,,,,21.3825881,-99.7996035,0.0,0.0,0,0.0,0.0,24.0,0.0,0.0,1.0,0.0,0.0,0.0,0.0,0.0,0.0,0.0,0.0,0.0,0.0,0.0,0.0,3.0,0.0,0.0,0.0,0.0,0.0,0.0,0.0,0.0,600.0,600.0,600.0,2025-07-07 07:49:00,CERRADA,935903,Preventivo,0.0,0.0,0.0,0.0,7.0,AGRICOLA,0.16666666666666666,0.0,0,0.0,0.16666666666666666,0.0,0.13556277165131644
ARBSA - S507966M,NEW HOLLAND AG,7610S HERENCIA,LODERO,S507966M-8097225,ARBSA,SILAO DE LA VICTORIA,GUANAJUATO,1036.64,60.44,48,0,4,48,CERRADAFUERA,CERRADAFUERA,CERRADAFUERA,CERRADAFUERA,,,,,,20.8484021,-101.4053965,70.5,10.29,17,1.54,7.07,16.93,0.0,1.0,0.0,0.0,15.0,0.0,0.0,0.0,0.0,0.0,35.0,0.0,109.0,87.0,91.0,65.0,95.0,118.0,61.0,58.0,70.0,45.0,32.0,10.0,600.0,601.0,1036.0,2025-11-07 11:31:00,CERRADAFUERA,0,Preventivo,1.0,0.16666666666666669,435.6400000000001,1.0,11.0,AGRICOLA,37.166666666666664,0.0,0,13.703703703703704,37.166666666666664,7.07,0.4238003829724965
ARBSA - S507969M,NEW HOLLAND AG,7610S HERENCIA,LODERO,S507969M-8097237,ARBSA,SALAMANCA,GUANAJUATO,1564.21,0.0,14,0,6,14,CERRADAFUERA,CERRADAFUERA,CERRADAFUERA,CERRADAFUERA,CERRADAFUERA,CERRADAFUERA,,,,20.60205,-101.1677913,0.0,0.0,0,0.0,0.0,24.0,0.0,0.0,0.0,0.0,27.0,21.0,0.0,87.0,80.0,123.0,64.0,118.0,121.0,60.0,69.0,24.0,143.0,145.0,45.0,0.0,53.0,95.0,46.0,3.0,600.0,660.0,1564.0,2024-05-12 22:10:00,CERRADAFUERA,0,Preventivo,60.0,10.0,904.21,60.0,5.0,AGRICOLA,55.166666666666664,0.0,0,56.833333333333336,55.166666666666664,0.0,0.5811483266389915
ARBSA - S507970M,NEW HOLLAND AG,7610S HERENCIA,LODERO,S507970M-8097247,ARBSA,TIERRA NUEVA,SAN LUIS POTOSI,1654.85,22.59,18,0,6,18,CERRADAFUERA,CERRADAFUERA,CERRADAFUERA,CERRADAFUERA,CERRADAFUERA,CERRADAFUERA,,,,21.4978265,-100.7505241,0.0,0.0,0,0.0,0.0,24.0,42.0,62.0,82.0,55.0,129.0,128.0,117.0,87.0,61.0,101.0,107.0,86.0,88.0,50.0,48.0,0.0,0.0,0.0,0.0,0.0,0.0,0.0,0.0,0.0,600.0,580.0,1654.0,2024-06-14 08:56:00,CERRADAFUERA,0,Preventivo,-20.0,3.3333333333333335,1074.85,0.0,6.0,AGRICOLA,51.791666666666664,0.0,0,279.3263888888889,51.791666666666664,0.0,0.453752170400651
ARBSA - S507971M,NEW HOLLAND AG,7610S HERENCIA,LODERO,S507971M-8097246,ARBSA,SAN JOSE ITURBIDE,GUANAJUATO,1321.27,66.8,24,0,5,24,CERRADAFUERA,CERRADAFUERA,CERRADAFUERA,CERRADAFUERA,CERRADAFUERA,,,,,21.1084928,-100.4526803,106.73,11.68,16,1.41,6.65,17.35,0.0,2.0,0.0,0.0,8.0,1.0,0.0,0.0,0.0,2.0,85.0,87.0,115.0,66.0,75.0,1.0,55.0,103.0,78.0,62.0,89.0,25.0,15.0,69.0,600.0,562.0,1326.0,2025-05-06 22:23:00,CERRADAFUERA,0,Preventivo,-38.0,6.333333333333334,759.27,0.0,5.0,AGRICOLA,39.083333333333336,0.0,0,150.0,39.083333333333336,6.65,0.4314940056231945
ARBSA - S507974M,NEW HOLLAND AG,7610S HERENCIA,LODERO,S507974M-8097234,ARBSA,VILLAGRAN,GUANAJUATO,2183.44,0.19,11,0,8,11,CERRADAFUERA,CERRADAFUERA,CERRADAFUERA,CERRADAFUERA,CERRADAFUERA,CERRADAFUERA,CERRADAFUERA,CERRADAFUERA,,20.544826,-100.9570971,0.03,7.11,10,8.0,0.03,23.97,0.0,0.0,0.0,41.0,88.0,18.0,84.0,60.0,76.0,82.0,99.0,82.0,101.0,74.0,130.0,118.0,86.0,127.0,70.0,77.0,50.0,67.0,75.0,90.0,600.0,576.0,2183.0,2024-04-10 18:50:00,CERRADAFUERA,0,Preventivo,-24.0,4.0,1607.44,0.0,4.0,AGRICOLA,70.625,0.0,1,276.0,70.625,0.03,0.6254497570502207
ARBSA - S507976M,NEW HOLLAND AG,7610S HERENCIA,LODERO,S507976M-8097228,ARBSA,SAN JOSE ITURBIDE,GUANAJUATO,745.02,32.3,67,0,3,67,CERRADAFUERA,CERRADAFUERA,CERRADAFUERA,,,,,,,21.0329293,-100.4029561,0.0,0.0,0,0.0,0.0,24.0,0.0,1.0,3.0,1.0,6.0,0.0,0.0,0.0,0.0,0.0,108.0,47.0,98.0,58.0,96.0,24.0,68.0,62.0,65.0,1.0,18.0,0.0,0.0,0.0,600.0,560.0,746.0,2025-05-06 21:04:00,CERRADAFUERA,0,Preventivo,-40.0,6.666666666666667,185.01999999999998,0.0,5.0,AGRICOLA,27.333333333333332,0.0,0,240.0,27.333333333333332,0.0,0.0714152071571229
ALTENOS - S507982M,NEW HOLLAND AG,7610S HERENCIA,4WD,S507982M-8097243,ALTENOS,SAN JUAN DE LOS LAGOS,JALISCO,1760.02,16.35,7,7,0,0,CERRADA,CERRADA,CERRADA,CERRADA,CERRADA,CERRADA,CERRADA,,,21.0709138,-102.2835903,0.0,0.0,0,0.0,0.0,24.0,15.0,28.0,18.0,18.0,81.0,135.0,72.0,1.0,3.0,91.0,5.0,5.0,11.0,6.0,27.0,31.0,40.0,114.0,74.0,0.0,0.0,60.0,37.0,0.0,600.0,561.0,1760.0,2024-06-02 00:55:00,CERRADA,OTS0001439,Preventivo,-39.0,6.5,1199.02,0.0,6.0,AGRICOLA,36.333333333333336,0.0,0,1.25,36.333333333333336,0.0,0.4311650812868473
ARBSA - S507984M,NEW HOLLAND AG,7610S HERENCIA,LODERO,S507984M-8097236,ARBSA,DOLORES HIDALGO CUNA DE LA INDEPENDENCIA NACIONAL,GUANAJUATO,1223.49,13.89,56,0,5,56,CERRADAFUERA,CERRADAFUERA,CERRADAFUERA,CERRADAFUERA,CERRADAFUERA,,,,,21.1546188,-100.8433286,64.95,15.14,19,3.04,6.74,17.26,0.0,0.0,5.0,0.0,0.0,1.0,4.0,0.0,0.0,0.0,60.0,64.0,101.0,56.0,74.0,20.0,11.0,80.0,71.0,54.0,96.0,78.0,88.0,101.0,600.0,569.0,1223.0,2025-11-07 09:25:00,CERRADAFUERA,0,Preventivo,-31.0,5.166666666666667,654.49,0.0,11.0,AGRICOLA,40.166666666666664,0.0,0,54.59259259259259,40.166666666666664,6.74,0.4791805386454179
ARBSA - S507985M,NEW HOLLAND AG,7610S HERENCIA,LODERO,S507985M-8097221,ARBSA,DOLORES HIDALGO CUNA DE LA INDEPENDENCIA NACIONAL,GUANAJUATO,1745.59,12.26,20,1,5,19,CERRADAFUERA,CERRADAFUERA,CERRADAFUERA,CERRADA,CERRADAFUERA,CERRADAFUERA,,,,21.3224158,-100.8634711,74.2,13.57,18,2.0,7.24,16.76,0.0,0.0,0.0,0.0,1.0,0.0,0.0,0.0,80.0,87.0,102.0,41.0,97.0,86.0,98.0,86.0,128.0,156.0,54.0,52.0,122.0,90.0,42.0,93.0,600.0,561.0,1748.0,2025-01-29 12:53:00,CERRADAFUERA,0,Preventivo,-39.0,6.5,1184.59,0.0,1.0,AGRICOLA,58.958333333333336,0.0,0,61.74074074074074,58.958333333333336,7.24,0.48745359240326486
ARBSA - S507986M,NEW HOLLAND AG,7610S HERENCIA,LODERO,S507986M-8097244,ARBSA,DOLORES HIDALGO CUNA DE LA INDEPENDENCIA NACIONAL,GUANAJUATO,2388.77,78.34,13,0,9,13,CERRADAFUERA,CERRADAFUERA,CERRADAFUERA,CERRADAFUERA,CERRADAFUERA,CERRADAFUERA,CERRADAFUERA,CERRADAFUERA,CERRADAFUERA,21.320385,-100.8623275,86.1,13.92,21,1.79,10.12,13.88,0.0,0.0,0.0,51.0,131.0,108.0,83.0,98.0,91.0,87.0,97.0,83.0,93.0,84.0,114.0,117.0,111.0,85.0,70.0,70.0,68.0,48.0,87.0,58.0,600.0,800.0,2390.0,2024-04-10 19:01:00,CERRADAFUERA,0,Preventivo,200.0,33.33333333333333,1588.77,200.0,4.0,AGRICOLA,76.41666666666667,0.0,1,472.0,76.41666666666667,10.12,0.6406901113748514
ARBSA - S507987M,NEW HOLLAND AG,7610S HERENCIA,2WD,S507987M-8097233,ARBSA,SILAO DE LA VICTORIA,GUANAJUATO,2067.91,52.55,17,0,8,17,CERRADAFUERA,CERRADAFUERA,CERRADAFUERA,CERRADAFUERA,CERRADAFUERA,CERRADAFUERA,CERRADAFUERA,CERRADAFUERA,,20.84842,-101.4054578,93.91,16.53,22,2.23,7.65,16.35,0.0,0.0,0.0,0.0,28.0,12.0,73.0,72.0,116.0,110.0,93.0,67.0,89.0,87.0,59.0,135.0,116.0,122.0,69.0,55.0,132.0,54.0,72.0,75.0,600.0,733.0,2067.0,2024-05-12 10:09:00,CERRADAFUERA,0,Preventivo,133.0,22.166666666666668,1334.9099999999999,133.0,5.0,AGRICOLA,68.16666666666667,0.0,0,64.33333333333333,68.16666666666667,7.65,0.40797864211819557
ARBSA - S507988M,NEW HOLLAND AG,7610S HERENCIA,LODERO,S507988M-8097227,ARBSA,VILLAGRAN,GUANAJUATO,790.82,2.71,13,0,3,13,CERRADAFUERA,CERRADAFUERA,CERRADAFUERA,,,,,,,20.5413688,-100.9513498,258.82,25.63,7,0.0,0.0,24.0,0.0,0.0,0.0,0.0,3.0,1.0,5.0,0.0,0.0,0.0,77.0,80.0,103.0,71.0,71.0,13.0,7.0,186.0,210.0,154.0,260.0,304.0,226.0,134.0,600.0,578.0,791.0,2025-11-07 09:34:00,CERRADAFUERA,0,Preventivo,-22.0,3.6666666666666665,212.82000000000005,0.0,11.0,AGRICOLA,79.375,0.0,0,76.66666666666667,79.375,0.0,0.2965959440314663
ARBSA - S507989M,NEW HOLLAND AG,7610S HERENCIA,LODERO,S507989M-8097235,ARBSA,SAN JOSE ITURBIDE,GUANAJUATO,993.53,30.76,42,0,4,42,CERRADAFUERA,CERRADAFUERA,CERRADAFUERA,CERRADAFUERA,,,,,,21.1081881,-100.4514176,104.62,17.31,17,2.1,8.35,15.65,0.0,0.0,0.0,0.0,4.0,0.0,0.0,0.0,0.0,0.0,0.0,0.0,7.0,84.0,93.0,7.0,1.0,85.0,87.0,68.0,117.0,89.0,66.0,53.0,600.0,560.0,999.0,2025-09-15 07:57:00,CERRADAFUERA,0,Preventivo,-40.0,6.666666666666667,433.53,0.0,9.0,AGRICOLA,31.708333333333332,0.0,0,16.222222222222225,31.708333333333332,8.35,0.030609057307696908
ARBSA - S507990M,NEW HOLLAND AG,7610S HERENCIA,LODERO,S507990M-8097238,ARBSA,SALAMANCA,GUANAJUATO,1612.39,0.94,11,0,6,11,CERRADAFUERA,CERRADAFUERA,CERRADAFUERA,CERRADAFUERA,CERRADAFUERA,CERRADAFUERA,,,,20.637172,-101.2641428,1.67,32.41,19,8.08,0.61,23.39,0.0,0.0,0.0,0.0,0.0,2.0,0.0,0.0,0.0,0.0,0.0,0.0,1.0,5.0,78.0,126.0,78.0,91.0,61.0,56.0,82.0,101.0,61.0,26.0,600.0,600.0,1612.0,2025-11-07 09:34:00,CERRADAFUERA,0,Preventivo,0.0,0.0,1012.3900000000001,0.0,11.0,AGRICOLA,32.0,0.0,0,48.27777777777778,32.0,0.61,0.045833702071657864
ALTENOS - S508002M,NEW HOLLAND AG,7610S HERENCIA,4WD,S508002M-8095789,ALTENOS,SAN JUAN DE LOS LAGOS,JALISCO,768.97,90.58,3,3,0,0,CERRADA,CERRADA,CERRADA,,,,,,,21.1336765,-102.2879656,0.0,0.0,0,0.0,0.0,24.0,5.0,5.0,28.0,30.0,9.0,11.0,0.0,0.0,0.0,8.0,33.0,22.0,16.0,0.0,32.0,16.0,58.0,3.0,0.0,0.0,0.0,55.0,31.0,15.0,600.0,573.0,768.0,2025-05-27 15:02:00,CERRADA,OTS0003487,Preventivo,-27.0,4.5,195.97000000000003,0.0,5.0,AGRICOLA,15.708333333333334,0.0,0,0.0,15.708333333333334,0.0,0.13556277165131644
ALTENOS - S508045M,NEW HOLLAND AG,7610S HERENCIA,4WD,S508045M-8099770,ALTENOS,SAN JUAN DE LOS LAGOS,JALISCO,805.72,64.48,7,0,3,7,CERRADAFUERA,CERRADAFUERA,CERRADAFUERA,,,,,,,21.4367198,-102.3424078,0.0,0.0,0,0.0,0.0,24.0,0.0,0.0,0.0,43.0,7.0,34.0,46.0,0.0,9.0,166.0,0.0,0.0,0.0,10.0,6.0,9.0,24.0,57.0,25.0,1.0,8.0,116.0,11.0,8.0,600.0,577.0,805.0,2025-08-21 10:53:00,CERRADAFUERA,CFD,Preventivo,-23.0,3.833333333333333,228.72000000000003,0.0,8.0,AGRICOLA,24.166666666666668,0.0,0,20.333333333333332,24.166666666666668,0.0,0.07598568718433336
ARBSA - S508094M,NEW HOLLAND AG,7610S HERENCIA,4WD,S508094M-8101281,ARBSA,CABORCA,SONORA,929.83,43.36,4,4,0,0,CERRADA,CERRADA,CERRADA,CERRADA,,,,,,30.6718298,-112.150345,0.15,0.09,10,4.03,1.53,22.47,66.0,5.0,3.0,6.0,65.0,52.0,53.0,20.0,16.0,21.0,20.0,5.0,18.0,0.0,38.0,24.0,12.0,62.0,13.0,0.0,8.0,26.0,49.0,7.0,600.0,592.0,929.0,2024-05-12 10:13:00,CERRADA,102913,Preventivo,-8.0,1.3333333333333335,337.83000000000004,0.0,5.0,AGRICOLA,24.541666666666668,0.0,0,13.333333333333334,24.541666666666668,1.53,0.027327605111031432
ARBSA - S508095M,NEW HOLLAND AG,7610S HERENCIA,4WD,S508095M-8099857,ARBSA,CIUDAD OBREGON,SONORA,2641.78,33.8,8,6,2,2,CERRADA,CERRADA,CERRADA,CERRADA,CERRADA,,CERRADA,CERRADAFUERA,CERRADAFUERA,27.2332398,-109.8782033,0.0,0.0,0,0.0,0.0,24.0,126.0,34.0,64.0,113.0,70.0,90.0,140.0,137.0,120.0,97.0,96.0,69.0,97.0,97.0,103.0,81.0,81.0,26.0,0.0,0.0,0.0,0.0,0.0,0.0,600.0,600.0,2644.0,2024-05-01 17:12:00,CERRADA,67927,Preventivo,0.0,0.0,2041.7800000000002,0.0,5.0,AGRICOLA,68.375,0.0,0,0.33333333333333337,68.375,0.0,0.4110090202648842
ALTENOS - S508102M,NEW HOLLAND AG,7610S HERENCIA,4WD,S508102M-8105350,ALTENOS,SAN JUAN DE LOS LAGOS,JALISCO,658.27,36.59,3,3,0,0,CERRADA,CERRADA,CERRADA,,,,,,,21.1475676,-102.4477168,0.0,0.0,0,0.0,0.0,24.0,40.0,9.0,11.0,23.0,19.0,54.0,10.0,12.0,1.0,0.0,0.0,13.0,61.0,20.0,1.0,2.0,17.0,14.0,13.0,1.0,0.0,5.0,1.0,0.0,600.0,560.0,658.0,2025-03-02 09:58:00,CERRADA,OTS0003879,Preventivo,-40.0,6.666666666666667,98.26999999999998,0.0,3.0,AGRICOLA,13.625,0.0,0,0.0,13.625,0.0,0.13556277165131644
865640063344839,NEW HOLLAND AG,7610S HERENCIA,4WD,S508113M-8105342,ALTENOS,SAN JUAN DE LOS LAGOS,JALISCO,634.8,36.29,3,0,3,3,CERRADAFUERA,CERRADAFUERA,CERRADAFUERA,,,,,,,21.3636091,-102.3533251,0.0,0.0,3,0.0,0.0,24.0,0.0,27.0,35.0,2.0,21.0,27.0,3.0,31.0,44.0,43.0,15.0,13.0,11.0,35.0,89.0,4.0,61.0,50.0,24.0,17.0,3.0,21.0,28.0,16.0,600.0,560.0,634.0,2025-02-10 15:59:00,CERRADAFUERA,CFD,Preventivo,-40.0,6.666666666666667,74.79999999999995,0.0,2.0,AGRICOLA,25.833333333333332,0.0,0,11.333333333333332,25.833333333333332,0.0,0.05912054354210951
860092059763223,NEW HOLLAND AG,7610S HERENCIA,4WD,S508119M-8105378,ATN,SALVATIERRA,GUANAJUATO,1276.74,75.69,5,3,1,2,CERRADA,CERRADA,CERRADA,CERRADAFUERA,PENDIENTE,,,,,20.219731,-100.9210976,0.0,0.0,0,0.0,0.0,24.0,82.0,9.0,0.0,0.0,0.0,15.0,0.0,0.0,0.0,0.0,0.0,0.0,0.0,0.0,0.0,0.0,0.0,0.0,0.0,0.0,0.0,0.0,0.0,0.0,600.0,600.0,1276.0,2024-05-30 12:01:00,CERRADA,981482,Preventivo,0.0,0.0,676.74,0.0,5.0,AGRICOLA,4.416666666666667,1200.0,0,11.0,4.416666666666667,0.0,0.08087583101613022
ARBSA - S508151M,NEW HOLLAND AG,7610S HERENCIA,4WD,S508151M-8105966,ARBSA,SAN LUIS RIO COLORADO,SONORA,645.87,4.01,11,1,2,10,CERRADA,CERRADAFUERA,CERRADAFUERA,,,,,,,32.6243135,-114.9432568,0.0,0.0,0,0.0,0.0,24.0,0.0,0.0,0.0,78.0,34.0,4.0,44.0,24.0,8.0,9.0,18.0,21.0,39.0,15.0,32.0,3.0,25.0,27.0,54.0,24.0,19.0,26.0,9.0,34.0,600.0,560.0,645.0,2025-09-25 08:58:00,CERRADAFUERA,0,Preventivo,-40.0,6.666666666666667,85.87,0.0,9.0,AGRICOLA,22.791666666666668,0.0,0,91.66666666666667,22.791666666666668,0.0,0.06844509975174806
AGROCISA - S508158M,NEW HOLLAND AG,7610S HERENCIA,4WD,S508158M-8104586,AGROCISAGRAL,ZACAPU,MICHOACAN DE OCAMPO,672.84,3.87,3,2,1,1,CERRADA,CERRADA,CERRADAFUERA,,,,,,,19.7823298,-101.7021076,0.0,0.0,0,0.0,0.0,24.0,14.0,28.0,26.0,47.0,40.0,10.0,0.0,2.0,1.0,0.0,11.0,0.0,44.0,72.0,34.0,41.0,16.0,27.0,16.0,1.0,0.0,3.0,1.0,0.0,600.0,560.0,672.0,2025-04-22 09:46:00,CERRADAFUERA,0,Preventivo,-40.0,6.666666666666667,112.84000000000003,0.0,4.0,AGRICOLA,18.083333333333332,0.0,0,12.666666666666668,18.083333333333332,0.0,0.09332310205041255
ALTENOS - S508166M,NEW HOLLAND AG,7610S HERENCIA,4WD,S508166M-8104690,ALTENOS,EL LLANO,AGUASCALIENTES,887.28,49.13,3,0,3,3,CERRADAFUERA,CERRADAFUERA,CERRADAFUERA,,,,,,,21.8233755,-102.0334053,0.0,0.0,0,0.0,0.0,24.0,83.0,80.0,80.0,64.0,66.0,78.0,61.0,23.0,0.0,0.0,0.0,0.0,0.0,0.0,0.0,0.0,0.0,0.0,0.0,0.0,0.0,0.0,0.0,0.0,600.0,565.0,887.0,2024-04-30 12:22:00,CERRADAFUERA,CFD,Preventivo,-35.0,5.833333333333333,322.28,0.0,4.0,AGRICOLA,22.291666666666668,0.0,0,13.0,22.291666666666668,0.0,0.06562805988357999
AGROCISA - S508171M-8107460,NEW HOLLAND AG,7610S HERENCIA,4WD,S508171M-8107460,AGROCISAGRAL,SAN IGNACIO CERRO GORDO,JALISCO,1055.51,18.69,4,2,2,2,CERRADA,CERRADA,CERRADAFUERA,CERRADAFUERA,,,,,,20.7774036,-102.5091031,0.0,0.0,0,0.0,0.0,24.0,45.0,26.0,38.0,38.0,35.0,9.0,8.0,100.0,11.0,4.0,7.0,1.0,38.0,30.0,38.0,45.0,48.0,0.0,0.0,0.0,0.0,0.0,0.0,0.0,600.0,560.0,1058.0,2024-07-03 14:30:00,CERRADAFUERA,0,Preventivo,-40.0,6.666666666666667,495.51,0.0,7.0,AGRICOLA,21.708333333333332,0.0,0,2.666666666666667,21.708333333333332,0.0,0.17816902467037798
ARAMBULA - S508194M,NEW HOLLAND AG,7610S HERENCIA,4WD,S508194M-8104533,ARAMBULA,COMONDU,BAJA CALIFORNIA SUR,1839.43,115.09,12,6,0,6,CERRADA,CERRADA,CERRADA,CERRADA,PENDIENTE,PENDIENTE,PENDIENTE,,,24.983949,-111.7079491,150.2,15.56,10,0.0,0.0,24.0,,,,,,,,,,,,,75.0,64.0,57.0,99.0,56.0,118.0,52.0,121.0,285.0,234.0,190.0,91.0,600.0,745.0,1841.0,2024-04-10 19:53:00,CERRADA,5886,Preventivo,145.0,24.166666666666668,1094.43,145.0,4.0,AGRICOLA,120.16666666666667,4500.0,1,9.666666666666666,120.16666666666667,0.0,0.2551479720117362
ATC - S508216M,NEW HOLLAND AG,7610S HERENCIA,4WD,S508216M-8105167,ATN,MOROLEON,GUANAJUATO,1680.6,1448.88,7,2,3,5,CERRADA,CERRADA,CERRADAFUERA,CERRADAFUERA,CERRADAFUERA,PENDIENTE,PORVENCER,,,20.1859858,-101.2540995,0.0,0.0,0,0.0,0.0,24.0,76.0,0.0,0.0,0.0,0.0,0.0,0.0,0.0,0.0,0.0,0.0,0.0,0.0,0.0,0.0,0.0,0.0,0.0,0.0,0.0,0.0,0.0,0.0,0.0,600.0,600.0,1787.0,2024-12-27 12:04:00,CERRADAFUERA,,Preventivo,0.0,0.0,1080.6,0.0,12.0,AGRICOLA,3.1666666666666665,3300.0,0,13.333333333333334,3.1666666666666665,0.0,0.09022843176673673
MADISA- S508225M-866392061592980,NEW HOLLAND AG,7610S HERENCIA,4WD,S508225M-8104598,MADISAGRAL,SAN NICOLAS BUENOS AIRES,PUEBLA,915.37,2.58,4,3,0,1,CERRADA,CERRADA,CERRADA,PENDIENTE,,,,,,19.2777453,-97.5385781,88.08,13.11,21,1.96,7.77,16.23,5.0,76.0,31.0,6.0,12.0,3.0,50.0,15.0,34.0,5.0,4.0,0.0,48.0,62.0,37.0,39.0,43.0,8.0,23.0,27.0,16.0,8.0,0.0,5.0,600.0,560.0,918.0,2025-01-23 07:22:00,CERRADA,8508829,Preventivo,-40.0,6.666666666666667,355.37,0.0,1.0,AGRICOLA,23.208333333333332,900.0,0,7.666666666666666,23.208333333333332,7.77,0.031746859003940184
AGROCISA - S508234M,NEW HOLLAND AG,7610S HERENCIA,4WD,S508234M-8103161,AGROCISAGRAL,ROMITA,GUANAJUATO,706.56,43.47,3,0,3,3,CERRADAFUERA,CERRADAFUERA,CERRADAFUERA,,,,,,,20.9369233,-101.5400226,0.0,0.0,0,0.0,0.0,24.0,0.0,0.0,1.0,0.0,40.0,49.0,33.0,6.0,9.0,0.0,29.0,34.0,0.0,2.0,24.0,0.0,37.0,26.0,17.0,12.0,19.0,32.0,7.0,13.0,600.0,562.0,706.0,2025-07-23 13:19:00,CERRADAFUERA,0,Preventivo,-38.0,6.333333333333334,144.55999999999995,0.0,7.0,AGRICOLA,16.25,0.0,0,12.666666666666668,16.25,0.0,0.09986544392400604
ALTENOS - S508236M,NEW HOLLAND AG,7610S HERENCIA,4WD,S508236M-8103399,ALTENOS,SAN FRANCISCO DEL RINCON,GUANAJUATO,678.85,0.0,3,2,1,1,CERRADA,CERRADA,CERRADAFUERA,,,,,,,21.0298706,-101.9483915,0.0,0.0,0,0.0,0.0,24.0,12.0,4.0,16.0,3.0,27.0,28.0,13.0,9.0,13.0,10.0,9.0,7.0,0.0,1.0,55.0,18.0,80.0,30.0,13.0,4.0,8.0,32.0,0.0,2.0,600.0,585.0,678.0,2025-11-07 10:38:00,CERRADAFUERA,CFD,Preventivo,-15.0,2.5,93.85000000000002,0.0,11.0,AGRICOLA,16.416666666666668,0.0,0,9.666666666666666,16.416666666666668,0.0,0.08341998955009558
ARBSA - S508248M,NEW HOLLAND AG,7610S HERENCIA,4WD,S508248M-8102810,ARBSA,PEDRO ESCOBEDO,QUERETARO,1243.09,149.48,6,5,0,1,CERRADA,CERRADA,CERRADA,CERRADA,PENDIENTE,,,,,20.4327216,-100.0919153,0.0,0.0,0,0.0,0.0,24.0,63.0,57.0,20.0,23.0,11.0,0.0,4.0,14.0,8.0,26.0,23.0,61.0,72.0,64.0,9.0,8.0,3.0,2.0,3.0,6.0,26.0,41.0,52.0,60.0,600.0,637.0,1244.0,2024-06-21 11:42:00,CERRADA,0,Correctivo,37.0,6.166666666666667,606.0899999999999,37.0,6.0,AGRICOLA,27.333333333333332,1200.0,0,4.666666666666667,27.333333333333332,0.0,0.06503540860558923
TRACTIESA - S508250M,NEW HOLLAND AG,7610S HERENCIA,4WD,S508250M-8103163,TRACTIESA,MARAVATIO,MICHOACAN DE OCAMPO,1088.27,291.84,4,0,2,4,PENDIENTE,CERRADAFUERA,CERRADAFUERA,PENDIENTE,,,,,,19.8844313,-100.3588715,10.22,1.61,11,2.11,0.8,23.2,10.0,65.0,55.0,65.0,9.0,0.0,12.0,2.0,1.0,23.0,6.0,7.0,94.0,66.0,53.0,33.0,6.0,4.0,1.0,12.0,7.0,15.0,7.0,8.0,600.0,564.0,1090.0,2024-09-06 10:31:00,CERRADAFUERA,CERRADA POR FUERA,Preventivo,-36.0,6.0,524.27,0.0,9.0,AGRICOLA,23.375,950.0,0,8.333333333333332,23.375,0.8,0.03073075578177144
ATC - S508294M,NEW HOLLAND AG,7610S HERENCIA,4WD,S508294M-8103401,ATN,HUICHAPAN,HIDALGO,1235.71,593.81,4,4,0,0,CERRADA,CERRADA,CERRADA,CERRADA,,,,,,20.339283000000002,-99.7276941,0.0,0.0,0,0.0,0.0,24.0,111.0,6.0,0.0,0.0,0.0,0.0,0.0,0.0,0.0,0.0,0.0,0.0,0.0,0.0,0.0,0.0,0.0,0.0,0.0,0.0,0.0,0.0,0.0,0.0,600.0,600.0,1235.0,2024-06-01 14:18:00,CERRADA,902050,Preventivo,0.0,0.0,635.71,0.0,6.0,AGRICOLA,4.875,0.0,0,4.333333333333334,4.875,0.0,0.08488450845485945
ARBSA - S508309M,NEW HOLLAND AG,,4WD,S508309M-8101857,ARBSA,EZEQUIEL MONTES,QUERETARO,1581.33,16.51,4,2,2,2,CERRADA,CERRADA,CERRADAFUERA,CERRADAFUERA,,,,,,20.6190353,-99.9256543,0.0,1.24,8,0.09,18.63,5.37,73.0,59.0,38.0,42.0,57.0,36.0,27.0,54.0,50.0,84.0,47.0,17.0,33.0,41.0,45.0,53.0,60.0,30.0,22.0,32.0,77.0,64.0,80.0,85.0,600.0,564.0,1581.0,2024-10-05 21:35:00,CERRADAFUERA,0,Preventivo,-36.0,6.0,1017.3299999999999,0.0,10.0,AGRICOLA,50.25,0.0,0,61.111111111111114,50.25,18.63,0.36625646264977374
ENAGRI - S508311M,NEW HOLLAND AG,7610S,4WD,S508311M-8099763,ENAGRI,CONCORDIA,SINALOA,961.94,2.49,4,3,0,1,CERRADA,CERRADA,CERRADA,PENDIENTE,,,,,,22.8897506,-105.9764465,8.28,3.74,10,4.53,2.52,21.48,31.0,30.0,16.0,10.0,18.0,6.0,47.0,27.0,51.0,8.0,40.0,18.0,52.0,18.0,35.0,33.0,6.0,6.0,12.0,28.0,4.0,1.0,7.0,21.0,600.0,583.0,962.0,2024-05-12 15:26:00,CERRADA,ER12035,Preventivo,-17.0,2.833333333333333,378.94000000000005,0.0,5.0,AGRICOLA,21.875,900.0,0,13.333333333333334,21.875,2.52,0.028322777142371636
AGROCISA - S508341M,NEW HOLLAND AG,7610S HERENCIA,4WD,S508341M-8107441,AGROCISAGRAL,SAN JUAN DE LOS LAGOS,JALISCO,1170.83,15.03,5,0,4,5,CERRADAFUERA,CERRADAFUERA,CERRADAFUERA,CERRADAFUERA,PORVENCER,,,,,21.2881948,-102.1810338,0.0,0.0,0,0.0,0.0,24.0,4.0,0.0,49.0,8.0,27.0,85.0,18.0,30.0,2.0,12.0,22.0,5.0,21.0,4.0,20.0,15.0,101.0,83.0,18.0,0.0,4.0,50.0,24.0,24.0,600.0,574.0,1170.0,2024-06-08 20:58:00,CERRADAFUERA,0,Preventivo,-26.0,4.333333333333334,596.8299999999999,0.0,6.0,AGRICOLA,26.083333333333332,1200.0,0,1.0,26.083333333333332,0.0,0.17619846663440497
TEPSA - S508350M,NEW HOLLAND AG,7610S HERENCIA,4WD,S508350M-8107477,TEPSA,CHALCHICOMULA DE SESMA,PUEBLA,822.93,1.03,3,3,0,0,CERRADA,CERRADA,CERRADA,,,,,,,18.9026273,-97.3181903,0.0,0.0,0,0.0,0.0,24.0,27.0,0.0,13.0,13.0,14.0,45.0,25.0,8.0,8.0,18.0,20.0,41.0,40.0,10.0,17.0,13.0,28.0,41.0,42.0,0.0,9.0,30.0,12.0,3.0,600.0,600.0,822.0,2025-03-24 15:11:00,CERRADA,SFPT2134/726,Preventivo,0.0,0.0,222.92999999999995,0.0,3.0,AGRICOLA,19.875,0.0,0,0.0,19.875,0.0,0.17128746296063105
ARBSA - S508360M,NEW HOLLAND AG,7610S HERENCIA,4WD,S508360M-8107496,ARBSA,CIUDAD OBREGON,SONORA,1010.23,12.22,4,3,0,1,CERRADA,CERRADA,CERRADA,PENDIENTE,,,,,,27.2653208,-109.9477568,49.99,30.91,26,7.48,4.26,19.74,0.0,27.0,17.0,34.0,30.0,21.0,28.0,21.0,33.0,25.0,0.0,14.0,19.0,30.0,45.0,30.0,2.0,36.0,7.0,14.0,17.0,0.0,75.0,33.0,600.0,611.0,1010.0,2024-04-10 19:39:00,CERRADA,69420,Preventivo,11.0,1.8333333333333333,399.23,11.0,4.0,AGRICOLA,23.25,900.0,0,53.666666666666664,23.25,4.26,0.04477537844268021
ARBSA - S508361M,NEW HOLLAND AG,7610S HERENCIA,4WD,S508361M-8105963,ARBSA,CAJEME,SONORA,1682.37,13.48,37,6,0,31,CERRADA,CERRADA,CERRADA,CERRADA,CERRADA,CERRADA,,,,27.7237458,-109.9042513,75.73,36.29,23,4.69,10.04,13.96,0.0,1.0,0.0,1.0,0.0,0.0,62.0,61.0,48.0,96.0,52.0,86.0,132.0,100.0,112.0,120.0,132.0,106.0,68.0,46.0,67.0,81.0,100.0,72.0,600.0,577.0,1683.0,2024-05-12 10:13:00,CERRADA,69610,Preventivo,-23.0,3.833333333333333,1105.37,0.0,5.0,AGRICOLA,64.29166666666667,0.0,1,10.333333333333334,64.29166666666667,10.04,0.6722704500594618
AGROCISA - S508364M,NEW HOLLAND AG,7610S HERENCIA,LODERO,S508364M-8107451,AGROCISAGRAL,IRAPUATO,GUANAJUATO,981.62,69.92,3,3,0,0,,CERRADA,CERRADA,CERRADA,,,,,,20.5221271,-101.4105901,0.0,0.0,0,0.0,0.0,24.0,103.0,66.0,51.0,18.0,36.0,53.0,42.0,49.0,67.0,28.0,3.0,29.0,53.0,51.0,0.0,0.0,0.0,0.0,0.0,0.0,0.0,0.0,0.0,0.0,600.0,560.0,981.0,2024-06-24 06:52:00,CERRADA,6700,Preventivo,-40.0,6.666666666666667,421.62,0.0,6.0,AGRICOLA,27.041666666666668,0.0,0,82.33333333333334,27.041666666666668,0.0,0.0689936350762742
ATC - S508367M-8107501,NEW HOLLAND AG,7610S HERENCIA,LODERO,S508367M-8107501,ATC,CUAPIAXTLA,TLAXCALA,2290.0,34.22,7,0,6,7,,CERRADAFUERA,CERRADAFUERA,CERRADAFUERA,CERRADAFUERA,CERRADAFUERA,CERRADAFUERA,PENDIENTE,,19.3411686,-97.7209356,58.89,22.23,15,4.36,5.8,18.2,0.0,2.0,5.0,90.0,51.0,96.0,94.0,90.0,61.0,83.0,42.0,34.0,114.0,116.0,69.0,99.0,95.0,72.0,49.0,63.0,11.0,70.0,46.0,61.0,600.0,600.0,2294.0,2024-06-08 21:44:00,CERRADAFUERA,,Preventivo,0.0,0.0,1690.0,0.0,6.0,AGRICOLA,63.041666666666664,2100.0,0,0.0,63.041666666666664,5.8,0.48557750617204837
ATC - S508369M,NEW HOLLAND AG,7610S HERENCIA,4WD,S508369M-8107524,ATC,ACAMBARO,GUANAJUATO,1532.16,231.93,6,3,2,3,CERRADA,CERRADA,CERRADA,CERRADAFUERA,CERRADAFUERA,PENDIENTE,,,,20.055932,-100.8162155,9.99,0.74,14,1.23,2.62,21.38,57.0,35.0,51.0,58.0,51.0,42.0,17.0,12.0,10.0,56.0,62.0,25.0,55.0,55.0,62.0,86.0,58.0,51.0,14.0,15.0,9.0,31.0,52.0,50.0,600.0,600.0,1532.0,2024-06-30 20:40:00,CERRADA,948126,Preventivo,0.0,0.0,932.1600000000001,0.0,6.0,AGRICOLA,42.25,1500.0,0,13.333333333333334,42.25,2.62,0.27531895136387424
DASSA - S508370M,NEW HOLLAND AG,7610S HERENCIA,4WD,S508370M-8107452,DASSA,EL FUERTE,SINALOA,1452.16,5.34,5,3,0,2,CERRADA,CERRADA,CERRADA,PENDIENTE,PENDIENTE,,,,,26.3999715,-108.647342,0.0,0.0,0,0.0,0.0,24.0,22.0,108.0,18.0,1.0,10.0,58.0,22.0,76.0,56.0,41.0,45.0,24.0,55.0,48.0,114.0,2.0,0.0,1.0,0.0,0.0,62.0,42.0,16.0,10.0,600.0,600.0,1452.0,2024-06-25 17:42:00,CERRADA,33,Preventivo,0.0,0.0,852.1600000000001,0.0,6.0,AGRICOLA,34.625,2100.0,0,1.6666666666666667,34.625,0.0,0.4082206214955587
TEPSA - S508385M,NEW HOLLAND AG,7610S HERENCIA,4WD,S508385M-8107792,TEPSA,ACULTZINGO,VERACRUZ DE IGNACIO DE LA LLAVE,1076.46,92.36,53,4,0,49,CERRADA,CERRADA,CERRADA,CERRADA,,,,,,18.7500395,-97.3316941,76.83,18.33,16,2.37,8.69,15.31,1.0,8.0,34.0,127.0,58.0,22.0,1.0,1.0,5.0,1.0,8.0,16.0,76.0,46.0,54.0,74.0,129.0,34.0,24.0,24.0,0.0,0.0,20.0,29.0,600.0,629.0,1077.0,2025-04-23 09:05:00,CERRADA,SFPT2216,Preventivo,29.0,4.833333333333333,447.46000000000004,29.0,4.0,AGRICOLA,33.0,0.0,0,0.0,33.0,8.69,0.2724692887568461
AGROCISA - S508393M,NEW HOLLAND AG,7610S HERENCIA,4WD,S508393M-8107809,TEPSA,PENJAMO,GUANAJUATO,641.59,142.24,3,3,0,0,CERRADA,CERRADA,CERRADA,,,,,,,20.3872676,-101.6175475,0.0,0.0,0,0.0,0.0,24.0,59.0,8.0,0.0,0.0,0.0,0.0,0.0,0.0,0.0,0.0,0.0,0.0,0.0,0.0,0.0,0.0,0.0,0.0,0.0,0.0,0.0,0.0,0.0,0.0,600.0,568.0,641.0,2025-07-16 08:12:00,CERRADA,PJ7415,Preventivo,-32.0,5.333333333333334,73.59000000000003,0.0,7.0,AGRICOLA,2.7916666666666665,0.0,0,13.0,2.7916666666666665,0.0,0.09022843176673673
TEPSA - S508395M,NEW HOLLAND AG,7610S HERENCIA,4WD,S508395M-8107459,TEPSA,PALMAR DE BRAVO,PUEBLA,1283.7,6.53,5,4,0,1,CERRADA,CERRADA,CERRADA,CERRADA,PENDIENTE,,,,,18.858653,-97.5363405,35.8,25.31,10,4.87,7.32,16.68,55.0,13.0,35.0,28.0,44.0,61.0,18.0,44.0,54.0,29.0,32.0,42.0,6.0,15.0,0.0,46.0,20.0,31.0,13.0,26.0,43.0,10.0,2.0,12.0,600.0,600.0,1283.0,2024-08-06 19:23:00,CERRADA,SFPT1684/0188,Preventivo,0.0,0.0,683.7,0.0,8.0,AGRICOLA,28.291666666666668,1200.0,0,2.4444444444444446,28.291666666666668,7.32,0.0882971697541976
AGROCISA - S508401M,NEW HOLLAND AG,7610S HERENCIA,4WD,S508401M-8107539,AGROCISAGRAL,MANUEL DOBLADO,GUANAJUATO,698.3,119.46,3,2,1,1,CERRADA,CERRADAFUERA,CERRADA,,,,,,,20.696518,-101.9004156,0.0,0.0,0,0.0,0.0,24.0,28.0,1.0,25.0,13.0,54.0,40.0,6.0,3.0,0.0,0.0,17.0,61.0,23.0,25.0,3.0,47.0,33.0,12.0,0.0,0.0,7.0,3.0,6.0,20.0,600.0,568.0,698.0,2025-04-23 10:51:00,CERRADA,0,Preventivo,-32.0,5.333333333333334,130.29999999999995,0.0,4.0,AGRICOLA,17.791666666666668,0.0,0,13.0,17.791666666666668,0.0,0.08992750589156603
TEPSA - S508418M,NEW HOLLAND AG,7610S HERENCIA,4WD,S508418M-8107479,TEPSA,SAN JOSE MIAHUATLAN,PUEBLA,1295.17,190.03,5,3,0,2,CERRADA,CERRADA,CERRADA,PENDIENTE,PENDIENTE,,,,,18.2308698,-97.211141,58.87,23.05,26,3.6,6.73,17.27,167.0,155.0,0.0,0.0,1.0,0.0,0.0,0.0,0.0,0.0,10.0,17.0,84.0,137.0,3.0,1.0,0.0,12.0,1.0,2.0,64.0,0.0,24.0,35.0,600.0,600.0,1295.0,2024-02-14 18:33:00,CERRADA,SFPT1517/3385,Preventivo,0.0,0.0,695.1700000000001,0.0,2.0,AGRICOLA,29.708333333333332,2100.0,0,0.0,29.708333333333332,6.73,0.12422733292775852
TRACTIESA - S508423M,NEW HOLLAND AG,7610S HERENCIA,4WD,S508423M-8107808,TRACTIESA,VILLA DE ALLENDE,MEXICO,2223.82,4.89,8,5,0,3,CERRADA,CERRADA,CERRADA,CERRADA,CERRADA,PENDIENTE,ENPROCESO,PENDIENTE,,19.443573,-100.1791508,0.0,0.0,0,0.0,0.0,24.0,27.0,37.0,63.0,57.0,36.0,86.0,89.0,129.0,57.0,78.0,29.0,40.0,107.0,81.0,22.0,16.0,78.0,35.0,51.0,2.0,38.0,52.0,34.0,40.0,600.0,560.0,2223.0,2024-11-02 15:15:00,CERRADA,PPUBTOL-4349,Preventivo,-40.0,6.666666666666667,1663.8200000000002,0.0,11.0,AGRICOLA,53.5,3600.0,0,5.777777777777777,53.5,0.0,0.5023504022198003
AGROCISA - S508433M,NEW HOLLAND AG,7610S HERENCIA,4WD,S508433M-8107490,AGROCISAGRAL,ROMITA,GUANAJUATO,808.49,0.88,11,1,2,10,CERRADA,CERRADAFUERA,CERRADAFUERA,,,,,,,20.8174341,-101.6355951,0.0,0.0,0,0.0,0.0,24.0,77.0,74.0,56.0,46.0,1.0,11.0,33.0,23.0,32.0,1.0,0.0,1.0,31.0,64.0,29.0,23.0,62.0,45.0,32.0,33.0,30.0,0.0,1.0,0.0,600.0,567.0,808.0,2025-03-24 12:35:00,CERRADAFUERA,0,Preventivo,-33.0,5.5,241.49,0.0,3.0,AGRICOLA,29.375,0.0,0,7.5,29.375,0.0,0.06503540860558923
ALTENOS - S508455M,NEW HOLLAND AG,7610S HERENCIA,4WD,S508455M-8108230,ALTENOS,SAN JUAN DE LOS LAGOS,JALISCO,1582.68,6.04,6,4,2,2,CERRADA,CERRADA,CERRADA,CERRADAFUERA,CERRADAFUERA,CERRADA,,,,21.0953736,-102.3122711,14.16,1.08,6,1.12,4.19,19.81,22.0,10.0,8.0,9.0,20.0,111.0,60.0,29.0,41.0,80.0,23.0,7.0,41.0,16.0,10.0,16.0,75.0,55.0,69.0,11.0,41.0,75.0,64.0,64.0,600.0,575.0,1582.0,2024-06-30 19:36:00,CERRADA,OTS0002469,Preventivo,-25.0,4.166666666666666,1007.6800000000001,0.0,6.0,AGRICOLA,39.875,0.0,0,0.5555555555555556,39.875,4.19,0.29359418123562725
ALTENOS - S508457M,NEW HOLLAND AG,7610S HERENCIA,4WD,S508457M-8107845,ALTENOS,SAN JUAN DE LOS LAGOS,JALISCO,1453.39,9.21,5,3,2,2,CERRADA,CERRADA,CERRADAFUERA,CERRADA,CERRADAFUERA,,,,,21.0820046,-102.4293083,51.95,9.01,9,2.35,5.85,18.15,30.0,3.0,4.0,42.0,96.0,26.0,48.0,9.0,7.0,11.0,24.0,25.0,83.0,101.0,62.0,66.0,99.0,67.0,56.0,10.0,14.0,35.0,54.0,37.0,600.0,572.0,1456.0,2024-06-08 20:57:00,CERRADAFUERA,CFD,Preventivo,-28.0,4.666666666666667,881.3900000000001,0.0,6.0,AGRICOLA,42.041666666666664,0.0,0,11.666666666666666,42.041666666666664,5.85,0.3430839100902918
ARBSA - S508460M,NEW HOLLAND AG,7610S HERENCIA,4WD,S508460M-8107540,ARBSA,CIUDAD OBREGON,SONORA,2603.13,4.75,7,7,0,0,,,CERRADA,CERRADA,CERRADA,CERRADA,CERRADA,CERRADA,CERRADA,27.3546878,-110.0918778,0.0,23.23,25,5.38,4.58,19.42,64.0,10.0,17.0,91.0,107.0,59.0,84.0,122.0,101.0,3.0,85.0,68.0,133.0,107.0,113.0,103.0,69.0,103.0,4.0,10.0,31.0,38.0,81.0,83.0,600.0,732.0,2603.0,2024-06-24 06:01:00,CERRADA,68624,Preventivo,132.0,22.0,1871.13,132.0,6.0,AGRICOLA,70.25,0.0,0,0.5555555555555556,70.25,4.58,0.273202556723068
TRACSA - S508474M,NEW HOLLAND AG,7610S HERENCIA,4WD,S508474M-8107839,TRACSAGRAL,SAN JUAN DE LOS LAGOS,JALISCO,1291.21,16.29,5,2,2,3,CERRADA,CERRADA,CERRADAFUERA,CERRADAFUERA,PENDIENTE,,,,,21.1264158,-102.283565,49.18,14.91,12,3.96,3.86,20.14,15.0,18.0,18.0,21.0,49.0,82.0,45.0,15.0,17.0,64.0,14.0,26.0,3.0,34.0,50.0,24.0,66.0,63.0,53.0,12.0,14.0,13.0,0.0,30.0,600.0,600.0,1292.0,2024-06-30 21:01:00,CERRADAFUERA,,Preventivo,0.0,0.0,691.21,0.0,6.0,AGRICOLA,31.083333333333332,1200.0,0,0.0,31.083333333333332,3.86,0.1021423031035087
AGROCISA - S508476M,NEW HOLLAND AG,7610S HERENCIA,4WD,S508476M-8107485,AGROCISAGRAL,VISTA HERMOSA,MICHOACAN DE OCAMPO,1645.01,94.93,6,5,1,1,CERRADAFUERA,CERRADA,CERRADA,CERRADA,CERRADA,CERRADA,,,,20.2775526,-102.4809638,0.01,0.02,4,1.64,0.02,23.98,0.0,0.0,0.0,0.0,0.0,0.0,0.0,0.0,0.0,2.0,53.0,71.0,157.0,93.0,104.0,102.0,162.0,82.0,75.0,55.0,50.0,23.0,103.0,137.0,600.0,628.0,1645.0,2025-04-22 09:48:00,CERRADA,24652,Preventivo,28.0,4.666666666666667,1017.01,28.0,4.0,AGRICOLA,52.875,0.0,0,19.666666666666668,52.875,0.02,0.5145968929879501
TEPSA - S508478M,NEW HOLLAND AG,7610S HERENCIA,4WD,S508478M-8107466,TEPSA,PALMAR DE BRAVO,PUEBLA,1722.35,93.99,10,3,0,7,PENDIENTE,CERRADA,CERRADA,CERRADA,PENDIENTE,PENDIENTE,,,,18.8427701,-97.565837,89.05,47.75,18,5.19,9.29,14.71,0.0,0.0,13.0,2.0,0.0,4.0,58.0,58.0,41.0,95.0,27.0,62.0,103.0,79.0,84.0,74.0,93.0,85.0,81.0,45.0,79.0,40.0,45.0,56.0,600.0,600.0,1725.0,2024-12-31 00:56:00,CERRADA,SMIPT14/589,Preventivo,0.0,0.0,1122.35,0.0,12.0,AGRICOLA,51.0,2750.0,0,10.0,51.0,9.29,0.45526213810440064
ATC - S508483M,NEW HOLLAND AG,7610S HERENCIA,4WD,S508483M-8107473,ATC,PEDRO ESCOBEDO,QUERETARO,2800.28,155.31,10,0,9,10,CERRADAFUERA,CERRADAFUERA,CERRADAFUERA,CERRADAFUERA,CERRADAFUERA,CERRADAFUERA,CERRADAFUERA,CERRADAFUERA,CERRADAFUERA,20.5551416,-100.1190738,32.66,7.52,17,2.38,3.73,20.27,69.0,63.0,54.0,80.0,89.0,79.0,70.0,41.0,53.0,89.0,99.0,34.0,110.0,42.0,95.0,89.0,79.0,65.0,46.0,16.0,69.0,65.0,58.0,64.0,600.0,601.0,2800.0,2024-09-01 19:14:00,CERRADAFUERA,,Preventivo,1.0,0.16666666666666669,2199.28,1.0,9.0,AGRICOLA,67.41666666666667,0.0,0,1.2592592592592593,67.41666666666667,3.73,0.2939020764636205
ALTENOS - S508495M,NEW HOLLAND AG,7610S HERENCIA,4WD,S508495M-8107493,ALTENOS,SAN JUAN DE LOS LAGOS,JALISCO,1105.02,0.07,3,2,1,1,,CERRADA,CERRADA,CERRADAFUERA,,,,,,21.1060125,-102.5380031,0.96,0.03,0,0.17,0.17,23.83,53.0,28.0,21.0,0.0,46.0,95.0,12.0,6.0,5.0,38.0,9.0,22.0,75.0,1.0,3.0,33.0,64.0,12.0,16.0,0.0,8.0,6.0,10.0,26.0,600.0,567.0,1105.0,2024-06-30 19:56:00,CERRADA,OTS0002346,Preventivo,-33.0,5.5,538.02,0.0,6.0,AGRICOLA,24.541666666666668,0.0,0,72.0,24.541666666666668,0.17,0.041450163779435376
TEPSA - S508499M,NEW HOLLAND AG,7610S HERENCIA,4WD,S508499M-8108244,TEPSA,IZUCAR DE MATAMOROS,PUEBLA,2346.31,12.25,8,4,4,4,CERRADA,CERRADA,CERRADA,CERRADA,CERRADAFUERA,CERRADAFUERA,CERRADAFUERA,CERRADAFUERA,,18.5747148,-98.4327221,0.0,0.0,0,0.0,0.0,24.0,112.0,30.0,18.0,35.0,132.0,104.0,180.0,118.0,0.0,130.0,32.0,124.0,146.0,133.0,140.0,0.0,0.0,0.0,0.0,0.0,0.0,0.0,0.0,0.0,600.0,600.0,2346.0,2024-11-01 07:28:00,CERRADA,00/00,Preventivo,0.0,0.0,1746.31,0.0,11.0,AGRICOLA,59.75,0.0,0,7.398611111111111,59.75,0.0,0.5399413564653515
ARBSA - S508500M,NEW HOLLAND AG,7610S HERENCIA,4WD,S508500M-8108269,ARBSA,SAN FELIPE,GUANAJUATO,2379.28,153.66,7,0,7,7,,,CERRADAFUERA,CERRADAFUERA,CERRADAFUERA,CERRADAFUERA,CERRADAFUERA,CERRADAFUERA,CERRADAFUERA,21.5803705,-101.062697,77.07,42.22,11,6.87,6.41,17.59,82.0,59.0,79.0,61.0,99.0,60.0,27.0,70.0,65.0,54.0,35.0,53.0,107.0,89.0,68.0,86.0,82.0,65.0,23.0,55.0,84.0,54.0,53.0,60.0,600.0,808.0,2383.0,2024-06-18 10:46:00,CERRADAFUERA,0,Preventivo,208.0,34.66666666666667,1571.2800000000002,208.0,6.0,AGRICOLA,65.41666666666667,0.0,0,8.01388888888889,65.41666666666667,6.41,0.46772158372638556
ALTENOS - S508507M,NEW HOLLAND AG,7610S HERENCIA,4WD,S508507M-8108268,ALTENOS,MEXTICACAN,JALISCO,851.45,194.23,2,1,1,1,,CERRADA,CERRADAFUERA,,,,,,,21.1422245,-102.6158038,0.0,0.0,0,0.0,0.0,24.0,88.0,23.0,49.0,41.0,86.0,134.0,50.0,2.0,1.0,1.0,7.0,57.0,0.0,0.0,0.0,0.0,0.0,0.0,0.0,0.0,0.0,0.0,0.0,0.0,600.0,567.0,852.0,2024-06-18 21:35:00,CERRADAFUERA,CFD,Preventivo,-33.0,5.5,284.45000000000005,0.0,6.0,AGRICOLA,22.458333333333332,0.0,0,86.0,22.458333333333332,0.0,0.06844509975174806
ATC -S508522M,NEW HOLLAND AG,7610S HERENCIA,4WD,S508522M-8108246,ATC,VICENTE GUERRERO,DURANGO,478.75,118.19,3,3,0,0,CERRADA,CERRADA,CERRADA,,,,,,,23.9653876,-103.7379198,0.0,0.0,0,0.0,0.0,24.0,58.0,86.0,56.0,4.0,0.0,0.0,0.0,0.0,0.0,0.0,0.0,0.0,0.0,0.0,0.0,0.0,0.0,0.0,0.0,0.0,0.0,0.0,0.0,0.0,600.0,479.0,479.0,2024-08-28 13:28:00,CERRADA,955213,Preventivo,-121.0,20.166666666666664,0.0,0.0,8.0,AGRICOLA,8.5,0.0,0,15.666666666666668,8.5,0.0,0.0945302335685385
ALTENOS - S508541M,NEW HOLLAND AG,7610S HERENCIA,4WD,S508541M-8110411,ALTENOS,SALVATIERRA,GUANAJUATO,964.47,15.01,3,0,3,3,,CERRADAFUERA,CERRADAFUERA,CERRADAFUERA,,,,,,20.1018771,-100.8272981,83.38,12.6,9,3.2,5.21,18.79,29.0,3.0,1.0,0.0,0.0,0.0,18.0,4.0,16.0,44.0,1.0,0.0,91.0,46.0,21.0,10.0,49.0,37.0,36.0,13.0,40.0,78.0,21.0,14.0,600.0,574.0,964.0,2025-05-27 17:25:00,CERRADAFUERA,CFD,Preventivo,-26.0,4.333333333333334,390.47,0.0,5.0,AGRICOLA,23.833333333333332,0.0,0,7.333333333333333,23.833333333333332,5.21,0.03989519505183077
AGROCISA - S508547M,NEW HOLLAND AG,7610S HERENCIA,LODERO,S508547M-8109982,AGROCISAGRAL,CADEREYTA DE MONTES,QUERETARO,1784.82,0.0,5,0,4,5,,,CERRADAFUERA,CERRADAFUERA,CERRADAFUERA,CERRADAFUERA,PORVENCER,,,20.6103973,-99.7021893,0.66,0.02,0,0.13,0.33,23.67,22.0,0.0,24.0,19.0,39.0,42.0,54.0,88.0,68.0,50.0,49.0,10.0,61.0,26.0,47.0,35.0,9.0,17.0,18.0,43.0,34.0,59.0,46.0,42.0,600.0,577.0,1788.0,2024-06-18 10:46:00,CERRADAFUERA,0,Preventivo,-23.0,3.833333333333333,1207.82,0.0,6.0,AGRICOLA,37.583333333333336,1800.0,0,0.8888888888888888,37.583333333333336,0.33,0.3152282492923711
ARBSA - S508551M,NEW HOLLAND AG,7610S HERENCIA,4WD,S508551M-8110211,ARBSA,CIUDAD OBREGON,SONORA,968.42,18.93,3,2,0,1,,CERRADA,CERRADA,PENDIENTE,,,,,,27.408693,-110.0150791,66.24,19.17,10,3.36,7.28,16.72,28.0,26.0,20.0,14.0,6.0,74.0,29.0,38.0,20.0,15.0,9.0,7.0,16.0,6.0,22.0,9.0,24.0,24.0,28.0,27.0,24.0,24.0,55.0,66.0,600.0,560.0,968.0,2025-09-01 12:42:00,CERRADA,69950,Preventivo,-40.0,6.666666666666667,408.41999999999996,0.0,9.0,AGRICOLA,25.458333333333332,900.0,0,7.666666666666666,25.458333333333332,7.28,0.03470637407085712
ATC- S508558M-8110418,NEW HOLLAND AG,7610S HERENCIA,2WD,S508558M-8110418,ATC,SAN NICOLAS BUENOS AIRES,PUEBLA,1982.66,0.0,5,0,4,5,,,CERRADAFUERA,CERRADAFUERA,CERRADAFUERA,CERRADAFUERA,PENDIENTE,,,19.2224531,-97.5225273,128.23,9.13,20,2.91,12.93,11.07,4.0,0.0,0.0,0.0,0.0,0.0,138.0,163.0,84.0,73.0,28.0,48.0,101.0,51.0,71.0,102.0,141.0,120.0,71.0,27.0,26.0,20.0,47.0,115.0,600.0,600.0,1983.0,2024-06-08 20:09:00,CERRADAFUERA,,Preventivo,0.0,0.0,1382.66,0.0,6.0,AGRICOLA,59.583333333333336,1800.0,0,0.0,59.583333333333336,12.93,0.3176409748591281
AGROCISA - S508559M,NEW HOLLAND AG,7610S,LODERO,S508559M-8110217,AGROCISAGRAL,CUYOACO,PUEBLA,1047.67,0.07,4,2,2,2,CERRADA,CERRADA,CERRADAFUERA,CERRADAFUERA,,,,,,19.7021488,-97.5300786,0.0,0.0,0,0.0,0.0,24.0,6.0,35.0,30.0,14.0,2.0,22.0,44.0,10.0,20.0,12.0,0.0,0.0,2.0,8.0,79.0,151.0,123.0,143.0,52.0,20.0,68.0,34.0,13.0,16.0,600.0,563.0,1047.0,2025-04-21 12:00:00,CERRADAFUERA,0,Preventivo,-37.0,6.166666666666667,484.6700000000001,0.0,4.0,AGRICOLA,37.666666666666664,0.0,0,199.66666666666666,37.666666666666664,0.0,0.2665735985083422
ATC - S508565M,NEW HOLLAND AG,7610S HERENCIA,4WD,S508565M-8108683,ATN,VICENTE GUERRERO,DURANGO,1190.19,1.95,5,2,2,3,CERRADA,CERRADA,CERRADAFUERA,CERRADAFUERA,PORVENCER,,,,,23.8077293,-103.4929195,2.85,0.66,9,2.35,0.37,23.63,11.0,0.0,0.0,0.0,0.0,0.0,0.0,0.0,0.0,0.0,0.0,0.0,0.0,0.0,0.0,0.0,0.0,0.0,0.0,0.0,0.0,0.0,0.0,0.0,600.0,600.0,1190.0,2024-12-20 22:48:00,CERRADAFUERA,,Preventivo,0.0,0.0,590.19,0.0,12.0,AGRICOLA,0.4583333333333333,1200.0,0,3.3333333333333335,0.4583333333333333,0.37,0.06713846179827096
ALTENOS - S508568M,NEW HOLLAND AG,7610S HERENCIA,4WD,S508568M-8108676,ALTENOS,SAN JUAN DE LOS LAGOS,JALISCO,791.87,5.96,3,2,1,1,CERRADA,CERRADA,CERRADAFUERA,,,,,,,21.1441805,-102.3148991,0.0,0.0,0,0.0,0.0,24.0,22.0,18.0,11.0,8.0,18.0,56.0,23.0,2.0,9.0,104.0,16.0,3.0,14.0,5.0,12.0,15.0,125.0,239.0,96.0,2.0,45.0,63.0,55.0,47.0,600.0,594.0,793.0,2025-11-07 10:03:00,CERRADAFUERA,CFD,Preventivo,-6.0,1.0,197.87,0.0,11.0,AGRICOLA,42.0,0.0,0,9.5,42.0,0.0,0.42058606746137356
TEPSA - S508573M,NEW HOLLAND AG,7610S HERENCIA,4WD,S508573M-8108680,TEPSA,QUECHOLAC,PUEBLA,2150.79,0.0,8,3,0,5,CERRADA,CERRADA,CERRADA,ENPROCESO,PENDIENTE,PENDIENTE,PENDIENTE,PENDIENTE,,18.9528846,-97.5915163,114.52,2.29,13,0.0,0.0,24.0,55.0,78.0,24.0,82.0,100.0,103.0,95.0,83.0,67.0,97.0,35.0,37.0,89.0,93.0,135.0,185.0,99.0,169.0,103.0,135.0,108.0,143.0,165.0,68.0,600.0,669.0,2152.0,2024-06-18 21:13:00,CERRADA,SLPT197/0181,Preventivo,69.0,11.5,1481.79,69.0,6.0,AGRICOLA,97.83333333333333,6600.0,0,30.666666666666664,97.83333333333333,0.0,0.3396869518363221
AGROEQUIPOS - 353738101280137,NEW HOLLAND AG,7610S HERENCIA,4WD,S508583M-8108764,AGROEQUIPOS,CHAHUITES,OAXACA,1646.6,49.43,6,4,0,2,CERRADA,CERRADA,CERRADA,CERRADA,PENDIENTE,PENDIENTE,,,,16.3409116,-94.176861,0.0,0.0,0,0.0,0.0,24.0,79.0,38.0,23.0,27.0,24.0,10.0,2.0,59.0,8.0,48.0,48.0,29.0,24.0,18.0,80.0,101.0,52.0,68.0,96.0,25.0,44.0,82.0,0.0,0.0,600.0,614.0,1646.0,2024-07-04 08:08:00,CERRADA,OS-13496,Preventivo,14.0,2.3333333333333335,1032.6,14.0,7.0,AGRICOLA,41.041666666666664,2700.0,0,0.0,41.041666666666664,0.0,0.45026384752582027
ARBSA - S508587M,NEW HOLLAND AG,7610S HERENCIA,4WD,S508587M-8110555,ARBSA,CUYOACO,PUEBLA,1758.4,14.97,5,0,5,5,,CERRADAFUERA,CERRADAFUERA,CERRADAFUERA,CERRADAFUERA,CERRADAFUERA,,,,19.6973793,-97.5386595,11.88,0.21,0,0.38,1.06,22.94,2.0,7.0,94.0,147.0,95.0,32.0,142.0,54.0,72.0,42.0,8.0,45.0,68.0,33.0,109.0,122.0,52.0,69.0,71.0,2.0,32.0,5.0,64.0,68.0,600.0,725.0,1758.0,2024-06-08 20:58:00,CERRADAFUERA,0,Preventivo,125.0,20.833333333333336,1033.4,125.0,6.0,AGRICOLA,59.791666666666664,0.0,1,1.8888888888888888,59.791666666666664,1.06,0.5983203921832951
ALTENOS - S508599M,NEW HOLLAND AG,7610S HERENCIA,4WD,S508599M-8110552,ALTENOS,JESUS MARIA,AGUASCALIENTES,1327.59,13.73,5,0,5,5,CERRADAFUERA,CERRADAFUERA,CERRADAFUERA,CERRADAFUERA,CERRADAFUERA,,,,,21.859699,-102.4657455,13.39,6.04,12,4.55,3.06,20.94,69.0,1.0,28.0,0.0,12.0,34.0,56.0,15.0,23.0,29.0,23.0,50.0,29.0,130.0,31.0,145.0,28.0,95.0,14.0,51.0,21.0,16.0,76.0,51.0,600.0,560.0,1327.0,2024-12-18 08:23:00,CERRADAFUERA,CFD,Preventivo,-40.0,6.666666666666667,767.5899999999999,0.0,12.0,AGRICOLA,42.791666666666664,0.0,0,202.33333333333334,42.791666666666664,3.06,0.22711358612087654
TEPSA - S508602M,NEW HOLLAND AG,7610S HERENCIA,4WD,S508602M-8110583,TEPSA,TEPEACA,PUEBLA,2037.9,107.28,5,3,0,2,,,CERRADA,CERRADA,PENDIENTE,PENDIENTE,CERRADA,,,18.941132,-97.9253001,22.61,6.87,10,3.88,1.89,22.11,69.0,82.0,64.0,88.0,46.0,51.0,82.0,52.0,28.0,52.0,46.0,37.0,69.0,70.0,76.0,36.0,58.0,44.0,70.0,30.0,63.0,60.0,58.0,38.0,600.0,679.0,2037.0,2024-06-18 21:15:00,CERRADA,SF18374/0393,Preventivo,79.0,13.166666666666666,1358.9,79.0,6.0,AGRICOLA,57.041666666666664,2700.0,0,0.0,57.041666666666664,1.89,0.4331573489581652
ARBSA - S508613M,NEW HOLLAND AG,7610S HERENCIA,4WD,S508613M-8122491,ARBSA,ENSENADA,BAJA CALIFORNIA,1962.63,16.25,8,1,5,7,,CERRADAFUERA,CERRADAFUERA,CERRADA,CERRADAFUERA,CERRADAFUERA,CERRADAFUERA,,,31.7534936,-116.5967575,2.22,0.28,11,1.3,0.23,23.77,0.0,0.0,0.0,0.0,0.0,0.0,2.0,36.0,179.0,174.0,31.0,0.0,37.0,77.0,121.0,3.0,161.0,48.0,0.0,74.0,140.0,140.0,52.0,62.0,600.0,691.0,1964.0,2024-05-12 15:12:00,CERRADAFUERA,0,Preventivo,91.0,15.166666666666668,1271.63,91.0,5.0,AGRICOLA,55.708333333333336,0.0,0,14.000000000000002,55.708333333333336,0.23,0.41825776735861564
ATC - S508615M,NEW HOLLAND AG,7610S HERENCIA,4WD,S508615M-8112799,ATC,SAN FELIPE,GUANAJUATO,2264.56,4.47,6,2,3,4,,,CERRADA,CERRADA,CERRADAFUERA,CERRADAFUERA,CERRADAFUERA,PENDIENTE,,21.578607,-101.0616721,76.17,8.1,7,1.34,7.88,16.12,68.0,53.0,70.0,76.0,63.0,30.0,23.0,73.0,75.0,72.0,30.0,44.0,57.0,118.0,97.0,84.0,40.0,44.0,33.0,54.0,97.0,40.0,62.0,46.0,600.0,600.0,2265.0,2024-06-18 19:59:00,CERRADA,936771,Preventivo,0.0,0.0,1664.56,0.0,6.0,AGRICOLA,60.375,2100.0,0,0.0,60.375,7.88,0.4385959828995354
862407062166248,NEW HOLLAND AG,7610S,4WD,S508621M-8112808,ARBSA,NAVOJOA,SONORA,1518.31,25.84,4,4,0,0,,,CERRADA,CERRADA,CERRADA,CERRADA,,,,26.990557,-109.6647018,0.0,1.27,9,0.55,0.87,23.13,0.0,0.0,0.0,0.0,0.0,0.0,0.0,0.0,0.0,0.0,0.0,0.0,0.0,48.0,57.0,49.0,95.0,90.0,37.0,62.0,135.0,40.0,57.0,37.0,600.0,599.0,1518.0,2025-09-02 10:51:00,CERRADA,257585,Preventivo,-1.0,0.16666666666666669,919.31,0.0,9.0,AGRICOLA,29.458333333333332,0.0,0,3.236111111111111,29.458333333333332,0.87,0.14107992326761967
MADISA-866392069009086,NEW HOLLAND AG,7610S HERENCIA,LODERO,S508630M-8112810,MADISAGRAL,VILLA DE REYES,SAN LUIS POTOSI,1041.41,114.45,4,4,0,0,CERRADA,CERRADA,CERRADA,CERRADA,,,,,,21.7250581,-101.0076603,27.63,10.96,11,2.8,4.01,19.99,0.0,0.0,0.0,0.0,0.0,0.0,55.0,92.0,20.0,57.0,2.0,62.0,95.0,133.0,112.0,10.0,26.0,50.0,1.0,19.0,7.0,14.0,53.0,21.0,600.0,560.0,1041.0,2025-12-02 13:28:00,CERRADA,4814280 4814384,Preventivo,-40.0,6.666666666666667,481.4100000000001,0.0,12.0,AGRICOLA,34.541666666666664,0.0,0,39.333333333333336,34.541666666666664,4.01,0.20718025576463314
ALTENOS - S508649M,NEW HOLLAND AG,7610S HERENCIA,4WD,S508649M-8110884,ALTENOS,LAGOS DE MORENO,JALISCO,735.9,28.78,2,2,0,0,,CERRADA,CERRADA,,,,,,,21.4118551,-101.9257228,0.0,0.0,0,0.0,0.0,24.0,31.0,9.0,8.0,8.0,13.0,16.0,4.0,20.0,15.0,37.0,4.0,10.0,10.0,7.0,8.0,13.0,35.0,26.0,2.0,1.0,14.0,13.0,34.0,8.0,600.0,564.0,736.0,2025-05-27 15:15:00,CERRADA,OTS0003349,Preventivo,-36.0,6.0,171.89999999999998,0.0,5.0,AGRICOLA,14.416666666666666,0.0,0,5.333333333333334,14.416666666666666,0.0,0.08488450845485945
ALTENOS - S508651M,NEW HOLLAND AG,7610S HERENCIA,4WD,S508651M-8110892,ALTENOS,LAGOS DE MORENO,JALISCO,574.0,90.94,3,3,0,0,CERRADA,CERRADA,CERRADA,,,,,,,21.30681,-101.99194,0.0,0.0,0,0.0,0.0,24.0,10.0,14.0,8.0,27.0,36.0,10.0,21.0,4.0,26.0,26.0,9.0,5.0,0.0,0.0,5.0,13.0,49.0,25.0,10.0,4.0,10.0,20.0,41.0,21.0,600.0,560.0,574.0,2025-11-12 15:59:00,CERRADA,OTS0003291,Preventivo,-40.0,6.666666666666667,14.0,0.0,11.0,AGRICOLA,16.416666666666668,0.0,0,5.333333333333334,16.416666666666668,0.0,0.08933485461357529
TEPSA-866392069011314,NEW HOLLAND AG,7610S HERENCIA,4WD,S508653M-8110896,TEPSA,CHALCHICOMULA DE SESMA,PUEBLA,987.95,0.0,4,2,1,2,CERRADA,CERRADA,CERRADAFUERA,PENDIENTE,,,,,,18.9037803,-97.4589063,29.1,13.92,28,6.08,2.52,21.48,26.0,24.0,17.0,35.0,38.0,21.0,28.0,42.0,42.0,38.0,5.0,6.0,33.0,68.0,57.0,17.0,23.0,15.0,24.0,22.0,59.0,48.0,10.0,24.0,600.0,560.0,987.0,2025-02-25 15:33:00,CERRADAFUERA,00/00,Preventivo,-40.0,6.666666666666667,427.95000000000005,0.0,2.0,AGRICOLA,30.083333333333332,900.0,0,13.666666666666668,30.083333333333332,2.52,0.027327605111031432
ALTENOS - S508654M,NEW HOLLAND AG,7610S HERENCIA,4WD,S508654M-8113335,ALTENOS,PURISIMA DEL RINCON,GUANAJUATO,1000.71,24.83,4,4,0,0,CERRADA,CERRADA,CERRADA,CERRADA,,,,,,20.9767456,-102.1324475,69.31,13.71,12,2.33,8.14,15.86,53.0,13.0,0.0,4.0,6.0,14.0,15.0,0.0,0.0,15.0,9.0,26.0,35.0,9.0,40.0,11.0,89.0,121.0,31.0,14.0,24.0,70.0,33.0,28.0,600.0,644.0,1000.0,2025-11-07 09:22:00,CERRADA,OTS0003578,Preventivo,44.0,7.333333333333333,356.71000000000004,44.0,11.0,AGRICOLA,27.5,0.0,0,78.4814814814815,27.5,8.14,0.053266154903222486
AGROEQUIPOS - 866392065465514,NEW HOLLAND AG,7610S HERENCIA,4WD,S508690M-8113329,AGROEQUIPOS,CHAHUITES,OAXACA,1206.83,129.14,5,3,0,2,CERRADA,CERRADA,CERRADA,PENDIENTE,PENDIENTE,,,,,16.3653056,-94.1987376,0.0,0.0,0,0.0,0.0,24.0,1.0,1.0,4.0,0.0,109.0,39.0,10.0,1.0,80.0,116.0,88.0,3.0,2.0,28.0,68.0,84.0,90.0,1.0,0.0,5.0,95.0,61.0,80.0,36.0,600.0,627.0,1206.0,2024-05-12 12:36:00,CERRADA,OS-13894,Preventivo,27.0,4.5,579.8299999999999,27.0,5.0,AGRICOLA,41.75,2100.0,1,5.666666666666666,41.75,0.0,0.3125288212540501
866392066982525,NEW HOLLAND AG,7610S HERENCIA,4WD,S508728M-8117894,ATC,COATEPEC HARINAS,MEXICO,898.67,79.29,3,0,2,3,,CERRADAFUERA,CERRADAFUERA,PORVENCER,,,,,,18.8657136,-99.833378,0.0,0.0,0,0.0,0.0,24.0,1.0,0.0,0.0,3.0,5.0,1.0,0.0,13.0,1.0,0.0,11.0,4.0,2.0,0.0,8.0,3.0,5.0,18.0,37.0,7.0,3.0,0.0,4.0,7.0,600.0,600.0,898.0,2025-07-14 10:02:00,CERRADAFUERA,,Preventivo,0.0,0.0,298.66999999999996,0.0,7.0,AGRICOLA,5.541666666666667,900.0,0,0.0,5.541666666666667,0.0,0.13556277165131644
TEPSA-866392066816681,NEW HOLLAND AG,7610S HERENCIA,4WD,S508736M-8123260,TEPSA,CHALCHICOMULA DE SESMA,PUEBLA,732.27,135.61,3,2,0,1,CERRADA,PENDIENTE,CERRADA,,,,,,,18.9048473,-97.4588205,11.32,4.54,11,5.14,2.98,21.02,30.0,25.0,43.0,17.0,43.0,22.0,16.0,21.0,17.0,15.0,10.0,13.0,25.0,49.0,33.0,5.0,29.0,22.0,14.0,29.0,17.0,12.0,7.0,1.0,600.0,591.0,732.0,2025-11-07 11:10:00,CERRADA,SLPT2546/961,Preventivo,-9.0,1.5,141.26999999999998,0.0,11.0,AGRICOLA,21.458333333333332,300.0,0,76.0,21.458333333333332,2.98,0.042688893668196747
866392066982632,NEW HOLLAND AG,7610S HERENCIA,4WD,S508754M-8120989,DASSA,LA PAZ,MEXICO,2839.99,244.71,8,3,0,5,,,CERRADA,CERRADA,CERRADA,PENDIENTE,PENDIENTE,PENDIENTE,PENDIENTE,23.6406518,-110.4421246,50.12,54.47,22,7.44,7.39,16.62,1.0,94.0,95.0,149.0,152.0,134.0,124.0,134.0,124.0,38.0,0.0,0.0,72.0,93.0,68.0,122.0,145.0,106.0,99.0,69.0,0.0,9.0,87.0,66.0,600.0,775.0,2843.0,2024-06-18 21:49:00,CERRADA,1176,Preventivo,175.0,29.166666666666668,2064.99,175.0,6.0,AGRICOLA,82.54166666666667,7800.0,0,15.930555555555555,82.54166666666667,7.39,0.2583188915747128
MADISA - 866392068843394,NEW HOLLAND AG,7610S HERENCIA,4WD,S508774M-8121283,MADISAGRAL,HUIMANGUILLO,TABASCO,804.62,6.29,14,3,0,11,CERRADA,CERRADA,CERRADA,,,,,,,17.9659113,-93.4481326,56.56,12.5,11,2.58,5.84,18.16,0.0,0.0,1.0,0.0,1.0,0.0,0.0,0.0,0.0,0.0,9.0,44.0,71.0,106.0,176.0,89.0,99.0,146.0,6.0,1.0,1.0,1.0,0.0,0.0,600.0,589.0,804.0,2025-05-27 18:12:00,CERRADA,9243082 9243400,Preventivo,-11.0,1.8333333333333333,215.62,0.0,5.0,AGRICOLA,31.291666666666668,0.0,0,21.666666666666664,31.291666666666668,5.84,0.04631021025277092
MADISA - 866392069087710,NEW HOLLAND AG,7610S HERENCIA,4WD,S508775M-8121160,MADISAGRAL,METEPEC,MEXICO,745.51,4.52,6,1,1,5,CERRADA,PENDIENTE,CERRADAFUERA,,,,,,,20.2414261,-98.3393698,2.98,0.31,4,0.73,0.51,23.49,0.0,0.0,0.0,1.0,22.0,24.0,31.0,30.0,22.0,42.0,50.0,13.0,40.0,56.0,32.0,51.0,57.0,14.0,23.0,28.0,17.0,14.0,19.0,20.0,600.0,561.0,745.0,2025-07-19 15:34:00,CERRADAFUERA,NO APLICA,Preventivo,-39.0,6.5,184.51,0.0,7.0,AGRICOLA,25.25,300.0,0,4.0,25.25,0.51,0.03664562084525117
ATC-866392066937776,NEW HOLLAND AG,7610S HERENCIA,LODERO,S508776M-8121161,ATC,DOLORES HIDALGO CUNA DE LA INDEPENDENCIA NACIONAL,GUANAJUATO,2764.35,0.0,8,0,7,8,,,CERRADAFUERA,CERRADAFUERA,CERRADAFUERA,CERRADAFUERA,CERRADAFUERA,CERRADAFUERA,CERRADAFUERA,21.2141981,-100.8414873,0.0,0.0,0,0.0,1.51,22.49,117.0,54.0,46.0,54.0,77.0,53.0,60.0,75.0,88.0,103.0,115.0,89.0,156.0,149.0,142.0,87.0,141.0,59.0,65.0,58.0,64.0,15.0,18.0,64.0,600.0,600.0,2765.0,2024-06-18 20:36:00,CERRADAFUERA,,Preventivo,0.0,0.0,2164.35,0.0,6.0,AGRICOLA,81.20833333333333,0.0,0,0.0,81.20833333333333,1.51,0.21112953482692634
866392068842990,NEW HOLLAND AG,7610S HERENCIA,LODERO,S508777M-8120726,ARBSA,COMONDU,BAJA CALIFORNIA SUR,3844.46,15.55,11,0,11,11,,CERRADAFUERA,CERRADAFUERA,,CERRADAFUERA,CERRADAFUERA,CERRADAFUERA,CERRADAFUERA,CERRADAFUERA,25.0340436,-111.7466285,56.44,33.17,25,6.74,5.18,18.82,1.0,0.0,1.0,100.0,177.0,116.0,147.0,136.0,148.0,176.0,143.0,88.0,148.0,118.0,109.0,112.0,155.0,141.0,88.0,85.0,176.0,100.0,119.0,98.0,600.0,588.0,3847.0,2024-06-30 19:33:00,CERRADAFUERA,0,Preventivo,-12.0,2.0,3256.46,0.0,6.0,AGRICOLA,111.75,0.0,0,28.022222222222222,111.75,5.18,0.22338035810843976
TEPSA - 866392066854484,NEW HOLLAND AG,7610S HERENCIA,4WD,S508807M-8122265,TEPSA,QUECHOLAC,PUEBLA,799.18,58.69,3,2,0,1,CERRADA,PENDIENTE,CERRADA,,,,,,,18.9617576,-97.668644,0.0,0.0,0,0.0,0.0,24.0,50.0,20.0,24.0,37.0,14.0,8.0,3.0,3.0,23.0,25.0,20.0,28.0,35.0,23.0,48.0,51.0,30.0,26.0,39.0,28.0,20.0,19.0,24.0,15.0,600.0,574.0,799.0,2025-11-07 11:13:00,CERRADA,SFPT2518/613,Preventivo,-26.0,4.333333333333334,225.17999999999995,0.0,11.0,AGRICOLA,25.541666666666668,300.0,0,78.0,25.541666666666668,0.0,0.0689936350762742
ALTENOS - 866392066781299,NEW HOLLAND AG,7610S HERENCIA,4WD,S508832M-8122215,ALTENOS,SAN JUAN DE LOS LAGOS,JALISCO,607.91,7.67,3,3,0,0,CERRADA,CERRADA,CERRADA,,,,,,,21.0935728,-102.3806213,0.0,0.0,0,0.0,0.0,24.0,0.0,0.0,0.0,10.0,3.0,17.0,29.0,2.0,5.0,6.0,0.0,0.0,1.0,2.0,12.0,0.0,14.0,32.0,58.0,1.0,9.0,1.0,0.0,11.0,600.0,560.0,609.0,2025-01-10 11:01:00,CERRADA,OTS0003848,Preventivo,-40.0,6.666666666666667,47.90999999999997,0.0,1.0,AGRICOLA,8.875,0.0,0,176.0,8.875,0.0,0.1664428717114598
ALTENOS - 866392066818158,NEW HOLLAND AG,7610S HERENCIA,4WD,S508833M-8122217,ALTENOS,SAN JUAN DE LOS LAGOS,JALISCO,2207.85,22.64,7,3,4,4,,CERRADA,CERRADA,CERRADAFUERA,CERRADAFUERA,CERRADAFUERA,CERRADAFUERA,CERRADA,,21.1340056,-102.4211685,95.22,17.38,9,2.31,8.85,15.15,78.0,53.0,29.0,49.0,86.0,72.0,41.0,17.0,70.0,131.0,38.0,36.0,62.0,32.0,57.0,53.0,127.0,83.0,56.0,60.0,69.0,71.0,84.0,88.0,600.0,614.0,2208.0,2024-06-08 21:32:00,CERRADA,OTS0002258,Preventivo,14.0,2.3333333333333335,1593.85,14.0,6.0,AGRICOLA,64.25,0.0,1,12.777777777777777,64.25,8.85,0.6771173938963209
ALTENOS - 866392067008262,NEW HOLLAND AG,7610S HERENCIA,4WD,S508834M-8122276,ALTENOS,SAN JUAN DE LOS LAGOS,JALISCO,951.3,3.22,4,2,2,2,CERRADA,CERRADA,CERRADAFUERA,CERRADAFUERA,,,,,,20.9952566,-102.335991,0.0,0.0,0,0.0,0.0,24.0,23.0,26.0,15.0,13.0,8.0,86.0,27.0,8.0,7.0,111.0,9.0,6.0,24.0,13.0,4.0,14.0,30.0,76.0,22.0,0.0,4.0,106.0,1.0,36.0,600.0,574.0,951.0,2025-05-27 17:03:00,CERRADAFUERA,CFD,Preventivo,-26.0,4.333333333333334,377.29999999999995,0.0,5.0,AGRICOLA,27.875,0.0,0,121.0,27.875,0.0,0.07091719534094394
866392067006803,NEW HOLLAND AG,7610S HERENCIA,LODERO,S508840M-8122269,ARBSA,COMONDU,BAJA CALIFORNIA SUR,3797.46,168.73,11,0,11,11,,CERRADAFUERA,CERRADAFUERA,,CERRADAFUERA,CERRADAFUERA,CERRADAFUERA,CERRADAFUERA,CERRADAFUERA,24.9726721,-111.8017723,87.66,54.51,21,7.69,10.75,13.25,0.0,0.0,0.0,24.0,29.0,15.0,130.0,150.0,128.0,161.0,158.0,92.0,160.0,128.0,115.0,127.0,134.0,109.0,127.0,105.0,161.0,98.0,64.0,110.0,600.0,598.0,3799.0,2024-06-30 19:42:00,CERRADAFUERA,0,Preventivo,-2.0,0.33333333333333337,3199.46,0.0,6.0,AGRICOLA,96.875,0.0,0,27.78333333333333,96.875,10.75,0.14872893970933584
TEPSA - 866392066856281,NEW HOLLAND AG,7610S HERENCIA,4WD,S508845M-8121281,TEPSA,TLAHUAPAN,PUEBLA,673.14,17.09,3,3,0,0,CERRADA,CERRADA,CERRADA,,,,,,,19.3789321,-98.531571,0.0,0.0,0,0.0,0.0,24.0,48.0,4.0,21.0,14.0,13.0,13.0,33.0,7.0,4.0,0.0,7.0,46.0,44.0,50.0,11.0,34.0,36.0,32.0,63.0,17.0,6.0,3.0,23.0,11.0,600.0,562.0,673.0,2025-07-25 00:12:00,CERRADA,SF20210,Preventivo,-38.0,6.333333333333334,111.13999999999999,0.0,7.0,AGRICOLA,22.5,0.0,0,74.66666666666667,22.5,0.0,0.0689936350762742
TEPSA - 866392066781406,NEW HOLLAND AG,7610S HERENCIA,4WD,S508850M-8121157,TEPSA,SAN NICOLAS BUENOS AIRES,PUEBLA,3358.96,3.21,10,0,8,10,,,CERRADAFUERA,CERRADAFUERA,CERRADAFUERA,CERRADAFUERA,CERRADAFUERA,CERRADAFUERA,CERRADAFUERA,19.2306678,-97.5269281,37.29,44.55,15,5.54,9.95,14.05,107.0,139.0,80.0,107.0,121.0,86.0,89.0,85.0,63.0,70.0,96.0,91.0,159.0,167.0,172.0,136.0,108.0,131.0,48.0,62.0,87.0,90.0,87.0,94.0,600.0,765.0,3360.0,2024-06-18 21:36:00,CERRADAFUERA,******,Preventivo,165.0,27.500000000000004,2593.96,165.0,6.0,AGRICOLA,103.125,0.0,0,5.972222222222222,103.125,9.95,0.24527024332006142
ALTENOS - 866392066781117,NEW HOLLAND AG,7610S HERENCIA,LODERO,S508855M-8121266,ALTENOS,LAGOS DE MORENO,JALISCO,644.19,0.02,3,3,0,0,CERRADA,CERRADA,CERRADA,,,,,,,21.4090928,-101.8627228,0.0,0.0,0,0.0,0.0,24.0,21.0,2.0,6.0,5.0,22.0,55.0,38.0,56.0,3.0,7.0,15.0,0.0,1.0,1.0,17.0,10.0,3.0,20.0,15.0,3.0,46.0,6.0,33.0,3.0,600.0,560.0,645.0,2025-09-19 12:55:00,CERRADA,OTS0003739,Preventivo,-40.0,6.666666666666667,84.19000000000005,0.0,9.0,AGRICOLA,16.166666666666668,0.0,0,88.33333333333333,16.166666666666668,0.0,0.15145130256616704
866392066845003,NEW HOLLAND AG,7610S HERENCIA,4WD,S508857M-8121269,AGROCISAGRAL,SAN JUAN DE LOS LAGOS,JALISCO,770.78,29.7,3,2,1,1,CERRADAFUERA,CERRADA,CERRADA,,,,,,,21.273913,-102.184914,0.0,0.0,0,0.0,0.0,24.0,39.0,1.0,15.0,43.0,10.0,33.0,15.0,0.0,0.0,70.0,55.0,14.0,1.0,37.0,0.0,39.0,29.0,44.0,7.0,9.0,0.0,40.0,44.0,15.0,600.0,576.0,770.0,2025-07-23 11:04:00,CERRADA,4881,Preventivo,-24.0,4.0,194.77999999999997,0.0,7.0,AGRICOLA,23.333333333333332,0.0,0,131.0,23.333333333333332,0.0,0.059020552049429804
AGROCISA - 866392066882840,NEW HOLLAND AG,7610S HERENCIA,4WD,S508859M-8121270,AGROCISAGRAL,ORIENTAL,PUEBLA,2198.16,12.97,6,0,6,6,,,CERRADAFUERA,CERRADAFUERA,CERRADAFUERA,CERRADAFUERA,CERRADAFUERA,CERRADAFUERA,,19.2808336,-97.5568488,83.48,41.61,15,5.57,9.52,14.48,89.0,116.0,62.0,52.0,109.0,29.0,55.0,101.0,77.0,43.0,45.0,19.0,76.0,115.0,110.0,87.0,79.0,75.0,45.0,34.0,35.0,70.0,18.0,42.0,600.0,584.0,2200.0,2024-06-18 21:08:00,CERRADAFUERA,0,Preventivo,-16.0,2.666666666666667,1614.1599999999999,0.0,6.0,AGRICOLA,65.95833333333333,0.0,0,3.2222222222222223,65.95833333333333,9.52,0.411223008203585
866392066780937,NEW HOLLAND AG,7610S HERENCIA,4WD,S508860M-8121278,AGROCISAGRAL,ATOTONILCO EL ALTO,JALISCO,864.23,119.52,3,2,0,1,,CERRADA,CERRADA,PORVENCER,,,,,,20.6346675,-102.4957941,0.0,0.0,0,0.0,0.0,24.0,0.0,10.0,30.0,131.0,110.0,12.0,2.0,15.0,0.0,10.0,1.0,1.0,1.0,12.0,49.0,105.0,95.0,40.0,0.0,1.0,0.0,0.0,0.0,0.0,600.0,598.0,864.0,2025-04-22 09:33:00,CERRADA,24586,Preventivo,-2.0,0.33333333333333337,266.23,0.0,4.0,AGRICOLA,26.041666666666668,900.0,0,33.0,26.041666666666668,0.0,0.12725972565582216
TEPSA - 866392066799796,NEW HOLLAND AG,7610S HERENCIA,4WD,S508861M-8124058,TEPSA,ORIENTAL,PUEBLA,1824.19,81.21,6,3,0,3,,CERRADA,CERRADA,PENDIENTE,PENDIENTE,CERRADA,PENDIENTE,,,19.4071855,-97.6369048,0.0,0.0,0,0.0,0.0,24.0,62.0,126.0,84.0,78.0,71.0,43.0,30.0,62.0,68.0,52.0,49.0,5.0,125.0,130.0,75.0,53.0,83.0,80.0,35.0,21.0,47.0,14.0,21.0,0.0,600.0,560.0,1824.0,2024-06-23 10:17:00,CERRADA,SFP1466/0454,Preventivo,-40.0,6.666666666666667,1264.19,0.0,6.0,AGRICOLA,58.916666666666664,3900.0,0,81.66666666666667,58.916666666666664,0.0,0.5070258539352033
TEPSA - 866392066780689,NEW HOLLAND AG,7610S HERENCIA,4WD,S508862M-8124059,TEPSA,ORIENTAL,PUEBLA,1821.71,122.27,6,5,0,1,,CERRADA,CERRADA,CERRADA,CERRADA,CERRADA,PENDIENTE,,,19.4087848,-97.6368395,0.0,0.0,0,0.0,0.0,24.0,63.0,124.0,76.0,68.0,57.0,36.0,29.0,53.0,103.0,38.0,25.0,11.0,114.0,129.0,75.0,64.0,93.0,90.0,51.0,21.0,69.0,29.0,17.0,2.0,600.0,645.0,1821.0,2024-06-08 21:31:00,CERRADA,SFP1467/0455,Preventivo,45.0,7.5,1176.71,45.0,6.0,AGRICOLA,59.875,1800.0,1,3.2222222222222223,59.875,0.0,0.7088364347454831
866392066982434,NEW HOLLAND AG,7610S HERENCIA,LODERO,S508877M-8121159,ATC,SAN LUIS DE LA PAZ,GUANAJUATO,750.39,10.66,3,1,2,2,CERRADA,CERRADAFUERA,CERRADAFUERA,,,,,,,21.3500106,-100.5986013,0.0,0.0,0,0.0,0.0,24.0,0.0,0.0,1.0,0.0,0.0,0.0,3.0,4.0,36.0,58.0,29.0,52.0,70.0,70.0,35.0,48.0,53.0,32.0,1.0,30.0,18.0,26.0,2.0,0.0,600.0,600.0,750.0,2025-11-07 10:16:00,CERRADAFUERA,,Preventivo,0.0,0.0,150.39,0.0,11.0,AGRICOLA,23.666666666666668,0.0,0,0.0,23.666666666666668,0.0,0.2498043150746069
866392066812615,NEW HOLLAND AG,7610S HERENCIA,LODERO,S508878M-8121277,ATC,DOLORES HIDALGO CUNA DE LA INDEPENDENCIA NACIONAL,GUANAJUATO,843.9,32.21,3,2,1,1,CERRADA,CERRADA,CERRADAFUERA,,,,,,,21.158567,-100.8408521,0.0,0.0,0,0.0,0.0,24.0,0.0,0.0,0.0,0.0,0.0,0.0,58.0,36.0,43.0,32.0,6.0,49.0,33.0,67.0,30.0,49.0,64.0,17.0,9.0,25.0,21.0,49.0,11.0,14.0,600.0,600.0,843.0,2025-05-27 18:00:00,CERRADAFUERA,,Preventivo,0.0,0.0,243.89999999999998,0.0,5.0,AGRICOLA,25.541666666666668,0.0,0,0.0,25.541666666666668,0.0,0.23480431507460695
866392063323996,NEW HOLLAND AG,7610S HERENCIA,LODERO,S508883M-8121155,ARBSA,ENSENADA,BAJA CALIFORNIA,610.57,72.59,2,2,0,0,,CERRADA,CERRADA,,,,,,,30.7930905,-116.0273805,0.12,0.06,7,6.91,0.11,23.9,3.0,1.0,4.0,12.0,0.0,0.0,0.0,0.0,0.0,0.0,0.0,0.0,0.0,5.0,0.0,3.0,1.0,1.0,0.0,43.0,19.0,1.0,31.0,39.0,600.0,560.0,610.0,2025-12-27 09:00:00,CERRADA,110884,Preventivo,-40.0,6.666666666666667,50.57000000000005,0.0,12.0,AGRICOLA,6.791666666666667,0.0,0,19.333333333333332,6.791666666666667,0.11,0.05414197131134523
ENAGRI - 862407060169335,NEW HOLLAND AG,6610S HERENCIA,4WD,S508893M-8122196,ENAGRI,SANTIAGO IXCUINTLA,NAYARIT,811.2,378.49,3,3,0,0,CERRADA,CERRADA,CERRADA,,,,,,,21.8229675,-105.1851288,0.0,0.0,0,0.0,0.0,24.0,11.0,0.0,0.0,0.0,40.0,121.0,62.0,1.0,0.0,30.0,0.0,0.0,0.0,0.0,1.0,10.0,5.0,13.0,77.0,10.0,2.0,111.0,96.0,0.0,600.0,561.0,811.0,2025-10-25 14:57:00,CERRADA,TF18133,Preventivo,-39.0,6.5,250.20000000000005,0.0,10.0,AGRICOLA,24.583333333333332,0.0,0,144.0,24.583333333333332,0.0,0.059020552049429804
ALTENOS - 866016064405599,NEW HOLLAND AG,7610S HERENCIA,4WD,S508901M-8122500,ALTENOS,LAGOS DE MORENO,JALISCO,656.13,273.77,3,1,2,2,CERRADA,CERRADAFUERA,CERRADAFUERA,,,,,,,21.39788,-101.9024593,0.0,0.0,0,0.0,0.0,24.0,11.0,7.0,12.0,43.0,59.0,15.0,1.0,0.0,0.0,4.0,25.0,38.0,37.0,86.0,75.0,49.0,67.0,26.0,6.0,2.0,3.0,0.0,0.0,0.0,600.0,586.0,656.0,2025-05-27 15:01:00,CERRADAFUERA,CFD,Preventivo,-14.0,2.3333333333333335,70.13,0.0,5.0,AGRICOLA,23.583333333333332,0.0,0,129.5,23.583333333333332,0.0,0.059020552049429804
ALTENOS - 866392063334308,NEW HOLLAND AG,7610S HERENCIA,4WD,S508911M-8122482,ALTENOS,AGUASCALIENTES,AGUASCALIENTES,1104.31,16.14,3,0,3,3,,CERRADAFUERA,CERRADAFUERA,CERRADAFUERA,,,,,,21.7796151,-102.3409008,0.0,0.0,0,0.0,0.0,24.0,21.0,48.0,65.0,64.0,75.0,57.0,18.0,9.0,0.0,45.0,0.0,17.0,3.0,18.0,37.0,52.0,77.0,61.0,48.0,38.0,43.0,0.0,36.0,76.0,600.0,561.0,1104.0,2024-12-20 21:33:00,CERRADAFUERA,CFD,Preventivo,-39.0,6.5,543.31,0.0,12.0,AGRICOLA,37.833333333333336,0.0,0,36.666666666666664,37.833333333333336,0.0,0.36373318739310684
ALTENOS - 862407060127085,NEW HOLLAND AG,7610S HERENCIA,4WD,S508912M-8123298,ALTENOS,ROMITA,GUANAJUATO,926.84,47.79,4,0,4,4,CERRADAFUERA,CERRADAFUERA,CERRADAFUERA,CERRADAFUERA,,,,,,20.9138785,-101.6531516,10.76,6.94,16,3.28,2.3,21.7,37.0,10.0,7.0,17.0,43.0,16.0,13.0,30.0,19.0,37.0,34.0,37.0,58.0,102.0,39.0,65.0,26.0,28.0,19.0,21.0,18.0,18.0,34.0,42.0,600.0,581.0,926.0,2025-03-24 12:35:00,CERRADAFUERA,CFD,Preventivo,-19.0,3.166666666666667,345.84000000000003,0.0,3.0,AGRICOLA,32.083333333333336,0.0,0,135.0,32.083333333333336,2.3,0.0313144125004342
ALTENOS - 866392063354686,NEW HOLLAND AG,7610S HERENCIA,4WD,S508913M-8120984,ALTENOS,SAN JUAN DE LOS LAGOS,JALISCO,842.98,101.15,12,0,3,12,CERRADAFUERA,CERRADAFUERA,CERRADAFUERA,,,,,,,21.4391356,-102.3191685,0.0,0.0,0,0.0,0.0,24.0,0.0,7.0,7.0,4.0,0.0,0.0,0.0,11.0,18.0,113.0,17.0,14.0,59.0,89.0,83.0,36.0,45.0,51.0,35.0,4.0,25.0,58.0,3.0,5.0,600.0,564.0,843.0,2025-05-06 21:19:00,CERRADAFUERA,CFD,Preventivo,-36.0,6.0,278.98,0.0,5.0,AGRICOLA,28.5,0.0,0,11.166666666666668,28.5,0.0,0.05912054354210951
ALTENOS - 862255067412244,NEW HOLLAND AG,7610S HERENCIA,4WD,S508920M-8123910,ALTENOS,SAN JUAN DE LOS LAGOS,JALISCO,1162.58,0.89,4,0,3,4,,CERRADAFUERA,CERRADAFUERA,CERRADAFUERA,PORVENCER,,,,,21.1083561,-102.417781,7.6,0.45,4,0.28,3.66,20.34,0.0,1.0,49.0,35.0,43.0,122.0,62.0,13.0,11.0,21.0,14.0,32.0,46.0,27.0,22.0,21.0,57.0,86.0,28.0,20.0,40.0,59.0,15.0,69.0,600.0,566.0,1163.0,2024-12-30 23:46:00,CERRADAFUERA,CFD,Preventivo,-34.0,5.666666666666666,596.5799999999999,0.0,12.0,AGRICOLA,37.208333333333336,1200.0,0,11.0,37.208333333333336,3.66,0.21369270847293753
ATN-S508925M-866016064538753,NEW HOLLAND AG,7610S HERENCIA,4WD,S508925M-8123911,ATN,PENJAMO,GUANAJUATO,963.48,40.02,4,1,2,3,CERRADA,CERRADAFUERA,CERRADAFUERA,PENDIENTE,,,,,,20.3986335,-101.4796986,0.0,0.0,0,0.0,0.0,24.0,4.0,4.0,6.0,0.0,0.0,3.0,0.0,0.0,0.0,0.0,0.0,0.0,0.0,0.0,0.0,0.0,0.0,0.0,0.0,0.0,0.0,0.0,0.0,0.0,600.0,600.0,963.0,2025-11-07 10:40:00,CERRADAFUERA,,Preventivo,0.0,0.0,363.48,0.0,11.0,AGRICOLA,0.7083333333333334,900.0,0,0.0,0.7083333333333334,0.0,0.13556277165131644
ATN - 866016064467128,NEW HOLLAND AG,7610S HERENCIA,4WD,S508926M-8123912,ATC,CHALCHICOMULA DE SESMA,PUEBLA,721.08,11.73,3,1,2,2,CERRADA,CERRADAFUERA,CERRADAFUERA,,,,,,,18.994558,-97.5399045,0.0,0.0,0,0.0,0.0,24.0,10.0,0.0,14.0,18.0,21.0,59.0,42.0,1.0,32.0,16.0,20.0,10.0,5.0,43.0,14.0,24.0,94.0,95.0,10.0,3.0,61.0,12.0,7.0,2.0,600.0,600.0,721.0,2025-11-07 09:32:00,CERRADAFUERA,,Preventivo,0.0,0.0,121.08000000000004,0.0,11.0,AGRICOLA,25.541666666666668,0.0,0,0.0,25.541666666666668,0.0,0.23480431507460695
ENAGRI - 866016064401655,NEW HOLLAND AG,7610S HERENCIA,4WD,S508929M-8123928,ENAGRI,SANTIAGO IXCUINTLA,NAYARIT,656.93,6.16,10,2,0,8,CERRADA,PENDIENTE,CERRADA,,,,,,,21.8230228,-105.1851861,0.0,0.0,0,0.0,0.0,24.0,3.0,0.0,0.0,0.0,5.0,66.0,93.0,1.0,0.0,56.0,7.0,16.0,0.0,0.0,0.0,0.0,0.0,121.0,5.0,0.0,0.0,33.0,36.0,0.0,600.0,560.0,656.0,2025-10-25 09:44:00,CERRADA,TF18256,Preventivo,-40.0,6.666666666666667,96.92999999999995,0.0,10.0,AGRICOLA,18.416666666666668,300.0,0,38.0,18.416666666666668,0.0,0.12408576233782373
ARBSA - 866016064479537,NEW HOLLAND AG,7610S HERENCIA,4WD,S508936M-8122489,ARBSA,CADEREYTA DE MONTES,QUERETARO,651.23,0.0,3,1,2,2,CERRADA,CERRADAFUERA,CERRADAFUERA,,,,,,,20.8399803,-99.7202735,59.35,17.79,13,3.5,5.56,18.44,0.0,0.0,33.0,41.0,0.0,57.0,72.0,42.0,2.0,7.0,47.0,35.0,14.0,1.0,34.0,22.0,7.0,68.0,13.0,1.0,1.0,0.0,0.0,28.0,600.0,601.0,652.0,2025-11-07 09:29:00,CERRADAFUERA,0,Preventivo,1.0,0.16666666666666669,50.23000000000002,1.0,11.0,AGRICOLA,21.875,0.0,0,67.83333333333333,21.875,5.56,0.05308477710249502
866392063352730,NEW HOLLAND AG,7610S HERENCIA,4WD,S508940M-8125651,ATC,DOLORES HIDALGO CUNA DE LA INDEPENDENCIA NACIONAL,GUANAJUATO,2048.13,1.75,5,0,5,5,,,CERRADAFUERA,CERRADAFUERA,CERRADAFUERA,CERRADAFUERA,CERRADAFUERA,,,20.9965378,-100.9466596,0.0,0.0,0,0.0,0.0,24.0,28.0,4.0,0.0,7.0,11.0,13.0,11.0,63.0,81.0,105.0,101.0,79.0,130.0,134.0,100.0,86.0,132.0,0.0,0.0,0.0,0.0,0.0,0.0,0.0,600.0,600.0,2048.0,2024-06-18 10:45:00,CERRADAFUERA,,Preventivo,0.0,0.0,1448.13,0.0,6.0,AGRICOLA,45.208333333333336,0.0,0,0.0,45.208333333333336,0.0,0.6238960956557132
ALTENOS-S508959M-866016064460065,NEW HOLLAND AG,7610S HERENCIA,4WD,S508959M-8125660,ALTENOS,PURISIMA DEL RINCON,GUANAJUATO,995.88,0.0,7,1,3,6,CERRADA,CERRADAFUERA,CERRADAFUERA,CERRADAFUERA,,,,,,20.9697918,-102.2101681,83.16,8.98,16,1.46,7.97,16.03,0.0,0.0,0.0,0.0,0.0,66.0,23.0,7.0,0.0,73.0,2.0,32.0,16.0,29.0,5.0,16.0,28.0,69.0,34.0,0.0,27.0,91.0,39.0,81.0,600.0,563.0,995.0,2025-09-25 04:32:00,CERRADAFUERA,CFD,Preventivo,-37.0,6.166666666666667,432.88,0.0,9.0,AGRICOLA,26.583333333333332,0.0,0,17.333333333333336,26.583333333333332,7.97,0.030609057307696908
ALTENOS-S508966M-866392063329175,NEW HOLLAND AG,7610S HERENCIA,4WD,S508966M-8123940,ALTENOS,MEXTICACAN,JALISCO,1150.94,26.52,3,2,1,1,,CERRADA,CERRADAFUERA,CERRADA,,,,,,21.068176,-102.62523,75.49,1.04,4,0.15,8.32,15.68,55.0,18.0,5.0,4.0,65.0,81.0,26.0,2.0,0.0,98.0,28.0,14.0,8.0,29.0,9.0,112.0,95.0,58.0,22.0,0.0,1.0,74.0,41.0,10.0,600.0,561.0,1154.0,2024-10-12 11:14:00,CERRADAFUERA,CFD,Preventivo,-39.0,6.5,589.94,0.0,10.0,AGRICOLA,35.625,0.0,0,0.0,35.625,8.32,0.29664952171006903
ALTENOS - 862407060165606,NEW HOLLAND AG,7610S HERENCIA,4WD,S508971M-8124056,ALTENOS,ATOYAC,JALISCO,1641.91,48.3,4,0,4,4,,,CERRADAFUERA,CERRADAFUERA,CERRADAFUERA,CERRADAFUERA,,,,20.0975528,-103.4431256,0.0,0.0,0,0.0,0.0,24.0,105.0,42.0,21.0,76.0,133.0,103.0,30.0,25.0,4.0,47.0,96.0,64.0,121.0,5.0,29.0,26.0,60.0,60.0,17.0,14.0,21.0,48.0,27.0,76.0,600.0,604.0,1641.0,2024-06-18 20:23:00,CERRADAFUERA,5,Preventivo,4.0,0.6666666666666667,1037.91,4.0,6.0,AGRICOLA,52.083333333333336,0.0,0,3.2222222222222223,52.083333333333336,0.0,0.6881133457502625
ALTENOS - 866016064473597,NEW HOLLAND AG,7610S HERENCIA,4WD,S508982M-8123921,ALTENOS,ORIENTAL,PUEBLA,1556.85,270.93,5,0,5,5,,CERRADAFUERA,CERRADAFUERA,CERRADAFUERA,CERRADAFUERA,CERRADAFUERA,,,,19.3267751,-97.5641418,0.0,0.0,0,0.0,0.0,24.0,2.0,62.0,31.0,80.0,4.0,11.0,11.0,56.0,67.0,36.0,43.0,55.0,85.0,141.0,63.0,46.0,18.0,57.0,69.0,5.0,61.0,17.0,44.0,55.0,600.0,562.0,1559.0,2024-12-12 11:23:00,CERRADAFUERA,CFD,Preventivo,-38.0,6.333333333333334,994.8499999999999,0.0,12.0,AGRICOLA,46.625,0.0,0,10.333333333333334,46.625,0.0,0.5236805303662355
ATC - 866392063383370,NEW HOLLAND AG,7610S HERENCIA,4WD,S508996M-8123937,ATC,SAN LUIS DE LA PAZ,GUANAJUATO,996.2,244.79,4,4,0,0,CERRADA,CERRADA,CERRADA,CERRADA,,,,,,21.1016971,-100.5936741,4.41,2.17,10,6.13,0.37,23.63,16.0,78.0,9.0,55.0,30.0,7.0,34.0,31.0,22.0,6.0,116.0,9.0,34.0,11.0,33.0,28.0,30.0,1.0,3.0,30.0,11.0,25.0,23.0,9.0,600.0,500.0,996.0,2024-12-23 11:13:00,CERRADA,973213,Preventivo,-100.0,16.666666666666664,496.20000000000005,0.0,12.0,AGRICOLA,27.125,0.0,0,38.0,27.125,0.37,0.045833702071657864
ATN - 866016064552689,NEW HOLLAND AG,7610S HERENCIA,4WD,S509009M-8126671,ATN,TORREON,COAHUILA DE ZARAGOZA,3181.34,157.41,9,2,0,7,,,CERRADA,CERRADA,PENDIENTE,PENDIENTE,PENDIENTE,PENDIENTE,PENDIENTE,25.3630326,-103.4420051,83.16,36.87,11,5.39,6.96,17.04,2.0,44.0,117.0,150.0,144.0,99.0,73.0,102.0,103.0,106.0,65.0,89.0,99.0,97.0,81.0,103.0,117.0,100.0,95.0,79.0,118.0,107.0,61.0,75.0,600.0,679.0,3183.0,2024-06-18 21:31:00,CERRADA,940107,Preventivo,79.0,13.166666666666666,2502.34,79.0,6.0,AGRICOLA,92.75,9000.0,0,1.7777777777777777,92.75,6.96,0.2518783716323361
ATC - 866016064476491,NEW HOLLAND AG,7610S HERENCIA,4WD,S509010M-8126655,ATC,CONCORDIA,SINALOA,1528.29,16.36,6,0,5,6,CERRADAFUERA,CERRADAFUERA,CERRADAFUERA,CERRADAFUERA,CERRADAFUERA,PENDIENTE,,,,22.9117363,-105.9042366,56.02,18.45,11,4.15,4.58,19.42,0.0,0.0,1.0,0.0,12.0,28.0,31.0,90.0,61.0,0.0,12.0,21.0,14.0,102.0,29.0,45.0,23.0,52.0,131.0,114.0,87.0,57.0,56.0,15.0,600.0,582.0,1528.0,2025-04-22 09:26:00,CERRADAFUERA,,Preventivo,-18.0,3.0,946.29,0.0,4.0,AGRICOLA,40.875,1500.0,0,0.0,40.875,4.58,0.31223303907152833
ATC - 866016064327074,NEW HOLLAND AG,7610S HERENCIA,4WD,S509011M-8126623,ATC,VICENTE GUERRERO,DURANGO,1429.24,0.0,5,0,5,5,CERRADAFUERA,CERRADAFUERA,CERRADAFUERA,CERRADAFUERA,CERRADAFUERA,,,,,24.1082226,-103.6726761,0.0,0.0,0,0.0,0.0,24.0,3.0,0.0,0.0,0.0,40.0,58.0,90.0,13.0,0.0,96.0,43.0,56.0,80.0,22.0,5.0,14.0,25.0,107.0,66.0,52.0,0.0,69.0,26.0,14.0,600.0,600.0,1429.0,2024-05-12 22:15:00,CERRADAFUERA,,Preventivo,0.0,0.0,829.24,0.0,5.0,AGRICOLA,36.625,0.0,0,0.0,36.625,0.0,0.4126673902590112
MADISA - 866016064477242,NEW HOLLAND AG,7610S HERENCIA,4WD,S509013M-8126624,MADISAGRAL,SANTIAGO DE ANAYA,HIDALGO,992.95,48.11,4,2,1,2,CERRADA,CERRADA,CERRADAFUERA,PENDIENTE,,,,,,20.4834246,-99.1851543,0.0,0.0,0,0.0,0.0,24.0,0.0,0.0,0.0,13.0,35.0,26.0,46.0,32.0,41.0,44.0,21.0,27.0,24.0,36.0,27.0,20.0,36.0,18.0,19.0,21.0,46.0,27.0,23.0,39.0,600.0,576.0,996.0,2025-03-24 14:41:00,CERRADAFUERA,NO APLICA,Preventivo,-24.0,4.0,416.95000000000005,0.0,3.0,AGRICOLA,25.875,900.0,0,44.833333333333336,25.875,0.0,0.08479509511951976
ATC - 866016061356498,NEW HOLLAND AG,7610S HERENCIA,4WD,S509014M-8126668,ATC,SALAMANCA,GUANAJUATO,938.45,10.53,3,1,1,2,,CERRADA,CERRADAFUERA,PENDIENTE,,,,,,20.4914223,-101.122208,0.0,0.0,0,0.0,0.0,24.0,22.0,48.0,49.0,20.0,108.0,12.0,2.0,10.0,8.0,22.0,51.0,114.0,43.0,10.0,4.0,17.0,62.0,18.0,0.0,6.0,6.0,20.0,25.0,49.0,600.0,600.0,940.0,2024-12-24 10:33:00,CERRADAFUERA,,Preventivo,0.0,0.0,338.45000000000005,0.0,12.0,AGRICOLA,30.25,900.0,0,0.0,30.25,0.0,0.23480431507460695
ATC - 866016061325162,NEW HOLLAND AG,7610S HERENCIA,4WD,S509016M-8126665,ATC,HUITZILAC,MORELOS,908.19,0.02,4,1,2,3,CERRADA,CERRADAFUERA,CERRADAFUERA,PENDIENTE,,,,,,19.1340766,-99.2889396,0.21,0.04,4,2.74,0.06,23.94,3.0,1.0,80.0,33.0,53.0,27.0,116.0,58.0,29.0,0.0,0.0,0.0,0.0,0.0,19.0,31.0,71.0,47.0,62.0,13.0,27.0,15.0,67.0,11.0,600.0,600.0,908.0,2025-04-24 01:25:00,CERRADAFUERA,,Preventivo,0.0,0.0,308.19000000000005,0.0,4.0,AGRICOLA,31.791666666666668,900.0,0,50.0,31.791666666666668,0.06,0.06332012775346735
ALTENOS - 866016064522013,NEW HOLLAND AG,7610S HERENCIA,4WD,S509025M-8126635,ALTENOS,SAN JUAN DE LOS LAGOS,JALISCO,622.77,0.01,3,0,3,3,CERRADAFUERA,CERRADAFUERA,CERRADAFUERA,,,,,,,21.0616795,-102.132066,0.06,0.03,6,5.98,0.13,23.87,0.0,7.0,5.0,3.0,0.0,54.0,17.0,0.0,2.0,10.0,31.0,0.0,0.0,36.0,51.0,16.0,8.0,70.0,21.0,4.0,3.0,90.0,0.0,0.0,600.0,560.0,623.0,2025-10-24 17:00:00,CERRADAFUERA,CFD,Preventivo,-40.0,6.666666666666667,62.76999999999998,0.0,10.0,AGRICOLA,17.833333333333332,0.0,0,5.333333333333334,17.833333333333332,0.13,0.03823197146688336
862407060169186,NEW HOLLAND AG,7610S HERENCIA,4WD,S509033M-8126617,AGROEQUIPOS,CHAHUITES,OAXACA,1495.14,6.93,6,3,0,3,CERRADA,CERRADA,CERRADA,PENDIENTE,PENDIENTE,PORVENCER,,,,16.3194546,-94.1510985,0.0,0.0,0,0.0,0.0,24.0,0.0,0.0,1.0,0.0,26.0,7.0,26.0,46.0,20.0,66.0,97.0,34.0,71.0,104.0,46.0,100.0,92.0,57.0,59.0,32.0,9.0,63.0,61.0,75.0,600.0,585.0,1497.0,2025-01-26 13:24:00,CERRADA,OS-13947,Preventivo,-15.0,2.5,910.1400000000001,0.0,1.0,AGRICOLA,45.5,3600.0,0,26.0,45.5,0.0,0.5409084272921266
862255067068749,NEW HOLLAND AG,7610S HERENCIA,4WD,S509034M-8126625,AGROEQUIPOS,TAPACHULA,CHIAPAS,1270.59,15.11,83,4,0,79,CERRADA,CERRADA,CERRADA,CERRADA,PENDIENTE,,,,,14.7390281,-92.438524,0.0,0.0,0,0.0,0.0,24.0,0.0,0.0,2.0,0.0,0.0,0.0,72.0,111.0,61.0,79.0,50.0,65.0,117.0,92.0,92.0,60.0,56.0,44.0,49.0,33.0,0.0,22.0,7.0,3.0,600.0,600.0,1270.0,2024-05-12 10:12:00,CERRADA,OS-13862,Preventivo,0.0,0.0,670.5899999999999,0.0,5.0,AGRICOLA,42.291666666666664,1200.0,1,0.0,42.291666666666664,0.0,0.5768409867376875
ATS - 866016064474488,NEW HOLLAND AG,7610S HERENCIA,4WD,S509035M-8126637,ATS,MIAHUATLAN DE PORFIRIO DIAZ,OAXACA,1345.11,127.53,15,2,3,13,CERRADA,CERRADA,CERRADAFUERA,CERRADAFUERA,CERRADAFUERA,,,,,16.2693521,-96.574491,0.0,0.0,0,0.0,2.0,22.0,6.0,0.0,1.0,3.0,24.0,47.0,72.0,24.0,0.0,0.0,60.0,40.0,106.0,68.0,62.0,31.0,88.0,64.0,116.0,42.0,34.0,52.0,24.0,26.0,600.0,563.0,1345.0,2025-04-03 00:16:00,CERRADAFUERA,0,Preventivo,-37.0,6.166666666666667,782.1099999999999,0.0,4.0,AGRICOLA,41.25,0.0,0,22.666666666666668,41.25,2.0,0.2633520264898003
862407060129727,NEW HOLLAND AG,7610S HERENCIA,4WD,S509036M-8125811,TEPSA,CHALCHICOMULA DE SESMA,PUEBLA,738.36,0.0,19,2,1,17,CERRADA,CERRADAFUERA,CERRADA,,,,,,,19.0782235,-97.4093756,0.0,0.0,0,0.0,0.0,24.0,0.0,38.0,54.0,10.0,18.0,8.0,16.0,20.0,19.0,36.0,32.0,30.0,30.0,69.0,19.0,28.0,10.0,6.0,6.0,2.0,15.0,32.0,53.0,23.0,600.0,560.0,739.0,2025-09-15 15:47:00,CERRADA,SF M1000SF011,Preventivo,-40.0,6.666666666666667,178.36,0.0,9.0,AGRICOLA,23.916666666666668,0.0,0,4.666666666666667,23.916666666666668,0.0,0.06503540860558923
TEPSA - 866016064520363,NEW HOLLAND AG,7610S HERENCIA,4WD,S509037M-8126615,TEPSA,QUECHOLAC,PUEBLA,1490.52,5.38,20,6,0,14,CERRADA,CERRADA,CERRADA,CERRADA,CERRADA,PORVENCER,,,,18.852574,-97.6353636,65.3,31.12,22,5.4,6.18,17.82,6.0,49.0,42.0,79.0,60.0,64.0,133.0,36.0,21.0,98.0,48.0,18.0,44.0,40.0,33.0,69.0,94.0,47.0,62.0,32.0,33.0,9.0,32.0,16.0,600.0,600.0,1493.0,2024-04-10 18:53:00,CERRADA,SFPT1929/169,Preventivo,0.0,0.0,890.52,0.0,4.0,AGRICOLA,48.541666666666664,1500.0,0,0.0,48.541666666666664,6.18,0.4886662898065363
866016064358343,NEW HOLLAND AG,7610S HERENCIA,4WD,S509043M-8126647,ALTENOS,PURISIMA DEL RINCON,GUANAJUATO,1297.54,19.11,10,3,2,7,CERRADA,CERRADA,CERRADAFUERA,CERRADA,CERRADAFUERA,,,,,20.9830175,-102.1349268,0.0,0.0,0,0.0,0.0,24.0,6.0,0.0,113.0,66.0,51.0,52.0,46.0,1.0,0.0,119.0,62.0,48.0,89.0,121.0,139.0,26.0,71.0,64.0,0.0,0.0,28.0,181.0,6.0,42.0,600.0,560.0,1297.0,2024-08-12 09:11:00,CERRADAFUERA,CFD,Preventivo,-40.0,6.666666666666667,737.54,0.0,8.0,AGRICOLA,55.458333333333336,0.0,0,2.666666666666667,55.458333333333336,0.0,0.6328389461246436
862407060172263,NEW HOLLAND AG,7610S HERENCIA,4WD,S509052M-8125758,ATN,FRANCISCO I. MADERO,HIDALGO,1094.62,320.44,11,0,4,11,CERRADAFUERA,CERRADAFUERA,CERRADAFUERA,CERRADAFUERA,,,,,,25.6919198,-103.3780961,18.71,16.61,21,9.83,3.28,20.73,0.0,0.0,13.0,15.0,15.0,25.0,17.0,0.0,0.0,0.0,0.0,0.0,0.0,0.0,0.0,0.0,0.0,0.0,0.0,0.0,0.0,0.0,0.0,0.0,600.0,569.0,1095.0,2024-12-18 08:22:00,CERRADAFUERA,0,Preventivo,-31.0,5.166666666666667,525.6199999999999,0.0,12.0,AGRICOLA,3.5416666666666665,0.0,0,6.833333333333333,3.5416666666666665,3.28,0.03075574141092625
862407060128646,NEW HOLLAND AG,7610S HERENCIA,4WD,S509065M-8126621,ARBSA,CIUDAD OBREGON,SONORA,1497.87,34.72,9,5,1,4,CERRADA,CERRADA,CERRADA,CERRADAFUERA,CERRADA,PORVENCER,,,,27.2949293,-110.107024,60.35,28.6,14,4.58,7.94,16.06,1.0,0.0,0.0,5.0,46.0,111.0,70.0,68.0,32.0,18.0,27.0,23.0,44.0,86.0,75.0,140.0,87.0,94.0,43.0,53.0,26.0,54.0,70.0,45.0,600.0,564.0,1499.0,2024-12-31 00:25:00,CERRADA,69425,Preventivo,-36.0,6.0,933.8699999999999,0.0,12.0,AGRICOLA,50.75,1500.0,0,116.50000000000001,50.75,7.94,0.4046930390101302
866016064327488,NEW HOLLAND AG,7610S HERENCIA,4WD,S509067M-8125856,ARBSA,TECATE,BAJA CALIFORNIA,2308.78,171.1,9,8,0,1,CERRADA,CERRADA,CERRADA,CERRADA,CERRADA,CERRADA,CERRADA,CERRADA,,32.4042263,-116.640417,0.0,0.0,0,0.0,0.0,24.0,0.0,0.0,0.0,0.0,0.0,0.0,0.0,0.0,0.0,0.0,0.0,143.0,298.0,254.0,213.0,210.0,211.0,115.0,0.0,22.0,0.0,186.0,0.0,0.0,600.0,560.0,2308.0,2025-12-02 08:17:00,CERRADA,110609,Preventivo,-40.0,6.666666666666667,1748.7800000000002,0.0,12.0,AGRICOLA,68.83333333333333,0.0,0,4.512925170068027,68.83333333333333,0.0,0.3624940522209906
866016064466864,NEW HOLLAND AG,7610S HERENCIA,LODERO,S509074M-8125754,ATN,PEDRO ESCOBEDO,QUERETARO,2144.78,4.7,24,7,0,17,CERRADA,CERRADA,CERRADA,CERRADA,CERRADA,CERRADA,CERRADA,PENDIENTE,,21.0596325,-100.4363378,49.5,6.13,16,1.2,5.66,18.34,0.0,0.0,54.0,124.0,111.0,57.0,55.0,78.0,64.0,94.0,25.0,0.0,0.0,0.0,0.0,0.0,0.0,0.0,0.0,0.0,0.0,0.0,0.0,0.0,600.0,560.0,2144.0,2024-06-08 21:34:00,CERRADA,951979,Preventivo,-40.0,6.666666666666667,1584.7800000000002,0.0,6.0,AGRICOLA,27.583333333333332,2100.0,0,155.74074074074073,27.583333333333332,5.66,0.03328524387137781
866392063383792,NEW HOLLAND AG,7610S HERENCIA,LODERO,S509076M-8125757,AGROCISAGRAL,SAN FRANCISCO DEL RINCON,GUANAJUATO,2027.14,7.65,9,7,0,2,CERRADA,CERRADA,CERRADA,CERRADA,CERRADA,CERRADA,CERRADA,,,20.9801281,-101.8305708,47.92,8.92,9,2.04,4.75,19.25,0.0,0.0,0.0,0.0,1.0,9.0,62.0,101.0,101.0,32.0,59.0,60.0,63.0,78.0,119.0,92.0,88.0,104.0,87.0,95.0,98.0,63.0,79.0,78.0,600.0,619.0,2029.0,2024-12-16 09:53:00,CERRADA,24053,Preventivo,19.0,3.166666666666667,1408.14,19.0,12.0,AGRICOLA,61.208333333333336,0.0,0,85.5,61.208333333333336,4.75,0.323060384301741
862407060159930,NEW HOLLAND AG,7610S HERENCIA,4WD,S509084M-8127568,ALTENOS,SAN JUAN DE LOS LAGOS,JALISCO,1124.64,5.29,3,1,2,2,,CERRADA,CERRADAFUERA,CERRADAFUERA,,,,,,21.12683,-102.4723978,73.6,15.14,10,2.47,6.24,17.76,0.0,0.0,4.0,53.0,103.0,40.0,53.0,10.0,24.0,10.0,18.0,61.0,62.0,29.0,22.0,72.0,122.0,47.0,60.0,9.0,31.0,12.0,21.0,14.0,600.0,563.0,1125.0,2025-07-02 15:02:00,CERRADAFUERA,CFD,Preventivo,-37.0,6.166666666666667,561.6400000000001,0.0,7.0,AGRICOLA,36.541666666666664,0.0,0,12.333333333333334,36.541666666666664,6.24,0.28371563981412373
866016064473951,NEW HOLLAND AG,7610S HERENCIA,4WD,S509088M-8127569,ALTENOS,LAGOS DE MORENO,JALISCO,1204.99,3.71,7,1,4,6,CERRADA,CERRADAFUERA,CERRADAFUERA,CERRADAFUERA,CERRADAFUERA,,,,,21.2149936,-102.0568811,14.75,2.93,11,1.95,1.63,22.37,5.0,0.0,0.0,0.0,0.0,30.0,47.0,45.0,15.0,55.0,18.0,6.0,4.0,50.0,31.0,34.0,55.0,70.0,43.0,14.0,17.0,60.0,10.0,48.0,600.0,579.0,1205.0,2025-04-23 10:41:00,CERRADAFUERA,CFD,Preventivo,-21.0,3.5000000000000004,625.99,0.0,4.0,AGRICOLA,27.375,0.0,0,140.0,27.375,1.63,0.0313144125004342
866016064473845,NEW HOLLAND AG,7610S HERENCIA,4WD,S509089M-8126673,ALTENOS,SAN JUAN DE LOS LAGOS,JALISCO,854.93,0.0,3,2,1,1,CERRADA,CERRADA,CERRADAFUERA,,,,,,,21.1264365,-102.2849138,0.0,0.0,0,0.0,0.0,24.0,5.0,0.0,2.0,42.0,17.0,77.0,56.0,3.0,10.0,46.0,34.0,4.0,32.0,21.0,22.0,27.0,25.0,55.0,40.0,5.0,12.0,49.0,21.0,21.0,600.0,566.0,856.0,2025-05-06 22:44:00,CERRADAFUERA,CFD,Preventivo,-34.0,5.666666666666666,288.92999999999995,0.0,5.0,AGRICOLA,26.083333333333332,0.0,0,105.33333333333333,26.083333333333332,0.0,0.06844509975174806
866392069118549,NEW HOLLAND AG,7610S HERENCIA,4WD,S509090M-8127625,ATC,SAN JUAN DE GUADALUPE,DURANGO,600.0,0.62,3,3,0,0,CERRADA,CERRADA,CERRADA,,,,,,,24.2793555,-103.4029201,0.0,0.0,0,0.0,0.0,24.0,0.0,0.0,0.0,0.0,0.0,0.0,0.0,0.0,0.0,0.0,0.0,0.0,0.0,0.0,0.0,0.0,0.0,0.0,0.0,0.0,0.0,0.0,0.0,0.0,600.0,23.0,600.0,2025-05-30 13:32:00,CERRADA,1026786,Preventivo,-577.0,96.16666666666667,577.0,0.0,5.0,AGRICOLA,0.0,0.0,0,73.16666666666666,0.0,0.0,0.139064387071021
862407060169079,NEW HOLLAND AG,7610S HERENCIA,4WD,S509091M-8126649,AGROSURTE,CHAHUITES,OAXACA,635.53,7.54,5,2,1,3,CERRADAFUERA,CERRADA,CERRADA,,,,,,,16.2869871,-94.504812,0.0,0.0,0,0.0,0.0,24.0,0.0,0.0,0.0,0.0,0.0,3.0,4.0,63.0,13.0,40.0,30.0,10.0,0.0,0.0,34.0,86.0,33.0,34.0,21.0,29.0,34.0,61.0,28.0,3.0,600.0,560.0,635.0,2025-10-25 04:59:00,CERRADA,16414,Preventivo,-40.0,6.666666666666667,75.52999999999997,0.0,10.0,AGRICOLA,21.916666666666668,0.0,0,52.5,21.916666666666668,0.0,0.12833718363205548
862407060143157,NEW HOLLAND AG,7610S HERENCIA,4WD,S509095M-8127622,MADISAGRAL,ACULCO,MEXICO,1504.01,23.94,6,3,0,3,CERRADA,CERRADA,CERRADA,ABIERTA,PENDIENTE,PENDIENTE,,,,20.1384906,-99.729524,68.26,21.6,18,3.53,7.17,16.83,4.0,0.0,0.0,0.0,1.0,2.0,66.0,13.0,5.0,13.0,71.0,94.0,148.0,142.0,147.0,64.0,60.0,76.0,12.0,23.0,15.0,61.0,92.0,92.0,600.0,560.0,1505.0,2025-02-14 09:34:00,CERRADA,4814281 4814385,Preventivo,-40.0,6.666666666666667,944.01,0.0,2.0,AGRICOLA,50.041666666666664,2700.0,0,52.666666666666664,50.041666666666664,7.17,0.48789371061196446
862407060162827,NEW HOLLAND AG,7610S HERENCIA,4WD,S509096M-8127444,MADISAGRAL,JANTETELCO,MORELOS,630.92,50.47,3,0,2,3,PENDIENTE,CERRADAFUERA,CERRADAFUERA,,,,,,,18.7787543,-98.7822015,0.0,0.0,0,0.0,0.0,24.0,0.0,0.0,0.0,0.0,58.0,34.0,26.0,20.0,14.0,18.0,0.0,0.0,13.0,0.0,0.0,63.0,55.0,65.0,88.0,12.0,8.0,1.0,1.0,2.0,600.0,561.0,630.0,2025-07-20 13:14:00,CERRADAFUERA,NO APLICA,Preventivo,-39.0,6.5,69.91999999999996,0.0,7.0,AGRICOLA,19.916666666666668,50.0,0,3.3333333333333335,19.916666666666668,0.0,0.13918693182510927
866016064477598,NEW HOLLAND AG,7610S HERENCIA,4WD,S509098M-8127467,ENAGRI,MAZATLAN,SINALOA,710.33,13.38,3,2,0,1,CERRADA,PENDIENTE,CERRADA,,,,,,,23.4465105,-106.5498811,0.0,0.0,0,0.0,0.0,24.0,5.0,0.0,0.0,3.0,44.0,39.0,19.0,34.0,1.0,71.0,60.0,0.0,0.0,11.0,13.0,0.0,7.0,22.0,13.0,13.0,18.0,45.0,61.0,30.0,600.0,560.0,710.0,2025-11-13 12:52:00,CERRADA,NC14989,Preventivo,-40.0,6.666666666666667,150.33000000000004,0.0,11.0,AGRICOLA,21.208333333333332,300.0,0,34.0,21.208333333333332,0.0,0.13197707401147737
866016064528168,NEW HOLLAND AG,7610S HERENCIA,4WD,S509101M-8127620,MADISAGRAL,LA ANTIGUA,VERACRUZ DE IGNACIO DE LA LLAVE,657.71,45.28,5,3,0,2,CERRADA,CERRADA,CERRADA,,,,,,,19.6970906,-96.4122408,0.0,0.0,0,0.0,0.0,24.0,5.0,0.0,0.0,0.0,0.0,23.0,27.0,2.0,55.0,20.0,22.0,0.0,0.0,2.0,20.0,19.0,45.0,13.0,31.0,15.0,103.0,12.0,15.0,2.0,600.0,560.0,657.0,2025-09-20 07:57:00,CERRADA,7402136,Preventivo,-40.0,6.666666666666667,97.71000000000004,0.0,9.0,AGRICOLA,17.958333333333332,0.0,0,27.166666666666668,17.958333333333332,0.0,0.23404622750115645
866016064473928,NEW HOLLAND AG,7610S HERENCIA,4WD,S509104M-8128206,MADISAGRAL,ACULA,VERACRUZ DE IGNACIO DE LA LLAVE,2050.67,1.55,9,4,1,5,CERRADA,CERRADA,CERRADA,CERRADA,CERRADAFUERA,PENDIENTE,PENDIENTE,,,18.375651,-95.7365156,86.81,51.23,30,5.59,9.95,14.05,5.0,0.0,0.0,0.0,0.0,3.0,23.0,31.0,65.0,11.0,98.0,109.0,203.0,188.0,187.0,206.0,190.0,49.0,36.0,26.0,23.0,3.0,66.0,80.0,600.0,577.0,2050.0,2025-01-20 10:28:00,CERRADA,5510351,Preventivo,-23.0,3.833333333333333,1473.67,0.0,1.0,AGRICOLA,66.75,3300.0,0,113.66666666666669,66.75,9.95,0.4585517848925016
866016064473233,NEW HOLLAND AG,7610S HERENCIA,4WD,S509114M-8128264,ATC,YURIRIA,GUANAJUATO,1623.51,148.86,6,1,4,5,CERRADA,CERRADAFUERA,CERRADAFUERA,CERRADAFUERA,CERRADAFUERA,PENDIENTE,,,,20.2565371,-101.0289015,0.0,0.0,0,0.0,0.0,24.0,5.0,0.0,0.0,0.0,2.0,45.0,61.0,45.0,37.0,73.0,84.0,74.0,65.0,65.0,56.0,69.0,86.0,42.0,23.0,12.0,29.0,94.0,99.0,98.0,600.0,600.0,1623.0,2024-05-12 12:25:00,CERRADAFUERA,,Preventivo,0.0,0.0,1023.51,0.0,5.0,AGRICOLA,48.5,1500.0,0,0.0,48.5,0.0,0.6368753726484243
862255067406907,NEW HOLLAND AG,7610S HERENCIA,4WD,S509116M-8127452,ENAGRI,ACAPONETA,NAYARIT,1595.73,35.19,6,4,0,2,CERRADA,CERRADA,CERRADA,CERRADA,PENDIENTE,PENDIENTE,,,,22.6726491,-105.8133216,0.0,0.0,0,0.0,0.0,24.0,3.0,0.0,0.0,0.0,20.0,39.0,103.0,86.0,110.0,119.0,55.0,47.0,54.0,37.0,63.0,37.0,113.0,92.0,65.0,45.0,114.0,12.0,0.0,0.0,600.0,600.0,1596.0,2024-05-12 12:52:00,CERRADA,ER11995,Preventivo,0.0,0.0,995.73,0.0,5.0,AGRICOLA,50.583333333333336,2700.0,1,71.33333333333334,50.583333333333336,0.0,0.5208538502914049
866016064372120,NEW HOLLAND AG,7610S HERENCIA,4WD,S509125M-8128259,ATN,COMONFORT,GUANAJUATO,1829.46,0.32,8,3,3,5,CERRADA,CERRADA,CERRADAFUERA,CERRADAFUERA,CERRADAFUERA,PENDIENTE,PENDIENTE,,,20.6857251,-100.8300131,3.04,0.41,7,1.24,1.85,22.15,4.0,0.0,0.0,0.0,3.0,71.0,42.0,39.0,59.0,43.0,13.0,0.0,0.0,0.0,0.0,0.0,0.0,0.0,0.0,0.0,0.0,0.0,0.0,0.0,600.0,600.0,1829.0,2025-01-16 19:31:00,CERRADAFUERA,,Preventivo,0.0,0.0,1229.46,0.0,1.0,AGRICOLA,11.416666666666666,3300.0,0,11.833333333333334,11.416666666666666,1.85,0.03891114286434977
866016064564312,NEW HOLLAND AG,7610S HERENCIA,4WD,S509126M-8128260,ATN,SAN JOSE ITURBIDE,GUANAJUATO,1564.25,21.19,15,1,4,14,CERRADA,CERRADAFUERA,CERRADAFUERA,CERRADAFUERA,CERRADAFUERA,PENDIENTE,,,,21.0980935,-100.4259686,26.02,15.02,19,7.39,2.06,21.94,3.0,0.0,0.0,0.0,0.0,31.0,62.0,69.0,70.0,72.0,25.0,0.0,0.0,0.0,0.0,0.0,0.0,0.0,0.0,0.0,0.0,0.0,0.0,0.0,600.0,600.0,1564.0,2024-12-30 23:52:00,CERRADAFUERA,,Preventivo,0.0,0.0,964.25,0.0,12.0,AGRICOLA,13.833333333333334,1500.0,0,0.0,13.833333333333334,2.06,0.06866534522906254
866016064515942,NEW HOLLAND AG,7610S HERENCIA,LODERO,S509134M-8127561,ATN,HUITZILAC,MORELOS,1639.82,44.94,6,1,4,5,CERRADA,CERRADAFUERA,CERRADAFUERA,CERRADAFUERA,CERRADAFUERA,PENDIENTE,,,,19.1505858,-99.2798735,38.53,9.53,11,3.25,3.46,20.54,5.0,0.0,0.0,0.0,13.0,45.0,65.0,71.0,107.0,128.0,68.0,0.0,0.0,0.0,0.0,0.0,0.0,0.0,0.0,0.0,0.0,0.0,0.0,0.0,600.0,600.0,1640.0,2024-05-12 18:37:00,CERRADAFUERA,,Preventivo,0.0,0.0,1039.82,0.0,5.0,AGRICOLA,20.916666666666668,1500.0,0,0.0,20.916666666666668,3.46,0.10806759105533473
866016064465734,NEW HOLLAND AG,7610S HERENCIA,4WD,S509136M-8127448,ALTENOS,SAN JUAN DE LOS LAGOS,JALISCO,878.13,1.19,4,1,3,3,CERRADA,CERRADAFUERA,CERRADAFUERA,CERRADAFUERA,,,,,,21.2077715,-102.5026875,0.5,0.52,6,34.2,10.09,13.91,1.0,0.0,0.0,0.0,1.0,46.0,28.0,6.0,0.0,20.0,5.0,15.0,7.0,71.0,34.0,48.0,3.0,33.0,10.0,4.0,11.0,36.0,0.0,10.0,600.0,652.0,879.0,2025-07-14 15:35:00,CERRADAFUERA,CFD,Preventivo,52.0,8.666666666666668,226.13,52.0,7.0,AGRICOLA,16.208333333333332,0.0,0,18.333333333333332,16.208333333333332,10.09,0.10263406567720672
862407060127325,NEW HOLLAND AG,7610S HERENCIA,4WD,S509137M-8127458,ALTENOS,COMONFORT,GUANAJUATO,636.16,15.59,3,0,3,3,CERRADAFUERA,CERRADAFUERA,CERRADAFUERA,,,,,,,20.7279966,-100.72274,31.06,8.15,8,3.17,2.6,21.4,3.0,0.0,0.0,0.0,55.0,75.0,49.0,14.0,2.0,27.0,15.0,2.0,39.0,11.0,24.0,18.0,32.0,55.0,30.0,3.0,9.0,9.0,12.0,8.0,600.0,560.0,638.0,2025-09-15 17:57:00,CERRADAFUERA,CFD,Preventivo,-40.0,6.666666666666667,76.15999999999997,0.0,9.0,AGRICOLA,20.5,0.0,0,58.83333333333333,20.5,2.6,0.05988705976266983
862407060128802,NEW HOLLAND AG,7610S HERENCIA,4WD,S509138M-8127447,ALTENOS,SAN JUAN DE LOS LAGOS,JALISCO,698.57,48.95,7,3,0,4,CERRADA,CERRADA,CERRADA,,,,,,,21.1518766,-102.2776236,0.0,0.0,0,0.0,0.0,24.0,5.0,0.0,0.0,0.0,0.0,68.0,48.0,0.0,0.0,64.0,0.0,0.0,3.0,0.0,1.0,2.0,31.0,52.0,0.0,0.0,23.0,46.0,4.0,3.0,600.0,595.0,698.0,2025-07-24 00:54:00,CERRADA,VSS0001759,Preventivo,-5.0,0.8333333333333334,103.57000000000005,0.0,7.0,AGRICOLA,14.583333333333334,0.0,0,19.0,14.583333333333334,0.0,0.10452149862792964
862407060149337,NEW HOLLAND AG,7610S HERENCIA,LODERO,S509143M-8127563,TEPSA,QUECHOLAC,PUEBLA,748.7,14.06,3,2,1,1,CERRADAFUERA,CERRADA,CERRADA,,,,,,,18.9224051,-97.6251136,54.27,15.21,13,2.66,5.85,18.15,0.0,0.0,0.0,0.0,0.0,7.0,56.0,39.0,30.0,25.0,34.0,31.0,44.0,39.0,27.0,26.0,39.0,33.0,30.0,13.0,24.0,34.0,15.0,12.0,600.0,575.0,748.0,2025-08-21 13:22:00,CERRADA,SLPT333/907,Preventivo,-25.0,4.166666666666666,173.70000000000005,0.0,8.0,AGRICOLA,23.25,0.0,0,40.0,23.25,5.85,0.04832340200369629
866016064313512,NEW HOLLAND AG,7610S HERENCIA,LODERO,S509146M-8127446,TEPSA,ORIENTAL,PUEBLA,1867.83,118.95,7,4,0,3,CERRADA,CERRADA,CERRADA,CERRADA,PENDIENTE,PENDIENTE,PENDIENTE,,,19.2988948,-97.5573113,0.0,0.0,0,0.0,0.0,24.0,5.0,0.0,0.0,0.0,0.0,0.0,73.0,52.0,64.0,28.0,31.0,19.0,75.0,91.0,93.0,73.0,103.0,100.0,97.0,76.0,158.0,87.0,66.0,38.0,600.0,600.0,1868.0,2025-07-02 14:40:00,CERRADA,SMIPT31/739,Preventivo,0.0,0.0,1267.83,0.0,7.0,AGRICOLA,55.375,4500.0,0,42.333333333333336,55.375,0.0,0.5572857659677193
866016064313520,NEW HOLLAND AG,7610S HERENCIA,4WD,S509147M-8127560,ALTENOS,SAN JUAN DE LOS LAGOS,JALISCO,1574.84,3.33,6,2,4,4,CERRADA,CERRADAFUERA,CERRADAFUERA,CERRADAFUERA,CERRADAFUERA,CERRADA,,,,20.9979615,-102.3347423,42.87,6.02,8,1.68,4.3,19.7,5.0,0.0,0.0,0.0,0.0,82.0,53.0,52.0,62.0,55.0,41.0,61.0,87.0,67.0,79.0,105.0,130.0,101.0,41.0,41.0,58.0,64.0,76.0,77.0,600.0,568.0,1575.0,2024-12-19 11:15:00,CERRADAFUERA,CFD,Preventivo,-32.0,5.333333333333334,1006.8399999999999,0.0,12.0,AGRICOLA,55.708333333333336,0.0,0,56.5,55.708333333333336,4.3,0.3618744145255189
862407060142977,NEW HOLLAND AG,7610S HERENCIA,LODERO,S509149M-8127445,AGROCISAGRAL,YURECUARO,MICHOACAN DE OCAMPO,1390.21,28.25,5,3,2,2,CERRADAFUERA,CERRADA,CERRADA,CERRADA,CERRADAFUERA,,,,,20.164671,-102.203272,1.34,0.23,7,1.22,0.51,23.49,0.0,0.0,0.0,0.0,0.0,0.0,81.0,78.0,62.0,44.0,44.0,77.0,98.0,13.0,0.0,1.0,6.0,43.0,59.0,75.0,97.0,79.0,63.0,52.0,600.0,560.0,1394.0,2025-09-01 08:08:00,CERRADA,7851,Preventivo,-40.0,6.666666666666667,830.21,0.0,9.0,AGRICOLA,40.5,0.0,0,37.2962962962963,40.5,0.51,0.30432367754330847
862407060163270,NEW HOLLAND AG,7610S HERENCIA,LODERO,S509150M-8127548,TEPSA,SAN NICOLAS BUENOS AIRES,PUEBLA,764.09,0.0,3,3,0,0,CERRADA,CERRADA,CERRADA,,,,,,,19.1652066,-97.5585243,0.42,0.02,0,0.02,1.55,22.45,5.0,0.0,0.0,0.0,0.0,0.0,0.0,22.0,31.0,37.0,30.0,26.0,98.0,50.0,30.0,62.0,84.0,82.0,6.0,5.0,6.0,6.0,0.0,55.0,600.0,612.0,764.0,2025-11-07 09:22:00,CERRADA,SF20027,Preventivo,12.0,2.0,152.09000000000003,12.0,11.0,AGRICOLA,26.458333333333332,0.0,0,46.666666666666664,26.458333333333332,1.55,0.04477537844268021
866016064540361,NEW HOLLAND AG,7610S HERENCIA,4WD,S509153M-8127549,AGROCISAGRAL,APATZINGAN,MICHOACAN DE OCAMPO,1326.46,0.0,5,0,5,5,CERRADAFUERA,CERRADAFUERA,CERRADAFUERA,CERRADAFUERA,CERRADAFUERA,,,,,18.9259115,-102.3509575,0.0,0.0,0,0.0,0.0,24.0,6.0,0.0,0.0,0.0,0.0,0.0,4.0,30.0,24.0,49.0,100.0,10.0,65.0,96.0,66.0,79.0,43.0,17.0,63.0,46.0,96.0,34.0,24.0,45.0,600.0,589.0,1330.0,2025-03-24 15:25:00,CERRADAFUERA,0,Preventivo,-11.0,1.8333333333333333,737.46,0.0,3.0,AGRICOLA,37.375,0.0,0,12.0,37.375,0.0,0.3537941463532522
866392063316404,NEW HOLLAND AG,7610S HERENCIA,4WD,S509164M-8127547,ATC,PEDRO ESCOBEDO,QUERETARO,1723.39,47.39,15,3,2,12,CERRADA,CERRADA,CERRADAFUERA,CERRADA,CERRADAFUERA,PENDIENTE,,,,20.548811,-100.0912916,0.89,0.39,6,3.03,0.2,23.8,0.0,0.0,0.0,0.0,0.0,31.0,70.0,72.0,34.0,96.0,102.0,57.0,100.0,119.0,121.0,111.0,68.0,39.0,41.0,59.0,77.0,43.0,51.0,45.0,600.0,600.0,1724.0,2024-05-12 10:36:00,CERRADAFUERA,,Preventivo,0.0,0.0,1123.39,0.0,5.0,AGRICOLA,55.666666666666664,1500.0,0,20.0,55.666666666666664,0.2,0.40507265565518863
866392063342376,NEW HOLLAND AG,7610S HERENCIA,4WD,S509169M-8129073,ATN,EL MARQUES,QUERETARO,1227.75,7.84,5,3,1,2,CERRADA,CERRADA,CERRADA,CERRADAFUERA,PENDIENTE,,,,,20.601582,-100.2341951,0.0,0.0,0,0.0,0.0,24.0,0.0,0.0,0.0,0.0,0.0,2.0,78.0,55.0,14.0,80.0,0.0,0.0,0.0,0.0,0.0,0.0,0.0,0.0,0.0,0.0,0.0,0.0,0.0,0.0,600.0,690.0,1227.0,2025-04-22 09:26:00,CERRADA,1029915,Preventivo,90.0,15.0,537.75,90.0,4.0,AGRICOLA,9.541666666666666,1200.0,0,7.0,9.541666666666666,0.0,0.08679069607960996
866016064319527,NEW HOLLAND AG,7610S HERENCIA,4WD,S509175M-8129065,TEPSA,JARAL DEL PROGRESO,GUANAJUATO,2723.77,461.38,8,0,7,8,,,CERRADAFUERA,CERRADAFUERA,CERRADAFUERA,CERRADAFUERA,CERRADAFUERA,CERRADAFUERA,CERRADAFUERA,20.3770288,-101.059327,0.0,0.0,3,0.0,0.0,24.0,6.0,0.0,0.0,85.0,256.0,126.0,74.0,81.0,82.0,63.0,126.0,92.0,114.0,84.0,70.0,210.0,209.0,60.0,75.0,65.0,71.0,69.0,131.0,67.0,600.0,578.0,2723.0,2024-06-18 10:46:00,CERRADAFUERA,******,Preventivo,-22.0,3.6666666666666665,2145.77,0.0,6.0,AGRICOLA,92.33333333333333,0.0,0,2.0694444444444446,92.33333333333333,0.0,0.2851221997946276
862407061534933,NEW HOLLAND AG,7610S HERENCIA,4WD,S509177M-8129074,ALTENOS,ARCELIA,GUERRERO,754.22,14.55,3,3,0,0,CERRADA,CERRADA,CERRADA,,,,,,,18.2942811,-100.3358243,0.0,0.0,0,0.0,0.0,24.0,0.0,0.0,0.0,0.0,0.0,0.0,30.0,21.0,5.0,1.0,18.0,41.0,20.0,5.0,9.0,2.0,38.0,95.0,86.0,6.0,9.0,11.0,25.0,51.0,600.0,568.0,754.0,2025-07-18 14:22:00,CERRADA,CF,Preventivo,-32.0,5.333333333333334,186.22000000000003,0.0,7.0,AGRICOLA,19.708333333333332,0.0,0,108.33333333333333,19.708333333333332,0.0,0.10695213093480543
862407061572644,NEW HOLLAND AG,7610S HERENCIA,4WD,S509179M-8129052,ALTENOS,VILLA DE REYES,SAN LUIS POTOSI,1789.4,36.72,6,4,2,2,CERRADA,,CERRADA,CERRADA,CERRADAFUERA,CERRADAFUERA,CERRADA,,,21.842446,-100.8858253,64.73,11.41,9,1.93,7.01,17.0,0.0,0.0,0.0,0.0,0.0,0.0,0.0,53.0,114.0,153.0,91.0,28.0,75.0,51.0,88.0,85.0,79.0,83.0,66.0,55.0,151.0,93.0,42.0,41.0,600.0,600.0,1793.0,2024-05-12 12:42:00,CERRADA,OTS0002689,Preventivo,0.0,0.0,1189.4,0.0,5.0,AGRICOLA,56.166666666666664,0.0,0,350.0,56.166666666666664,7.01,0.43102101220102973
862407061548305,NEW HOLLAND AG,7610S HERENCIA,4WD,S509181M-8129056,ALTENOS,SAN JUAN DE LOS LAGOS,JALISCO,1214.07,6.9,4,4,0,0,,CERRADA,CERRADA,CERRADA,CERRADA,,,,,21.180819,-102.2062453,0.0,0.0,0,0.0,0.0,24.0,0.0,0.0,0.0,0.0,0.0,0.0,17.0,13.0,12.0,26.0,15.0,5.0,14.0,13.0,11.0,4.0,32.0,29.0,29.0,1.0,5.0,58.0,3.0,15.0,600.0,600.0,1216.0,2025-10-01 11:19:00,CERRADA,OTA0002195,Preventivo,0.0,0.0,614.0699999999999,0.0,10.0,AGRICOLA,12.583333333333334,0.0,0,1.277777777777778,12.583333333333334,0.0,0.11318935768857565
866392063373546,NEW HOLLAND AG,7610S HERENCIA,4WD,S509187M-8129057,ALTENOS,VILLA GARCIA,ZACATECAS,1177.4,234.77,9,3,2,6,CERRADA,CERRADA,CERRADA,CERRADAFUERA,CERRADAFUERA,,,,,22.3282906,-101.7712188,0.0,0.0,0,0.0,0.0,24.0,0.0,0.0,0.0,0.0,0.0,0.0,0.0,62.0,47.0,66.0,44.0,62.0,86.0,88.0,32.0,26.0,35.0,41.0,77.0,41.0,42.0,21.0,15.0,22.0,600.0,560.0,1177.0,2025-04-03 08:14:00,CERRADA,OTA0001937,Preventivo,-40.0,6.666666666666667,617.4000000000001,0.0,4.0,AGRICOLA,33.625,0.0,0,100.5,33.625,0.0,0.16299405119910268
ALTENOS - S509189M - 862407061559906,NEW HOLLAND AG,7610S HERENCIA,4WD,S509189M-8128203,ALTENOS,ACAPONETA,NAYARIT,783.91,7.14,3,0,3,3,CERRADAFUERA,CERRADAFUERA,CERRADAFUERA,,,,,,,22.573939,-105.7323901,0.0,0.0,0,0.0,0.0,24.0,0.0,0.0,0.0,0.0,0.0,0.0,0.0,35.0,34.0,52.0,6.0,4.0,23.0,44.0,38.0,40.0,11.0,25.0,24.0,42.0,66.0,56.0,56.0,34.0,600.0,560.0,783.0,2025-09-23 16:59:00,CERRADAFUERA,CFD,Preventivo,-40.0,6.666666666666667,223.90999999999997,0.0,9.0,AGRICOLA,24.583333333333332,0.0,0,85.66666666666667,24.583333333333332,0.0,0.06844509975174806
862407061507467,NEW HOLLAND AG,7610S HERENCIA,4WD,S509190M-8129075,ALTENOS,TIZAYUCA,HIDALGO,1857.66,103.35,9,2,5,7,CERRADA,CERRADA,CERRADAFUERA,CERRADAFUERA,CERRADAFUERA,CERRADAFUERA,CERRADAFUERA,,,19.8275698,-98.9574333,71.98,12.78,16,2.3,7.38,16.62,0.0,0.0,0.0,0.0,0.0,0.0,0.0,1.0,26.0,6.0,13.0,9.0,108.0,48.0,124.0,98.0,75.0,95.0,165.0,85.0,141.0,146.0,129.0,88.0,600.0,684.0,1861.0,2025-11-07 09:19:00,CERRADAFUERA,CFD,Preventivo,84.0,14.000000000000002,1173.66,84.0,11.0,AGRICOLA,56.541666666666664,0.0,0,4.111111111111112,56.541666666666664,7.38,0.44656369450181205
ALTENOS - S509193M - 862407061572669,NEW HOLLAND AG,7610S HERENCIA,4WD,S509193M-8129078,ALTENOS,TIZAYUCA,HIDALGO,2021.2,26.38,6,2,4,4,,CERRADA,CERRADA,CERRADAFUERA,CERRADAFUERA,CERRADAFUERA,CERRADAFUERA,,,19.8309356,-98.9617771,36.13,4.34,7,0.96,6.08,17.92,0.0,0.0,0.0,0.0,0.0,0.0,12.0,117.0,134.0,128.0,133.0,102.0,136.0,91.0,119.0,134.0,149.0,118.0,62.0,55.0,64.0,74.0,96.0,97.0,600.0,600.0,2022.0,2024-05-12 10:08:00,CERRADA,OTS0002343,Preventivo,0.0,0.0,1421.2,0.0,5.0,AGRICOLA,75.875,0.0,0,0.0,75.875,6.08,0.3642113369690881
862407061484741,NEW HOLLAND AG,7610S HERENCIA,4WD,S509196M-8129145,AGROEQUIPOS,CHAHUITES,OAXACA,2378.26,2.4,9,2,0,7,PENDIENTE,CERRADA,CERRADA,PENDIENTE,PENDIENTE,PENDIENTE,PENDIENTE,PENDIENTE,PORVENCER,16.2246483,-94.1775415,52.26,31.53,24,6.11,5.43,18.57,0.0,0.0,0.0,0.0,0.0,0.0,86.0,102.0,59.0,128.0,127.0,117.0,201.0,108.0,81.0,96.0,61.0,51.0,70.0,100.0,110.0,126.0,107.0,91.0,600.0,591.0,2378.0,2024-05-12 22:04:00,CERRADA,PCG0000000642,Preventivo,-9.0,1.5,1787.2600000000002,0.0,5.0,AGRICOLA,75.875,9950.0,0,2.3333333333333335,75.875,5.43,0.3045490712749054
862407061527432,NEW HOLLAND AG,7610S HERENCIA,4WD,S509205M-8129055,ATC,VICENTE GUERRERO,DURANGO,777.06,8.39,3,1,2,2,CERRADA,CERRADAFUERA,CERRADAFUERA,,,,,,,23.9646126,-103.7372856,51.63,14.97,18,4.7,5.02,18.98,0.0,0.0,0.0,0.0,0.0,0.0,73.0,0.0,3.0,18.0,51.0,67.0,23.0,3.0,10.0,9.0,48.0,59.0,35.0,12.0,3.0,8.0,75.0,32.0,600.0,600.0,777.0,2025-07-21 10:35:00,CERRADAFUERA,,Preventivo,0.0,0.0,177.05999999999995,0.0,7.0,AGRICOLA,22.041666666666668,0.0,0,59.0,22.041666666666668,5.02,0.06707862253752957
862407061495564,NEW HOLLAND AG,7610S HERENCIA,LODERO,S509212M-8129141,ATN,ROMITA,GUANAJUATO,1682.33,16.81,6,3,2,3,CERRADA,CERRADAFUERA,CERRADA,CERRADA,CERRADAFUERA,PENDIENTE,,,,20.9808795,-101.5804913,51.93,4.47,6,1.08,6.99,17.01,0.0,0.0,0.0,0.0,0.0,0.0,38.0,112.0,62.0,38.0,0.0,0.0,0.0,0.0,0.0,0.0,0.0,0.0,0.0,0.0,0.0,0.0,0.0,0.0,600.0,600.0,1683.0,2025-03-24 13:00:00,CERRADA,1010265,Preventivo,0.0,0.0,1082.33,0.0,3.0,AGRICOLA,10.416666666666666,1500.0,0,0.0,10.416666666666666,6.99,0.10255735288598286
862407061571240,NEW HOLLAND AG,7610S HERENCIA,LODERO,S509217M-8129049,ATC,PEDRO ESCOBEDO,QUERETARO,2075.18,13.82,7,3,3,4,,CERRADAFUERA,CERRADA,CERRADAFUERA,CERRADAFUERA,CERRADA,CERRADA,PORVENCER,,20.5592978,-100.1348408,79.1,22.29,12,3.51,7.68,16.33,0.0,0.0,0.0,0.0,0.0,0.0,0.0,114.0,108.0,129.0,78.0,34.0,35.0,115.0,121.0,117.0,132.0,92.0,73.0,73.0,84.0,88.0,32.0,6.0,600.0,600.0,2079.0,2024-05-12 10:15:00,CERRADA,986383,Preventivo,0.0,0.0,1475.1799999999998,0.0,5.0,AGRICOLA,59.625,2100.0,0,0.0,59.625,7.68,0.45702000842670254
862407061575332,NEW HOLLAND AG,7610S HERENCIA,4WD,S509224M-8129583,TEPSA,ORIENTAL,PUEBLA,1884.24,161.0,7,3,0,4,CERRADA,CERRADA,CERRADA,PENDIENTE,PENDIENTE,PENDIENTE,PENDIENTE,,,19.3470681,-97.5421935,69.12,46.21,31,7.09,8.39,15.61,0.0,5.0,0.0,0.0,0.0,0.0,95.0,37.0,22.0,50.0,86.0,78.0,153.0,143.0,79.0,131.0,139.0,28.0,49.0,58.0,82.0,73.0,91.0,74.0,600.0,560.0,1888.0,2025-01-14 08:18:00,CERRADA,SFP1701/1491,Preventivo,-40.0,6.666666666666667,1324.24,0.0,1.0,AGRICOLA,61.375,5400.0,0,56.333333333333336,61.375,8.39,0.4676916082065605
862407061535880,NEW HOLLAND AG,7610S HERENCIA,4WD,S509227M-8129140,TEPSA,QUECHOLAC,PUEBLA,1504.67,123.39,6,4,0,2,CERRADA,CERRADA,CERRADA,CERRADA,PENDIENTE,PENDIENTE,,,,18.901152,-97.6310975,60.33,22.62,12,3.51,6.62,17.38,0.0,0.0,0.0,0.0,0.0,0.0,70.0,116.0,75.0,98.0,66.0,44.0,72.0,115.0,28.0,4.0,69.0,41.0,59.0,66.0,60.0,24.0,82.0,41.0,600.0,600.0,1504.0,2024-05-12 10:36:00,CERRADA,SMIPT10/281,Preventivo,0.0,0.0,904.6700000000001,0.0,5.0,AGRICOLA,47.083333333333336,2700.0,1,12.666666666666668,47.083333333333336,6.62,0.6314901675139718
862407061553180,NEW HOLLAND AG,7610S HERENCIA,4WD,S509230M-8130094,ATS,HEROICA CIUDAD DE JUCHITAN DE ZARAGOZA,OAXACA,716.87,8.99,32,2,2,30,CERRADAFUERA,CERRADA,CERRADA,,,,,,,16.5386176,-94.6796618,15.58,4.36,10,3.45,1.35,22.65,0.0,0.0,0.0,0.0,0.0,0.0,0.0,0.0,0.0,0.0,0.0,1.0,59.0,58.0,20.0,38.0,33.0,26.0,147.0,58.0,36.0,7.0,11.0,38.0,600.0,561.0,716.0,2025-08-21 13:04:00,CERRADA,16336,Preventivo,-39.0,6.5,155.87,0.0,8.0,AGRICOLA,22.166666666666668,0.0,0,12.0,22.166666666666668,1.35,0.029115457162133863
862407061575514,NEW HOLLAND AG,7610S HERENCIA,LODERO,S509245M-8130038,AGROCISAGRAL,IRAPUATO,GUANAJUATO,936.32,261.35,4,3,1,1,CERRADAFUERA,CERRADA,CERRADA,CERRADA,,,,,,20.7922421,-101.3310485,0.0,0.0,0,0.0,0.0,24.0,0.0,0.0,0.0,0.0,0.0,0.0,1.0,31.0,66.0,61.0,24.0,76.0,33.0,9.0,40.0,22.0,59.0,45.0,43.0,13.0,26.0,70.0,19.0,71.0,600.0,599.0,936.0,2025-11-07 09:20:00,CERRADA,7211,Preventivo,-1.0,0.16666666666666669,337.32000000000005,0.0,11.0,AGRICOLA,29.541666666666668,0.0,0,103.83333333333333,29.541666666666668,0.0,0.06844509975174806
ARBSA - S509256M - 862407061522516,NEW HOLLAND AG,7610S HERENCIA,4WD,S509256M-8130010,ARBSA,TECATE,BAJA CALIFORNIA,1801.34,5.77,7,7,0,0,CERRADA,CERRADA,CERRADA,CERRADA,CERRADA,CERRADA,CERRADA,,,32.4590733,-116.806638,64.32,2.75,7,0.36,8.66,15.34,0.0,4.0,0.0,0.0,0.0,0.0,1.0,1.0,0.0,1.0,0.0,0.0,1.0,0.0,96.0,157.0,156.0,110.0,103.0,97.0,129.0,98.0,82.0,57.0,600.0,631.0,1801.0,2025-11-07 09:26:00,CERRADA,110845,Preventivo,31.0,5.166666666666667,1170.34,31.0,11.0,AGRICOLA,45.541666666666664,0.0,0,22.77777777777778,45.541666666666664,8.66,0.4037242614430722
862407061503219,NEW HOLLAND AG,7610S HERENCIA,4WD,S509268M-8130058,MADISAGRAL,LA ANTIGUA,VERACRUZ DE IGNACIO DE LA LLAVE,1044.83,41.19,4,3,0,1,CERRADA,CERRADA,CERRADA,PENDIENTE,,,,,,19.4127671,-96.4850201,22.98,8.94,19,3.59,6.36,17.64,0.0,3.0,0.0,0.0,0.0,0.0,3.0,39.0,31.0,38.0,42.0,54.0,134.0,86.0,104.0,47.0,64.0,14.0,2.0,1.0,58.0,7.0,13.0,60.0,600.0,612.0,1048.0,2025-03-24 12:28:00,CERRADA,7402014,Preventivo,12.0,2.0,432.8299999999999,12.0,3.0,AGRICOLA,33.333333333333336,900.0,0,38.666666666666664,33.333333333333336,6.36,0.22082948658308685
862407061533984,NEW HOLLAND AG,7610S HERENCIA,4WD,S509273M-8130110,MADISAGRAL,BOCA DEL RIO,VERACRUZ DE IGNACIO DE LA LLAVE,707.15,79.48,5,3,0,2,CERRADA,CERRADA,CERRADA,,,,,,,18.9249858,-96.0696718,0.0,0.0,0,0.0,0.0,24.0,0.0,0.0,0.0,0.0,0.0,0.0,0.0,6.0,11.0,6.0,84.0,54.0,54.0,68.0,37.0,29.0,37.0,27.0,14.0,20.0,22.0,10.0,20.0,1.0,600.0,560.0,707.0,2025-09-25 12:55:00,CERRADA,7402124,Preventivo,-40.0,6.666666666666667,147.14999999999998,0.0,9.0,AGRICOLA,20.833333333333332,0.0,0,106.33333333333333,20.833333333333332,0.0,0.10811060363648572
866392063358257,NEW HOLLAND AG,7610S HERENCIA,4WD,S509274M-8130066,AGROEQUIPOS,CHAHUITES,OAXACA,1657.96,21.22,6,2,0,4,PENDIENTE,CERRADA,CERRADA,PENDIENTE,PENDIENTE,PENDIENTE,,,,16.2879541,-94.2003798,0.0,0.0,0,0.0,0.0,24.0,0.0,0.0,0.0,0.0,0.0,0.0,0.0,7.0,107.0,125.0,126.0,42.0,85.0,115.0,105.0,64.0,62.0,64.0,39.0,26.0,58.0,106.0,93.0,27.0,600.0,564.0,1657.0,2024-12-20 22:07:00,CERRADA,PCG0000000744,Preventivo,-36.0,6.0,1093.96,0.0,12.0,AGRICOLA,52.125,3650.0,0,0.0,52.125,0.0,0.6442612842757168
MADISA - S509276M - 862407061536078,NEW HOLLAND AG,7610S HERENCIA,4WD,S509276M-8130090,MADISAGRAL,ACULA,VERACRUZ DE IGNACIO DE LA LLAVE,1133.08,10.04,14,3,0,11,CERRADA,PENDIENTE,CERRADA,CERRADA,,,,,,18.3763351,-95.7361013,67.76,36.41,22,6.42,7.94,16.06,0.0,0.0,0.0,0.0,0.0,0.0,0.0,0.0,0.0,3.0,2.0,74.0,181.0,166.0,169.0,189.0,109.0,46.0,17.0,5.0,7.0,13.0,7.0,55.0,600.0,581.0,1136.0,2025-03-24 14:05:00,CERRADA,5510489,Preventivo,-19.0,3.166666666666667,552.0799999999999,0.0,3.0,AGRICOLA,43.458333333333336,300.0,0,12.0,43.458333333333336,7.94,0.3838580060115732
MADISA - S509277M - 862407061411405,NEW HOLLAND AG,7610S HERENCIA,4WD,S509277M-8129686,MADISAGRAL,ACULA,VERACRUZ DE IGNACIO DE LA LLAVE,1421.77,21.73,13,4,0,9,CERRADA,CERRADA,CERRADA,CERRADA,PENDIENTE,,,,,18.451879,-95.640364,80.56,67.92,28,10.89,7.16,16.84,0.0,0.0,0.0,0.0,0.0,0.0,4.0,1.0,1.0,0.0,1.0,90.0,197.0,201.0,125.0,93.0,180.0,35.0,34.0,14.0,103.0,5.0,27.0,42.0,600.0,666.0,1425.0,2025-03-24 12:37:00,CERRADA,5510476,Preventivo,66.0,11.0,755.77,66.0,3.0,AGRICOLA,48.041666666666664,1200.0,0,8.666666666666668,48.041666666666664,7.16,0.4663212989403824
862407061487389,NEW HOLLAND AG,7610S HERENCIA,4WD,S509278M-8129687,AGROEQUIPOS,VILLA COMALTITLAN,CHIAPAS,1430.88,5.64,7,4,0,3,CERRADA,CERRADA,CERRADA,CERRADA,PENDIENTE,,,,,15.0518898,-92.5118915,33.76,34.54,22,8.77,6.16,17.84,0.0,0.0,0.0,0.0,0.0,0.0,0.0,5.0,2.0,82.0,43.0,93.0,209.0,121.0,157.0,137.0,128.0,47.0,25.0,31.0,23.0,7.0,68.0,48.0,600.0,600.0,1430.0,2025-07-02 13:26:00,CERRADA,OS-13954,Preventivo,0.0,0.0,830.8800000000001,0.0,7.0,AGRICOLA,51.083333333333336,1200.0,0,92.0,51.083333333333336,6.16,0.4276230998180506
862407061496372,NEW HOLLAND AG,7610S HERENCIA,4WD,S509279M-8129688,MADISAGRAL,SAN JOSE ITURBIDE,GUANAJUATO,2254.39,95.19,9,5,0,4,,CERRADA,CERRADA,CERRADA,CERRADA,CERRADA,PENDIENTE,PENDIENTE,,21.0594473,-100.4363385,92.28,34.64,12,4.9,7.28,16.72,0.0,0.0,0.0,0.0,0.0,0.0,1.0,117.0,109.0,123.0,108.0,34.0,83.0,121.0,153.0,76.0,86.0,77.0,68.0,56.0,126.0,126.0,80.0,72.0,600.0,675.0,2254.0,2024-05-12 10:21:00,CERRADA,4813551,Preventivo,75.0,12.5,1579.3899999999999,75.0,5.0,AGRICOLA,67.33333333333333,3900.0,0,7.333333333333333,67.33333333333333,7.28,0.37775216178396454
862407061477836,NEW HOLLAND AG,7610S HERENCIA,4WD,S509280M-8130096,MADISAGRAL,SAN JUAN BAUTISTA TUXTEPEC,OAXACA,1578.4,65.22,6,4,0,2,CERRADA,CERRADA,CERRADA,CERRADA,PENDIENTE,PENDIENTE,,,,18.2796548,-96.0460013,51.42,32.38,20,6.61,4.95,19.05,0.0,0.0,0.0,0.0,0.0,0.0,0.0,1.0,43.0,72.0,172.0,74.0,167.0,166.0,120.0,104.0,98.0,30.0,16.0,6.0,37.0,2.0,76.0,34.0,600.0,560.0,1581.0,2025-10-01 17:32:00,CERRADA,5510403,Preventivo,-40.0,6.666666666666667,1018.4000000000001,0.0,10.0,AGRICOLA,50.75,2700.0,0,19.37037037037037,50.75,4.95,0.4074429154922229
862407061504738,NEW HOLLAND AG,7610S HERENCIA,LODERO,S509283M-8129689,AGROCISAGRAL,ZAMORA,MICHOACAN DE OCAMPO,1000.48,12.6,4,2,2,2,CERRADAFUERA,CERRADA,CERRADA,CERRADAFUERA,,,,,,20.0240993,-102.254837,0.0,0.11,4,0.0,1.81,22.19,0.0,0.0,0.0,0.0,0.0,0.0,0.0,20.0,101.0,84.0,34.0,9.0,32.0,46.0,18.0,25.0,45.0,28.0,35.0,65.0,54.0,17.0,23.0,18.0,600.0,634.0,1000.0,2025-11-07 09:28:00,CERRADA,23884,Preventivo,34.0,5.666666666666666,366.48,34.0,11.0,AGRICOLA,27.25,0.0,0,98.5925925925926,27.25,1.81,0.03512214463478521
862407061496778,NEW HOLLAND AG,7610S HERENCIA,LODERO,S509284M-8129685,ALTENOS,SILAO DE LA VICTORIA,GUANAJUATO,809.56,0.0,3,3,0,0,CERRADA,CERRADA,CERRADA,,,,,,,20.8892036,-101.4455761,0.0,0.0,0,0.0,0.0,24.0,0.0,0.0,0.0,0.0,0.0,0.0,0.0,0.0,46.0,0.0,0.0,0.0,35.0,50.0,32.0,19.0,49.0,81.0,9.0,27.0,44.0,37.0,67.0,13.0,600.0,560.0,809.0,2025-10-13 15:59:00,CERRADA,VSS0003144,Preventivo,-40.0,6.666666666666667,249.55999999999995,0.0,10.0,AGRICOLA,21.208333333333332,0.0,0,7.0,21.208333333333332,0.0,0.08926216031990421
862407061475442,NEW HOLLAND AG,7610S HERENCIA,4WD,S509286M-8130011,AGROEQUIPOS,LAS ROSAS,CHIAPAS,1563.01,0.8,6,2,0,4,PENDIENTE,CERRADA,CERRADA,PENDIENTE,PENDIENTE,PENDIENTE,,,,16.2381963,-92.4691148,91.3,36.06,19,4.6,10.53,13.47,0.0,0.0,0.0,0.0,0.0,0.0,0.0,3.0,1.0,15.0,124.0,207.0,222.0,128.0,150.0,106.0,76.0,16.0,6.0,3.0,7.0,1.0,58.0,29.0,600.0,630.0,1565.0,2025-03-01 11:03:00,CERRADA,PCG0000000755,Preventivo,30.0,5.0,933.01,30.0,3.0,AGRICOLA,48.0,3650.0,0,15.0,48.0,10.53,0.32775921585274936
862407061474262,NEW HOLLAND AG,7610S HERENCIA,LODERO,S509288M-8130079,ATC,APASEO EL ALTO,GUANAJUATO,1779.3,12.04,13,3,3,10,CERRADA,CERRADAFUERA,CERRADA,CERRADAFUERA,CERRADAFUERA,PENDIENTE,PORVENCER,,,20.4354526,-100.5281355,36.69,17.74,16,4.05,8.29,15.71,0.0,0.0,0.0,0.0,0.0,0.0,0.0,0.0,0.0,0.0,0.0,81.0,158.0,130.0,110.0,104.0,91.0,112.0,75.0,71.0,113.0,80.0,68.0,89.0,600.0,600.0,1783.0,2025-04-22 09:38:00,CERRADA,1014762,Preventivo,0.0,0.0,1179.3,0.0,4.0,AGRICOLA,53.416666666666664,3300.0,0,0.0,53.416666666666664,8.29,0.4565525636468833
862407061485144,NEW HOLLAND AG,7610S HERENCIA,4WD,S509305M-8130018,TEPSA,IGNACIO DE LA LLAVE,VERACRUZ DE IGNACIO DE LA LLAVE,1407.38,27.78,5,3,0,2,CERRADA,CERRADA,CERRADA,PENDIENTE,PENDIENTE,,,,,18.8037171,-96.3365666,0.0,0.0,0,0.0,0.0,24.0,0.0,0.0,0.0,0.0,0.0,0.0,0.0,0.0,116.0,118.0,46.0,106.0,124.0,49.0,1.0,0.0,0.0,1.0,53.0,52.0,84.0,93.0,45.0,76.0,600.0,600.0,1407.0,2025-07-01 21:31:00,CERRADA,SMIPT16/592,Preventivo,0.0,0.0,807.3800000000001,0.0,7.0,AGRICOLA,40.166666666666664,2100.0,0,104.0,40.166666666666664,0.0,0.33192299022710947
862407061470682,NEW HOLLAND AG,7610S HERENCIA,4WD,S509307M-8130029,TEPSA,QUECHOLAC,PUEBLA,2565.63,61.32,9,4,0,5,CERRADA,CERRADA,CERRADA,CERRADA,PENDIENTE,PENDIENTE,PENDIENTE,PENDIENTE,PENDIENTE,18.9487148,-97.644826,122.01,56.84,33,5.36,10.89,13.11,0.0,0.0,0.0,0.0,0.0,0.0,0.0,1.0,50.0,152.0,121.0,68.0,168.0,141.0,135.0,124.0,107.0,133.0,115.0,102.0,129.0,118.0,66.0,61.0,600.0,600.0,2567.0,2024-12-20 10:21:00,CERRADA,SMIPT13/558,Preventivo,0.0,0.0,1965.63,0.0,12.0,AGRICOLA,74.625,9000.0,0,41.0,74.625,10.89,0.28548979282033365
862407061523019,NEW HOLLAND AG,7610S HERENCIA,LODERO,S509310M-8130108,ATC,SAN JOSE ITURBIDE,GUANAJUATO,1392.54,18.82,10,4,0,6,CERRADA,CERRADA,CERRADA,CERRADA,PENDIENTE,,,,,21.1400416,-100.3783843,76.87,23.44,14,3.47,7.12,16.89,0.0,0.0,0.0,0.0,0.0,0.0,0.0,0.0,0.0,0.0,0.0,0.0,22.0,143.0,111.0,72.0,116.0,76.0,41.0,46.0,97.0,68.0,101.0,93.0,600.0,600.0,1396.0,2025-11-07 10:07:00,CERRADA,1031606,Preventivo,0.0,0.0,792.54,0.0,11.0,AGRICOLA,41.083333333333336,1200.0,0,0.0,41.083333333333336,7.12,0.4606701154395707
862407061556365,NEW HOLLAND AG,7610S HERENCIA,4WD,S509315M-8130099,ARBSA,EZEQUIEL MONTES,QUERETARO,1703.42,181.92,6,5,1,1,CERRADA,CERRADA,CERRADA,CERRADAFUERA,CERRADA,CERRADA,,,,20.7101885,-99.9041071,73.11,10.94,9,1.83,9.68,14.32,0.0,0.0,0.0,0.0,0.0,0.0,0.0,0.0,0.0,0.0,50.0,56.0,139.0,114.0,108.0,89.0,109.0,115.0,97.0,94.0,95.0,95.0,66.0,68.0,600.0,568.0,1708.0,2025-04-22 09:29:00,CERRADA,29320,Preventivo,-32.0,5.333333333333334,1135.42,0.0,4.0,AGRICOLA,53.958333333333336,0.0,0,20.666666666666668,53.958333333333336,9.68,0.4606620638632178
862407061489161,NEW HOLLAND AG,7610S HERENCIA,4WD,S509326M-8130044,TEPSA,PALMAR DE BRAVO,PUEBLA,1241.9,49.07,5,3,0,2,CERRADA,CERRADA,CERRADA,PENDIENTE,PENDIENTE,,,,,18.8888768,-97.4775746,6.03,1.18,6,2.34,2.84,21.16,0.0,0.0,0.0,0.0,0.0,0.0,0.0,0.0,47.0,13.0,23.0,74.0,78.0,102.0,80.0,104.0,64.0,82.0,51.0,29.0,71.0,61.0,49.0,9.0,600.0,592.0,1245.0,2025-05-27 16:46:00,CERRADA,SIMPT96/755,Preventivo,-8.0,1.3333333333333335,649.9000000000001,0.0,5.0,AGRICOLA,39.041666666666664,2100.0,0,24.0,39.041666666666664,2.84,0.2633520264898003
862407061433441,NEW HOLLAND AG,7610S HERENCIA,4WD,S509349M-8131405,ATN,SAN LUIS DE LA PAZ,GUANAJUATO,2199.5,79.45,8,5,1,3,CERRADA,CERRADA,CERRADA,CERRADA,CERRADA,CERRADAFUERA,PENDIENTE,PENDIENTE,,21.408197,-100.7240926,49.54,62.64,14,7.43,13.96,10.04,0.0,0.0,0.0,0.0,0.0,0.0,0.0,0.0,0.0,0.0,0.0,0.0,0.0,0.0,0.0,0.0,0.0,0.0,0.0,0.0,0.0,0.0,0.0,0.0,600.0,638.0,2201.0,2025-02-28 10:20:00,CERRADA,1007693,Preventivo,38.0,6.333333333333334,1561.5,38.0,2.0,AGRICOLA,0.0,3900.0,0,0.0,0.0,13.96,0.13816989822044948
862407061501379,NEW HOLLAND AG,7610S HERENCIA,4WD,S509350M-8131404,ATN,SAN JOSE ITURBIDE,GUANAJUATO,1324.3,45.75,5,4,0,1,CERRADA,CERRADA,CERRADA,CERRADA,PENDIENTE,,,,,21.0801193,-100.364936,79.9,31.02,22,4.8,5.83,18.17,0.0,0.0,0.0,0.0,0.0,0.0,0.0,0.0,3.0,0.0,0.0,0.0,0.0,0.0,0.0,0.0,0.0,0.0,0.0,0.0,0.0,0.0,0.0,0.0,600.0,600.0,1329.0,2025-03-24 12:39:00,CERRADA,1019105,Preventivo,0.0,0.0,724.3,0.0,3.0,AGRICOLA,0.125,1200.0,0,0.0,0.125,5.83,0.09120774319576047
862407061586479,NEW HOLLAND AG,7610S HERENCIA,LODERO,S509351M-8131368,ATC,PEDRO ESCOBEDO,QUERETARO,1760.68,5.55,8,2,5,6,CERRADAFUERA,CERRADA,CERRADA,CERRADAFUERA,CERRADAFUERA,CERRADAFUERA,PORVENCER,,,20.5794521,-100.099978,25.77,11.0,10,4.56,2.58,21.42,0.0,0.0,0.0,0.0,0.0,0.0,0.0,0.0,0.0,25.0,32.0,67.0,90.0,115.0,109.0,124.0,143.0,139.0,104.0,31.0,129.0,81.0,67.0,46.0,600.0,600.0,1762.0,2025-04-22 09:27:00,CERRADA,1014632,Preventivo,0.0,0.0,1160.68,0.0,4.0,AGRICOLA,54.25,1800.0,0,0.0,54.25,2.58,0.4449556260458828
862407061477547,NEW HOLLAND AG,7610S HERENCIA,4WD,S509352M-8131472,TEPSA,CHIGNAHUAPAN,PUEBLA,1718.53,5.24,8,4,0,4,CERRADA,CERRADA,CERRADA,CERRADA,PENDIENTE,PENDIENTE,,,,19.6483775,-97.9232775,105.23,16.01,24,1.94,9.01,14.99,0.0,0.0,0.0,0.0,0.0,0.0,0.0,0.0,0.0,0.0,0.0,89.0,164.0,153.0,154.0,108.0,120.0,42.0,51.0,8.0,0.0,11.0,96.0,59.0,600.0,573.0,1723.0,2025-04-03 00:28:00,CERRADA,SFP1871,Preventivo,-27.0,4.5,1145.53,0.0,4.0,AGRICOLA,43.958333333333336,2700.0,0,5.148148148148148,43.958333333333336,9.01,0.371702769984963
862407061548297,NEW HOLLAND AG,7610S HERENCIA,4WD,S509354M-8131367,ATC,COATEPEC HARINAS,MEXICO,580.73,5.08,10,3,0,7,CERRADA,CERRADA,CERRADA,,,,,,,19.0359115,-99.914478,48.82,4.68,7,1.05,7.09,16.91,0.0,0.0,0.0,0.0,0.0,0.0,0.0,0.0,0.0,3.0,15.0,24.0,26.0,15.0,36.0,20.0,89.0,52.0,33.0,33.0,37.0,15.0,3.0,0.0,600.0,600.0,600.0,2025-11-15 11:07:00,CERRADA,1042246,Preventivo,0.0,0.0,0.0,0.0,11.0,AGRICOLA,16.708333333333332,0.0,0,0.0,16.708333333333332,7.09,0.10978358199367685
862407061567271,NEW HOLLAND AG,7610S HERENCIA,4WD,S509358M-8131482,MADISAGRAL,CAMPECHE,CAMPECHE,1866.12,0.0,7,4,0,3,CERRADA,CERRADA,CERRADA,CERRADA,PENDIENTE,PENDIENTE,PENDIENTE,,,19.5909695,-90.2599661,0.0,0.0,0,0.0,0.0,24.0,0.0,0.0,0.0,0.0,0.0,0.0,0.0,0.0,0.0,5.0,23.0,201.0,149.0,202.0,155.0,19.0,100.0,76.0,72.0,50.0,34.0,32.0,88.0,103.0,600.0,570.0,1868.0,2025-07-02 13:08:00,CERRADA,9617241,Preventivo,-30.0,5.0,1296.12,0.0,7.0,AGRICOLA,54.541666666666664,4500.0,0,29.444444444444443,54.541666666666664,0.0,0.6214687547860573
862407061620138,NEW HOLLAND AG,7610S HERENCIA,4WD,S509360M-8131476,ALTENOS,SAN JUAN DE LOS LAGOS,JALISCO,832.51,11.81,3,3,0,0,CERRADA,CERRADA,CERRADA,,,,,,,21.1961798,-102.4870915,0.0,0.0,0,0.0,0.0,24.0,0.0,0.0,0.0,0.0,0.0,0.0,0.0,0.0,19.0,137.0,13.0,4.0,0.0,36.0,19.0,16.0,59.0,20.0,9.0,7.0,69.0,5.0,1.0,0.0,600.0,615.0,832.0,2025-11-07 18:55:00,CERRADA,OTS0002765,Preventivo,15.0,2.5,217.51,15.0,11.0,AGRICOLA,17.25,0.0,0,16.0,17.25,0.0,0.10458693499412115
862407061433417,NEW HOLLAND AG,7610S HERENCIA,4WD,S509361M-8130654,ALTENOS,SALAMANCA,GUANAJUATO,863.16,0.2,6,2,2,4,CERRADA,CERRADAFUERA,CERRADAFUERA,CERRADA,,,,,,20.6833538,-101.219898,0.0,0.0,0,0.0,0.0,24.0,0.0,0.0,0.0,0.0,0.0,0.0,0.0,0.0,15.0,23.0,76.0,55.0,3.0,4.0,0.0,30.0,52.0,89.0,68.0,0.0,50.0,92.0,78.0,44.0,600.0,560.0,863.0,2025-01-10 10:00:00,CERRADAFUERA,CFD,Preventivo,-40.0,6.666666666666667,303.15999999999997,0.0,1.0,AGRICOLA,28.291666666666668,0.0,0,278.0,28.291666666666668,0.0,0.07046046606453883
862407061486829,NEW HOLLAND AG,7610S HERENCIA,4WD,S509365M-8131480,ATN,APAXCO,MEXICO,1929.55,24.16,8,5,2,3,CERRADA,CERRADA,CERRADA,CERRADA,CERRADA,CERRADAFUERA,PENDIENTE,,,19.9285101,-99.1698146,75.06,11.85,11,1.52,8.01,15.99,0.0,0.0,0.0,0.0,0.0,0.0,0.0,0.0,0.0,0.0,0.0,0.0,0.0,0.0,0.0,0.0,0.0,0.0,0.0,0.0,0.0,0.0,0.0,0.0,600.0,600.0,1933.0,2025-03-24 12:36:00,CERRADA,1016288,Preventivo,0.0,0.0,1329.55,0.0,3.0,AGRICOLA,0.0,1800.0,0,0.0,0.0,8.01,0.0961264291570531
862407062129584,NEW HOLLAND AG,7610S HERENCIA,4WD,S509367M-8131470,AGROEQUIPOS,TONALA,CHIAPAS,1131.39,29.5,8,4,0,4,CERRADA,CERRADA,CERRADA,PENDIENTE,,,,,,15.771672,-93.4069186,0.0,0.0,0,0.0,0.0,24.0,0.0,0.0,0.0,0.0,0.0,0.0,0.0,0.0,0.0,0.0,30.0,75.0,101.0,109.0,2.0,1.0,75.0,85.0,16.0,152.0,107.0,4.0,7.0,3.0,600.0,568.0,1131.0,2025-07-15 07:17:00,CERRADA,OS-14259,Preventivo,-32.0,5.333333333333334,563.3900000000001,0.0,7.0,AGRICOLA,31.958333333333332,900.0,0,4.0,31.958333333333332,0.0,0.06503540860558923
862407061698191,NEW HOLLAND AG,7610S,4WD,S509369M-8131408,ENAGRI,SANTIAGO IXCUINTLA,NAYARIT,1445.72,4.96,4,4,0,0,,CERRADA,CERRADA,CERRADA,CERRADA,,,,,21.8235131,-105.203763,11.46,18.25,17,8.05,4.75,19.25,0.0,0.0,0.0,0.0,0.0,0.0,0.0,0.0,0.0,0.0,37.0,77.0,140.0,118.0,116.0,61.0,102.0,55.0,47.0,3.0,1.0,64.0,144.0,97.0,600.0,571.0,1447.0,2025-07-02 13:33:00,CERRADA,TF17280,Preventivo,-29.0,4.833333333333333,874.72,0.0,7.0,AGRICOLA,44.25,0.0,0,5.777777777777778,44.25,4.75,0.2558207775352177
862407061629337,NEW HOLLAND AG,7610S HERENCIA,4WD,S509382M-8131977,ARBSA,PEDRO ESCOBEDO,QUERETARO,760.1,1.74,3,3,0,0,CERRADA,CERRADA,CERRADA,,,,,,,20.5780138,-100.107207,9.74,4.03,14,5.28,0.88,23.12,0.0,0.0,0.0,0.0,0.0,0.0,0.0,0.0,0.0,0.0,2.0,2.0,0.0,2.0,27.0,117.0,69.0,30.0,29.0,31.0,39.0,62.0,38.0,44.0,600.0,560.0,760.0,2025-10-28 10:39:00,CERRADA,0,Preventivo,-40.0,6.666666666666667,200.10000000000002,0.0,10.0,AGRICOLA,20.5,0.0,0,23.333333333333336,20.5,0.88,0.04511748185781039
862407061551762,NEW HOLLAND AG,7610S HERENCIA,4WD,S509403M-8131378,MADISAGRAL,ACULA,VERACRUZ DE IGNACIO DE LA LLAVE,1124.29,168.82,14,4,0,10,CERRADA,CERRADA,CERRADA,CERRADA,,,,,,18.3267468,-95.6742178,103.17,47.46,22,5.27,8.78,15.22,0.0,0.0,0.0,0.0,0.0,0.0,0.0,0.0,0.0,0.0,0.0,27.0,249.0,175.0,145.0,175.0,124.0,2.0,20.0,9.0,0.0,9.0,1.0,16.0,600.0,615.0,1124.0,2025-03-24 13:07:00,CERRADA,5510468,Preventivo,15.0,2.5,509.28999999999996,15.0,3.0,AGRICOLA,39.666666666666664,0.0,0,13.333333333333334,39.666666666666664,8.78,0.3826116878418058
862407061407288,NEW HOLLAND AG,7610S HERENCIA,LODERO,S509406M-8131365,ATN,DOLORES HIDALGO CUNA DE LA INDEPENDENCIA NACIONAL,GUANAJUATO,718.53,1754.22,5,1,2,4,CERRADAFUERA,CERRADAFUERA,CERRADA,,,,,,,21.2268556,-100.9219461,0.0,0.0,0,0.0,0.0,24.0,0.0,0.0,0.0,0.0,0.0,0.0,0.0,0.0,6.0,34.0,0.0,0.0,0.0,0.0,0.0,0.0,0.0,0.0,0.0,0.0,0.0,0.0,0.0,0.0,600.0,600.0,718.0,2025-04-09 14:57:00,CERRADA,1047086,Preventivo,0.0,0.0,118.52999999999997,0.0,4.0,AGRICOLA,1.6666666666666667,0.0,0,0.0,1.6666666666666667,0.0,0.13556277165131644
862407061407387,NEW HOLLAND AG,7610S HERENCIA,LODERO,S509408M-8131490,ATN,SALVATIERRA,GUANAJUATO,902.79,55.81,6,2,1,4,CERRADAFUERA,CERRADA,CERRADA,PENDIENTE,,,,,,20.2645075,-100.9471865,0.0,0.03,3,0.0,0.09,23.91,0.0,0.0,0.0,0.0,0.0,0.0,0.0,0.0,5.0,6.0,0.0,0.0,0.0,0.0,0.0,0.0,0.0,0.0,0.0,0.0,0.0,0.0,0.0,0.0,600.0,600.0,902.0,2025-03-08 22:00:00,CERRADA,1044529,Preventivo,0.0,0.0,302.78999999999996,0.0,3.0,AGRICOLA,0.4583333333333333,900.0,0,0.0,0.4583333333333333,0.09,0.07562315475958838
862407061591479,NEW HOLLAND AG,7610S HERENCIA,4WD,S509414M-8131477,ALTENOS,SAN JUAN DE LOS LAGOS,JALISCO,661.91,96.71,3,3,0,0,CERRADA,CERRADA,CERRADA,,,,,,,21.4345901,-102.3430936,0.0,0.0,0,0.0,0.0,24.0,0.0,0.0,0.0,0.0,0.0,0.0,0.0,0.0,0.0,0.0,0.0,0.0,0.0,0.0,20.0,64.0,38.0,83.0,64.0,46.0,43.0,1.0,19.0,32.0,600.0,562.0,661.0,2025-11-28 16:50:00,CERRADA,OTS0004177,Preventivo,-38.0,6.333333333333334,99.90999999999997,0.0,11.0,AGRICOLA,17.083333333333332,0.0,0,6.666666666666667,17.083333333333332,0.0,0.08933485461357529
862407061671131,NEW HOLLAND AG,7610S HERENCIA,LODERO,S509418M-8131974,ATC,SAN JOSE ITURBIDE,GUANAJUATO,1688.06,311.76,7,3,2,4,CERRADAFUERA,CERRADA,CERRADA,CERRADAFUERA,CERRADA,PENDIENTE,,,,21.1062151,-100.5710468,176.62,50.35,19,3.73,14.16,9.84,0.0,0.0,0.0,0.0,0.0,0.0,0.0,0.0,0.0,0.0,0.0,0.0,0.0,0.0,0.0,30.0,38.0,142.0,90.0,113.0,133.0,106.0,65.0,69.0,600.0,600.0,1692.0,2025-11-07 09:30:00,CERRADA,1040326,Preventivo,0.0,0.0,1088.06,0.0,11.0,AGRICOLA,32.75,1500.0,0,0.0,32.75,14.16,0.21961682859274995
862407062897743,NEW HOLLAND AG,7610S HERENCIA,LODERO,S509419M-8132049,ATC,SANTA CRUZ DE JUVENTINO ROSAS,GUANAJUATO,1515.5,53.34,6,4,0,2,CERRADA,CERRADA,CERRADA,CERRADA,PENDIENTE,PENDIENTE,,,,20.6030003,-100.9514225,91.43,46.27,21,5.0,11.2,12.8,0.0,0.0,0.0,0.0,0.0,0.0,0.0,0.0,0.0,0.0,0.0,0.0,0.0,0.0,40.0,120.0,148.0,128.0,125.0,80.0,99.0,85.0,107.0,87.0,600.0,600.0,1516.0,2025-07-16 08:21:00,CERRADA,1027497,Preventivo,0.0,0.0,915.5,0.0,7.0,AGRICOLA,42.458333333333336,2700.0,0,0.0,42.458333333333336,11.2,0.3077391754565261
862407062884089,NEW HOLLAND AG,7610S HERENCIA,4WD,S509421M-8131697,TEPSA,ORIENTAL,PUEBLA,2042.22,93.14,13,4,0,9,CERRADA,CERRADA,CERRADA,CERRADA,PENDIENTE,PENDIENTE,PENDIENTE,,,19.2879806,-97.5547783,66.93,13.86,13,3.06,6.11,17.89,0.0,0.0,0.0,0.0,0.0,0.0,0.0,0.0,0.0,0.0,0.0,0.0,91.0,184.0,156.0,136.0,145.0,140.0,79.0,114.0,173.0,92.0,66.0,76.0,600.0,574.0,2045.0,2025-04-22 09:26:00,CERRADA,SFP1886,Preventivo,-26.0,4.333333333333334,1468.22,0.0,4.0,AGRICOLA,60.5,4500.0,0,9.5,60.5,6.11,0.4325456208437538
862407061698712,NEW HOLLAND AG,7610S HERENCIA,4WD,S509428M-8133110,MADISAGRAL,ACAYUCAN,VERACRUZ DE IGNACIO DE LA LLAVE,1361.1,6.41,10,3,0,7,CERRADA,CERRADA,CERRADA,PENDIENTE,PENDIENTE,,,,,17.8882001,-95.0748506,63.2,23.58,11,3.35,9.82,14.18,0.0,0.0,0.0,0.0,0.0,0.0,0.0,0.0,0.0,0.0,0.0,58.0,112.0,109.0,66.0,103.0,107.0,33.0,76.0,84.0,97.0,95.0,101.0,51.0,600.0,572.0,1363.0,2025-11-07 09:24:00,CERRADA,5510752 5510722,Preventivo,-28.0,4.666666666666667,789.0999999999999,0.0,11.0,AGRICOLA,45.5,2100.0,0,5.166666666666667,45.5,9.82,0.37936125747003613
862407062098292,NEW HOLLAND AG,7610S HERENCIA,4WD,S509437M-8133284,ARBSA,EZEQUIEL MONTES,QUERETARO,1287.78,0.86,10,5,0,5,CERRADA,CERRADA,CERRADA,CERRADA,PENDIENTE,,,,,20.719863,-99.9171996,44.87,8.4,12,1.91,6.93,17.07,0.0,0.0,0.0,0.0,0.0,0.0,0.0,0.0,0.0,0.0,9.0,56.0,49.0,89.0,99.0,102.0,99.0,76.0,55.0,63.0,91.0,73.0,73.0,66.0,600.0,627.0,1289.0,2025-11-07 09:20:00,CERRADA,29567,Preventivo,27.0,4.5,660.78,27.0,11.0,AGRICOLA,41.666666666666664,1200.0,0,8.666666666666668,41.666666666666664,6.93,0.4293427199254161
862407061778811,NEW HOLLAND AG,7610S HERENCIA,4WD,S509438M-8133119,ARBSA,CIUDAD OBREGON,SONORA,985.2,5.6,10,4,0,6,CERRADA,CERRADA,CERRADA,CERRADA,,,,,,27.3080546,-110.1712243,0.0,0.0,0,0.0,0.0,24.0,0.0,0.0,0.0,0.0,0.0,0.0,0.0,0.0,0.0,0.0,0.0,90.0,103.0,68.0,48.0,27.0,72.0,67.0,25.0,28.0,18.0,45.0,62.0,28.0,600.0,561.0,985.0,2025-07-25 10:26:00,CERRADA,70617,Preventivo,-39.0,6.5,424.20000000000005,0.0,7.0,AGRICOLA,28.375,0.0,0,39.666666666666664,28.375,0.0,0.08479509511951976
862407062126507,NEW HOLLAND AG,7610S HERENCIA,4WD,S509455M-8130647,AGROEQUIPOS,TAPACHULA,CHIAPAS,1157.84,112.93,9,4,0,5,CERRADA,CERRADA,CERRADA,PENDIENTE,PORVENCER,,,,,14.8190353,-92.4223665,0.0,0.0,3,0.0,0.0,24.0,0.0,0.0,0.0,0.0,0.0,0.0,0.0,0.0,0.0,0.0,0.0,130.0,189.0,136.0,58.0,135.0,149.0,52.0,0.0,1.0,0.0,1.0,95.0,12.0,600.0,600.0,1161.0,2025-03-24 12:27:00,CERRADA,OS-14026,Preventivo,0.0,0.0,557.8399999999999,0.0,3.0,AGRICOLA,39.916666666666664,2100.0,0,14.000000000000002,39.916666666666664,0.0,0.3697757484497143
862407062100593,NEW HOLLAND AG,7610S HERENCIA,4WD,S509462M-6302476,ALTENOS,PURISIMA DEL RINCON,GUANAJUATO,697.31,41.97,44,4,0,40,CERRADA,CERRADA,CERRADA,,,,,,,20.9630358,-102.0755831,0.0,0.0,0,0.0,0.0,24.0,0.0,0.0,0.0,0.0,0.0,0.0,0.0,0.0,0.0,0.0,0.0,27.0,2.0,28.0,10.0,43.0,18.0,45.0,74.0,2.0,6.0,28.0,42.0,0.0,600.0,630.0,697.0,2025-10-13 13:54:00,CERRADA,OTS0004038,Preventivo,30.0,5.0,67.30999999999995,30.0,10.0,AGRICOLA,13.541666666666666,0.0,0,8.833333333333332,13.541666666666666,0.0,0.08087583101613022
862407061609040,NEW HOLLAND AG,7610S HERENCIA,4WD,S509474M-6302699,ALTENOS,SAN FRANCISCO DEL RINCON,GUANAJUATO,1801.4,2.15,14,7,0,7,CERRADA,CERRADA,CERRADA,CERRADA,CERRADA,CERRADA,CERRADA,,,21.0428925,-101.7707633,65.07,8.41,9,1.46,7.92,16.08,0.0,0.0,0.0,0.0,0.0,0.0,0.0,0.0,0.0,0.0,18.0,84.0,141.0,118.0,122.0,111.0,135.0,110.0,90.0,82.0,93.0,98.0,116.0,101.0,600.0,600.0,1803.0,2025-04-22 10:00:00,CERRADA,OTS0003486,Preventivo,0.0,0.0,1201.4,0.0,4.0,AGRICOLA,59.125,0.0,0,15.555555555555555,59.125,7.92,0.47169586040589323
862407062843416,NEW HOLLAND AG,7610S HERENCIA,4WD,S509484M-6302733,MADISAGRAL,BOCA DEL RIO,VERACRUZ DE IGNACIO DE LA LLAVE,1197.02,0.0,15,4,0,11,CERRADA,CERRADA,CERRADA,PENDIENTE,PORVENCER,,,,,18.9440145,-96.1267995,12.27,15.32,23,8.56,2.62,21.38,0.0,0.0,0.0,0.0,0.0,0.0,0.0,0.0,0.0,0.0,0.0,21.0,85.0,104.0,104.0,44.0,117.0,78.0,54.0,43.0,63.0,37.0,87.0,50.0,600.0,603.0,1197.0,2025-11-07 09:08:00,CERRADA,7402103,Preventivo,3.0,0.5,594.02,3.0,11.0,AGRICOLA,36.958333333333336,2100.0,0,6.833333333333333,36.958333333333336,2.62,0.18425893203127866
862407062850593,NEW HOLLAND AG,7610S HERENCIA,4WD,S509506M-6302799,AGROCISAGRAL,TEPATITLAN DE MORELOS,JALISCO,798.48,117.51,23,2,2,21,CERRADAFUERA,CERRADA,CERRADA,,,,,,,21.0365521,-102.6909758,67.22,27.02,24,5.15,5.93,18.07,0.0,0.0,0.0,0.0,0.0,0.0,0.0,0.0,0.0,0.0,0.0,19.0,56.0,70.0,73.0,64.0,88.0,85.0,54.0,2.0,3.0,45.0,8.0,42.0,600.0,564.0,801.0,2025-07-16 17:06:00,CERRADA,25082,Preventivo,-36.0,6.0,234.48000000000002,0.0,7.0,AGRICOLA,25.375,0.0,0,11.5,25.375,5.93,0.0358506896477312
862407061592949,NEW HOLLAND AG,7610S HERENCIA,4WD,S509510M-6302880,ALTENOS,PURISIMA DEL RINCON,GUANAJUATO,674.44,16.36,16,4,0,12,CERRADA,CERRADA,CERRADA,,,,,,,20.9544921,-102.1608853,1.28,0.3,5,0.0,0.0,24.0,0.0,0.0,0.0,0.0,0.0,0.0,0.0,0.0,0.0,0.0,0.0,13.0,65.0,24.0,9.0,34.0,73.0,128.0,21.0,0.0,5.0,10.0,10.0,8.0,600.0,562.0,675.0,2025-06-11 20:00:00,CERRADA,OTS0003905,Preventivo,-38.0,6.333333333333334,112.44000000000005,0.0,6.0,AGRICOLA,16.666666666666668,0.0,1,4.0,16.666666666666668,0.0,0.08933485461357529
862407062059708,NEW HOLLAND AG,7610S HERENCIA,4WD,S509513M-6302910,ALTENOS,SAN IGNACIO CERRO GORDO,JALISCO,1471.09,6.47,16,5,0,11,CERRADA,CERRADA,CERRADA,CERRADA,CERRADA,PORVENCER,,,,20.9836335,-102.4506303,32.43,3.05,6,1.04,3.35,20.65,0.0,0.0,0.0,0.0,0.0,0.0,0.0,0.0,0.0,0.0,0.0,0.0,79.0,41.0,89.0,132.0,130.0,138.0,64.0,64.0,69.0,73.0,85.0,63.0,600.0,831.0,1472.0,2025-11-07 10:40:00,CERRADA,OTS0003424,Preventivo,231.0,38.5,640.0899999999999,231.0,11.0,AGRICOLA,42.791666666666664,1500.0,0,4.805555555555555,42.791666666666664,3.35,0.23601931995187106
862407062086487,NEW HOLLAND AG,7610S HERENCIA,4WD,S509515M-6308299,ALTENOS,ARANDAS,JALISCO,1139.13,33.04,14,4,0,10,CERRADA,CERRADA,CERRADA,CERRADA,,,,,,20.9124493,-102.3538336,113.81,16.46,20,2.08,10.47,13.53,0.0,0.0,0.0,0.0,0.0,0.0,0.0,0.0,0.0,0.0,0.0,27.0,40.0,28.0,20.0,67.0,120.0,94.0,52.0,3.0,26.0,104.0,59.0,61.0,600.0,573.0,1142.0,2025-08-21 10:44:00,CERRADA,OTS0003775,Preventivo,-27.0,4.5,566.1300000000001,0.0,8.0,AGRICOLA,29.208333333333332,0.0,0,5.0,29.208333333333332,10.47,0.05597047182859753
862407062067305,NEW HOLLAND AG,7610S HERENCIA,4WD,S509516M-6306336,ALTENOS,SAN IGNACIO CERRO GORDO,JALISCO,1110.53,66.87,11,5,0,6,CERRADA,CERRADA,CERRADA,CERRADA,,,,,,20.9342948,-102.5115783,11.53,6.87,19,6.14,1.13,22.87,0.0,0.0,0.0,0.0,0.0,0.0,0.0,0.0,0.0,0.0,0.0,10.0,115.0,101.0,83.0,44.0,97.0,83.0,4.0,2.0,3.0,64.0,16.0,34.0,600.0,615.0,1112.0,2025-11-07 09:34:00,CERRADA,OTS0003119,Preventivo,15.0,2.5,495.53,15.0,11.0,AGRICOLA,27.333333333333332,0.0,0,4.851851851851852,27.333333333333332,1.13,0.03184921750426529
862407061671180,NEW HOLLAND AG,7610S HERENCIA,4WD,S509518M-6306364,ALTENOS,SAN JUAN DE LOS LAGOS,JALISCO,958.52,66.5,28,5,0,23,CERRADA,CERRADA,CERRADA,CERRADA,,,,,,20.9963845,-102.2970771,95.43,32.24,9,3.71,8.75,15.25,0.0,0.0,0.0,0.0,0.0,0.0,0.0,0.0,0.0,0.0,0.0,15.0,62.0,72.0,45.0,46.0,48.0,83.0,26.0,19.0,34.0,50.0,11.0,40.0,600.0,669.0,958.0,2025-11-07 09:29:00,CERRADA,OTS0003537,Preventivo,69.0,11.5,289.52,69.0,11.0,AGRICOLA,22.958333333333332,0.0,0,8.166666666666668,22.958333333333332,8.75,0.07878962011637589
862407062872977,NEW HOLLAND AG,7610S HERENCIA,4WD,S509522M-6306337,ALTENOS,ATOTONILCO EL ALTO,JALISCO,623.91,0.14,37,3,0,34,CERRADA,CERRADA,CERRADA,,,,,,,20.6270451,-102.571549,0.0,0.0,0,0.0,0.0,24.0,0.0,0.0,0.0,0.0,0.0,0.0,0.0,0.0,0.0,0.0,0.0,6.0,14.0,51.0,114.0,61.0,40.0,51.0,59.0,58.0,72.0,0.0,0.0,2.0,600.0,560.0,623.0,2025-09-14 15:33:00,CERRADA,OTA0002653,Preventivo,-40.0,6.666666666666667,63.90999999999997,0.0,9.0,AGRICOLA,22.0,0.0,1,0.0,22.0,0.0,0.38738184679817095
862407061597864,NEW HOLLAND AG,7610S HERENCIA,4WD,S509529M-6306429,TEPSA,TECAMACHALCO,PUEBLA,779.36,0.63,3,3,0,0,CERRADA,CERRADA,CERRADA,,,,,,,18.7624905,-97.682481,22.56,1.32,6,0.32,6.07,17.93,0.0,0.0,0.0,0.0,0.0,0.0,0.0,0.0,0.0,0.0,0.0,0.0,0.0,12.0,30.0,81.0,102.0,100.0,59.0,33.0,115.0,92.0,74.0,83.0,600.0,560.0,780.0,2025-10-25 08:55:00,CERRADA,SFPT2500/972,Preventivo,-40.0,6.666666666666667,219.36,0.0,10.0,AGRICOLA,32.541666666666664,0.0,0,54.0,32.541666666666664,6.07,0.22689946631203534
862407061671057,NEW HOLLAND AG,7610S HERENCIA,4WD,S509533M-6306187,TEPSA,QUECHOLAC,PUEBLA,1407.06,35.86,8,5,0,3,CERRADA,CERRADA,CERRADA,CERRADA,CERRADA,,,,,18.8976648,-97.639402,66.74,32.29,21,6.18,9.74,14.26,0.0,0.0,0.0,0.0,0.0,0.0,0.0,0.0,0.0,0.0,0.0,0.0,56.0,85.0,101.0,136.0,101.0,20.0,107.0,113.0,138.0,53.0,46.0,50.0,600.0,667.0,1407.0,2025-11-07 10:07:00,CERRADA,SMIPT97/756,Preventivo,67.0,11.166666666666666,740.06,67.0,11.0,AGRICOLA,41.916666666666664,0.0,0,10.5625,41.916666666666664,9.74,0.3958098633180592
862407062104637,NEW HOLLAND AG,7610S HERENCIA,4WD,S509535M-6306184,ARBSA,HERMOSILLO,SONORA,1428.58,199.97,11,4,0,7,CERRADA,CERRADA,CERRADA,CERRADA,PENDIENTE,,,,,28.9631316,-111.6914553,68.83,27.08,18,4.45,6.46,17.54,0.0,0.0,0.0,0.0,0.0,0.0,0.0,0.0,0.0,0.0,0.0,61.0,143.0,76.0,131.0,103.0,109.0,71.0,35.0,21.0,94.0,65.0,112.0,66.0,600.0,638.0,1431.0,2025-01-06 08:52:00,CERRADA,502915,Preventivo,38.0,6.333333333333334,790.5799999999999,38.0,1.0,AGRICOLA,45.291666666666664,1200.0,0,10.0,45.291666666666664,6.46,0.4326408428070281
862407062104579,NEW HOLLAND AG,7610S HERENCIA,4WD,S509541M-6306448,ARBSA,EPITACIO HUERTA,MICHOACAN DE OCAMPO,817.45,6.2,8,3,0,5,CERRADA,CERRADA,CERRADA,,,,,,,20.0425248,-100.30031,70.95,13.28,20,2.14,8.36,15.64,0.0,0.0,0.0,0.0,0.0,0.0,0.0,0.0,0.0,0.0,0.0,38.0,176.0,69.0,22.0,54.0,96.0,34.0,23.0,24.0,31.0,35.0,17.0,44.0,600.0,560.0,821.0,2025-09-24 14:56:00,CERRADA,29716,Preventivo,-40.0,6.666666666666667,257.45000000000005,0.0,9.0,AGRICOLA,27.625,0.0,0,32.0,27.625,8.36,0.036882884377103936
862407062124247,NEW HOLLAND AG,7610S HERENCIA,4WD,S509543M-6304925,ARBSA,HERMOSILLO,SONORA,1538.87,1.72,11,4,1,7,CERRADA,CERRADA,CERRADA,CERRADA,PENDIENTE,CERRADAFUERA,,,,28.9703708,-111.6790878,55.6,23.79,28,5.3,4.67,19.33,0.0,0.0,0.0,0.0,0.0,0.0,0.0,0.0,0.0,0.0,0.0,66.0,136.0,125.0,140.0,60.0,140.0,68.0,53.0,16.0,109.0,81.0,158.0,50.0,600.0,659.0,1542.0,2025-01-06 08:03:00,CERRADA,502916,Preventivo,59.0,9.833333333333332,879.8699999999999,59.0,1.0,AGRICOLA,50.083333333333336,1200.0,0,0.0,50.083333333333336,4.67,0.4246882943505139
862407062062181,NEW HOLLAND AG,7610S HERENCIA,4WD,S509545M-6304991,ATC,VICENTE GUERRERO,DURANGO,836.79,77.3,16,1,2,15,CERRADA,CERRADAFUERA,CERRADAFUERA,,,,,,,24.0578258,-103.3964278,0.14,0.05,9,3.2,0.38,23.62,0.0,0.0,0.0,0.0,0.0,0.0,0.0,0.0,0.0,0.0,0.0,0.0,33.0,56.0,42.0,28.0,78.0,88.0,84.0,67.0,26.0,94.0,23.0,17.0,600.0,600.0,836.0,2025-08-21 16:25:00,CERRADAFUERA,,Preventivo,0.0,0.0,236.78999999999996,0.0,8.0,AGRICOLA,26.5,0.0,0,0.0,26.5,0.38,0.1040708232117889
862407062886951,NEW HOLLAND AG,7610S HERENCIA,LODERO,S509557M-6308194,ATC,DOLORES HIDALGO CUNA DE LA INDEPENDENCIA NACIONAL,GUANAJUATO,1255.97,0.0,17,2,3,15,CERRADAFUERA,CERRADA,CERRADA,CERRADAFUERA,PENDIENTE,,,,,21.1581333,-100.8404485,0.0,0.0,0,0.0,0.0,24.0,0.0,0.0,0.0,0.0,0.0,0.0,0.0,0.0,0.0,0.0,0.0,0.0,86.0,100.0,103.0,65.0,69.0,95.0,14.0,83.0,116.0,82.0,104.0,55.0,600.0,600.0,1261.0,2025-08-21 10:43:00,CERRADA,1049300,Preventivo,0.0,0.0,655.97,0.0,8.0,AGRICOLA,40.5,1200.0,0,0.0,40.5,0.0,0.442294051190409
862407062870658,NEW HOLLAND AG,7610S HERENCIA,4WD,S509558M-6308467,ATC,PENJAMO,GUANAJUATO,893.21,260.52,8,3,0,5,CERRADA,CERRADA,CERRADA,PORVENCER,,,,,,20.274576,-101.5739515,0.0,0.0,0,0.0,0.0,24.0,0.0,0.0,0.0,0.0,0.0,0.0,0.0,0.0,0.0,0.0,0.0,87.0,106.0,24.0,59.0,39.0,104.0,18.0,2.0,16.0,24.0,34.0,59.0,117.0,600.0,600.0,893.0,2025-04-10 08:53:00,CERRADA,1031725,Preventivo,0.0,0.0,293.21000000000004,0.0,4.0,AGRICOLA,28.708333333333332,900.0,0,0.0,28.708333333333332,0.0,0.23480431507460695
862407062886241,NEW HOLLAND AG,7610S HERENCIA,4WD,S509561M-6308469,ATC,PALMAR DE BRAVO,PUEBLA,1579.54,27.03,21,2,4,19,CERRADA,CERRADAFUERA,CERRADAFUERA,CERRADAFUERA,CERRADAFUERA,PENDIENTE,,,,18.8223935,-97.5424855,73.47,34.78,19,4.96,7.66,16.34,0.0,0.0,0.0,0.0,0.0,0.0,0.0,0.0,0.0,0.0,0.0,0.0,66.0,78.0,105.0,89.0,83.0,101.0,74.0,108.0,148.0,105.0,107.0,76.0,600.0,600.0,1582.0,2025-11-07 14:40:00,CERRADAFUERA,,Preventivo,0.0,0.0,979.54,0.0,11.0,AGRICOLA,47.5,1500.0,0,0.0,47.5,7.66,0.44297046446248955
862407062888775,NEW HOLLAND AG,7610S HERENCIA,4WD,S509576M-6306439,ATC,DOLORES HIDALGO CUNA DE LA INDEPENDENCIA NACIONAL,GUANAJUATO,1183.51,13.72,12,0,3,12,CERRADAFUERA,CERRADAFUERA,CERRADAFUERA,PENDIENTE,PORVENCER,,,,,21.2213001,-100.778978,92.94,34.3,16,4.63,7.85,16.15,0.0,0.0,0.0,0.0,0.0,0.0,0.0,0.0,0.0,0.0,0.0,0.0,134.0,110.0,87.0,63.0,81.0,41.0,49.0,51.0,56.0,69.0,95.0,57.0,600.0,600.0,1187.0,2025-07-24 07:44:00,CERRADAFUERA,,Preventivo,0.0,0.0,583.51,0.0,7.0,AGRICOLA,37.208333333333336,2100.0,0,0.0,37.208333333333336,7.85,0.3893921761904015
862407062088277,NEW HOLLAND AG,7610S HERENCIA,4WD,S509579M-6304950,ATC,JOQUICINGO,MEXICO,760.61,8.3,13,2,2,11,CERRADAFUERA,CERRADA,CERRADA,,,,,,,19.0617341,-99.5456713,65.73,13.27,21,4.06,6.23,17.77,0.0,0.0,0.0,0.0,0.0,0.0,0.0,0.0,0.0,0.0,0.0,3.0,70.0,89.0,122.0,80.0,66.0,20.0,25.0,47.0,18.0,7.0,3.0,20.0,600.0,600.0,763.0,2025-08-21 12:37:00,CERRADA,1040699,Preventivo,0.0,0.0,160.61,0.0,8.0,AGRICOLA,23.75,0.0,0,0.0,23.75,6.23,0.11866756261495967
862407062219419,NEW HOLLAND AG,7610S HERENCIA,4WD,S509804M-6318356,ARBSA,EMPALME,SONORA,1079.8,1.25,4,4,0,0,CERRADA,CERRADA,CERRADA,CERRADA,,,,,,28.0347178,-110.9097655,176.5,5.04,9,0.33,18.71,5.29,0.0,0.0,0.0,0.0,0.0,0.0,0.0,0.0,0.0,0.0,0.0,0.0,0.0,0.0,0.0,0.0,0.0,49.0,119.0,148.0,179.0,130.0,141.0,125.0,600.0,618.0,1080.0,2025-04-11 17:53:00,CERRADA,711015,Preventivo,18.0,3.0,461.79999999999995,18.0,4.0,AGRICOLA,37.125,0.0,1,0.33333333333333337,37.125,18.71,0.5856997117325438
ARBSA-T049653M,NEW HOLLAND AG,TT75,FWD,T049653M,ARBSA,MEXICALI,BAJA CALIFORNIA,698.59,40.03,3,1,2,2,CERRADAFUERA,CERRADA,CERRADAFUERA,,,,,,,32.5501881,-115.2723128,0.0,0.0,0,0.0,0.0,24.0,31.0,27.0,21.0,2.0,18.0,11.0,20.0,10.0,0.0,0.0,30.0,17.0,32.0,0.0,50.0,8.0,20.0,0.0,4.0,23.0,1.0,21.0,0.0,47.0,600.0,560.0,698.0,2025-07-16 10:20:00,CERRADAFUERA,0,Preventivo,-40.0,6.666666666666667,138.59000000000003,0.0,7.0,AGRICOLA,16.375,0.0,0,17.333333333333336,16.375,0.0,0.12268171268389759
353738101294633,NEW HOLLAND AG,TT75,FWD,T049863M,ARBSA,ENSENADA,BAJA CALIFORNIA,1744.76,185.02,6,0,5,6,ENPROCESO,CERRADAFUERA,CERRADAFUERA,CERRADAFUERA,CERRADAFUERA,CERRADAFUERA,,,,31.6883996,-116.5965661,0.0,0.0,0,0.0,0.0,24.0,38.0,35.0,55.0,61.0,37.0,50.0,60.0,66.0,60.0,46.0,57.0,40.0,66.0,64.0,40.0,48.0,76.0,82.0,52.0,14.0,0.0,0.0,0.0,0.0,600.0,749.0,1744.0,2024-10-03 14:14:00,CERRADAFUERA,0,Preventivo,149.0,24.833333333333332,995.76,149.0,10.0,AGRICOLA,43.625,0.0,0,0.8194444444444444,43.625,0.0,0.579998409668187
MADISA - T050293M-715367781,NEW HOLLAND AG,TT75,2WD R30/R38,T050293M-715367781,MADISAGRAL,CUERAMARO,GUANAJUATO,676.64,41.43,2,1,1,1,,CERRADA,CERRADAFUERA,,,,,,,20.53452,-101.5005548,0.0,0.0,0,0.0,0.0,24.0,34.0,31.0,9.0,6.0,16.0,16.0,43.0,30.0,26.0,13.0,34.0,16.0,45.0,28.0,25.0,21.0,22.0,24.0,10.0,0.0,0.0,0.0,0.0,0.0,600.0,560.0,676.0,2025-01-13 17:33:00,CERRADAFUERA,NO APLICA,Preventivo,-40.0,6.666666666666667,116.63999999999999,0.0,1.0,AGRICOLA,18.708333333333332,0.0,0,4.0,18.708333333333332,0.0,0.08933485461357529
MADISA -353738101220752,NEW HOLLAND AG,TT75,FWD,T050410M-715377804,MADISAGRAL,TECAMAC,MEXICO,1384.24,158.62,5,2,2,3,PENDIENTE,CERRADA,CERRADA,CERRADAFUERA,CERRADAFUERA,,,,,19.6683973,-98.9592316,0.0,0.0,0,0.0,0.0,24.0,1.0,14.0,19.0,34.0,27.0,69.0,113.0,30.0,16.0,35.0,25.0,11.0,19.0,32.0,29.0,42.0,113.0,91.0,115.0,10.0,0.0,0.0,0.0,0.0,600.0,656.0,1384.0,2024-06-08 21:41:00,CERRADA,4813141,Preventivo,56.0,9.333333333333334,728.24,56.0,6.0,AGRICOLA,35.208333333333336,50.0,0,12.0,35.208333333333336,0.0,0.3020267071684315
MADISA-T050487M-715376401,NEW HOLLAND AG,TT75,2WD R30/R38,T050487M-715376401,MADISAGRAL,CHAPA DE MOTA,MEXICO,2037.91,6.65,7,3,1,4,PENDIENTE,CERRADA,CERRADA,CERRADA,PENDIENTE,PENDIENTE,CERRADAFUERA,,,19.755009,-99.4214628,26.47,0.27,4,0.0,0.0,24.0,193.0,179.0,105.0,110.0,80.0,11.0,9.0,7.0,0.0,13.0,14.0,32.0,180.0,130.0,140.0,34.0,73.0,10.0,32.0,0.0,3.0,5.0,19.0,24.0,600.0,566.0,2039.0,2024-10-02 17:34:00,CERRADA,4812464,Preventivo,-34.0,5.666666666666666,1471.91,0.0,10.0,AGRICOLA,58.458333333333336,2750.0,0,4.444444444444445,58.458333333333336,0.0,0.5140544326438788
860092059691150,NEW HOLLAND AG,TT75,FWD,T050516M-715377991,MADISAGRAL,PALMAR DE BRAVO,PUEBLA,1137.64,31.26,4,1,2,3,CERRADA,PENDIENTE,CERRADAFUERA,CERRADAFUERA,,,,,,18.8763096,-97.5653776,0.0,0.0,0,0.0,0.0,24.0,0.0,0.0,0.0,0.0,0.0,0.0,0.0,58.0,55.0,75.0,33.0,45.0,77.0,75.0,40.0,46.0,61.0,109.0,25.0,32.0,50.0,25.0,42.0,24.0,600.0,592.0,1137.0,2025-04-23 09:42:00,CERRADAFUERA,NO APLICA,Preventivo,-8.0,1.3333333333333335,545.6400000000001,0.0,4.0,AGRICOLA,36.333333333333336,300.0,0,174.0,36.333333333333336,0.0,0.2883111366306047
ATS - 353738103057004,NEW HOLLAND AG,TT75,FWD,T050626M,ATS,CHAHUITES,OAXACA,766.48,322.81,7,2,1,5,CERRADA,CERRADAFUERA,CERRADA,,,,,,,16.3678365,-94.1863146,0.0,0.0,0,0.0,0.0,24.0,0.0,0.0,0.0,1.0,3.0,36.0,37.0,83.0,60.0,81.0,93.0,59.0,26.0,32.0,65.0,23.0,31.0,12.0,21.0,0.0,0.0,0.0,0.0,0.0,600.0,560.0,766.0,2025-01-15 22:07:00,CERRADA,14565,Preventivo,-40.0,6.666666666666667,206.48000000000002,0.0,1.0,AGRICOLA,27.625,0.0,0,70.5,27.625,0.0,0.0689936350762742
862407061504548,NEW HOLLAND AG,TT75,2WD R30/R38,T050700M-715411674,AGROCISAGRAL,VILLA GUERRERO,MEXICO,1152.13,0.08,12,0,4,12,CERRADAFUERA,CERRADAFUERA,CERRADAFUERA,CERRADAFUERA,,,,,,21.8905535,-103.7492511,13.45,0.66,16,1.62,8.92,15.08,0.0,0.0,0.0,0.0,0.0,0.0,0.0,0.0,49.0,34.0,49.0,46.0,113.0,109.0,173.0,199.0,234.0,108.0,68.0,82.0,94.0,41.0,32.0,107.0,600.0,590.0,1153.0,2025-05-27 12:39:00,CERRADAFUERA,0,Preventivo,-10.0,1.6666666666666667,562.1300000000001,0.0,5.0,AGRICOLA,64.08333333333333,0.0,0,5.814814814814814,64.08333333333333,8.92,0.5224183331221081
862407061735043,NEW HOLLAND AG,TT75,FWD,T050840M-715426070,MADISAGRAL,ABALA,YUCATAN,1278.81,1.48,5,3,0,2,CERRADA,CERRADA,CERRADA,PENDIENTE,PENDIENTE,,,,,20.4339336,-89.4715236,30.67,8.37,9,1.78,4.94,19.06,0.0,0.0,0.0,0.0,0.0,0.0,0.0,0.0,0.0,0.0,0.0,16.0,72.0,87.0,37.0,88.0,108.0,79.0,97.0,60.0,76.0,48.0,14.0,31.0,600.0,565.0,1281.0,2025-02-06 05:26:00,CERRADA,9729593,Preventivo,-35.0,5.833333333333333,713.81,0.0,2.0,AGRICOLA,33.875,2100.0,0,149.66666666666666,33.875,4.94,0.16411615453436545
862407061559583,NEW HOLLAND AG,TT75,2WD R30/R38,T050861M-715426432,MADISAGRAL,ATOTONILCO EL GRANDE,HIDALGO,1124.1,0.0,3,3,0,0,,CERRADA,CERRADA,CERRADA,,,,,,20.516126,-98.6632996,0.0,9.3,13,2.63,3.83,20.17,0.0,4.0,0.0,0.0,0.0,0.0,0.0,7.0,0.0,3.0,1.0,35.0,56.0,12.0,44.0,3.0,14.0,1.0,3.0,0.0,13.0,3.0,19.0,0.0,600.0,562.0,1124.0,2025-04-03 09:09:00,CERRADA,4813988 4814131,Preventivo,-38.0,6.333333333333334,562.0999999999999,0.0,4.0,AGRICOLA,9.083333333333334,0.0,0,20.666666666666668,9.083333333333334,3.83,0.05194944340683314
