no._serie,horometro,DOE_Prom_Mensual,DMU_Actual,CEM_Historico,Evento_Fuga
5YN04314,77300.69,6.375,0.0,0.0,1
H101180M-8080021,19734.92,0.0,0.0,0.0,1
DHC02486,17925.18,58.333333333333336,0.0,0.0,1
1T83520WAB0100974,14426.17,0.0,0.0,0.0,1
HFJ32145610,14065.25,85.16666666666667,0.0,0.0,1
S33254M-6099110,13254.01,33.083333333333336,92.01000000000022,0.38185845162589355,1
3HAEKTAT4ML494488,12955.04,3.0833333333333335,0.0,0.0,1
5451201240,12318.07,0.0,0.0,0.0,1
HFJ182271,12179.82,57.333333333333336,173.8199999999997,0.38417133732923203,1
S40975M-6073946,11585.2,28.375,211.20000000000073,0.4827522070943123,1
JXT1673352-424349DT,11478.18,0.08333333333333333,0.0,0.0,1
S507498M,11258.38,90.41666666666667,166.3799999999992,0.6463693110452945,1
1P05090EAG0032351,11198.68,27.458333333333332,0.0,0.0,1
1P06425XTF0021057,10611.36,0.0,0.0,0.0,1
S507455M-8084292,10427.88,120.54166666666667,347.8799999999992,3.1382829927871816,1
NH10163M-001944825,10342.78,183.66666666666666,1042.7800000000007,0.7834435250393732,1
NH10125M-001928410,10331.26,184.58333333333334,471.2600000000002,0.8109701557182736,1
JD6125D,10163.13,45.666666666666664,0.0,0.0,1
8598741210,10020.95,0.0,0.0,0.0,1
ZERD02172,9988.76,0.0,0.0,0.0,1
S507776M-8091928,9963.95,169.08333333333334,337.9500000000007,0.7839775497535548,1
S402783M-8099493,9927.6,195.0,967.6000000000004,0.848007580823755,1
S204780M-8117603,9857.17,248.95833333333334,288.1700000000001,0.8022719423209846,1
S306328M,9765.24,66.16666666666667,134.23999999999978,0.3910586645361395,1
JXT1638225-390133DT,9716.16,0.0,0.0,0.0,1
NH10382M-001956092,9691.43,0.0,431.4300000000003,0.8697615554670148,1
S402743M-8095769,9529.93,169.5,1129.9300000000003,0.6283290855874292,1
T050055M,9407.79,38.125,145.79000000000087,47.90250925150118,1
S33844M-8015976,9254.61,20.916666666666668,426.6100000000006,0.9578544061302682,1
NH10500M-001991541,9242.08,16.666666666666668,582.0799999999999,1.7815336864948088,1
HFJ160237,9207.25,36.75,1210.25,2.5256410256410255,1
NH09987M-001859884,9166.76,143.79166666666666,204.76000000000022,0.6271571653266862,1
S402691M-8089811,9080.46,85.875,8180.459999999999,5.827135355238586,1
T049870M,9074.13,86.04166666666667,79.1299999999992,0.355930933446863,1
1P06155JJL0007326,9036.0,83.79166666666667,0.0,0.0,1
HFJ183361-578942,8760.27,148.70833333333334,308.27000000000044,0.8676762350972974,1
NH07384M-001488041,8698.98,0.0,0.0,0.0,1
NH01593M,8526.73,6.875,166.72999999999956,0.4761904761904762,1
S507514M-8086471,8520.58,115.75,290.5799999999999,1.748814454137264,1
353738103049563,8500.01,2.2916666666666665,0.0,0.0,1
CF03293M,8466.96,40.291666666666664,0.0,0.0,1
S306134M-8077527,8157.19,110.875,0.0,0.0,1
S306202M,8101.07,103.04166666666667,256.0699999999997,1.0594568907281847,1
S41993M-8041553,8056.87,70.0,296.8699999999999,0.9464245437057222,1
5800418M,8044.38,111.5,536.3800000000001,0.8973354741209096,1
NH09717M-001854131,7997.02,91.5,0.0,0.0,1
BF75-4390731,7951.98,4.416666666666667,0.0,0.0,1
NH08585M,7847.69,47.666666666666664,0.0,0.0,1
S507963M-8097240,7830.12,134.25,370.1199999999999,0.29646268763915823,1
H51603M-6054390,7826.0,0.0,0.0,0.0,1
ZEJL13392,7792.08,8.125,0.0,0.0,1
NH10579M-002017774,7750.24,165.83333333333334,290.2399999999998,7.1263432620227825,1
S402731M,7734.58,112.04166666666667,273.5799999999999,0.7403652256755973,1
NH10227M,7719.64,178.29166666666666,202.64000000000033,0.9579273025667872,1
S56412M-8060885,7687.37,55.458333333333336,389.3699999999999,1.4762842547739574,1
5800927M,7684.58,134.04166666666666,1035.58,0.7482248038577721,1
NH10021M-001870975,7667.87,130.0,1367.87,0.2544438200688201,1
NH001286M-947826,7664.91,6.166666666666667,195.90999999999985,0.41333333333333333,1
S204580M,7642.62,114.0,149.6199999999999,1.2914424467288244,1
S204596M,7627.91,118.16666666666667,167.90999999999985,1.0946005152507006,1
HFJ185380-634390,7616.94,224.91666666666666,2216.9399999999996,0.701388888888889,1
S306190M-8084304,7608.2,88.20833333333333,0.0,0.0,1
NK770FXKMKH28090,7607.65,42.0,0.0,0.0,1
S204594M,7569.11,122.95833333333333,951.1099999999997,0.505685557214896,1
S306181M,7489.99,3.0833333333333335,319.9899999999998,0.4582104690800343,1
P06105JKK0000618,7453.39,5.25,0.0,0.0,1
NH09610M,7439.81,20.083333333333332,0.0,0.0,1
S306939M-8121002,7411.65,213.66666666666666,2311.6499999999996,0.07905138339920949,1
17076606,7389.68,0.0,0.0,0.0,1
NH09640M-001822189,7374.09,105.58333333333333,924.0900000000001,1.5314671597283098,1
NH10093M-001886923,7319.0,94.125,459.0,1.0798834873321834,1
NH09725M-001852999,7286.97,109.25,0.0,0.0,1
S306414M,7280.08,89.04166666666667,90.07999999999993,0.965117021094908,1
5800559M,7244.77,99.5,365.77000000000044,0.9435635771887286,1
NH09797M-001860518,7229.2,73.125,211.19999999999982,1.5444287674696655,1
NKJ0B80CANKH30823,7218.31,3.1666666666666665,358.3100000000004,2.0239607242378477,1
ZKBK01957,7117.25,45.875,0.0,0.0,1
NH10228M-001949329,7088.47,190.625,225.47000000000025,1.1296707585908172,1
NH09893M-001905318,7008.88,121.33333333333333,147.8800000000001,1.168063618844955,1
S507811M,7000.68,121.625,140.6800000000003,1.0664054372266354,1
S507797M,6989.4,112.79166666666667,232.39999999999964,0.9303027361585882,1
5800734M,6971.69,41.875,1871.6899999999996,0.47121212121212125,1
S204614M,6952.29,126.83333333333333,1292.29,1.3210498169334124,1
NH10285M,6911.68,174.41666666666666,51.68000000000029,1.2232382629418157,1
S507799M,6911.62,111.58333333333333,215.6199999999999,1.0168069381885172,1
S204658M,6878.45,200.25,607.4499999999998,0.9854041766158287,1
S507965M-8097226,6861.84,125.20833333333333,301.84000000000015,1.2497739837671964,1
S56413M-8060888,6807.07,46.916666666666664,547.0699999999997,0.4435568719779246,1
B71905M,6777.77,22.75,0.0,0.0,1
S35376M-8051259,6755.32,49.583333333333336,468.3199999999997,0.37507455507455506,1
S306378M,6709.83,102.66666666666667,447.8299999999999,0.7733202497091386,1
S22672M,6706.71,2.7916666666666665,0.0,0.0,1
ZEJL08724,6703.47,0.0,6650.47,6.0,1
S306133M-8077202,6687.87,82.45833333333333,0.0,0.0,1
NH10090M-001870228,6684.38,120.45833333333333,970.3800000000001,0.630991252579726,1
S507526M-8086480,6676.79,86.04166666666667,0.0,0.0,1
HFJ183934-593917,6666.19,120.04166666666667,0.0,0.0,1
S507523M-8086273,6662.53,112.70833333333333,384.52999999999975,1.2311796438907332,1
ZGBG05737,6660.48,70.20833333333333,0.0,0.0,1
S507512M-8086488,6641.09,16.125,0.09000000000014552,3.0093795093795097,1
5800079M,6593.23,66.29166666666667,631.2299999999996,0.4614015976761075,1
5800410M-727324581,6571.35,71.25,7.350000000000364,0.6550448568582138,1
S204595M,6553.79,115.16666666666667,3293.79,0.6912520606965051,1
S508252M-8103087,6548.63,136.20833333333334,848.6300000000001,0.4591871091871092,1
NH10386M-001925770,6522.39,131.875,237.39000000000033,1.2009352962139341,1
S508257M-8103373,6518.33,133.5,518.3299999999999,0.35968528825671686,1
S508140M-8105158,6514.25,84.91666666666667,514.25,0.33994708994708994,1
NH09845M-001881589,6481.85,99.95833333333333,220.85000000000036,1.4624762068570116,1
NH10824M-002042469,6476.67,181.95833333333334,516.6700000000001,0.1778309409888357,1
ZGBH07314,6420.57,2.875,0.0,0.0,1
NH09655M-001854359,6418.53,81.33333333333333,152.52999999999975,0.5486678004535148,1
NH10807M-002054646,6347.59,183.125,387.59000000000015,1.3875102047218921,1
S507460M-8085722,6339.97,88.75,1.9700000000002547,1.0934833820067738,1
ZJBH01596,6339.68,0.0,0.0,0.0,1
S204690M-8101863,6337.51,165.58333333333334,71.51000000000022,1.379733161121835,1
NH08712M-001667851,6334.89,16.25,74.89000000000033,0.6853244221665274,1
S204600M-8087448,6268.31,94.45833333333333,299.3100000000004,0.6308975349842223,1
H101222M-8093804,6252.75,104.875,870.75,0.7376698095506146,1
HFJ138921,6241.51,87.04166666666667,0.0,0.0,1
S306418M-8093465,6228.63,118.375,185.6300000000001,0.7919258503507729,1
NH10531M-001990362,6222.26,164.375,1260.2600000000002,1.8827682452924326,1
NH10599M-002044059,6221.37,114.45833333333333,261.3699999999999,2.5181062516201838,1
S508266M-8102703,6217.97,116.33333333333333,257.97000000000025,0.2734567901234568,1
S507499M-8086270,6188.94,99.79166666666667,219.9399999999996,1.3575777288586885,1
NH10053M-001905408,6183.6,97.375,747.6000000000004,0.638955483227929,1
ZEBG01193,6179.56,10.916666666666666,0.0,0.0,1
HFJ183367-579389,6151.85,146.375,191.85000000000036,7.332471135102714,1
S507687M-8089821,6149.09,105.66666666666667,149.09000000000015,0.0,1
S402847M,6115.62,133.08333333333334,155.6199999999999,1.2337416852399161,1
23214123C4210,6112.53,0.0,0.0,0.0,1
1P05715XTK0036519,6082.1,9.208333333333334,0.0,0.0,1
NH7575161,6070.39,149.83333333333334,0.0,0.0,1
S507442M,6053.48,37.375,268.47999999999956,0.8474658869395711,1
NH10601M-002045210,6040.53,138.41666666666666,2140.5299999999997,0.37353801169590645,1
NH09751M-001862898,6034.05,98.875,373.0500000000002,0.6584144696287799,1
NH10057M,5998.82,108.875,338.8199999999997,1.2212728583401253,1
NKJ0B80CLNKH31715-48-383117,5991.31,124.20833333333333,331.3100000000004,3.5315222154784296,1
NH09863M-001883895,5975.79,70.04166666666667,176.78999999999996,0.850422589188622,1
S507507M-8086476,5970.44,69.0,10.4399999999996,0.9978657837403968,1
5800560M,5957.91,67.70833333333333,1194.9099999999999,0.8434921629470501,1
NH09935M,5944.74,116.95833333333333,284.7399999999998,1.9043234239233287,1
T049490M-715307453,5911.14,10.416666666666666,211.14000000000033,0.0,1
S507486M-8085289,5904.98,95.29166666666667,231.97999999999956,0.9062337360208877,1
5800694M,5860.55,93.625,197.55000000000018,1.074661828316799,1
NH08803M,5816.6,5.25,4354.6,3.3023809523809526,1
5800248M-727268239,5804.24,83.125,132.23999999999978,2.1088500458662995,1
NH09998M,5746.08,101.66666666666667,233.07999999999993,1.8601726583752725,1
S508027M-8097043,5733.6,87.45833333333333,71.60000000000036,1.304192524372263,1
ZLJF00532,5691.67,35.041666666666664,0.0,0.0,1
NKJ0B80CCNKH30827,5689.24,15.625,29.23999999999978,2.448724166556984,1
NH09928M-001859883,5680.8,102.75,920.8000000000002,0.7750247136399683,1
S306225M,5680.42,91.375,280.4200000000001,0.3741863075196409,1
S204565M,5678.19,45.875,617.1899999999996,1.13562091503268,1
S306508M,5646.9,133.33333333333334,286.89999999999964,1.7283952068265795,1
5801408M-727370268,5613.74,149.91666666666666,758.7399999999998,2.1684292015174367,1
HFJ182273,5613.34,59.458333333333336,213.34000000000015,0.19474969474969475,1
NH09785M,5583.01,66.91666666666667,124.01000000000022,1.4335882216134317,1
NH10399M-001965109,5542.42,6.208333333333333,181.42000000000007,0.5543650793650794,1
S507819M-8094030,5523.27,91.91666666666667,123.27000000000044,1.1053235979706568,1
S507536M,5521.43,81.125,2253.4300000000003,0.5265151515151515,1
NH09926M,5506.26,101.29166666666667,1046.2600000000002,1.9293076650028522,1
S56088M,5503.79,0.0,0.0,0.0,1
S507524M,5468.85,0.0,368.85000000000036,0.3388888888888889,1
S204546M-8085859,5466.63,65.20833333333333,106.63000000000011,0.9164928364508196,1
ZKBE01562,5462.6,20.416666666666668,0.0,0.0,1
ZMEZE117CP0005624,5453.49,140.25,0.0,0.0,1
S507852M,5451.14,103.33333333333333,691.1400000000003,1.9042032694973874,1
NH09633M,5445.23,74.91666666666667,0.0,0.0,1
S35970M-8066088,5439.94,16.166666666666668,79.9399999999996,0.7665214233841685,1
NH09940M,5437.08,74.79166666666667,53.07999999999993,0.6506097592494652,1
NH09968M,5426.57,88.125,251.5699999999997,1.009642328668064,1
S402701M-8087428,5425.28,83.0,896.2799999999997,1.5879679204842605,1
CF03466M,5407.01,2.7916666666666665,0.0,0.0,1
S508056M-8099722,5390.12,132.58333333333334,330.1199999999999,1.1500748774645835,1
S507517M-8086478,5381.14,82.70833333333333,609.1400000000003,5.4453811303076005,1
NH09100M,5354.45,44.333333333333336,193.44999999999982,3.984340958605664,1
S204543M,5351.73,0.0,590.7299999999996,1.8513509570494866,1
S507456M-8084285,5350.32,72.0,263.3199999999997,8.348924849660143,1
JJGN58NRVPC787312,5347.42,20.416666666666668,0.0,0.0,1
NH10295M,5345.74,115.95833333333333,204.73999999999978,1.5952544534095336,1
NH09920M-001902361,5341.37,102.125,191.3699999999999,1.0867468043938633,1
S507525M,5328.3,85.375,228.30000000000018,0.4280303030303031,1
H101181M,5307.78,108.75,157.77999999999975,1.7084625267780347,1
S507532M,5304.34,76.91666666666667,204.34000000000015,0.12878787878787878,1
4100114M-001925769,5293.33,111.20833333333333,233.32999999999993,8.265291720806426,1
S507849M,5279.7,105.33333333333333,219.69999999999982,1.0529897771074241,1
NH09227M,5245.58,67.625,117.57999999999993,0.6775142341318813,1
S402747M-8097145,5243.37,92.79166666666667,736.3699999999999,1.4624480965657436,1
HFJ184611-613937,5242.28,96.16666666666667,482.27999999999975,1.6703870203870206,1
S508046M,5229.27,110.5,169.27000000000044,0.9856378099025158,1
NH09801M-001859992,5217.83,85.95833333333333,117.82999999999993,0.49957912457912457,1
S508796M-8123521,5214.02,155.58333333333334,454.02000000000044,2.1093451301784634,1
S507521M-8086266,5210.94,76.04166666666667,110.9399999999996,1.0601851851851851,1
S204784M-8117470,5205.14,135.16666666666666,145.14000000000033,2.7105481446657915,1
S507676M-8089787,5202.34,79.66666666666667,137.34000000000015,1.7423098260283132,1
S507952M,5194.16,99.70833333333333,434.15999999999985,1.878644157387473,1
NH10083M-001859888,5191.72,105.95833333333333,431.72000000000025,7.843866618131325,1
NH10539M-001926005,5181.83,61.125,421.8299999999999,1.414157139157139,1
S508021M-8097041,5177.64,100.16666666666667,417.6400000000003,2.948073212190859,1
KRS01184,5171.43,48.5,0.0,0.0,1
S507950M-8097017,5143.93,106.0,383.9300000000003,1.187502775002775,1
S306384M,5141.82,101.25,214.8199999999997,2.3935582421693535,1
NH10876M-002086609,5140.8,127.70833333333333,380.8000000000002,8.174578835516336,1
S306200M,5118.25,80.5,658.25,0.8456920064062922,1
NKJ0B80CCNKH31864-48-383090,5113.56,47.75,653.5600000000004,1.87106203981204,1
S306622M-8106295,5110.2,129.58333333333334,350.1999999999998,1.9805002867502868,1
S306484M-8099634,5104.43,104.91666666666667,344.4300000000003,0.950182141091232,1
S508828M-8122218,5103.07,155.79166666666666,1241.0699999999997,2.209151727901728,1
S204673M,5089.88,0.0,329.8800000000001,1.0668539373084829,1
S306764M-8109794,5078.7,120.5,318.6999999999998,1.0932539682539684,1
NKJ575SVLPKH34315-40-395892,5075.97,139.95833333333334,0.0,0.0,1
NH09309M,5069.66,80.33333333333333,9.659999999999854,0.767156862745098,1
S507750M-8088623,5061.51,103.33333333333333,0.0,0.0,1
S508379M-8107472,5059.83,124.08333333333333,299.8299999999999,1.8729933883780039,1
S508400M-8107523,5059.21,100.54166666666667,2633.21,1.5145502645502649,1
S306417M-8093466,5047.79,60.75,287.78999999999996,1.2943530543530544,1
S507674M-8089796,5040.57,29.5,877.5699999999997,0.5598544973544973,1
5800416M,5037.11,73.91666666666667,123.10999999999967,1.0486073450359163,1
JJGN58NRTLC771565,5032.66,85.125,0.0,0.0,1
S402648M-8085205,5019.93,69.25,0.0,0.0,1
5801413M,5017.84,71.125,1157.8400000000001,0.9842191142191142,1
NH10701M-002049343,5008.82,21.25,0.0,0.0,1
S507665M-8089586,5008.66,83.125,339.65999999999985,3.0217169404669404,1
5800431M-727328241,5001.49,78.54166666666667,241.48999999999978,0.8505596255596255,1
S507437M,4994.86,80.25,132.85999999999967,1.608703597989312,1
S306254M,4988.95,68.58333333333333,224.94999999999982,0.8221025006739292,1
NH10212M,4985.06,118.16666666666667,467.0600000000004,2.3942485498041055,1
NH09794M-001871822,4984.73,92.08333333333333,186.72999999999956,0.8103936187269521,1
NH09442M,4968.95,46.083333333333336,4400.95,1.6186172161172163,1
S306841M-8117472,4964.73,153.66666666666666,0.7299999999995634,3.2054889554889554,1
FNH0B90BNZHH07373,4961.52,95.70833333333333,0.0,0.0,1
S507934M,4955.43,98.33333333333333,195.4300000000003,1.8287691264963994,1
ZMAB50566,4950.15,104.16666666666667,0.0,0.0,1
NH10006M-001924282,4936.99,56.458333333333336,78.98999999999978,0.8129578754578755,1
S508414M-8107863,4928.59,132.375,163.59000000000015,2.0648164869318717,1
S306250M-8089603,4926.66,93.5,464.65999999999985,2.0416518666518666,1
NH10324M-001959962,4917.93,113.95833333333333,157.9300000000003,10.941651969429747,1
S306379M,4883.86,90.29166666666667,123.85999999999967,1.3054789654789656,1
S402649M-8085185,4875.41,61.833333333333336,0.0,0.0,1
NH10055M,4860.13,100.375,400.1300000000001,1.28809237900147,1
S204726M-8108703,4857.33,82.375,874.3299999999999,1.8520115686782352,1
S507960M-8097136,4856.59,89.91666666666667,885.5900000000001,1.930673647340314,1
S507423M,4854.99,63.291666666666664,90.98999999999978,1.3381459810031238,1
NH09756M,4852.39,61.583333333333336,389.3900000000003,0.5417542774685632,1
5800650M,4845.69,53.583333333333336,85.6899999999996,0.4545177045177045,1
S507483M-8085720,4845.36,60.541666666666664,76.35999999999967,1.8908244533244534,1
NH10763M-002047515,4839.47,157.33333333333334,379.47000000000025,4.176893729166457,1
S402891M-8110421,4830.8,134.95833333333334,951.8000000000002,3.4966215266215266,1
S402772M-8099755,4809.9,91.25,312.89999999999964,0.9579513079513079,1
NH09748M-001818837,4800.28,73.58333333333333,18.279999999999745,0.7169900701150702,1
5800403M-727324576,4795.18,68.58333333333333,321.1800000000003,0.8264185549899835,1
JJAM0280VKRF03121,4789.07,61.333333333333336,0.0,0.0,1
S507747M-8088731,4786.53,50.083333333333336,325.52999999999975,1.9251059639948531,1
ZLBE01147,4772.71,55.833333333333336,0.0,0.0,1
S402705M,4772.23,96.33333333333333,186.22999999999956,1.164177078065967,1
S306283M,4771.72,64.70833333333333,282.72000000000025,1.0858546215689073,1
S402822M,4767.4,141.29166666666666,307.39999999999964,1.704487076709299,1
5800623M-727339714,4764.69,63.666666666666664,299.6899999999996,0.9564972064972066,1
S507901M,4741.06,17.291666666666668,281.0600000000004,0.8888888888888888,1
5800123M-727261682,4736.93,80.29166666666667,0.0,0.0,1
NH10063M-001900503,4735.43,88.0,275.4300000000003,1.0490438573771907,1
S306235M-8086196,4734.63,75.33333333333333,274.6300000000001,0.8883834915084915,1
NH09729M-001861835,4731.31,79.45833333333333,571.3100000000004,0.8354587211730069,1
NH10501M-001987379,4730.25,84.75,270.25,0.8338763088763089,1
NH11091M-002144617,4724.04,73.91666666666667,564.04,3.7831707854435126,1
S56072M-8056496,4719.59,50.125,859.5900000000001,0.8822843822843822,1
NH09821M-001854143,4714.81,73.79166666666667,550.8100000000004,7.915816722959581,1
NH11026M-002133784,4710.91,141.0,550.9099999999999,2.9867255963409813,1
S204817M-8123230,4708.87,135.79166666666666,548.8699999999999,15.766653284986619,0
NH10001M,4697.42,72.08333333333333,179.42000000000007,1.1967357873607873,1
S507502M-8086275,4683.76,74.45833333333333,1.7600000000002183,4.044444444444444,1
S507518M-8086062,4661.68,64.0,0.0,0.0,1
HFJ183355,4656.79,113.58333333333333,196.78999999999996,1.5665913715913717,1
NH10904M-002053306,4647.77,137.5,1925.7700000000004,20.554350741850744,1
T049660M-715329906,4639.61,29.625,151.60999999999967,0.40714285714285714,1
S204674M,4635.12,0.0,175.1199999999999,1.7584401709401711,1
S507847M-8093500,4629.62,78.29166666666667,111.61999999999989,6.305622155622156,1
S306375M,4627.07,49.916666666666664,451.0699999999997,0.856880896880897,1
1LV3005GJCG510552,4621.69,0.0,0.0,0.0,1
T050283M,4602.82,115.625,142.8199999999997,2.9024431586931585,1
5800414M,4602.72,77.29166666666667,116.72000000000025,0.7181614681614682,1
S507936M-8097132,4600.13,80.83333333333333,434.1300000000001,1.158087283087283,1
S508560M-8110210,4599.62,100.83333333333333,999.6199999999999,0.42857142857142855,1
S402647M-8085182,4593.81,63.791666666666664,0.0,0.0,1
NH10064M-001865714,4591.92,87.33333333333333,431.9200000000001,2.178880378880379,1
S508745M-8120660,4590.23,138.04166666666666,1005.2299999999996,2.967520812520813,1
S306227M-8086516,4587.23,72.83333333333333,127.22999999999956,1.877880452880453,1
S507801M,4575.81,0.0,708.8100000000004,0.6005698005698006,1
5801034M-728348075,4574.43,100.54166666666667,114.43000000000029,1.1822725885225887,1
S402794M-8101291,4573.51,66.45833333333333,383.5100000000002,2.3796107596107596,1
HFJ180731,4572.09,38.75,0.0,0.0,1
NH09656M,4567.59,77.95833333333333,676.5900000000001,1.6340217983075127,1
S507994M,4558.23,83.5,98.22999999999956,2.219946997446997,1
S508106M,4553.92,0.0,393.9200000000001,1.1252716419383086,1
NKJ0B80CHNKH30369,4553.72,80.41666666666667,690.7200000000003,1.1014137097470431,1
NH10442M-001964120,4546.45,94.95833333333333,83.44999999999982,1.5522818847818847,1
S306512M-8103408,4538.24,111.79166666666667,34.23999999999978,1.7320131257631257,1
H000389M-8097581,4535.07,94.83333333333333,512.0699999999997,1.4579175968064857,1
S402665M-8086262,4527.13,66.66666666666667,0.0,0.0,1
S508368M-8107846,4519.02,97.41666666666667,359.02000000000044,0.5719047619047619,1
S402657M,4513.34,63.0,339.34000000000015,1.2613201613201612,1
NH09805M-001878042,4511.69,57.041666666666664,348.6899999999996,1.8173243423243424,1
HG0030372,4509.87,1.0416666666666667,0.0,0.0,1
5800466M,4508.9,56.75,342.89999999999964,0.8141185974519308,1
HFJ183953-594938,4505.24,113.20833333333333,857.2399999999998,1.4023727955546137,1
5800483M-727329955,4500.44,91.0,325.4399999999996,1.926884755456184,1
5800866M,4496.74,93.70833333333333,303.7399999999998,1.7388410971744304,1
S507699M-8088738,4489.89,93.33333333333333,592.8900000000003,0.44163984163984166,1
S306327M,4484.55,0.0,278.5500000000002,1.4046189921189922,1
S507759M,4484.51,74.54166666666667,624.5100000000002,2.2857766572052287,1
HFJ183622-584991,4482.15,82.16666666666667,910.1499999999996,1.5651325526325526,1
NH10224M-001932168,4473.38,68.25,13.38000000000011,1.6220234791663362,1
S507601M,4472.43,91.5,272.4300000000003,1.6111822205572206,1
NH10541M-001950063,4455.39,100.66666666666667,749.3900000000003,1.2967106967106967,1
NH09737M-001853001,4447.03,58.416666666666664,0.0,0.0,1
HFJ182959-565379,4446.06,81.79166666666667,1186.0600000000004,1.7739383301883302,1
S508078M,4444.73,85.54166666666667,550.7299999999996,1.1239202155868824,1
S507844M-8094816,4440.92,81.20833333333333,569.9200000000001,1.776994301994302,1
NH10162M-001930815,4428.28,106.66666666666667,554.2799999999997,14.314064891337619,1
HFJ183958-595053,4424.38,84.25,264.3800000000001,1.745410607910608,1
S507818M-8091947,4424.2,78.125,177.19999999999982,2.074533337033337,1
4100284M-002046513,4422.16,126.125,262.15999999999985,4.790623331694761,1
S507813M-8094663,4405.08,27.791666666666668,146.07999999999993,1.2394993894993895,1
NH10190M-001957394,4403.69,125.33333333333333,243.6899999999996,1.5902675513786624,1
S508655M-8113424,4401.25,83.20833333333333,241.25,2.053180489544126,1
S306301M-8088670,4398.61,88.125,451.6099999999997,1.1788486975986976,1
NH09822M-001860948,4394.58,59.25,233.57999999999993,2.541134174467508,1
NH09817M-001854386,4387.02,66.58333333333333,209.02000000000044,3.0418664668664674,1
S507790M-8091946,4386.47,81.45833333333333,186.47000000000025,0.41281866281866286,1
NH10721M-002008761,4384.28,124.125,224.27999999999975,3.1454330181602903,1
S507588M,4373.79,58.791666666666664,0.0,0.0,1
S507556M-8088337,4368.8,42.166666666666664,0.0,0.0,1
S508107M,4366.69,0.0,1106.6899999999996,1.3754434865545977,1
NH09515M,4356.94,53.0,157.9399999999996,0.7108447108447109,1
S507599M,4354.48,50.416666666666664,1089.4799999999996,1.1303030303030304,1
NH09839M-001840244,4354.38,57.25,120.38000000000011,0.7819097569097568,1
S35960M-8065565,4349.85,0.0,0.0,0.0,1
S204631M,4337.94,48.166666666666664,21.9399999999996,1.1713086913086914,1
NH10793M-002049454,4331.96,117.16666666666667,1331.96,0.5250493096646943,1
S507492M-8085288,4331.76,75.875,0.0,0.0,1
S204607M-8095795,4309.08,73.66666666666667,149.07999999999993,1.0373260998260998,1
S402870M-8107849,4302.22,46.375,396.22000000000025,1.5662393162393162,1
NH10262M,4294.15,118.58333333333333,134.14999999999964,1.068092463092463,1
5801279M,4281.84,0.0,121.84000000000015,2.1734572012349793,1
S508923M-8123909,4270.27,8.833333333333334,670.2700000000004,0.10256410256410256,1
H101272M-8110617,4269.03,125.5,709.0299999999997,3.1678744866244863,1
H101207M-8087450,4267.34,60.208333333333336,107.34000000000015,1.1409606266749124,1
S508004M-8095782,4263.72,92.5,103.72000000000025,1.2983397158397159,1
HFJ183517-582214,4262.13,62.333333333333336,102.13000000000011,1.7281328856328855,1
HFJ182852,4257.89,7.375,416.8900000000003,2.948202491952492,1
S508272M-8103287,4254.98,101.70833333333333,393.97999999999956,1.051429883248065,1
S306525M-8104601,4246.39,87.45833333333333,682.3900000000003,1.507255501699946,1
5801174M-727350026,4235.48,79.375,375.47999999999956,2.0112528675028676,1
S507598M-8089732,4199.13,45.416666666666664,0.0,0.0,1
S508161M-8104530,4194.91,59.583333333333336,894.9099999999999,0.5812962962962963,1
S508772M-8122182,4192.17,86.45833333333333,332.1700000000001,1.9983048433048434,1
S507513M,4191.95,48.791666666666664,0.0,0.0,1
HFJ184548-612470,4186.32,90.29166666666667,846.3199999999997,13.955755047421714,1
NH10135M-001900502,4183.38,70.08333333333333,612.3800000000001,1.3059287934287935,1
S306206M-8085702,4183.09,68.70833333333333,0.0,0.0,1
S508186M-8104536,4182.19,120.29166666666667,1222.1899999999996,1.1427386399608621,1
S306435M-8094832,4170.63,77.45833333333333,10.63000000000011,1.2842222592222592,1
S306842M-8116189,4169.27,111.29166666666667,309.27000000000044,4.455884939975849,1
NKJ0B80CENKH30826,4168.47,117.33333333333333,301.47000000000025,2.5816886816886817,1
S402679M-8088632,4167.37,74.20833333333333,0.0,0.0,1
5801309M-727387742,4162.42,105.5,302.4200000000001,1.3948229753785308,1
5800865M,4156.8,89.375,540.8000000000002,1.4817745012189458,1
S508894M-8122266,4154.89,124.70833333333333,294.8900000000003,0.9599067599067599,1
NKJ0B80CEPKH33499-40-394144,4151.71,79.04166666666667,830.71,3.5258635397524287,1
S507922M,4147.74,82.70833333333333,887.7399999999998,1.5156329781329783,1
HFJ183244,4147.17,3.9166666666666665,231.17000000000007,1.615252736681308,1
S306497M-8102109,4140.96,89.875,580.96,1.2842610064832287,1
S507764M-8091944,4129.51,74.125,0.0,0.0,1
S507319M,4129.28,38.666666666666664,223.27999999999975,1.3168706293706294,1
S306226M-8086387,4126.06,79.375,259.0600000000004,10.620136113886115,1
5800879M,4121.12,75.20833333333333,261.1199999999999,1.3136834230584231,1
5800820M,4119.13,55.791666666666664,243.1300000000001,0.7129085729085729,1
S402989M-8130083,4119.11,115.29166666666667,259.1099999999997,17.011360220975607,1
S306494M-8101300,4116.56,82.375,256.5600000000004,0.7024685962185963,1
S306243M-8086844,4111.88,63.083333333333336,152.8800000000001,2.254185012518346,1
S35473M-8054231,4104.39,0.0,0.0,0.0,1
NH10384M-001955535,4100.11,90.91666666666667,478.1099999999997,0.9772574647574647,1
S507315M,4098.32,35.083333333333336,1127.3199999999997,1.1685185185185185,1
S306126M-8077190,4097.09,54.5,225.09000000000015,1.6316951566951567,1
NH09773M-001861240,4090.3,72.29166666666667,516.3000000000002,0.9654760748510749,1
353738100790227,4088.53,85.29166666666667,0.0,0.0,1
S507611M-8088734,4079.13,35.625,0.0,0.0,1
S507919M-8099679,4073.98,83.45833333333333,213.98000000000002,1.2826469826469828,1
S507824M,4073.81,64.95833333333333,157.80999999999995,1.2533290783290785,1
S507778M-8091908,4073.16,67.20833333333333,0.0,0.0,1
NH09557M-001813527,4071.79,62.916666666666664,119.78999999999996,9.451094276094276,1
S306684M-8107258,4062.8,122.0,202.80000000000018,4.694042729757015,0
NH10881M-002106209,4057.24,85.29166666666667,1950.2399999999998,2.0671904227459788,1
S306236M-8086195,4054.19,80.20833333333333,775.19,0.8708496364746365,1
S402846M-8107497,4053.61,84.16666666666667,491.6100000000001,1.3192885817885818,1
HFJ182793-556262,4051.67,76.375,173.67000000000007,1.982585668299954,1
S22892M,4051.67,30.041666666666668,451.6700000000001,0.3737373737373737,1
S508535M-8110407,4047.24,66.16666666666667,0.0,0.0,1
5800877M,4043.02,79.33333333333333,183.01999999999998,1.5116326060770506,1
S204552M,4035.48,66.45833333333333,151.48000000000002,1.4309367880796453,1
S307000M-8122389,4035.45,126.04166666666667,775.4499999999998,6.09072434299707,1
HFJ183350-573148,4031.13,68.625,161.1300000000001,2.782141535712964,1
5800782M-728347555,4025.39,64.29166666666667,162.38999999999987,1.660002035002035,1
NH10012M-001860950,4019.34,65.08333333333333,459.34000000000015,1.884352067685401,1
HFJ183733-588869,4015.64,73.20833333333333,448.6399999999999,13.428848235098235,1
NH09878M-001891309,4014.24,59.958333333333336,454.2399999999998,2.3488474488474487,1
S507726M,4010.85,65.41666666666667,0.0,0.0,1
HFJ182697,4008.33,67.66666666666667,124.32999999999993,1.1994106422677853,1
S507595M-8089720,4003.52,43.958333333333336,0.0,0.0,1
NH10187M-001955556,4003.09,71.75,75.09000000000015,1.0245887710173425,1
4100461M,4003.03,121.66666666666667,443.0300000000002,3.895762385762386,1
S306204M-8085277,4000.85,71.75,140.8499999999999,0.49912785627071343,1
NMAH25531,4000.42,64.625,0.0,0.0,1
S402721M,3997.13,62.458333333333336,137.1300000000001,1.5820372528705864,1
S306400M-8094675,3990.91,46.25,687.9099999999999,7.571016576016577,1
S508709M-8119371,3990.0,117.29166666666667,0.0,0.0,1
S507637M,3988.99,81.375,126.98999999999978,1.0180290902513125,1
NKJ0B80CCNKH32741-40-386287,3987.41,71.54166666666667,427.40999999999985,3.592470839345839,1
S402633M-8084280,3986.44,64.33333333333333,112.44000000000005,1.6737934904601575,1
ZNBH00200-001877509,3981.58,0.0,0.0,0.0,1
NH10043M-001901668,3977.7,89.70833333333333,1317.6999999999998,2.776282236282236,1
NKJ0B80CENKH32723-40-389071,3976.62,57.958333333333336,116.61999999999989,3.7772100584600583,1
S306463M-8097546,3971.04,90.45833333333333,411.03999999999996,1.9133865106087329,1
S204740M-8110618,3968.43,91.79166666666667,368.42999999999984,0.0,1
S507587M-8088336,3966.89,67.375,104.88999999999987,1.246689157403443,1
S509056M-8126643,3965.39,123.75,983.3899999999999,6.91842632675966,1
ZNAB50183,3962.03,77.04166666666667,0.0,0.0,1
S402639M,3958.95,44.458333333333336,349.9499999999998,0.8283682983682983,1
S507924M,3956.7,81.125,96.69999999999982,2.3355503549947993,1
S507326M,3949.69,36.333333333333336,1589.69,0.9333333333333333,1
NH10102M-001870220,3949.32,100.75,389.32000000000016,2.135171957671958,1
H101190M-8089774,3948.14,65.16666666666667,688.1399999999999,1.3169214383500099,1
S507725M,3943.04,79.625,0.0,0.0,1
JJGN58NRVPC787309-F4GE9454K,3942.25,85.45833333333333,0.0,0.0,1
NH08811M,3939.23,55.208333333333336,0.0,0.0,1
S508501M-8108252,3936.74,92.375,76.73999999999978,2.3935039497539496,1
S507910M,3929.15,73.70833333333333,316.1500000000001,1.0189428626928627,1
NH10044M,3927.53,76.45833333333333,871.5300000000002,1.7069218975468976,1
5800864M,3926.02,61.375,666.02,1.1809443642776978,1
ZNAB50208,3925.88,139.41666666666666,0.0,0.0,1
J40777M-264490,3921.41,19.875,61.409999999999854,1.8023180523180524,1
NH10219M-001944620,3921.39,103.95833333333333,61.38999999999987,1.115042365042365,1
NH09614M-001840991,3920.79,35.541666666666664,339.78999999999996,0.9311832611832612,1
S508837M-8122283,3916.53,6.0,656.5300000000002,1.4539776067553847,1
HFJ184542-612236,3915.92,95.375,892.9200000000001,15.745214045214047,1
S42242M-8052610,3915.13,0.0,0.0,0.0,1
NH10293M-001956068,3913.89,103.33333333333333,53.88999999999987,2.039690517815518,1
S306430M-8093815,3906.45,71.625,345.4499999999998,1.8751580430151857,1
NKJ575SVAPKH34328,3906.08,104.08333333333333,346.0799999999999,3.5966329966329966,1
NH10803M-002074237,3896.42,121.16666666666667,325.4200000000001,5.650145872645873,1
S204747M,3895.83,69.54166666666667,27.829999999999927,2.9227207977207974,1
NKJ0B80CPPKH34432,3894.75,103.08333333333333,629.75,3.097945059056171,1
5800724M,3893.02,71.20833333333333,333.02,1.1399299113584829,1
S507495M,3878.82,72.54166666666667,0.0,0.0,1
5801061M-727347432,3877.33,75.875,499.3299999999999,1.5934022767356102,1
S508071M-8099754,3872.56,80.04166666666667,312.55999999999995,1.734801887926888,1
NH10241M-001901658,3868.12,114.54166666666667,308.1199999999999,1.9386270108492332,1
S306738M-8108688,3866.48,72.70833333333333,6.480000000000018,1.782882065024922,1
5800680M,3863.84,80.91666666666667,263.84000000000015,0.41093474426807763,1
S507698M,3860.5,64.70833333333333,0.0,0.0,1
5800424M,3858.81,57.583333333333336,137.80999999999995,1.511806557639891,1
S204682M,3849.22,0.0,277.2199999999998,1.8693190407476121,1
S508777M-8120726,3844.46,111.75,284.46000000000004,9.035625737898464,1
S306451M,3840.46,83.91666666666667,280.46000000000004,1.570376382876383,1
4100197M-002020516,3835.14,81.08333333333333,575.1399999999999,0.9469847282347282,1
JJGN58NRJPC787310-001977435,3831.42,86.95833333333333,0.0,0.0,1
HFJ183083-570839,3829.78,68.66666666666667,202.7800000000002,1.5242647564076137,1
NH09724M-001853000,3828.02,69.33333333333333,0.0,0.0,1
HFJ179755-496246,3827.17,55.25,0.0,0.0,1
NKJ0B80CCNKH30830-40-373289,3824.15,87.5,779.1500000000001,1.997423211708926,1
S306827M-8114121,3824.14,107.04166666666667,835.1399999999999,1.0512671356421357,1
S507689M-8089813,3817.78,58.625,0.0,0.0,1
5800683M-728343644,3817.35,50.833333333333336,217.3499999999999,0.3,1
S508267M-8103385,3815.54,100.25,255.53999999999996,2.4202068302068303,1
S306224M-8086056,3814.61,51.0,214.61000000000013,0.6,1
S508840M-8122269,3797.46,96.875,1081.46,8.58578206305479,1
NH09753M-001862866,3796.9,64.95833333333333,142.9000000000001,0.8351290684624018,1
S402682M-8088634,3795.41,61.75,187.40999999999985,1.0907106782106781,1
S508328M-8102007,3787.08,62.958333333333336,227.07999999999993,0.7724867724867726,1
S509124M-8127559,3784.87,110.70833333333333,224.8699999999999,0.17871017871017875,0
S508404M-8107471,3784.33,91.66666666666667,224.32999999999993,2.8124819624819626,1
S306404M-8093807,3782.95,55.958333333333336,436.9499999999998,1.5706168831168832,1
S306220M,3778.0,76.41666666666667,96.0,1.4108929430358,1
NKJ0B80CPPKH34446,3777.72,96.875,217.7199999999998,1.9819715007215006,1
S306783M-8114332,3777.36,104.75,1417.3600000000001,3.812492269635127,1
4100206M-002033077,3775.77,81.33333333333333,464.77,3.5841458805744524,1
S306421M,3774.59,0.0,0.0,0.0,1
H101186M-8085854,3769.24,31.875,51.23999999999978,1.545858585858586,1
NKJ0B80CTNKH32725-40-389073,3768.99,64.04166666666667,208.98999999999978,2.3285158128908128,1
S402637M,3767.37,47.333333333333336,199.3699999999999,1.2122558922558924,1
S507742M-8088726,3766.02,69.625,1697.02,1.8492063492063493,1
NH10757M-002052316,3765.34,50.541666666666664,789.3400000000001,1.6841149591149591,1
HFJ182847,3763.7,49.333333333333336,184.69999999999982,1.1561447811447811,1
S507543M,3759.39,59.833333333333336,153.38999999999987,1.44904000320667,1
1P06603XEM0041840,3756.8,41.541666666666664,0.0,0.0,1
S507578M-8086472,3754.26,64.375,194.26000000000022,1.5484315948601661,1
5800393M,3752.9,59.25,492.9000000000001,1.3799963924963923,1
NH09870M-001865683,3751.75,58.125,165.75,1.527312810646144,1
NH09763M-001862847,3751.02,58.333333333333336,170.01999999999998,0.9902296777296776,1
NH09747M-001862899,3749.59,66.29166666666667,188.59000000000015,2.049104995533567,1
H101203M-8088637,3745.44,50.791666666666664,184.44000000000005,1.7766233766233768,1
S507652M,3739.53,49.541666666666664,176.5300000000002,2.003737373737374,1
5801048M,3734.98,116.54166666666667,174.98000000000002,2.31028405750628,1
NH10756M-002008760,3734.58,93.0,174.57999999999993,4.0735554954304956,1
NH09988M-001883861,3726.27,59.083333333333336,150.26999999999998,2.559040804874138,1
5800144M,3724.0,0.0,0.0,0.0,1
S507100M,3721.74,69.08333333333333,161.73999999999978,6.364890400604686,1
NKJ0B80CEPKH34443,3720.9,91.375,460.9000000000001,2.457769493880605,1
S204677M-8101677,3717.48,94.66666666666667,145.48000000000002,1.722658558372844,1
S306661M,3715.0,67.04166666666667,155.0,2.4925672064560955,1
S508057M-8099674,3711.22,81.41666666666667,343.2199999999998,1.5931440252868825,1
NH10078M-001898804,3710.91,67.20833333333333,150.90999999999985,0.7431337181337181,1
S508074M-8099757,3709.52,79.66666666666667,145.51999999999998,1.622155416599861,1
S508585M-8110887,3708.01,104.58333333333333,1015.0100000000002,2.242719523275079,1
5800471M-727329952,3708.0,53.041666666666664,91.0,1.2632856341189675,1
S507631M-8088619,3702.64,61.25,442.6399999999999,1.316724787558121,1
4100268M-002044401,3702.58,110.33333333333333,142.57999999999993,1.9705413927636148,1
NH09798M-001865715,3702.05,57.708333333333336,436.0500000000002,5.430050505050505,1
T049781M-715337912,3698.22,47.5,112.2199999999998,1.4277777777777778,1
4100440M-002054912,3695.63,104.66666666666667,435.6300000000001,4.439966767239494,1
S306879M-8119187,3694.85,114.25,377.8499999999999,4.57916733472289,1
LSM0W40RCM0310427,3694.2,126.95833333333333,0.0,0.0,1
S306518M,3685.06,124.70833333333333,125.05999999999995,2.220100475656031,1
S306365M,3684.82,59.666666666666664,124.82000000000016,3.0768598685265354,1
HFJ182860-559107,3679.32,53.958333333333336,53.320000000000164,1.100016835016835,1
T050080M,3675.61,67.45833333333333,92.61000000000013,8.448158455301312,1
H101208M-8088638,3673.91,46.916666666666664,113.90999999999985,3.4977946127946127,1
HFJ182771-552280,3671.25,60.166666666666664,710.25,0.881158810325477,1
S402803M-8102705,3668.27,103.91666666666667,408.27,1.2263828763828764,1
S306340M,3665.83,56.125,100.82999999999993,0.9652677569344236,1
S507829M-8094659,3665.03,58.625,105.0300000000002,1.284795231223803,1
NH10127M-001891517,3663.27,61.666666666666664,103.26999999999998,1.0786264000549715,1
S508703M-8114089,3660.16,106.20833333333333,0.0,0.0,1
S204701M-8106352,3657.09,58.208333333333336,397.09000000000015,1.1646083854417189,1
S306434M,3653.18,54.25,0.0,0.0,1
S509075M-8125751,3651.28,31.5,1251.2800000000002,0.8878787878787879,1
NKJ0B80CEPKH33485-40-394753,3647.31,81.91666666666667,83.30999999999995,1.7787878787878786,1
S509596M-6304819,3647.15,109.625,0.0,0.0,1
NH10411M-001991575,3646.75,89.0,86.75,3.367857142857143,1
S507694M-8089729,3646.33,46.875,51.32999999999993,0.9738383838383837,1
S306293M-8086837,3644.71,58.75,638.71,3.662942348656635,1
HFJ185356-634795,3639.17,111.08333333333333,1315.17,6.433206524115615,1
HFJ182715-550882,3635.83,64.79166666666667,53.82999999999993,1.1310726310726311,1
5801035M-728348071,3631.05,6.625,71.05000000000018,0.1388888888888889,1
ZLHZE117EP0B05815,3630.54,106.0,0.0,0.0,1
S508889M,3629.97,106.5,929.9699999999998,0.13468013468013468,1
NKJ0B80CHPKH33484-40-394752,3621.47,86.625,61.4699999999998,2.9518604411461555,1
ZEJL09090,3619.15,0.0,0.0,0.0,1
NH10173M-001961068,3614.63,80.375,54.63000000000011,1.213041984470556,1
5801431M-727385482,3611.12,115.41666666666667,1042.12,12.248925401198129,1
S507644M-8089790,3610.96,75.54166666666667,309.96000000000004,7.211150621864908,1
S306158M-8077637,3609.18,0.0,0.0,0.0,1
S306294M-8089779,3602.05,52.125,41.05000000000018,2.9959074875741543,1
S507954M-8097180,3600.19,52.666666666666664,340.19000000000005,4.132597803431136,1
NH10581M-002022096,3600.0,0.0,0.0,0.0,1
NH09813M-001880007,3599.69,58.125,39.690000000000055,1.4413981080647746,1
S306528M-8104604,3596.81,55.5,536.81,1.6193362193362195,1
HFJ184654-614247,3595.58,70.29166666666667,32.57999999999993,4.461601130351131,1
S306511M-8097594,3592.44,79.375,539.44,3.10971620971621,1
NH000966M-1031638,3587.79,35.208333333333336,0.0,0.0,1
S10933M-8033571,3586.77,74.91666666666667,610.77,1.359254105682677,1
S306185M-8084450,3585.34,34.75,621.3400000000001,1.032996632996633,1
S307104M-6304360,3584.59,95.70833333333333,324.59000000000015,12.646132756132754,1
NH10378M,3583.35,62.875,323.3499999999999,1.2386552600838316,1
NH10866M-002092928,3583.19,107.45833333333333,323.19000000000005,1.9494949494949496,1
S306947M-8121003,3577.69,117.5,316.69000000000005,31.146856005946916,1
S508259M-8103360,3574.71,35.083333333333336,819.71,3.312464783893355,1
NH1648005-399431DT,3573.83,92.75,0.0,0.0,1
NH10390M-001958915,3573.3,110.20833333333333,308.3000000000002,1.5649335618085618,1
HFJ182558-542186,3571.99,54.375,0.0,0.0,1
S306422M-8093916,3570.8,77.45833333333333,605.8000000000002,1.1007786195286196,1
NH09445M-001809562,3569.78,64.33333333333333,306.7800000000002,1.345995670995671,1
S204640M,3567.08,66.54166666666667,271.0799999999999,1.4112954946288279,1
S306471M,3564.47,60.541666666666664,304.4699999999998,2.273162177328844,1
NH10598M-002022097,3560.32,39.083333333333336,597.3200000000002,14.068528138528137,1
S507943M-8097186,3560.03,67.875,300.0300000000002,1.0753899539613825,1
4100123M-001894469,3549.43,52.041666666666664,249.42999999999984,0.0,1
S306184M,3544.94,0.0,584.94,1.1433621933621934,1
NKJ0B80CENKH32740-40-384304,3542.42,58.291666666666664,282.4200000000001,2.9924345495774065,1
S507454M,3541.61,0.0,569.6100000000001,1.0653198653198654,1
NH10577M-002033994,3539.24,77.45833333333333,279.2399999999998,4.236981421356422,1
S306510M-8103419,3538.33,89.75,538.3299999999999,0.962358276643991,1
S507948M-8097038,3532.09,102.25,0.0,0.0,1
S508407M-8107880,3527.14,81.54166666666667,863.1399999999999,2.248745390412057,1
NH10348M-001958904,3524.61,78.29166666666667,564.6100000000001,1.3976499690785407,1
S508492M-8110573,3524.2,90.41666666666667,264.1999999999998,1.3111204638982417,1
S402720M,3524.18,0.0,0.0,0.0,1
S306330M,3522.72,66.875,208.7199999999998,1.5776515151515154,1
S508557M-8110409,3520.63,94.45833333333333,260.6300000000001,2.8077651515151514,1
S508097M,3519.74,4.416666666666667,259.7399999999998,2.0162472943722944,1
5801031M-727362159,3519.59,120.45833333333333,542.5900000000001,1.3865010650724936,1
S306317M,3512.97,47.541666666666664,245.9699999999998,2.911111111111111,1
S507432M,3511.78,41.541666666666664,539.7800000000002,1.031628787878788,1
S204789M-8116186,3510.55,113.70833333333333,248.55000000000018,6.658516380738603,1
S508081M-8099852,3509.89,99.29166666666667,249.88999999999987,2.0285819504569504,1
HFJ183088-570914,3508.35,81.33333333333333,185.3499999999999,1.6335497835497836,1
S508245M-8102699,3504.63,67.625,485.6300000000001,1.5854806569092281,1
NH09726M-001862863,3500.36,14.416666666666666,174.36000000000013,0.5772727272727273,1
NH10401M-001887772,3498.27,79.45833333333333,232.26999999999998,2.2415550058407203,1
S508255M-8103159,3498.13,83.29166666666667,238.1300000000001,3.185209235209235,1
M543212,3494.69,0.0,0.0,0.0,1
5800621M,3492.33,65.66666666666667,229.32999999999993,0.9879509379509379,1
HFJ185339-633952,3492.22,118.08333333333333,675.2199999999998,11.512798985526258,1
S508261M-8102809,3491.64,62.25,231.63999999999987,5.731243987493987,1
5800428M-727327588,3491.24,41.083333333333336,231.23999999999978,1.7624242424242424,1
S204559M-8088599,3490.3,60.75,191.30000000000018,10.91658048741382,1
HFJ183580-585076,3489.71,112.04166666666667,229.71000000000004,2.3619435091657315,1
S507476M-8085703,3489.24,30.458333333333332,0.0,0.0,1
S204574M,3486.04,62.291666666666664,523.04,1.9088985088985089,1
NH10412M-001925944,3483.0,89.5,223.0,0.9922228234728234,1
S402771M-8099723,3482.43,78.875,222.42999999999984,1.98742784992785,1
5801277M-727367264,3476.31,76.79166666666667,216.30999999999995,1.2106917388167389,1
4100340M-002028070,3475.05,91.625,515.0500000000002,3.047619047619048,1
S306681M-8108197,3474.7,113.16666666666667,214.69999999999982,3.881872294372294,1
S508003M-8095792,3473.19,71.20833333333333,790.19,1.4033088824755493,1
S507575M-8088312,3473.02,29.5,0.0,0.0,1
S306319M-8089764,3470.92,70.33333333333333,474.9200000000001,2.7439840582697728,1
HFJ183616-585142,3470.54,71.0,499.53999999999996,1.87628367003367,1
S507602M,3469.6,42.708333333333336,165.5999999999999,1.6367793582079297,1
NH10217M-001944627,3469.49,110.75,469.4899999999998,1.4511093073593073,1
HFJ183999-595972,3469.26,67.95833333333333,209.26000000000022,0.7806156806156807,1
NH10334M,3469.06,71.41666666666667,209.05999999999995,1.5559266130694702,1
S306128M-8077189,3466.35,45.166666666666664,166.3499999999999,0.8611904761904763,1
S508854M-8121169,3464.91,105.5,204.90999999999985,4.250729517396184,1
NKJ0B80CHPKH34442,3461.51,75.45833333333333,441.5100000000002,4.581773088023088,1
S306195M-8085279,3460.8,58.708333333333336,171.80000000000018,2.922266313932981,1
NH10398M,3460.52,74.95833333333333,477.52,2.015337902837903,1
S306479M,3455.52,61.625,195.51999999999998,1.1366333402047688,1
S507647M-8087475,3455.51,49.0,155.51000000000022,0.0,1
4100281M-002046479,3453.38,67.70833333333333,792.3800000000001,3.6396103896103895,1
5800737M,3452.61,48.333333333333336,192.61000000000013,2.0425565175565175,1
S507645M-8089817,3451.08,68.54166666666667,142.07999999999993,0.7492784992784994,1
5800127M,3448.97,36.041666666666664,154.9699999999998,0.8408529741863076,1
NH10702M-002053249,3448.59,84.79166666666667,679.5900000000001,1.854736136878994,1
S508023M-8099670,3445.14,53.541666666666664,185.13999999999987,3.720296216129549,1
5800937M,3444.26,67.08333333333333,435.2600000000002,1.4316446780732495,1
S508986M-8124238,3444.14,97.79166666666667,184.13999999999987,0.13468013468013468,1
S204533M-8085698,3438.87,51.958333333333336,478.8699999999999,1.500060125060125,1
S507679M-8089803,3438.78,64.83333333333333,138.7800000000002,13.474603174603175,1
S306194M,3438.71,47.375,172.71000000000004,1.230928330928331,1
S204578M,3438.58,58.333333333333336,132.57999999999993,1.1351310726310726,1
S306341M,3433.86,56.0,471.8600000000001,1.2146729196729198,1
NH10396M-001968489,3430.22,78.25,170.2199999999998,0.7427048260381593,1
S402924M-8119369,3429.9,104.66666666666667,0.0,0.0,1
S507662M-8089582,3428.93,45.208333333333336,132.92999999999984,4.270803270803271,1
S507529M,3419.85,6.875,119.84999999999991,0.0,1
S402699M-8087338,3418.88,63.125,0.0,0.0,1
NH04234M-001110497,3418.81,23.041666666666668,364.80999999999995,0.9303030303030302,1
4100157M-001982577,3417.06,74.5,157.05999999999995,1.6228011406582836,1
S507781M-8091927,3416.32,73.75,156.32000000000016,1.1206785113035114,1
HFJ182836-551646,3414.0,65.45833333333333,0.0,0.0,1
S508479M-8107875,3413.54,97.91666666666667,453.53999999999996,3.0382142857142855,1
5801423M-727382167,3411.04,101.91666666666667,1051.04,2.3372134038800705,1
S306233M-8086515,3410.7,49.125,129.69999999999982,1.4302837902837902,1
NH10708M-001968492,3406.55,114.33333333333333,146.55000000000018,3.829756560312116,1
S507914M,3404.16,75.5,0.0,0.0,1
S509140M-8127461,3401.42,101.41666666666667,441.4200000000001,3.757575757575758,0
5801422M-727376327,3398.09,92.20833333333333,438.09000000000015,1.9442565536315537,1
S507681M-8089793,3394.52,59.291666666666664,209.51999999999998,2.0934171648457363,1
NH10082M-001937288,3391.93,49.625,131.92999999999984,1.9349787558120892,1
4100339M-002028541,3391.87,85.75,431.8699999999999,34.892797017797015,0
S507888M-8095766,3390.41,44.083333333333336,723.4099999999999,1.8464357864357865,1
S508388M-8107803,3390.01,74.125,130.01000000000022,2.047315416065416,1
NH10666M-002008199,3389.49,104.75,1304.4899999999998,2.9201504844361987,1
5801299M-727385649,3386.84,92.58333333333333,563.8400000000001,4.052556818181818,1
S507430M-8084284,3384.1,36.125,984.0999999999999,0.4938271604938272,1
NH09731M-001869883,3383.61,55.625,115.61000000000013,0.9412016995350329,1
S306503M-8102832,3382.18,63.208333333333336,122.17999999999984,1.2208170136741567,1
NH10180M-001940350,3382.02,62.583333333333336,122.01999999999998,3.163145056002198,1
S507719M,3381.39,56.541666666666664,35.38999999999987,1.6420234086900753,1
S507494M-8085207,3381.19,47.75,67.19000000000005,1.570751162417829,1
5800884M-727351262,3375.38,80.70833333333333,106.38000000000011,3.4765181577681576,1
NH09755M-001870097,3373.91,45.166666666666664,107.90999999999985,2.864608671751529,1
HFJ183527-583504,3371.02,0.0,111.01999999999998,1.6410362124647837,1
NH10476M-001931364,3368.91,66.58333333333333,393.90999999999985,1.231096681096681,1
S507842M-8094814,3368.89,53.458333333333336,408.8899999999999,2.9528118486451818,1
HFJ183090-564977,3367.09,60.0,677.0900000000001,1.023831569664903,1
H101189M-8086514,3362.61,49.25,86.61000000000013,1.1346873496873497,1
S306356M,3359.63,62.666666666666664,97.63000000000011,1.7532965711537138,1
S508850M-8121157,3358.96,103.125,686.96,5.460508524397413,1
5800129M,3356.36,23.708333333333332,0.0,0.0,1
S306177M,3353.01,37.083333333333336,90.01000000000022,1.384006734006734,1
S508313M-8101780,3349.22,58.375,87.2199999999998,1.7509723081151651,1
HFJ182928,3349.21,56.458333333333336,12.210000000000036,1.7254048420715087,1
4100106M-001894395,3346.85,71.70833333333333,86.84999999999991,1.9305164742664742,1
NH10081M-001937287,3341.83,60.458333333333336,81.82999999999993,0.9088068181818182,1
CF03366M-001494218,3341.03,56.708333333333336,0.0,0.0,1
NKJ0B80CCNKH32724-40-384302,3337.21,57.291666666666664,377.21000000000004,2.2154126296983443,1
S402826M-8105960,3336.59,113.5,676.5900000000001,1.5386552600838317,1
NH10865M-002058086,3335.41,96.83333333333333,375.40999999999985,14.436875367430922,1
HFJ183692-588864,3335.01,65.29166666666667,597.0100000000002,16.677461427461427,1
S402923M-8119372,3332.56,99.125,0.0,0.0,1
5801030M-727361835,3332.32,96.16666666666667,337.32000000000016,1.8669232002565337,1
S402793M-8101282,3329.38,78.66666666666667,68.38000000000011,1.647761629904487,1
S306786M-8114135,3329.24,97.58333333333333,555.2399999999998,1.9854686318972035,1
S508864M-8124057,3328.16,100.66666666666667,368.15999999999985,6.787345679012346,1
5800685M-728343485,3327.59,57.791666666666664,67.59000000000015,1.6427368927368928,1
H101260M-8108479,3321.52,81.41666666666667,839.52,4.625429894179894,1
NH09948M-001869135,3319.18,47.583333333333336,330.17999999999984,1.004959114959115,1
NH09819M-001866063,3317.6,65.41666666666667,655.5999999999999,5.765343915343915,1
S306720M-8108774,3312.22,81.0,52.2199999999998,3.4091510341510345,1
5801413M-727371719,3310.7,81.75,879.6999999999998,3.0437665343915343,1
S508032M-8099851,3310.08,58.25,341.0799999999999,2.0172486772486775,1
4100213M-002020515,3309.07,51.291666666666664,349.07000000000016,0.5811728395061729,1
S507714M-8087421,3308.42,50.666666666666664,947.4200000000001,1.4007671957671959,1
S306245M-8087457,3305.69,64.0,645.69,0.8157447490780824,1
S507812M-8094029,3303.48,45.166666666666664,40.48000000000002,0.9879489337822672,1
S306617M-8101689,3302.91,73.54166666666667,587.9099999999999,1.70515873015873,1
5800007M,3300.16,41.958333333333336,0.0,0.0,1
S507557M,3299.94,41.791666666666664,0.0,0.0,1
S507546M-8087460,3299.51,64.0,0.0,0.0,1
NH10655M-002008202,3293.47,55.625,333.4699999999998,1.8731628453850675,1
NH7584954,3292.63,61.541666666666664,0.0,0.0,1
49207301,3292.57,25.375,0.0,0.0,1
S508223M-8104693,3292.09,66.625,923.0900000000001,3.071069538926682,1
S402704M-8087426,3289.66,91.70833333333333,329.65999999999985,3.4202711640211643,1
NH09791M-001856195,3288.43,37.375,27.429999999999836,0.6886652236652238,1
S306331M,3288.36,62.375,327.3600000000001,1.90081569664903,1
S306396M-8094034,3281.26,54.041666666666664,321.2600000000002,3.410978835978837,1
S507533M-8086054,3278.91,14.708333333333334,0.0,0.0,1
ZNAB50152,3278.63,147.20833333333334,0.0,0.0,1
S204616M-8097598,3277.39,68.29166666666667,617.3899999999999,6.996979717813051,1
S508306M-8103354,3277.3,42.25,17.300000000000182,1.8086099086099086,1
NH10869M-002102316,3276.32,102.375,316.32000000000016,4.151666666666666,1
S306524M-8104603,3276.3,95.41666666666667,507.3000000000002,2.9332010582010586,1
S508085M-8101288,3275.37,90.75,276.3699999999999,1.2635449735449735,1
S507458M-8084291,3274.29,33.875,0.0,0.0,1
S508114M-8105379,3272.99,67.25,258.9899999999998,1.4392101284958427,1
S306387M,3270.39,69.66666666666667,607.3899999999999,1.6187389770723104,1
S402707M-8091937,3267.5,65.29166666666667,307.5,1.2121913580246915,1
5800289M-727307476,3264.83,79.25,4.829999999999927,1.4662062804919949,1
S507802M,3258.85,73.0,540.8499999999999,2.2792517006802724,1
S204639M-8101302,3258.34,101.375,596.3400000000001,2.1220017636684303,1
NKJ0B80CKNKH31724-48-382552,3252.77,52.25,292.77,5.708818342151676,1
S507957M-8097147,3251.27,52.0,291.27,1.9754188712522047,1
NH09811M-001870197,3247.31,45.0,287.30999999999995,1.4341269841269841,1
S204679M-8101688,3244.85,64.66666666666667,567.8499999999999,1.755820105820106,1
S204626M-8095810,3244.21,56.833333333333336,507.21000000000004,1.3311728395061728,1
5800561M,3243.61,71.375,283.6100000000001,1.5583900226757372,1
S306216M-8085642,3243.49,59.208333333333336,283.4899999999998,1.59402557319224,1
4100144M-001924683,3241.67,70.25,278.6700000000001,2.1961860670194002,1
S306362M,3240.03,54.125,240.0300000000002,1.730952380952381,1
S507667M-8089788,3234.25,52.166666666666664,239.25,3.2641534391534393,1
5800875M-727352210,3233.2,78.04166666666667,1469.1999999999998,1.4697089947089947,1
NKJ575SVJPKH34325-40-397727,3232.39,88.5,0.0,0.0,1
NH10829M-002034240,3231.87,95.29166666666667,271.8699999999999,6.038830099941212,1
S507774M-8093139,3231.79,35.291666666666664,571.79,1.4382716049382716,1
5801161M-728354765,3231.3,86.41666666666667,249.30000000000018,1.657331821617536,1
NH09952M-001896269,3226.91,48.125,265.90999999999985,3.869312169312169,1
S306292M,3222.68,44.416666666666664,856.6799999999998,2.4507275132275135,1
S306218M,3219.84,40.75,256.84000000000015,1.5518849206349206,1
HFJ183841-591189,3219.59,77.58333333333333,259.59000000000015,3.089852607709751,1
HFJ179770-496095,3219.37,38.0,0.0,0.0,1
S508164M,3218.73,0.0,223.73000000000002,1.7631172839506173,1
S402790M-8101279,3218.2,85.70833333333333,257.1999999999998,2.933564814814815,1
S306715M-8106354,3214.61,99.125,253.61000000000013,4.346362433862434,1
NH10703M-002053244,3214.34,83.04166666666667,554.3400000000001,4.668568121693122,1
NH09943M,3210.98,60.333333333333336,550.98,1.2144400352733686,1
S507771M-8091930,3207.5,47.916666666666664,236.5,4.69042328042328,1
4100112M,3207.48,80.20833333333333,247.48000000000002,1.4353174603174605,1
S10517M-6098121,3206.95,1.375,1.949999999999818,6.833333333333333,1
S508348M-8107885,3205.94,94.83333333333333,245.94000000000005,2.3725363756613755,1
NH10381M-001902143,3204.41,75.625,244.40999999999985,1.6517526455026457,1
S508486M,3204.21,87.79166666666667,535.21,1.538778659611993,1
S306439M-8094825,3203.4,60.166666666666664,555.4000000000001,3.387830687830688,1
4100338M-002034697,3202.09,98.0,242.09000000000015,4.172505668934241,1
S508961M-8124205,3200.71,95.95833333333333,240.71000000000004,7.0780423280423275,1
S306495M-8099630,3198.29,65.54166666666667,473.28999999999996,1.1354717813051147,1
S507617M,3197.44,49.25,0.0,0.0,1
NH10784M-002036688,3195.69,0.0,235.69000000000005,2.154251700680272,1
NH09889M-001883860,3195.19,36.833333333333336,235.19000000000005,2.3915343915343916,1
S507444M-8084278,3195.12,24.416666666666668,0.0,0.0,1
4100070M-001925771,3194.73,52.791666666666664,234.73000000000002,3.257495590828924,1
5800554M-727332406,3192.68,60.583333333333336,529.6799999999998,3.4598104056437387,1
S507961M-8097037,3191.82,75.95833333333333,529.8200000000002,3.168882275132275,1
HFJ183789-590586,3190.27,108.16666666666667,0.0,12.97566415066415,1
S56997M,3188.06,28.708333333333332,215.05999999999995,2.2944444444444443,1
S306231M,3187.9,74.41666666666667,179.9000000000001,1.3464474678760394,1
NKJ0B80CTNKH32742-40-385892,3184.69,35.833333333333336,224.69000000000005,4.238095238095238,1
S507421M,3183.11,46.791666666666664,184.11000000000013,1.1878835978835978,1
S507805M,3182.73,53.583333333333336,219.73000000000002,1.593756613756614,1
S402631M-8083122,3182.05,49.75,509.0500000000002,9.450714285714286,1
S508554M-8110212,3181.48,71.70833333333333,221.48000000000002,0.6666666666666667,1
S509009M-8126671,3181.34,92.75,521.3400000000001,3.1111699000587887,1
S402975M-8126640,3179.54,65.91666666666667,219.53999999999996,3.429453262786596,1
S306344M,3179.43,49.541666666666664,216.42999999999984,1.609920634920635,1
H101183M-8085872,3179.32,40.541666666666664,219.32000000000016,1.5363756613756614,1
S507754M-8088722,3177.24,65.875,0.0,0.0,1
S507558M-8088309,3176.68,50.833333333333336,0.0,0.0,1
4100116M,3175.62,53.083333333333336,1115.62,3.3753968253968254,1
S507635M-8088352,3172.67,74.66666666666667,119.67000000000007,18.641931216931216,1
YLG679368,3172.0,0.0,0.0,0.0,1
S56410M-8060863,3171.89,1.25,0.0,0.0,1
S508786M-8120996,3170.69,94.625,1103.69,5.593650793650793,1
S507559M-8088313,3166.32,34.041666666666664,0.0,0.0,1
S507820M,3165.67,33.041666666666664,165.67000000000007,3.587962962962963,1
NH09977M-001855372,3165.48,60.083333333333336,152.48000000000002,1.4325837742504408,1
S508627M-8110879,3164.25,63.166666666666664,159.25,1.869047619047619,1
S508123M-8104590,3162.1,64.66666666666667,202.0999999999999,2.2358906525573192,1
S507876M-8093491,3160.76,54.0,200.76000000000022,3.0037037037037035,1
S306217M-8085640,3157.57,54.125,160.57000000000016,0.9842857142857143,1
S507702M-8089516,3155.38,50.916666666666664,0.0,0.0,1
HFJ184450-609865,3155.33,79.95833333333333,195.32999999999993,3.6371987066431513,1
S507690M-8089571,3154.71,49.583333333333336,154.71000000000004,0.0,1
NH09673M-001842294,3153.09,25.416666666666668,193.09000000000015,2.847222222222222,1
S508061M,3151.92,40.291666666666664,191.92000000000007,1.4799382716049383,1
NH10107M-001869177,3151.36,45.625,191.36000000000013,2.68586860670194,1
HFJ182873-559934,3149.47,43.25,0.0,0.0,1
4100064M-001882515,3148.66,72.5,473.65999999999985,2.252286470143613,1
5800464M,3148.4,27.291666666666668,176.4000000000001,1.348148148148148,1
S306311M,3146.34,55.958333333333336,76.34000000000015,1.6861111111111113,1
NH10498M-002022641,3145.63,87.04166666666667,451.6300000000001,2.50489417989418,1
S306552M-8105231,3143.97,73.20833333333333,385.9699999999998,1.6979213907785338,1
S306333M,3142.19,41.083333333333336,182.19000000000005,2.4197089947089943,1
S508305M-8103384,3140.68,59.083333333333336,426.67999999999984,2.5180650037792893,1
S507519M-8086251,3138.8,50.25,0.0,0.0,1
HFJ1987412,3137.77,11.75,137.76999999999998,0.0,1
NH10379M-001955941,3137.48,77.83333333333333,177.48000000000002,48.97806878306878,1
S507425M-8084172,3136.26,51.0,107.26000000000022,2.1577513227513228,1
T049451M,3135.41,24.958333333333332,175.40999999999985,5.242228835978836,1
4100096M-001887769,3134.04,58.416666666666664,174.03999999999996,2.2739197530864197,1
NH10405M-001963670,3131.95,66.625,171.94999999999982,1.8066137566137566,1
S508906M-8122477,3131.89,93.45833333333333,171.88999999999987,6.784538506760729,1
S507530M-8086489,3127.38,31.583333333333332,156.3800000000001,2.051190476190476,1
S509054M-8126667,3126.81,3.75,166.80999999999995,7.320466570466571,0
S507886M-8095822,3126.15,59.333333333333336,92.15000000000009,1.1602292768959437,1
5800398M-728311107,3125.6,58.125,70.59999999999991,2.678064373897707,1
HFJ183080-569379,3124.6,49.833333333333336,164.5999999999999,1.4236772486772487,1
NH10071M,3123.49,54.25,452.4899999999998,1.2403880070546738,1
NH10273M-001963628,3121.9,58.666666666666664,161.9000000000001,1.5703703703703704,1
S402787M-8099867,3121.68,102.83333333333333,159.67999999999984,1.725018896447468,1
5800872M-727351893,3118.5,63.375,415.5,1.5375283446712018,1
S402811M-8103389,3118.04,101.66666666666667,158.03999999999996,1.8586734693877551,1
S508134M-8104596,3116.11,103.83333333333333,155.11000000000013,0.5380952380952381,1
S507464M,3112.25,43.291666666666664,0.0,0.0,1
S402910M-8113430,3112.12,86.08333333333333,152.1199999999999,7.438981481481481,1
NH10983M-002135587,3111.23,94.375,151.23000000000002,15.382587782587784,0
S507414M-8083727,3109.4,57.458333333333336,449.4000000000001,1.543835978835979,1
S508031M-8099871,3105.72,62.875,366.7199999999998,1.3109977324263038,1
NH09869M,3104.53,51.625,139.5300000000002,2.257010582010582,1
S507605M-8089717,3103.23,48.5,143.23000000000002,1.86468253968254,1
NKJ0B80CJNKH31725-48-374563,3103.03,59.0,646.0300000000002,5.237320483749055,1
4100048M-001872181,3102.69,55.208333333333336,1048.69,7.579365079365079,1
NKJ0B80CANKH31874-48-383982,3102.2,55.875,142.19999999999982,6.241296296296296,1
CF03429M,3102.13,0.0,0.0,0.0,1
NH09991M-001929478,3101.37,55.125,441.3699999999999,1.3132804232804234,1
S507640M,3096.76,40.708333333333336,135.76000000000022,6.452667548500881,1
S507830M-8094660,3096.5,34.208333333333336,131.5,5.715112433862434,1
NH09963M-001905326,3092.79,45.125,104.78999999999996,1.3156084656084657,1
S402670M-8088360,3091.83,49.958333333333336,92.82999999999993,6.12068783068783,1
NH09890M-001883884,3091.61,38.458333333333336,1030.6100000000001,1.692169312169312,1
NH09955M,3090.96,49.208333333333336,90.96000000000004,0.7626984126984127,1
H101227M-8097605,3088.85,59.666666666666664,128.8499999999999,3.9508125472411186,1
S402986M-8130048,3085.62,93.91666666666667,424.6199999999999,9.370793650793651,0
S306562M-8102825,3085.43,0.0,124.42999999999984,2.252072310405644,1
S306242M-8086838,3085.0,52.041666666666664,83.0,1.9933597883597884,1
S508100M,3082.91,54.041666666666664,122.90999999999985,1.5719576719576722,1
5801304M-727385938,3082.87,90.0,416.8699999999999,2.5873204837490555,1
S204642M,3078.62,15.166666666666666,118.61999999999989,1.3333333333333335,1
NKJ0B80CTNKH30814-40-372860,3076.07,90.83333333333333,116.07000000000016,1.1955026455026456,1
50001018,3074.05,51.25,0.0,0.0,1
S507654M,3073.64,44.916666666666664,0.0,0.0,1
HFJ183636-586901,3072.7,63.166666666666664,112.69999999999982,1.205952380952381,1
S507795M-8091419,3071.65,56.375,111.65000000000009,3.2981261022927693,1
NH09990M-001928430,3071.16,63.25,393.15999999999985,1.6117283950617285,1
S507648M,3067.18,48.791666666666664,81.17999999999984,1.9819664902998237,1
4100082M-001883269,3065.53,45.125,105.5300000000002,1.847773368606702,1
S402878M-8108263,3064.78,61.041666666666664,103.7800000000002,3.6592592592592594,1
4100170M-001926032,3062.31,61.75,102.30999999999995,1.5816326530612248,1
NH09891M,3061.72,48.375,100.7199999999998,3.009038800705467,1
LSM0W40RTN0310530,3060.79,64.08333333333333,0.0,0.0,1
HFJ182749-554847,3059.61,45.125,0.0,0.0,1
ZNJF01500,3058.98,58.25,0.0,0.0,1
S306933M-8121000,3056.68,80.45833333333333,395.67999999999984,0.9047619047619049,1
NH10077M-001870218,3055.36,45.541666666666664,84.36000000000013,1.144973544973545,1
NH09958M-001904520,3054.12,25.125,94.11999999999989,1.4660493827160497,1
HFJ182901-561815,3049.7,40.041666666666664,27.699999999999818,1.365873015873016,1
NH10106M-001886922,3048.31,56.916666666666664,688.31,1.4544973544973545,1
S306515M-8102836,3046.36,73.70833333333333,86.36000000000013,1.1601851851851852,1
NH09733M-001859869,3045.58,47.708333333333336,251.57999999999993,2.073148148148148,1
HFJ182823,3043.04,50.833333333333336,82.03999999999996,1.9305026455026457,1
S402711M-8090590,3042.9,57.833333333333336,375.9000000000001,1.4150132275132277,1
S507926M,3038.24,44.791666666666664,78.23999999999978,1.3010582010582012,1
S508451M,3036.23,67.95833333333333,363.23,1.816798941798942,1
S204749M-8114114,3036.11,83.58333333333333,376.1100000000001,3.141628873771731,1
NH10570M-002033381,3034.41,89.08333333333333,1433.4099999999999,24.03973544973545,0
S306288M-8089776,3033.73,57.041666666666664,69.73000000000002,0.592283950617284,1
HFJ183257-575952,3033.36,49.166666666666664,53.36000000000013,1.2818562610229278,1
4100109M-001930720,3032.61,71.29166666666667,72.61000000000013,1.7476851851851851,1
4100290M-002028534,3032.27,113.875,72.26999999999998,5.935697751322752,1
S508657M-8113420,3030.92,86.875,70.92000000000007,4.586772486772487,1
S508072M,3028.57,82.95833333333333,68.57000000000016,1.3489984882842025,1
S508289M-8102817,3028.18,68.0,0.0,0.0,1
5800835M,3027.09,40.75,67.09000000000015,1.7117724867724866,1
S508077M,3024.6,20.958333333333332,64.59999999999991,0.888888888888889,1
S507633M-8088630,3022.68,25.833333333333332,0.0,0.0,1
T050257M,3021.37,69.16666666666667,345.3699999999999,1.5730158730158732,1
5800832M,3021.18,76.5,361.17999999999984,3.7414021164021167,1
S507930M-8097182,3020.68,55.625,321.67999999999984,1.40081569664903,1
NH10550M-001929990,3016.2,74.75,56.19999999999982,17.491108171663726,1
S306282M-8089602,3010.9,59.291666666666664,650.9000000000001,0.9037037037037038,1
H101184M-8085856,3008.79,60.666666666666664,48.789999999999964,2.737339380196523,1
S507793M-8091934,3004.62,42.541666666666664,43.61999999999989,1.207883597883598,1
4100167M,3004.02,69.20833333333333,1543.02,3.93968253968254,1
5800846M-728348074,3003.6,55.666666666666664,343.5999999999999,1.7416931216931217,1
S402669M,3003.06,60.125,1802.06,1.5537698412698413,1
5801253M-727390694,3001.29,65.54166666666667,341.28999999999996,2.7964474678760394,1
S508975M-8124245,3000.91,89.75,340.90999999999985,31.130370370370372,0
S508080M,3000.67,63.708333333333336,286.6700000000001,1.7783068783068785,1
S306203M-8085284,2998.99,26.208333333333332,337.9899999999998,1.5347222222222223,1
S306354M-8089600,2998.96,55.541666666666664,338.96000000000004,2.306772486772487,1
S507596M-8089728,2998.79,4.875,38.789999999999964,1.3333333333333335,1
S306402M-8093800,2997.07,60.5,330.07000000000016,3.031065759637188,1
S507603M-8089569,2996.57,29.958333333333332,0.0,0.0,1
5800481M,2989.4,40.583333333333336,4.400000000000091,1.0892857142857144,1
5800917M-727355440,2987.16,75.45833333333333,326.15999999999985,2.269345238095238,1
S509139M-8127470,2986.64,89.66666666666667,326.6399999999999,4.15570252792475,1
S402744M-8097126,2983.98,61.916666666666664,323.98,1.7966490299823634,1
NH10051M-001909093,2983.77,33.625,204.76999999999998,3.3680886243386245,1
5800900M-727354584,2981.07,62.916666666666664,520.0700000000002,2.0480379188712523,1
4100085M-001944826,2978.22,51.0,18.2199999999998,1.3268298059964727,1
S508025M-8099671,2975.03,74.0,315.0300000000002,2.658238851095994,1
S507722M,2973.79,46.458333333333336,913.79,1.5312169312169315,1
NH09892M,2972.54,53.875,308.53999999999996,1.6319841269841269,1
S507856M,2972.19,63.958333333333336,173.19000000000005,3.7730158730158734,1
NH10038M-001864743,2972.14,60.833333333333336,292.1399999999999,1.5015608465608465,1
NH10690M-002020203,2971.95,101.70833333333333,311.9499999999998,9.569857804232804,1
S507949M-8097040,2971.89,36.375,263.8899999999999,2.1633597883597884,1
S507923M-8099678,2971.84,50.666666666666664,271.84000000000015,0.3466666666666666,1
NH10199M-001949521,2971.43,69.20833333333333,224.42999999999984,1.985355253212396,1
S508177M-8104580,2969.43,97.70833333333333,287.42999999999984,16.367573696145126,1
S508548M-8109980,2968.92,69.25,568.9200000000001,0.8333333333333334,1
5801514M-727390931,2967.5,96.625,607.5,2.687037037037037,0
S507669M-8089794,2967.24,31.833333333333332,270.2399999999998,1.3981481481481481,1
S306398M-8094679,2963.26,32.125,289.2600000000002,2.4939720332577475,1
NH10880M-002076682,2962.85,86.66666666666667,1159.85,6.953624338624339,0
S507655M,2962.36,48.458333333333336,0.0,0.0,1
NH09895M-001859183,2960.59,48.5,220.59000000000015,3.3080423280423275,1
NH10761M,2958.19,41.958333333333336,417.19000000000005,3.6447530864197533,1
S306593M-8108484,2957.99,90.58333333333333,502.9899999999998,2.696050642479214,1
S507612M-8088721,2957.09,28.583333333333332,0.0,0.0,1
4100078M-001944834,2956.64,48.0,1190.6399999999999,1.8888888888888888,1
S204569M-8088651,2952.47,90.125,177.4699999999998,4.254541446208113,1
S402638M-8084295,2949.37,49.333333333333336,264.3699999999999,1.2397619047619048,1
NH09823M-001870241,2948.85,8.125,247.8499999999999,0.037037037037037035,1
S509112M-8128262,2948.59,88.375,288.59000000000015,5.554021164021164,0
S306530M-8105355,2946.58,77.54166666666667,286.5799999999999,4.539572310405644,1
S508338M,2943.15,34.041666666666664,283.1500000000001,2.1104497354497354,1
S507566M-8089583,2940.37,37.583333333333336,217.3699999999999,1.9846560846560848,1
S402702M,2940.26,50.791666666666664,1478.2600000000002,2.2944444444444443,1
NH11021M-002150017,2939.5,85.0,279.5,19.058068783068784,0
S508380M-8107841,2936.26,45.333333333333336,236.26000000000022,0.45999999999999996,1
JJGN58NRPLC771566,2934.59,40.291666666666664,0.0,0.0,1
S508493M-8110565,2933.62,68.54166666666667,469.6199999999999,6.5736331569664905,1
S507565M,2933.61,33.666666666666664,262.6100000000001,1.429453262786596,1
S306757M-8109783,2933.32,91.33333333333333,273.32000000000016,7.287433862433862,0
S507487M,2933.23,38.791666666666664,0.0,0.0,1
S507622M,2932.41,47.666666666666664,0.0,0.0,1
T050473M-715375781,2931.85,100.70833333333333,0.0,0.0,1
NH10109M-001955572,2931.19,51.958333333333336,871.19,1.7217813051146384,1
NH10060M-001865798,2927.42,51.666666666666664,227.42000000000007,1.0911111111111111,1
ZPBE02452,2926.33,81.33333333333333,0.0,0.0,1
S402654M-8084286,2926.3,21.625,266.3000000000002,0.9074074074074074,1
1P06155JCH0006640,2925.46,90.33333333333333,0.0,0.0,1
NH10114M-001924283,2924.04,65.33333333333333,864.04,1.602799823633157,1
NH10343M-001894415,2919.52,61.083333333333336,245.51999999999998,1.6041446208112875,1
5801179M-728354908,2919.07,64.29166666666667,809.0700000000002,1.6987150415721843,1
S204635M-8099642,2919.07,72.79166666666667,854.0700000000002,3.1335978835978837,1
5800789M,2914.96,47.75,224.96000000000004,1.2761243386243386,1
NH09962M,2914.44,42.541666666666664,243.44000000000005,3.113260582010582,1
S507837M,2913.9,43.958333333333336,253.9000000000001,1.3179012345679013,1
NH09950M,2905.84,58.666666666666664,228.84000000000015,1.372993827160494,1
5800128M,2900.44,15.291666666666666,494.44000000000005,0.7916666666666667,1
T049436M-715300029,2897.01,48.583333333333336,227.01000000000022,1.3680555555555556,1
HFJ183981-595364,2896.71,51.208333333333336,236.71000000000004,2.131538170823885,1
ZNAB50166,2895.2,23.208333333333332,0.0,0.0,1
NKJ0B80CLPKH33502-48-395524,2893.43,78.5,223.42999999999984,4.3502645502645505,1
5801046M-727359405,2891.41,17.166666666666668,791.4099999999999,1.6507936507936507,1
NH10039M-001872584,2890.07,59.583333333333336,230.07000000000016,1.1457231040564375,1
HFJ183430,2883.14,41.958333333333336,823.1399999999999,2.062522045855379,1
S402640M,2880.88,45.666666666666664,203.8800000000001,1.4813161375661377,1
NH10124M-001933038,2880.73,52.916666666666664,220.73000000000002,1.2996252204585537,1
NKJ575SVCPKH34321-48-407129,2880.61,75.0,0.0,0.0,1
4100183M-001950062,2880.14,58.791666666666664,220.13999999999987,4.466855631141345,1
S508103M-8105346,2878.95,63.125,218.94999999999982,1.9147014361300077,1
S507964M,2878.67,59.916666666666664,218.67000000000007,1.7933421516754853,1
HFJ184554-611334,2875.73,54.333333333333336,215.73000000000002,5.260207231040565,1
S402890M-8110888,2875.7,63.041666666666664,1154.6999999999998,3.796402116402116,1
NH09824M,2875.39,27.666666666666668,215.38999999999987,1.0652557319223988,1
S507296M-8078276,2875.21,59.5,141.21000000000004,1.502962962962963,1
4100179M-001989719,2875.0,44.458333333333336,215.0,2.3463183421516756,1
NKJ575SVEPKH34317-40-398463,2874.19,71.125,214.19000000000005,2.115740740740741,1
S306269M,2874.08,44.541666666666664,465.0799999999999,1.0408399470899472,1
5800834M,2873.33,61.75,173.32999999999993,1.6703703703703703,1
S508366M,2872.9,0.0,212.9000000000001,1.5582892416225749,1
S402741M-8095776,2872.67,62.666666666666664,501.6700000000001,2.0250220458553794,1
S508632M,2872.62,77.04166666666667,212.6199999999999,0.9894179894179894,1
S402773M,2871.92,38.0,198.92000000000007,2.7197420634920637,1
S508633M-8112800,2871.41,72.70833333333333,471.40999999999985,4.37989417989418,1
HFJ182694,2868.31,53.041666666666664,125.30999999999995,2.1235185185185186,1
4100353M-002035499,2867.03,83.91666666666667,1407.0300000000002,43.29042658730158,1
S306428M-8093812,2863.36,52.833333333333336,176.36000000000013,3.3575661375661374,1
S508185M-8104538,2862.16,67.75,802.1599999999999,2.7699294532627867,1
4100110M,2860.14,59.208333333333336,200.13999999999987,2.5434082892416225,1
NKJ1107EANKT05857,2858.79,0.0,0.0,0.0,1
NKJ0B80CCPKH34449,2856.37,45.583333333333336,196.3699999999999,1.9858201058201057,1
ZMEZE117LP0005661,2853.55,78.45833333333333,0.0,0.0,1
NH10134M-001870284,2852.14,49.375,192.13999999999987,3.770899470899471,1
5800817M,2852.01,48.291666666666664,466.0100000000002,1.43994708994709,1
S307032M-8123679,2851.48,104.58333333333333,191.48000000000002,0.14814814814814817,0
NH09850M,2850.64,52.5,189.63999999999987,1.4182539682539683,1
S507741M-8088736,2850.25,46.875,0.0,0.0,1
HFJ182938-563946,2849.92,0.0,84.92000000000007,1.2178306878306877,1
NH1676461-427641DT,2849.13,82.625,0.0,0.0,1
S402920M-8117890,2848.09,84.79166666666667,0.0,0.0,1
NH10571M-002033776,2847.6,86.95833333333333,187.5999999999999,2.8162863756613756,1
S508006M,2845.71,1.4166666666666667,594.71,4.633289241622575,1
S306519M-8105239,2844.75,72.125,136.75,0.7968631897203325,1
NH10037M-001872587,2844.75,51.083333333333336,184.75,2.508042328042328,1
S306483M-8099637,2844.21,80.75,184.21000000000004,2.4114748677248676,1
ZMAF50137,2842.53,47.458333333333336,0.0,0.0,1
S508637M,2842.52,71.04166666666667,182.51999999999998,0.21164021164021166,1
S508754M-8120989,2839.99,82.54166666666667,179.98999999999978,8.652347883597884,1
S508636M-8110885,2838.78,96.45833333333333,178.7800000000002,0.21164021164021166,1
4100164M-001931648,2838.25,40.5,178.25,2.05818216175359,1
NH09804M-001860951,2838.0,47.5,174.0,1.1924603174603174,1
S204801M-8122378,2837.63,84.125,177.6300000000001,5.600165343915344,1
4100492M-002136024,2837.62,50.041666666666664,1265.62,13.452792475014698,1
S507720M-8087439,2837.29,52.208333333333336,155.28999999999996,1.6555555555555557,1
HFJ182813-556537,2835.92,45.458333333333336,169.92000000000007,1.5187566137566137,1
S507493M-8085380,2835.02,44.916666666666664,0.0,0.0,1
S508135M,2832.19,0.0,172.19000000000005,3.536851851851852,1
HFJ185574-643480,2831.63,55.625,540.6300000000001,11.188002645502646,1
S507632M-8088717,2830.57,41.0,170.57000000000016,1.8198677248677249,1
NH09722M-001854207,2826.82,37.5,165.82000000000016,1.2926587301587302,1
S507977M-8097245,2825.14,53.333333333333336,455.1399999999999,1.7545855379188715,1
NH09841M,2824.66,42.708333333333336,124.65999999999985,0.7718253968253967,1
NH10341M-001944619,2824.57,68.25,164.57000000000016,1.3194066515495086,1
HFJ182832-556529,2823.98,58.875,65.98000000000002,1.8900352733686068,1
4100313M-002028486,2821.86,72.75,161.86000000000013,55.912863756613746,1
S508063M-8099855,2821.06,42.166666666666664,149.05999999999995,1.310350529100529,1
S402769M-8099725,2820.46,58.583333333333336,121.46000000000004,2.6637566137566138,1
NH10813M-002036550,2818.66,87.625,158.65999999999985,5.456018518518519,1
4100137M-001938124,2815.45,55.416666666666664,155.44999999999982,2.6059082892416225,1
S508997M-8124060,2812.49,80.04166666666667,452.4899999999998,3.7322420634920634,1
S507682M-8087440,2811.95,46.791666666666664,0.0,0.0,1
5801379M-727367680,2811.92,89.375,151.92000000000007,71.28950066137565,1
S507554M,2811.84,53.041666666666664,151.84000000000015,1.75978835978836,1
S508007M,2811.59,34.958333333333336,748.5900000000001,1.9087301587301588,1
HCCZ3803ENCG45198-8101741,2811.33,28.458333333333332,0.0,0.0,1
S306589M-8108489,2809.94,60.708333333333336,149.94000000000005,2.1793839758125473,1
HFJ182815-557909,2809.23,37.833333333333336,446.23,1.4614748677248677,1
S402700M-8087343,2808.51,56.375,0.0,0.0,1
S507584M,2806.76,46.416666666666664,1041.7600000000002,1.0198412698412698,1
S306513M-8103415,2806.71,109.58333333333333,410.71000000000004,3.2965314520870077,1
CF03406M-001518425,2806.32,47.458333333333336,0.0,0.0,1
S507855M-8093794,2805.36,56.833333333333336,102.36000000000013,3.25,1
NKJ0B80CJPKH33509-48-393424,2805.03,76.08333333333333,145.0300000000002,2.3957231040564375,1
4100355M-002035508,2802.9,61.166666666666664,2395.9,35.0,1
S508483M-8107473,2800.28,67.41666666666667,140.2800000000002,0.6782407407407407,1
S402984M-8130025,2799.94,89.25,439.94000000000005,6.422751322751322,0
S507625M-8087469,2798.66,40.041666666666664,0.0,0.0,1
NH09967M-001905327,2797.78,47.083333333333336,134.7800000000002,1.5145502645502646,1
5800888M,2796.03,65.29166666666667,136.0300000000002,2.6125220458553793,1
S507883M-8093791,2795.83,43.166666666666664,125.82999999999993,1.630952380952381,1
S507703M-8089522,2793.02,43.666666666666664,0.0,0.0,1
4100058M-001923812,2792.93,47.333333333333336,132.92999999999984,1.1979717813051145,1
S306506M-8103407,2792.62,69.125,132.6199999999999,1.6074294532627864,1
S402951M-8123517,2792.07,85.33333333333333,432.07000000000016,11.374603174603175,0
S507737M,2790.0,30.208333333333332,0.0,0.0,1
S306345M-8091409,2789.57,55.041666666666664,83.57000000000016,1.8665343915343915,1
4100412M-002054913,2788.61,84.91666666666667,427.6100000000001,7.154431216931216,1
S508026M-8097140,2785.25,49.125,125.25,1.519867724867725,1
ZNJF01771,2784.51,74.25,0.0,0.0,1
H101204M-8088635,2783.91,48.75,110.90999999999985,0.5702380952380952,1
4100049M-001900489,2783.28,49.541666666666664,410.2800000000002,1.900978835978836,1
H101268M-8113302,2782.74,79.04166666666667,422.7399999999998,2.675595238095238,1
NH10561M-001927234,2782.56,89.625,1022.56,3.981040564373898,0
S507675M-8089816,2781.16,44.416666666666664,1017.1599999999999,1.5714285714285714,1
S507629M-8087474,2779.87,41.833333333333336,115.86999999999989,2.5248015873015874,1
NH10085M-001869035,2779.68,34.166666666666664,419.67999999999984,1.1587301587301588,1
NH10351M-001967503,2778.96,41.75,705.96,11.585238095238097,1
S306306M,2777.94,37.291666666666664,104.94000000000005,3.199900793650794,1
HFJ183118-572187,2774.02,49.666666666666664,713.02,2.0425485008818343,1
S507864M-8094009,2772.89,70.08333333333333,374.8899999999999,2.099055177626606,1
S507418M,2771.9,45.416666666666664,0.0,0.0,1
NH10042M-001882695,2769.11,49.583333333333336,409.1100000000001,3.457142857142857,1
S306350M-8089622,2767.72,33.625,397.7199999999998,1.7039682539682541,1
NH09511M,2767.43,10.333333333333334,103.42999999999984,1.3333333333333335,1
S508091M,2765.32,51.375,105.32000000000016,1.5496296296296297,1
HFJ182788,2764.57,0.0,103.57000000000016,1.4444444444444444,1
NH10445M-001961063,2764.4,83.41666666666667,364.4000000000001,0.47916666666666674,1
S508776M-8121161,2764.35,81.20833333333333,104.34999999999991,0.44907407407407407,1
NH09634M,2762.78,44.5,100.7800000000002,1.054973544973545,1
S508254M-8103388,2759.66,64.25,99.65999999999985,1.6677626606198035,1
S507668M-8089804,2757.58,24.666666666666668,394.5799999999999,4.199404761904762,1
S507684M-8087342,2756.39,46.041666666666664,56.38999999999987,0.52,1
S508382M-8107532,2755.48,58.458333333333336,95.48000000000002,2.935135582010582,1
S508371M-8107438,2752.61,53.875,384.6100000000001,1.7761904761904763,1
S306372M,2752.02,32.125,77.01999999999998,1.7215608465608467,1
HFJ182705-540124,2751.87,41.958333333333336,58.86999999999989,0.5818518518518518,1
NH10568M,2751.35,70.83333333333333,91.34999999999991,3.329332010582011,1
5800429M,2750.7,26.291666666666668,28.699999999999818,1.7894620811287476,1
S402905M-8113431,2750.53,61.375,83.5300000000002,1.3962585034013606,1
NH09833M-001860519,2749.08,52.416666666666664,58.07999999999993,3.218333333333333,1
NH09980M-001859870,2747.3,47.041666666666664,37.30000000000018,1.893994708994709,1
S507424M,2746.51,39.708333333333336,85.51000000000022,1.7375992063492065,1
S508513M-8108221,2746.26,76.79166666666667,0.2600000000002183,4.003703703703704,1
S306312M,2746.26,34.5,77.26000000000022,1.7175925925925928,1
S508365M-8107867,2745.07,62.458333333333336,345.07000000000016,0.7222222222222223,1
HFJ183034-565546,2739.34,57.75,68.34000000000015,2.0315917107583776,1
NH10347M-001961061,2738.87,82.45833333333333,78.86999999999989,1.4464474678760395,1
S508428M-8107444,2737.69,53.0,77.69000000000005,2.5710978835978837,1
HFJ184477-610412,2735.55,0.0,333.5500000000002,2.6785714285714284,1
S508138M-8105959,2735.08,66.79166666666667,557.0799999999999,3.6639455782312926,1
S508907M-8122497,2732.5,79.58333333333333,72.5,10.361875367430923,1
S508246M-8101276,2732.32,47.333333333333336,72.32000000000016,2.953461199294533,1
ZNAB50146,2731.67,74.95833333333333,0.0,0.0,1
NH10016M-001998803,2730.55,49.291666666666664,370.5500000000002,2.178174603174603,1
HFJ182930,2730.45,55.541666666666664,65.44999999999982,1.6521604938271606,1
NH10359M-001933098,2727.16,58.416666666666664,67.15999999999985,1.321050642479214,1
4100201M-001927703,2725.32,69.04166666666667,65.32000000000016,3.4186696900982616,1
S508405M-8107483,2724.65,28.25,0.0,0.0,1
S509175M-8129065,2723.77,92.33333333333333,363.77,2.481712962962963,1
S402767M-8099742,2722.26,59.541666666666664,60.26000000000022,2.0120370370370373,1
4100453M-002051507,2722.05,76.20833333333333,2188.05,78.0,1
S306189M-8084447,2721.79,26.5,652.79,0.8214285714285715,1
NH08810M,2720.95,17.708333333333332,0.0,0.0,1
NH10754M-002052299,2719.58,83.70833333333333,319.5799999999999,2.0185185185185186,1
S306472M,2719.15,36.041666666666664,357.1500000000001,1.40734126984127,1
S508427M,2715.76,65.125,355.7600000000002,3.187981859410431,1
H101187M-8086510,2715.39,51.333333333333336,51.38999999999987,1.7870370370370372,1
HFJ182918-562929,2714.99,44.75,54.98999999999978,1.5308201058201059,1
S508446M,2714.17,39.083333333333336,1214.17,1.3465608465608465,1
HFJ183354,2712.27,66.58333333333333,568.27,2.8270975056689345,1
S402915M-8113436,2709.89,76.79166666666667,1124.8899999999999,39.41534391534392,0
S306221M-8085386,2709.54,57.458333333333336,19.539999999999964,0.6645502645502646,1
4100247M-002028074,2707.97,50.708333333333336,553.9699999999998,5.381349206349206,1
S507549M-8087432,2706.83,46.833333333333336,46.82999999999993,3.9413756613756616,1
S508144M-8105974,2706.58,43.5,346.5799999999999,11.751851851851852,1
S509208M-8128205,2703.59,78.66666666666667,643.5900000000001,2.81031746031746,1
S306789M-8113297,2699.79,63.041666666666664,607.79,4.006190476190477,1
NH10032M-001882517,2695.6,48.208333333333336,35.59999999999991,1.6593121693121695,1
2102431,2694.08,4.0,0.0,0.0,1
S507912M-8095774,2691.47,43.583333333333336,317.4699999999998,4.540564373897707,1
T049945M,2690.35,51.25,314.3499999999999,11.177936507936508,1
S508516M-8108174,2689.31,71.45833333333333,329.30999999999995,3.2574074074074075,1
S204715M-8108778,2686.47,72.20833333333333,326.4699999999998,6.040249433106576,1
S306461M,2686.43,42.375,312.42999999999984,1.1732804232804235,1
S508443M-8108229,2685.41,52.041666666666664,325.40999999999985,1.570952380952381,1
NH10272M,2682.51,0.0,22.51000000000022,1.6491402116402116,1
S307008M-8122564,2681.1,96.04166666666667,321.0999999999999,7.814991181657849,0
S204646M-8101297,2676.22,92.375,302.2199999999998,11.514285714285716,1
NH09602M,2674.33,0.0,0.0,0.0,1
NH10788M-002056719,2673.74,74.33333333333333,613.7399999999998,6.497123015873016,1
S306393M-8094670,2673.41,47.625,303.40999999999985,1.5928130511463845,1
NKJ0B80CJPKH36569-48-413853,2673.11,79.45833333333333,313.1100000000001,9.972134038800705,0
H101218M-8093803,2672.75,46.958333333333336,310.75,1.9156746031746033,1
NH10868M-002101001,2671.99,85.45833333333333,311.9899999999998,1.748299319727891,1
S306286M-8089751,2667.58,48.208333333333336,285.5799999999999,1.845436507936508,1
S306854M-8119223,2665.76,71.66666666666667,305.7600000000002,1.7215608465608465,1
HFJ184557-610581,2665.33,53.333333333333336,304.3299999999999,6.865013227513227,1
5800426M,2663.18,39.041666666666664,299.17999999999984,1.4265873015873016,1
S306666M-8108009,2662.43,67.54166666666667,294.42999999999984,2.978987150415722,1
S306273M-8087347,2658.8,48.0,188.80000000000018,2.123809523809524,1
S402723M,2657.85,31.25,591.8499999999999,1.650793650793651,1
HFJ183375-577229,2657.62,44.125,205.6199999999999,2.0761904761904764,1
S508390M-8107879,2657.25,57.75,592.25,4.2518518518518515,1
S507925M,2657.09,33.791666666666664,559.0900000000001,0.527281746031746,1
S402668M,2656.92,33.416666666666664,283.9200000000001,1.5654761904761905,1
S306310M,2656.64,51.875,258.6399999999999,1.6700000000000004,1
S508384M-8107502,2655.86,60.583333333333336,532.8600000000001,3.1658730158730157,1
NH10149M-001944639,2654.82,71.16666666666667,293.82000000000016,2.8406746031746035,1
NH09897M,2653.33,23.625,289.3299999999999,1.7023809523809526,1
5800925M-728348078,2652.47,51.041666666666664,292.4699999999998,2.543518518518518,1
HFJ183718-589036,2652.4,0.0,264.4000000000001,2.2960317460317463,1
4100154M-001986569,2651.21,63.625,286.21000000000004,0.8597222222222222,1
NH10196M,2649.14,45.125,889.1399999999999,2.053015873015873,1
S507488M,2649.1,43.625,0.0,0.0,1
HFJ185470-636830,2647.03,83.29166666666667,2035.0300000000002,14.027777777777777,1
NKJ0B80CTPKH34445-48-401595,2646.94,79.20833333333333,543.94,8.242630385487528,1
S507661M-8087427,2645.26,37.291666666666664,270.2600000000002,1.2308201058201058,1
V214639-8R08A,2645.15,0.0,0.0,0.0,1
HFJ184234-600505,2644.86,64.95833333333333,284.8600000000001,2.544331065759637,1
S402673M-8088349,2644.38,44.291666666666664,234.3800000000001,1.4434523809523812,1
S507504M,2643.32,41.75,275.32000000000016,1.5563492063492064,1
HFJ184086,2642.21,68.25,229.21000000000004,1.9058862433862436,1
S508095M-8099857,2641.78,68.375,275.7800000000002,4.553571428571429,1
S508903M-8122268,2641.77,25.25,841.77,1.0729166666666667,1
S204707M-8108208,2640.74,50.958333333333336,538.7399999999998,3.0612433862433863,1
HFJ182825,2640.02,57.291666666666664,167.01999999999998,3.3077380952380953,1
S508008M,2639.9,0.0,576.9000000000001,1.7863756613756614,1
S306523M-8103406,2638.89,61.75,278.8899999999999,1.1955026455026456,1
S306338M,2638.13,38.791666666666664,277.1300000000001,2.2475198412698414,1
NH10564M-001931650,2636.98,76.79166666666667,1476.98,23.4042328042328,0
S306209M-8085695,2636.07,5.666666666666667,869.0700000000002,1.8333333333333333,1
S508403M-8107433,2635.97,67.04166666666667,272.9699999999998,1.9757275132275132,1
NH10166M-001928366,2635.67,57.041666666666664,549.6700000000001,1.2824074074074074,1
NH10344M-001896446,2635.67,49.458333333333336,275.6700000000001,3.1523809523809527,1
NH10855M-002101003,2632.27,75.91666666666667,272.27,0.2380952380952381,1
NH10576M-002033777,2631.21,84.20833333333333,235.21000000000004,2.015376984126984,1
S402652M,2630.13,42.958333333333336,270.1300000000001,1.3662698412698413,1
4100306M-002033753,2629.82,63.666666666666664,515.8200000000002,1.337962962962963,1
NH10697M-002020202,2627.96,98.54166666666667,513.96,5.742063492063492,1
4100250M-002031141,2627.85,44.375,796.8499999999999,8.277777777777777,1
NH08948M,2627.34,20.333333333333332,0.0,0.0,1
5800485M-72835651,2626.97,35.833333333333336,265.9699999999998,1.3141534391534393,1
S204659M-8105226,2625.89,82.75,265.8899999999999,2.115079365079365,1
S507664M-8089585,2624.37,40.583333333333336,0.0,0.0,1
S507477M-8085715,2622.76,29.375,848.7600000000002,1.4444444444444444,1
H101217M-8093796,2622.65,46.375,221.6500000000001,1.1270833333333334,1
S508506M-8108260,2622.38,66.16666666666667,262.3800000000001,6.174867724867725,1
S508715M-8114104,2621.6,76.29166666666667,0.0,0.0,1
S507636M,2621.42,38.791666666666664,848.4200000000001,2.907738095238095,1
NH09265M-001769731,2620.04,0.0,0.0,0.0,1
5801152M-728354762,2619.31,57.458333333333336,515.31,1.930820105820106,1
S402710M,2618.95,43.541666666666664,252.94999999999982,2.3529761904761908,1
S306360M-8089738,2616.79,35.625,216.78999999999996,0.9133333333333333,1
NH1662329-413640DT,2615.08,69.33333333333333,0.0,0.0,1
NH10863M-002101002,2612.8,87.45833333333333,252.80000000000018,5.076388888888888,1
5801251M-727347239,2610.22,32.166666666666664,159.2199999999998,2.051984126984127,1
S306618M-8101704,2609.65,62.75,1109.65,0.9384920634920635,1
NH10183M-001955574,2609.63,55.208333333333336,248.6300000000001,0.5440476190476191,1
S306639M-8106002,2607.04,46.666666666666664,247.03999999999996,7.675396825396825,1
S56348M,2605.76,27.333333333333332,0.0,0.0,1
S508440M-8108224,2604.45,48.916666666666664,243.44999999999982,1.5353835978835981,1
S509132M-8127555,2603.9,84.91666666666667,803.9000000000001,1.2740740740740741,0
S508460M-8107540,2603.13,70.25,421.1300000000001,4.795918367346938,1
S306663M-8105994,2603.04,60.875,130.03999999999996,2.667261904761905,1
HFJ185768-650450,2602.07,80.16666666666667,0.0,0.0,1
S507835M-8093780,2601.62,48.958333333333336,174.6199999999999,2.4156349206349206,1
T049443M,2600.0,30.583333333333332,43.0,6.541666666666666,1
S402662M-8086479,2596.19,49.416666666666664,153.19000000000005,2.8483333333333336,1
S507939M,2595.56,57.791666666666664,235.55999999999995,2.38505291005291,1
NH09946M,2595.34,39.666666666666664,200.34000000000015,1.3011904761904762,1
4100166M-001927233,2593.78,55.041666666666664,528.7800000000002,3.1064814814814814,1
S508290M-8102802,2593.68,61.916666666666664,233.67999999999984,2.54973544973545,1
S402789M-8099860,2593.48,57.916666666666664,223.48000000000002,2.737037037037037,1
S507510M-8086490,2592.25,36.791666666666664,0.0,0.0,1
S507895M-8095818,2590.85,80.75,230.8499999999999,3.5512896825396827,1
S507639M,2590.44,44.166666666666664,0.0,0.0,1
HFJ182703-552000,2589.42,44.583333333333336,206.42000000000007,1.6889880952380953,1
NH10768M-002034677,2587.9,68.66666666666667,527.9000000000001,15.175595238095239,1
S306609M-8102099,2586.47,77.375,226.4699999999998,4.143253968253968,1
HFJ183389-577670,2585.7,40.125,220.69999999999982,1.7992857142857144,1
S402814M-8103364,2584.85,67.16666666666667,178.8499999999999,4.709841269841269,1
S507929M-8097139,2584.78,45.708333333333336,224.7800000000002,0.4166666666666667,1
XLL1794165,2582.21,38.166666666666664,0.0,0.0,1
S507978M-8097231,2581.86,62.125,181.86000000000013,1.2962962962962965,1
NKJ0B80CHNKH31862-48-383122,2579.85,55.166666666666664,219.8499999999999,2.4035714285714285,1
HFJ185302-632335,2578.16,74.375,515.1599999999999,8.406462585034014,1
S306688M-8108212,2578.12,112.08333333333333,178.1199999999999,2.375,1
S508099M-8105338,2577.47,47.625,217.4699999999998,1.5990476190476193,1
HFJ183600-585060,2577.06,45.333333333333336,777.06,0.6083333333333333,1
NH10123M-001944709,2576.91,50.75,216.90999999999985,1.673015873015873,1
ZNAB50199,2576.38,67.66666666666667,0.0,0.0,1
5800728M-728333938,2576.04,75.875,154.03999999999996,3.063265306122449,1
4100113M,2574.71,85.45833333333333,214.71000000000004,2.0200000000000005,1
4100151M-001987377,2573.87,51.958333333333336,213.8699999999999,2.407804232804233,1
S508126M,2572.73,0.0,212.73000000000002,1.8420634920634922,1
S306576M-8102110,2570.53,58.666666666666664,461.5300000000002,2.316798941798942,1
5801254M-727389456,2569.32,39.708333333333336,209.32000000000016,2.132063492063492,1
S204554M-8088368,2568.16,48.791666666666664,208.15999999999985,1.4376984126984127,1
S402976M-8126670,2568.08,58.625,1108.08,52.52607709750567,1
4100053M-001929988,2568.08,72.91666666666667,98.07999999999993,3.20124716553288,1
4100401M-002050023,2565.79,61.916666666666664,505.78999999999996,7.517956349206349,1
S306462M,2565.74,40.75,205.73999999999978,1.3801587301587301,1
S509307M-8130029,2565.63,74.625,201.6300000000001,10.520899470899472,0
S402834M-8103398,2565.32,54.458333333333336,205.32000000000016,0.7962962962962963,1
4100146M-001950437,2564.69,44.916666666666664,203.69000000000005,4.237698412698412,1
S306702M-8108182,2563.35,79.95833333333333,203.3499999999999,11.054850088183422,0
S204837M-6308503,2563.17,89.70833333333333,0.0,0.0,1
NH10092M-001888176,2562.8,51.916666666666664,500.8000000000002,1.8674603174603177,1
S508510M-8108163,2559.04,60.166666666666664,459.03999999999996,5.17037037037037,1
S507431M,2558.7,0.0,198.69999999999982,1.619047619047619,1
S306735M-8108689,2557.28,69.0,497.2800000000002,3.4544973544973545,1
5801282M-728366589,2556.06,66.125,496.05999999999995,2.759410430839002,1
S507784M-8091925,2553.15,38.166666666666664,187.1500000000001,2.6402777777777775,1
NH10238M-001925156,2552.61,54.083333333333336,192.61000000000013,2.766825396825397,1
NH10582M-002033603,2552.31,81.66666666666667,786.31,2.724107142857143,1
S508005M,2549.03,45.583333333333336,171.0300000000002,1.7280952380952381,1
S306858M-8119312,2547.44,75.91666666666667,187.44000000000005,8.160204081632653,1
S508692M-8113988,2543.38,79.41666666666667,183.3800000000001,52.858553791887125,0
S402768M-8099738,2541.34,64.41666666666667,460.34000000000015,1.923174603174603,1
HBZN0140LJAF07402,2540.36,47.625,0.0,0.0,1
NH10308M-001968217,2540.3,62.166666666666664,180.30000000000018,0.5595238095238095,1
5801052M-727359409,2537.17,53.0,177.17000000000007,1.79510582010582,1
S508950M-8124198,2536.75,81.91666666666667,176.75,5.195578231292517,1
S508528M-8108233,2534.71,65.45833333333333,1301.71,2.75,1
S508608M-8117889,2532.93,67.08333333333333,172.92999999999984,7.529931972789115,1
5800934M-727354091,2532.44,54.125,135.44000000000005,1.6781746031746032,1
S402766M-8099732,2531.35,114.33333333333333,171.3499999999999,2.1037037037037036,1
S306561M-8102849,2530.31,85.04166666666667,453.30999999999995,0.5731292517006803,1
S508033M-8099721,2529.81,54.291666666666664,169.80999999999995,2.4466666666666668,1
NH10573M-002033778,2529.78,71.20833333333333,169.7800000000002,5.130385487528344,1
57027M,2529.08,32.583333333333336,166.07999999999993,1.4451058201058202,1
NH09854M,2528.83,31.0,160.82999999999993,1.2671957671957672,1
S508634M-8112809,2528.09,65.25,428.09000000000015,0.7962962962962963,1
S508191M-8102696,2527.45,62.125,161.44999999999982,3.230357142857143,1
S402644M-8085202,2526.24,49.0,67.23999999999978,1.8281746031746031,1
T049959M-715348200,2525.33,35.666666666666664,95.32999999999993,1.6299603174603177,1
NH10714M-002048429,2525.22,102.83333333333333,162.2199999999998,3.6009920634920634,1
CAT966,2525.1,5.0,0.0,0.0,1
S307038M-8123672,2524.27,73.33333333333333,164.26999999999998,2.0137896825396826,1
5801276M-727370995,2523.75,17.833333333333332,109.75,1.7866666666666666,1
S306891M-8117606,2523.14,0.8333333333333334,105.13999999999987,26.011904761904763,1
S306175M,2522.72,36.666666666666664,143.7199999999998,1.376686507936508,1
4100212M-002017776,2522.58,45.708333333333336,162.57999999999993,2.7990476190476192,1
NH11141M-002151576,2521.85,68.70833333333333,1850.85,5.922902494331066,1
4100086M-001949388,2521.77,51.916666666666664,409.77,2.086904761904762,1
S507616M-8088735,2521.72,26.0,0.0,0.0,1
5800933M-727354904,2520.5,49.125,160.5,2.979365079365079,1
S508320M-8101782,2519.28,41.875,456.2800000000002,2.0146031746031747,1
S509049M-8126629,2518.43,64.54166666666667,458.42999999999984,4.799294532627866,0
S508022M-8099675,2516.7,56.333333333333336,156.69999999999982,2.623941798941799,1
NH10112M-001955512,2515.7,29.375,155.69999999999982,1.4550264550264551,1
HFJ185540-637989,2515.7,76.0,715.6999999999998,2.489583333333333,1
S508128M-8105376,2514.97,79.0,380.9699999999998,2.2605820105820107,1
NH10716M-002052022,2514.26,74.875,154.26000000000022,3.6332010582010583,1
HFJ183529-581906,2514.14,41.375,153.13999999999987,1.8745039682539684,1
HFJ182843-556844,2512.62,45.666666666666664,152.6199999999999,0.7761904761904762,1
5801278M-727368160,2511.37,9.5,24.36999999999989,2.125,1
S507413M,2511.28,47.375,97.2800000000002,1.9849206349206352,1
S24382M-8064035,2510.8,37.708333333333336,150.80000000000018,2.4662698412698414,1
S306986M-8123756,2509.47,85.08333333333333,954.4699999999998,12.967261904761905,1
S507911M-8095790,2506.9,51.083333333333336,125.90000000000009,6.929285714285714,1
HFJ182692-553229,2506.82,43.833333333333336,121.82000000000016,1.583994708994709,1
NH09740M-001870196,2506.72,17.0,145.7199999999998,3.753306878306878,1
S508977M-8124337,2505.22,73.95833333333333,643.2199999999998,7.432539682539683,1
S204821M-8130288,2504.18,77.70833333333333,886.1799999999998,4.040873015873016,1
HFJ183373,2503.1,49.25,143.0999999999999,1.8812698412698414,1
S509300M-8130054,2500.02,72.45833333333333,993.02,58.009410430839004,1
S509198M-8129144,2498.78,81.79166666666667,0.0,0.0,1
S402987M-8130012,2497.87,72.0,1185.87,15.86031746031746,1
T050314M,2497.58,51.75,123.57999999999993,2.0074074074074075,1
S507459M-8084304,2495.86,38.791666666666664,106.86000000000013,1.315376984126984,1
HFJ183076-570085,2495.78,35.625,39.7800000000002,1.9321428571428572,1
NKJ22CLRLPKA00894,2495.7,77.125,0.0,0.0,1
NH09493M,2494.69,33.666666666666664,98.69000000000005,1.190079365079365,1
H101254M-8102098,2494.65,74.91666666666667,134.6500000000001,1.9030158730158733,1
S306229M-8085853,2493.5,48.416666666666664,133.5,1.5465608465608467,1
NH1672432-423415DT,2492.32,73.91666666666667,0.0,0.0,1
NH10507M-001990363,2491.33,55.958333333333336,401.3299999999999,3.358994708994709,1
5800878M-727352447,2490.72,47.333333333333336,130.7199999999998,2.9453968253968257,1
T050043M,2489.4,65.08333333333333,112.40000000000009,2.185383597883598,1
NKJ575SVPPKH34323,2488.61,66.5,0.0,0.0,1
S204736M-8109807,2488.53,67.875,427.5300000000002,2.289115646258504,1
S306442M,2486.94,40.083333333333336,120.94000000000005,2.7680555555555557,1
NH10099M-001893474,2486.47,82.66666666666667,426.4699999999998,6.561791383219955,1
NH09924M-001905758,2486.24,52.208333333333336,126.23999999999978,2.0801587301587303,1
S55808M,2485.57,0.0,0.0,0.0,1
S507683M-8087461,2483.77,53.958333333333336,83.76999999999998,1.2222222222222223,1
5801173M-727350194,2482.87,36.666666666666664,721.8699999999999,3.214285714285714,1
4100111M,2481.92,63.208333333333336,121.92000000000007,2.036984126984127,1
S507826M-8093904,2480.5,0.0,106.5,2.3684126984126985,1
S507620M-8089581,2476.86,19.875,0.0,0.0,1
NH10104M-001870304,2475.99,23.416666666666668,44.98999999999978,6.269179894179895,1
5801055M-728352217,2475.16,47.208333333333336,115.15999999999985,3.659920634920635,1
HFJ182808-557184,2474.4,59.0,59.40000000000009,2.2718915343915342,1
S306369M-8088663,2473.39,42.791666666666664,334.3899999999999,1.8803174603174604,1
S507468M,2471.52,35.916666666666664,0.0,0.0,1
5800880M-727352211,2471.21,46.416666666666664,373.21000000000004,2.1390873015873013,1
S507628M-8088633,2469.46,33.416666666666664,0.0,0.0,1
S507508M-8086485,2468.0,49.083333333333336,384.0,2.2523809523809524,1
NH09782M-001861242,2467.03,59.458333333333336,1.0300000000002,1.7322751322751324,1
S508358M-8107519,2465.93,49.75,0.0,0.0,1
NH09872M-001865743,2464.94,34.25,102.94000000000005,2.322420634920635,1
4100052M-001923811,2463.62,60.875,297.6199999999999,2.0636243386243387,1
5800939M,2463.14,100.625,103.13999999999987,4.186394557823129,1
S204691M-8101711,2461.7,66.66666666666667,101.69999999999982,2.0152116402116405,1
NH10365M-001972969,2461.3,37.333333333333336,101.30000000000018,2.3666666666666667,1
S508580M-8108762,2461.09,105.79166666666667,101.09000000000015,5.212566137566138,1
T049745M-715335037,2461.07,38.666666666666664,91.07000000000016,1.6406746031746031,1
S402799M,2460.35,77.04166666666667,100.34999999999991,2.3774603174603177,1
HFJ182906-562121,2459.92,20.833333333333332,95.92000000000007,1.7037037037037035,1
NH09741M-001856202,2459.36,27.5,96.36000000000013,1.8207671957671956,1
S507471M-8085181,2456.94,35.916666666666664,96.94000000000005,2.6567460317460316,1
4100498M-002133782,2456.3,69.45833333333333,651.3000000000002,7.383201058201057,1
HFJ183711-589051,2455.83,49.333333333333336,276.8299999999999,18.845786092214663,1
NH09803M,2455.64,35.875,91.63999999999987,1.0099206349206349,1
NH09815M-001854199,2453.88,36.0,89.88000000000011,2.041666666666667,1
S508029M-8099672,2453.67,57.25,93.67000000000007,3.0822751322751323,1
NH09831M-001858930,2453.44,25.625,77.44000000000005,2.1058201058201056,1
5801104M-728351404,2453.36,12.125,1293.3600000000001,7.075661375661376,1
S306646M-8105981,2453.17,62.083333333333336,93.17000000000007,3.780045351473923,1
NH09775M,2450.29,37.833333333333336,81.28999999999996,1.8427579365079365,1
HFJ183973-595335,2450.0,0.0,0.0,0.0,1
HFJ183315-576229,2449.2,61.958333333333336,89.19999999999982,3.731972789115647,1
S507940M,2447.62,46.5,87.61999999999989,1.9942857142857142,1
S402755M-8095787,2446.97,49.666666666666664,86.9699999999998,1.8142857142857145,1
NH10070M-001928688,2444.57,70.91666666666667,384.57000000000016,4.614965986394558,1
S306478M,2443.8,38.125,83.80000000000018,2.131111111111111,1
S508108M,2443.38,0.0,382.3800000000001,2.110119047619048,1
NH10823M-002073809,2442.23,68.375,342.23,1.7944444444444447,1
S509294M-8130020,2440.77,72.0,1880.77,56.46795634920635,1
NKJ0B80CPPKH33510-48-395302,2437.48,156.66666666666666,75.48000000000002,4.358862433862433,1
S306586M,2436.79,39.625,62.789999999999964,2.331547619047619,1
HFJ184594-613409,2434.69,78.20833333333333,74.69000000000005,5.837936507936508,1
S507877M-8093498,2433.96,43.041666666666664,73.96000000000004,0.8266666666666668,1
NH09746M-001865685,2431.98,33.958333333333336,70.98000000000002,1.8546626984126986,1
NKJ0B80CKPKH34447,2430.89,64.125,70.88999999999987,2.5285714285714285,1
5801256M-727390602,2430.77,57.458333333333336,265.77,4.290158730158731,1
4100068M-001901657,2430.45,41.791666666666664,70.44999999999982,2.9683862433862434,1
S204696M-8105990,2428.34,52.875,643.3400000000001,3.364965986394558,1
S507983M-8097222,2427.14,46.208333333333336,308.1399999999999,1.2087301587301587,1
NH10945M-002140003,2425.55,71.83333333333333,633.5500000000002,6.021655328798185,1
NKJ22CLRPPKA00904,2425.25,63.75,0.0,0.0,1
S509293M-8130032,2423.41,74.0,906.4099999999999,42.73392857142857,1
NH09774M,2421.56,44.375,361.55999999999995,2.17484126984127,1
NKJ0B80CANKH31860-48-383235,2419.3,55.125,359.3000000000002,7.6676190476190484,1
NH10129M-001928695,2418.4,36.958333333333336,58.40000000000009,3.605396825396825,1
NKJ0B80CLNKH30824-40,2417.92,77.75,57.92000000000007,5.008730158730159,1
4100300M-002052973,2417.39,75.29166666666667,350.3899999999999,2.1015873015873017,1
S507996M-8097018,2417.38,49.541666666666664,657.3800000000001,2.555555555555556,1
S204611M,2416.89,59.25,356.8899999999999,2.9119047619047618,1
S507453M-8084168,2416.74,27.5,50.73999999999978,3.914021164021164,1
S507945M-8097019,2414.3,52.666666666666664,54.30000000000018,2.3104497354497355,1
S508552M-8110213,2414.25,95.375,314.25,0.0,1
S507574M,2413.46,56.583333333333336,52.460000000000036,4.019510582010582,1
4100046M-001871863,2411.6,55.708333333333336,300.5999999999999,1.2314285714285715,1
NH09802M-001854141,2409.21,43.916666666666664,48.210000000000036,2.515793650793651,1
NH09989M-001928702,2407.31,75.625,47.309999999999945,2.6519274376417235,1
S508340M,2407.27,70.79166666666667,47.26999999999998,1.4814814814814816,1
S507921M,2406.44,49.625,46.440000000000055,2.193015873015873,1
HFJ182779,2406.24,40.333333333333336,37.23999999999978,1.3879960317460318,1
S507783M-8091922,2404.86,46.583333333333336,290.8600000000001,1.3066666666666666,1
S507696M-8088732,2404.06,43.5,333.05999999999995,1.9424603174603177,1
HFJ183956,2403.49,66.66666666666667,839.4899999999998,3.072108843537415,1
4100279M-002028540,2403.07,39.958333333333336,873.0700000000002,5.840277777777778,1
NH09951M-001855903,2402.91,28.708333333333332,273.90999999999985,3.364021164021164,1
602341376,2402.29,26.541666666666668,0.0,0.0,1
S204521M,2402.21,22.083333333333332,19.210000000000036,1.4424603174603174,1
5800751M,2401.74,39.625,340.7399999999998,1.7746031746031747,1
T48920M-715245417,2400.98,18.541666666666668,0.0,0.0,1
5800415M,2398.98,44.083333333333336,37.98000000000002,1.7126190476190477,1
5801116M-727350667,2398.49,54.958333333333336,38.48999999999978,1.0185185185185186,1
5800736M,2398.31,42.916666666666664,220.30999999999995,3.474404761904762,1
NKJ575SVCPKH34318-40-399520,2398.14,72.29166666666667,0.0,0.0,1
S508279M,2398.04,47.541666666666664,36.039999999999964,2.212063492063492,1
4100400M-002050113,2397.36,51.75,303.3600000000001,3.0082539682539684,1
S306364M-8089885,2396.83,48.25,627.8299999999999,1.88234126984127,1
S306174M,2394.95,38.75,328.9499999999998,2.151984126984127,1
S306232M,2393.35,37.916666666666664,14.349999999999909,1.5731150793650794,1
NH10647M-002029533,2393.33,71.45833333333333,590.3299999999999,36.742261904761904,0
4100121M-001896447,2391.69,54.75,31.690000000000055,5.081859410430838,1
S508276M-8102698,2390.35,40.958333333333336,30.34999999999991,2.0369047619047618,1
HFJ183499,2389.56,52.75,315.55999999999995,2.5931746031746035,1
5801175M-727351116,2389.4,67.70833333333333,329.4000000000001,2.58968253968254,1
S507986M-8097244,2388.77,76.41666666666667,607.77,68.51934523809524,0
S306713M-8107255,2387.53,93.79166666666667,627.5300000000002,2.4634920634920636,1
S306238M-8089595,2386.98,30.0,874.98,1.6365079365079365,1
S204532M-8085700,2384.96,39.833333333333336,20.960000000000036,2.0734126984126986,1
S507685M-8087465,2384.61,56.791666666666664,584.6100000000001,0.0,1
S508288M,2382.83,47.416666666666664,619.8299999999999,1.9701587301587302,1
S306780M-8114337,2382.59,62.708333333333336,582.5900000000001,2.224867724867725,1
4100104M-001894422,2382.25,48.125,322.25,3.540952380952381,1
S507833M-8093775,2381.57,39.5,301.57000000000016,1.795238095238095,1
NH09758M-001840709,2379.99,13.875,14.989999999999782,1.681547619047619,1
S508500M-8108269,2379.28,65.41666666666667,570.2800000000002,8.88320105820106,1
4100251M-002028066,2379.22,62.541666666666664,619.2199999999998,11.389484126984128,0
NKJ0B80CJNKH30817-40-372863,2378.79,134.04166666666666,318.78999999999996,6.909523809523809,1
S306874M-8119211,2378.67,100.5,570.6700000000001,1.673015873015873,1
S509196M-8129145,2378.26,75.875,314.2600000000002,16.617757936507935,0
HFJ182922-563062,2376.68,47.375,16.679999999999836,2.4534920634920634,1
HFJ185508-640794,2375.73,54.583333333333336,11.730000000000018,4.012599206349206,1
4100103M-001963859,2374.51,31.5,14.510000000000218,1.176984126984127,1
S507860M-8094027,2374.39,35.458333333333336,310.3899999999999,2.108465608465609,1
H101273M-8113312,2373.17,74.66666666666667,281.1700000000001,3.8219246031746033,0
S507710M-8089520,2372.86,44.375,0.0,0.0,1
S508813M-8122194,2372.71,66.58333333333333,312.71000000000004,38.78948412698413,0
S306363M-8089891,2371.37,32.041666666666664,311.3699999999999,2.1423280423280424,1
4100071M-001929862,2371.24,26.916666666666668,787.2399999999998,5.6000000000000005,1
S306382M-8088657,2370.65,31.083333333333332,562.6500000000001,7.2783068783068785,1
S402856M-8107478,2370.58,67.58333333333333,1.5799999999999272,2.9168650793650794,1
HFJ182839-558001,2367.3,61.541666666666664,267.3000000000002,1.6055555555555554,1
NH09969M-001857020,2366.81,36.875,304.80999999999995,2.0846560846560847,1
NH10139M-001944708,2366.62,31.041666666666668,306.6199999999999,2.097883597883598,1
4100241M-002026612,2366.02,72.95833333333333,269.02,0.43677248677248676,1
S508617M-8112803,2365.96,59.958333333333336,557.96,8.035052910052912,1
HFJ184510-610746,2365.65,71.70833333333333,305.6500000000001,7.371315192743765,1
NH10556M-001988052,2365.52,71.20833333333333,900.52,31.66170634920635,0
S306353M,2364.27,45.708333333333336,286.27,2.2757936507936507,1
HFJ185059-620993,2363.6,64.45833333333333,547.5999999999999,12.08968253968254,1
S306499M-8102118,2361.72,48.541666666666664,0.7199999999997999,0.7948412698412698,1
S306539M,2361.42,40.875,301.4200000000001,3.1095238095238096,1
S507427M-8084176,2361.02,42.166666666666664,277.02,1.0918650793650795,1
S306361M,2359.91,49.125,258.90999999999985,2.0327380952380953,1
HFJ184527-611154,2358.17,62.875,297.1700000000001,2.886734693877551,1
S306342M-8091406,2357.76,35.041666666666664,274.7600000000002,1.0148809523809526,1
5800479M,2357.53,15.708333333333334,296.5300000000002,1.8571428571428572,1
S204680M-8101685,2357.14,3.75,257.1399999999999,1.4722222222222223,1
S402733M,2356.71,49.166666666666664,224.71000000000004,2.904761904761905,1
HFJ182913,2356.67,39.75,230.67000000000007,1.331746031746032,1
S204705M-8107259,2356.24,56.958333333333336,294.2399999999998,20.206916099773245,1
S509257M-8130035,2355.4,62.708333333333336,810.4000000000001,6.2728174603174605,0
S306326M-8088579,2355.23,47.375,589.23,5.883809523809523,1
5801395M-727369596,2354.26,67.20833333333333,294.2600000000002,7.215608465608466,1
S508332M-8101769,2352.67,61.791666666666664,580.6700000000001,1.9831746031746031,1
S306619M-8108201,2351.24,62.833333333333336,287.2399999999998,4.719973544973545,1
S306332M,2348.96,43.083333333333336,285.96000000000004,2.183531746031746,1
HFJ182768-554595,2348.72,33.083333333333336,285.7199999999998,1.4317460317460318,1
S508499M-8108244,2346.31,59.75,286.30999999999995,5.249867724867725,1
S507803M,2346.1,41.666666666666664,280.0999999999999,3.1422619047619045,1
HFJ185856-652535,2344.07,72.83333333333333,284.07000000000016,36.10406746031746,0
S307082M-6306233,2343.47,63.125,283.4699999999998,10.126984126984127,0
NKJ575SVEPKH34320-40-399261,2343.23,63.125,0.0,0.0,1
HFJ185812-652750,2341.77,68.95833333333333,281.77,47.091567460317464,0
HFJ185772-650616,2340.09,57.75,0.0,0.0,1
5800484M,2339.94,58.0,192.94000000000005,2.7674603174603174,1
4100061M-001870239,2339.52,75.75,279.52,2.1353968253968256,1
H101240M-8101708,2339.47,108.625,277.4699999999998,2.296957671957672,1
NH10592M-002022107,2338.61,53.083333333333336,545.6100000000001,2.113650793650794,1
S402854M-8107494,2338.43,34.041666666666664,278.42999999999984,1.8126984126984127,1
S402869M-8107862,2338.11,59.25,278.1100000000001,4.105442176870748,1
S402695M-8089510,2337.93,50.875,0.0,0.0,1
S508631M-8112813,2337.67,60.708333333333336,460.6700000000001,10.761904761904761,1
5800837M,2337.62,60.375,247.6199999999999,1.651904761904762,1
S204700M,2337.36,58.583333333333336,0.0,0.0,1
NH10056M,2336.92,42.0,276.9200000000001,3.78452380952381,1
HFJ185475-634575,2336.82,69.91666666666667,276.82000000000016,0.9880952380952381,0
5800425M,2335.88,24.375,428.8800000000001,5.115079365079366,1
4100130M-001963906,2335.6,43.833333333333336,216.5999999999999,5.625396825396825,1
NH10815M-002056718,2335.29,74.25,268.28999999999996,4.476507936507936,1
NKJ0B80CCNKH31718-48-366666,2335.01,55.958333333333336,830.0100000000002,9.879251700680273,1
S507733M,2334.45,55.5,234.44999999999982,3.4111111111111114,1
S306230M-8085864,2333.53,27.541666666666668,240.5300000000002,0.6944444444444444,1
S507777M-8091924,2333.4,64.75,1374.4,203.07407407407405,1
NH10614M-002031133,2333.35,80.04166666666667,260.3499999999999,6.248253968253969,1
H101182M-8085385,2330.69,28.583333333333332,270.69000000000005,4.6534391534391535,1
5800730M-727348219,2330.49,10.166666666666666,240.48999999999978,0.4761904761904762,1
5800882M-727351118,2329.92,38.25,536.9200000000001,2.3734126984126984,1
S402873M-8107530,2329.73,54.833333333333336,268.73,9.511337868480725,1
NH10458M-001959967,2329.71,47.708333333333336,269.71000000000004,4.673174603174603,1
NH10151M-001957384,2329.68,51.875,266.67999999999984,5.1257142857142854,1
NH09886M,2329.48,42.5,249.48000000000002,2.376984126984127,1
NH10948M-002142271,2329.04,60.416666666666664,269.03999999999996,4.779761904761905,0
S508232M-8103395,2329.02,50.625,234.01999999999998,1.7920634920634921,1
S403008M-8131696,2327.95,69.04166666666667,267.9499999999998,36.10962301587301,0
S508173M-8107878,2326.79,55.875,547.79,3.7387301587301587,1
S402650M-8085184,2326.53,0.0,0.0,0.0,1
HFJ185573-643784,2326.4,25.916666666666668,677.4000000000001,12.819160997732427,1
5801518M-728372046,2326.03,73.33333333333333,266.0300000000002,3.252063492063492,1
FNH0B90BNJHH01685,2325.87,19.791666666666668,0.0,0.0,1
S306527M-8104602,2325.55,56.625,265.5500000000002,1.7320634920634919,1
S508149M-8105969,2325.18,42.791666666666664,258.17999999999984,4.390476190476191,1
S507570M-8089588,2324.21,45.75,223.21000000000004,1.836904761904762,1
T049732M-715335039,2323.2,49.291666666666664,141.19999999999982,2.990079365079365,1
S507482M-8085706,2322.11,50.208333333333336,225.11000000000013,15.665238095238095,1
4100218M-002033017,2322.03,74.16666666666667,262.0300000000002,8.895918367346939,1
S306626M-8106347,2321.44,86.625,261.44000000000005,4.403373015873016,0
HFJ184429-607367,2321.38,55.166666666666664,215.3800000000001,2.1874338624338625,1
S508011M-8097143,2321.16,52.083333333333336,261.15999999999985,2.7253968253968255,1
353738100949997,2320.88,51.875,0.0,0.0,1
NKJ0B80CPNKH30832-40-373473,2318.47,0.0,0.0,0.0,1
S204655M-8105356,2316.94,61.041666666666664,241.94000000000005,11.101428571428572,1
NH10770M-002051033,2316.41,83.08333333333333,856.4099999999999,6.767460317460317,1
NH09916M-001891353,2315.23,52.458333333333336,186.23000000000002,2.400793650793651,1
S507506M-8086477,2313.95,19.333333333333332,249.94999999999982,6.607142857142858,1
NH09966M,2312.8,44.75,252.80000000000018,3.165079365079365,1
NKJ0B80CLNKH31875-48-383640,2311.25,70.58333333333333,251.25,3.678571428571429,1
5801151M-728359210,2311.02,85.08333333333333,251.01999999999998,3.0952380952380953,1
NH09959M-001905315,2310.19,56.166666666666664,180.19000000000005,4.3434920634920635,1
S204713M-8108695,2310.18,53.375,514.1799999999998,2.6174603174603175,1
S509067M-8125856,2308.78,68.83333333333333,1748.7800000000002,4.7821428571428575,0
S507889M-8095764,2308.08,9.875,240.07999999999993,1.5238095238095237,1
S508153M-8104583,2306.45,61.5,224.44999999999982,1.9803174603174605,1
S402872M-8107876,2305.11,96.125,205.11000000000013,2.822222222222222,1
S507865M-8094023,2304.38,46.041666666666664,232.3800000000001,2.243055555555556,1
HFJ182799-552203,2303.43,11.458333333333334,230.42999999999984,1.2857142857142856,1
NH10420M-001988055,2301.41,50.5,241.40999999999985,2.560952380952381,1
4100258M-002029868,2300.11,41.958333333333336,1498.1100000000001,18.666666666666664,1
LSM0W40RLN0310506,2300.0,0.0,0.0,0.0,1
HFJ182933-563286,2299.12,36.875,199.1199999999999,1.2291666666666667,1
NH10076M-001869037,2298.54,28.041666666666668,207.53999999999996,2.216931216931217,1
S204561M,2298.53,24.708333333333332,490.5300000000002,1.4814814814814816,1
S306997M-8122393,2298.36,69.875,238.36000000000013,50.346428571428575,0
S507535M-8086053,2295.86,40.75,233.86000000000013,1.8095238095238095,1
S509017M-8126656,2295.43,58.708333333333336,235.42999999999984,2.28968253968254,1
NH10189M-001957393,2295.05,48.791666666666664,235.05000000000018,2.16984126984127,1
4100043M-001872180,2294.89,33.5,221.88999999999987,3.6026455026455024,1
S507634M,2294.84,36.541666666666664,170.84000000000015,1.369047619047619,1
S508278M-8103092,2292.77,63.583333333333336,0.0,0.0,1
S508635M-8112816,2291.16,47.25,231.15999999999985,0.4761904761904762,1
NKJ0B80CKPKH33511-48-394331,2290.99,70.45833333333333,218.98999999999978,4.5375,1
NH10493M-002021283,2290.22,46.25,230.2199999999998,2.5053968253968253,1
S508367M-8107501,2290.0,63.041666666666664,230.0,0.272108843537415,1
S508280M-8103365,2289.41,47.541666666666664,528.4099999999999,11.632063492063493,1
4100496M-002052815,2289.29,70.875,229.28999999999996,5.990178571428571,0
S508540M-8110420,2288.92,37.125,228.92000000000007,11.22984126984127,1
S306516M-8102837,2288.79,59.083333333333336,188.78999999999996,1.35,1
NH10814M-002036551,2288.68,67.125,228.67999999999984,14.946712018140591,1
NKJ575SVVPKH34330,2288.27,49.5,228.26999999999998,7.345634920634921,1
S306180M-8081184,2287.67,21.291666666666668,227.67000000000007,1.6460317460317462,1
HFJ184051-593173,2286.01,49.125,523.0100000000002,1.6676190476190478,1
NH10170M-001955510,2285.5,32.666666666666664,225.5,1.267857142857143,1
NH10158M-001941769,2285.43,0.625,185.42999999999984,0.0,1
NH10536M-002024157,2284.3,61.625,824.3000000000002,4.322089947089947,1
5800867M,2284.2,38.208333333333336,221.19999999999982,2.447420634920635,1
S306394M-8094672,2283.6,38.875,208.5999999999999,2.167063492063492,1
HFJ184541-612228,2283.05,61.708333333333336,538.0500000000002,14.042592592592593,1
S507573M,2282.56,30.166666666666668,1070.56,2.0407407407407407,1
S204597M-8089757,2282.53,41.666666666666664,222.5300000000002,1.9345238095238098,1
NKJ0B80CAPKH33496-40-396063,2280.71,58.083333333333336,215.71000000000004,1.7819444444444446,1
S402630M,2280.6,33.375,0.0,0.0,1
S507953M,2280.26,44.708333333333336,487.2600000000002,1.7400793650793651,1
5801160M,2279.95,34.125,502.9499999999998,2.793174603174603,1
S204544M-8086517,2279.58,37.083333333333336,145.57999999999993,1.3839285714285714,1
T050689M-715407204,2278.57,72.54166666666667,478.57000000000016,7.3742857142857146,1
S507897M-8097142,2278.43,73.125,467.42999999999984,71.43323412698413,0
S507732M,2278.09,36.166666666666664,178.09000000000015,0.6833333333333333,1
S306832M-8117799,2278.08,76.375,218.07999999999993,85.45544217687075,1
S306214M-8085636,2276.99,36.25,516.9899999999998,1.5573412698412699,1
S508530M-8108250,2276.98,71.58333333333333,216.98000000000002,8.567460317460316,1
NH10715M-002055508,2276.86,78.5,216.86000000000013,2.684285714285714,1
S507475M-8085709,2276.15,33.541666666666664,0.0,0.0,1
S306954M-8122008,2274.37,71.54166666666667,500.3699999999999,6.785600907029478,1
4100042M-001870283,2273.66,28.166666666666668,509.65999999999985,2.0,1
NKJ0B80CTNKH30831-40-373290,2272.45,44.166666666666664,212.44999999999982,5.893174603174603,1
S306545M-8101713,2270.61,96.45833333333333,207.61000000000013,2.1890476190476194,1
S509158M-8127442,2270.14,68.79166666666667,1410.1399999999999,4.194345238095238,0
S508235M,2269.93,18.791666666666668,209.92999999999984,1.9801587301587302,1
NH09826M-001852214,2268.9,23.541666666666668,208.9000000000001,3.660846560846561,1
4100142M,2268.44,39.958333333333336,1038.44,2.388888888888889,1
HFJ185345-634455,2268.13,59.666666666666664,372.1300000000001,19.005215419501134,1
NH09979M-001869407,2267.02,48.541666666666664,151.01999999999998,3.096825396825397,1
NKJ0B80CCNKH31872-48-384072,2265.82,20.833333333333332,417.82000000000016,2.3150793650793653,1
HFJ183320-576476,2265.81,50.666666666666664,205.80999999999995,1.26984126984127,1
NH10423M,2265.73,44.375,199.73000000000002,5.09047619047619,1
5801383M-727367854,2265.59,62.541666666666664,205.59000000000015,1.6087301587301588,1
S508615M-8112799,2264.56,60.375,204.55999999999995,0.3174603174603175,1
S507439M-8084296,2264.18,20.041666666666668,188.17999999999984,1.6547619047619049,1
NH08490M-001591026,2263.87,42.125,195.8699999999999,1.9523809523809526,1
NH09793M-001860224,2262.33,31.375,196.32999999999993,1.3470899470899471,1
5801359M-727371349,2260.88,67.29166666666667,455.8800000000001,4.35079365079365,1
4100246M-002029633,2260.58,55.875,488.5799999999999,8.290608465608466,1
S509073M-8125818,2259.86,67.04166666666667,747.8600000000001,8.89017857142857,0
4100402M-002051543,2259.35,54.458333333333336,199.3499999999999,3.1176190476190477,1
S402850M-8107443,2256.9,40.541666666666664,495.9000000000001,2.6031746031746037,1
S507997M-8097028,2256.34,47.583333333333336,196.34000000000015,3.0076190476190474,1
4100316M-002033751,2255.49,55.791666666666664,195.48999999999978,3.8376190476190475,1
S508811M-8122179,2254.73,70.04166666666667,194.73000000000002,10.591950113378687,1
S509279M-8129688,2254.39,67.33333333333333,494.3899999999999,4.41734693877551,1
S507870M-8093146,2253.14,30.541666666666668,193.13999999999987,4.044246031746032,1
NH10229M-001928690,2252.67,57.125,192.67000000000007,2.580952380952381,1
4100094M-001887773,2252.18,37.291666666666664,192.17999999999984,1.5231746031746032,1
S507734M,2251.63,39.208333333333336,0.0,0.0,1
NH10052M-001900708,2249.78,52.791666666666664,189.7800000000002,3.612063492063492,1
H101233M-8099643,2248.82,42.166666666666664,188.82000000000016,1.7525793650793653,1
HFJ184011-596260,2248.01,51.875,188.01000000000022,2.392063492063492,1
HFJ182939-562897,2246.94,34.291666666666664,177.94000000000005,3.269047619047619,1
S306599M-8106276,2246.8,49.041666666666664,133.80000000000018,2.107142857142857,1
HFJ185300-632355,2245.0,65.04166666666667,785.0,2.7031746031746033,1
HFJ182732,2244.82,35.541666666666664,45.820000000000164,3.08994708994709,1
H000384M-8080018,2243.84,39.0,0.0,0.0,1
5801588M-728420253,2243.1,69.875,183.0999999999999,18.165178571428573,0
S508112M,2241.9,0.0,162.9000000000001,2.001388888888889,1
4100138M-001950059,2241.89,39.333333333333336,180.88999999999987,1.6740079365079366,1
5800778M-728334023,2241.85,33.833333333333336,176.8499999999999,3.888888888888889,1
HFJ182828-555827,2241.35,29.75,779.3499999999999,2.2201058201058204,1
5801181M-728352454,2241.07,51.458333333333336,181.07000000000016,2.9572751322751323,1
S204697M-8105996,2240.48,55.916666666666664,180.48000000000002,2.0487301587301587,1
S508569M-8108669,2240.15,0.0,180.1500000000001,9.698941798941798,1
S204523M-8084445,2239.42,35.416666666666664,173.42000000000007,1.450595238095238,1
S306723M-8109015,2238.38,72.91666666666667,471.3800000000001,4.554761904761905,0
S508295M-8103381,2237.54,44.541666666666664,177.53999999999996,0.380952380952381,1
S306411M,2237.52,23.458333333333332,138.51999999999998,0.9126984126984127,1
NH1652440-403555DT,2235.76,48.291666666666664,0.0,0.0,1
NH10188M-001957354,2235.33,46.875,175.32999999999993,2.08984126984127,1
NH10951M-002140353,2235.28,57.375,175.2800000000002,45.282426303854876,1
S402909M-8113423,2234.21,63.791666666666664,174.21000000000004,3.050793650793651,1
S204534M-8085871,2233.49,25.791666666666668,167.48999999999978,1.161904761904762,1
NH09457M,2233.09,54.833333333333336,173.09000000000015,3.0941798941798946,1
S402698M-8087340,2232.82,43.75,0.0,0.0,1
NKJ0B80CTNKH31722-48-366994,2232.77,60.375,172.76999999999998,7.2253968253968255,1
S507626M-8088626,2232.56,0.0,0.0,0.0,1
S306936M-8119821,2231.85,66.58333333333333,171.8499999999999,13.662585034013604,1
4100150M-001955534,2231.36,46.583333333333336,171.36000000000013,2.6498015873015874,1
NH10234M-001930058,2231.28,69.625,113.2800000000002,12.865079365079366,1
5801525M-728382775,2230.82,64.25,170.82000000000016,9.244345238095239,0
NH10542M-001950058,2229.98,73.29166666666667,169.98000000000002,3.3316326530612246,1
4100147M-001963860,2229.13,66.91666666666667,453.1300000000001,1.5114285714285713,1
NH09993M-001929117,2228.63,51.125,95.63000000000011,3.3265079365079364,1
NH10659M-002028527,2227.29,70.5,1061.29,4.188888888888888,1
HFJ184579-611125,2226.42,55.458333333333336,325.4200000000001,3.587301587301587,1
S508199M,2225.82,39.083333333333336,143.82000000000016,1.69484126984127,1
S204545M,2224.87,25.708333333333332,164.8699999999999,2.0126984126984127,1
S508423M-8107808,2223.82,53.5,161.82000000000016,3.514550264550264,1
S508307M,2223.17,60.833333333333336,163.17000000000007,3.53968253968254,1
4100476M-002107499,2220.61,69.79166666666667,2073.61,71.27777777777777,1
5801398M-727371347,2220.39,57.208333333333336,126.38999999999987,3.2749206349206346,1
S508137M,2219.6,86.375,159.5999999999999,2.41984126984127,1
S508301M-8103404,2219.25,54.25,119.25,1.6666666666666667,1
NKJ0B80CAPKH34440,2219.24,36.25,159.23999999999978,6.770634920634921,1
S402664M-8086259,2219.06,27.625,0.0,0.0,1
S306302M-8088669,2218.03,49.416666666666664,458.0300000000002,1.3771428571428572,1
NH10098M-001855830,2217.0,32.666666666666664,156.0,5.039285714285715,1
5801257M-727390770,2216.99,53.208333333333336,156.98999999999978,3.118140589569161,1
5800563M,2216.94,36.75,116.94000000000005,1.1255555555555556,1
S508882M,2216.14,69.08333333333333,156.13999999999987,2.160952380952381,1
H000388M-8095796,2215.48,56.833333333333336,154.48000000000002,4.055873015873016,1
HFJ184031-593164,2214.8,0.0,154.80000000000018,2.7896825396825395,1
NH11031M-002143055,2214.11,69.54166666666667,1043.1100000000001,15.986507936507936,1
S508480M-8107488,2212.75,57.666666666666664,121.75,2.2857142857142856,1
NH10000M-01929462,2211.72,31.458333333333332,92.7199999999998,1.6719576719576723,1
S509678M-6304757,2211.41,65.20833333333333,151.40999999999985,7.72420634920635,0
NH10177M-001955575,2210.91,61.875,146.90999999999985,2.5739682539682542,1
NH1642043-393403DT8,2210.49,52.75,0.0,0.0,1
4100145M-001925943,2208.02,41.333333333333336,148.01999999999998,2.481746031746032,1
S508833M-8122217,2207.85,64.25,147.8499999999999,13.450680272108844,1
H101228M-8097585,2207.69,41.25,425.69000000000005,1.2636904761904764,1
S508831M-8122219,2207.05,75.125,147.05000000000018,2.342063492063492,1
S402770M-8101284,2205.99,36.25,145.98999999999978,5.227579365079365,1
HFJ185362-635019,2205.68,66.79166666666667,101.67999999999984,18.23359788359788,1
S507896M-8097130,2205.41,67.16666666666667,137.40999999999985,124.29811507936508,0
S306267M,2204.18,27.875,144.17999999999984,3.4015873015873015,1
S204755M-8114124,2203.99,69.04166666666667,1043.9899999999998,8.98,1
S306481M,2203.15,37.125,443.1500000000001,4.873412698412698,1
NH10356M-001956308,2201.14,47.5,141.13999999999987,2.0119047619047623,1
JJGN58NRCLC771564,2201.12,20.625,0.0,0.0,1
S204610M,2200.44,52.666666666666664,140.44000000000005,3.187830687830688,1
S509349M-8131405,2199.5,0.0,931.5,4.412698412698412,1
S508859M-8121270,2198.16,65.95833333333333,138.15999999999985,2.398941798941799,1
NH10270M-001955514,2198.1,33.333333333333336,138.0999999999999,2.2676190476190476,1
S508084M-8101278,2197.45,47.166666666666664,137.44999999999982,1.7687301587301587,1
NH10846M-002084976,2194.22,75.33333333333333,434.2199999999998,5.367460317460318,1
4100233M-002045209,2193.46,54.666666666666664,433.46000000000004,15.234013605442176,1
S204720M-8108770,2193.08,2.9583333333333335,133.07999999999993,0.8452380952380953,1
S507515M-8086470,2192.96,28.083333333333332,0.0,0.0,1
H101279M-8109016,2192.44,64.58333333333333,49.440000000000055,4.538548752834467,1
NH10470M-001970282,2190.01,0.0,130.01000000000022,2.2649659863945577,1
NH10698M,2189.52,63.333333333333336,382.52,5.748412698412698,1
HFJ184032-596015,2189.18,0.0,324.17999999999984,3.08984126984127,1
NH09810M-001870292,2186.99,27.5,125.98999999999978,2.4857142857142858,1
S508732M-8117880,2186.32,63.666666666666664,94.32000000000016,4.308412698412698,1
S204585M-8088582,2185.71,46.541666666666664,124.71000000000004,1.684761904761905,1
4100231M-002030101,2185.47,43.458333333333336,938.4699999999998,3.916666666666667,1
NH09783M-001872660,2184.9,33.833333333333336,100.90000000000009,2.1947089947089946,1
S402921M-8117882,2184.09,67.625,0.0,0.0,1
S306532M-8105359,2184.03,67.79166666666667,424.0300000000002,4.414814814814815,1
H101202M-8089607,2183.82,26.5,117.82000000000016,2.061904761904762,1
S507974M-8097234,2183.44,70.625,123.44000000000005,39.59781746031746,0
S306878M-8119183,2183.28,55.708333333333336,683.2800000000002,0.272108843537415,1
NH10477M-001938127,2182.36,61.666666666666664,122.36000000000013,3.1063492063492064,1
S306836M-8117602,2180.58,63.791666666666664,420.5799999999999,7.088888888888889,1
S306540M-8105228,2179.84,72.16666666666667,46.840000000000146,2.6395691609977328,1
S306730M-8109013,2179.57,63.791666666666664,403.57000000000016,96.86240079365079,0
NH09760M-001842615,2179.38,29.0,110.38000000000011,1.3809523809523812,1
NH09970M-001855793,2177.8,44.791666666666664,415.8000000000002,9.323174603174603,1
S508472M-8107869,2177.46,47.125,417.46000000000004,2.9458333333333333,1
T049411M,2176.14,21.708333333333332,102.13999999999987,3.4682539682539684,1
S306367M-8089887,2174.66,21.75,6.6599999999998545,2.7301587301587302,1
5801563M-727393263,2173.7,59.833333333333336,412.6999999999998,39.08531746031746,0
H101280M-8109789,2172.96,68.41666666666667,112.96000000000004,4.913174603174604,1
S306377M-8085861,2171.99,43.708333333333336,109.98999999999978,2.1509920634920636,1
HFJ183776-590061,2171.04,58.0,111.03999999999996,3.1676190476190476,1
HFJ183038-567265,2170.63,29.916666666666668,89.63000000000011,1.2571428571428571,1
NH1661638-412744DT,2170.47,58.791666666666664,0.0,0.0,1
S508277M-8102706,2170.05,28.916666666666668,110.05000000000018,5.398730158730158,1
S508984M-8124240,2169.11,67.875,109.11000000000013,11.257823129251701,1
S508612M-8112811,2168.99,17.166666666666668,405.9899999999998,4.051388888888889,1
S508058M-8099724,2168.79,59.708333333333336,107.78999999999996,3.3847619047619046,1
5800652M,2168.28,33.583333333333336,108.2800000000002,2.1904761904761907,1
S306627M-8106004,2167.34,53.75,102.34000000000015,2.2711111111111113,1
S306191M-8084444,2166.64,4.125,106.63999999999987,1.9047619047619049,1
NH10200M-001961069,2164.14,67.375,104.13999999999987,3.0784580498866214,1
S507522M,2164.06,35.833333333333336,102.05999999999995,2.7440476190476186,1
S204662M-8102822,2163.63,49.916666666666664,103.63000000000011,2.0153968253968255,1
T050290M-715367777,2162.87,40.416666666666664,1262.87,3.4944444444444445,1
S507531M,2162.18,30.166666666666668,55.179999999999836,1.625925925925926,1
4100542M-002150136,2162.04,64.875,667.04,5.097222222222222,1
S507496M-8086272,2161.11,33.5,101.11000000000013,1.2275793650793652,1
S402646M-8085211,2160.93,39.041666666666664,0.0,0.0,1
S507600M-8089718,2160.14,39.875,71.13999999999987,2.1156746031746034,1
NH10563M-001990250,2157.98,54.291666666666664,394.98,5.464965986394558,1
NH10415M-001925165,2157.56,59.333333333333336,397.55999999999995,10.674603174603176,1
NH09867M,2156.43,20.25,96.42999999999984,1.5634920634920637,1
S204854M-6307989,2156.11,55.125,696.1100000000001,3.4888888888888894,1
4100045M-001871864,2155.61,40.041666666666664,395.6100000000001,6.663174603174603,1
NH09830M-001869409,2154.79,36.0,72.78999999999996,1.60734126984127,1
NH10588M-001988662,2153.85,29.583333333333332,93.84999999999991,6.827619047619048,1
NH10075M-001933040,2153.65,30.375,93.65000000000009,1.017857142857143,1
NH10804M-002046416,2153.38,67.0,355.3800000000001,3.5428571428571427,1
S507717M-8087484,2152.3,9.291666666666666,0.0,0.0,1
S508573M-8108680,2150.79,97.83333333333333,90.78999999999996,8.160204081632653,1
NH10402M,2149.77,43.875,88.76999999999998,5.037301587301587,1
4100168M-001925909,2148.72,7.708333333333333,85.7199999999998,1.3280423280423281,1
4100301M-002048940,2148.05,69.75,6.050000000000182,7.391111111111111,1
S507712M-8089507,2146.89,39.458333333333336,386.8899999999999,1.924074074074074,1
NH10184M-001957396,2146.8,46.083333333333336,86.80000000000018,1.850952380952381,1
S507951M,2146.59,42.333333333333336,86.59000000000015,1.680952380952381,1
S402885M,2146.18,57.833333333333336,86.17999999999984,9.770238095238094,1
HFJ182728-551837,2145.91,23.541666666666668,78.90999999999985,1.7830687830687832,1
H101193M-8088647,2145.48,39.5,80.48000000000002,2.2472222222222222,1
HFJ185604-642815,2144.82,63.791666666666664,384.82000000000016,10.18718820861678,1
S509074M-8125754,2144.78,27.583333333333332,84.7800000000002,60.0686507936508,0
4100056M-001929861,2144.66,38.916666666666664,0.0,0.0,1
S508660M-8113325,2143.93,58.5,83.92999999999984,9.074867724867726,1
S306308M-8089744,2143.83,43.458333333333336,43.82999999999993,1.1755555555555557,1
S507955M-8097181,2143.43,24.041666666666668,83.42999999999984,2.740079365079365,1
HFJ183963-595194,2141.31,13.25,75.30999999999995,0.7738095238095237,1
S306717M-8106288,2140.92,69.5,679.9200000000001,3.6092592592592596,1
S55997M-8055322,2139.51,55.708333333333336,0.0,0.0,1
S507582M,2138.52,8.75,0.0,0.0,1
NH10548M,2137.17,25.458333333333332,288.1700000000001,3.1722222222222225,1
S402690M,2136.27,44.333333333333336,1236.27,1.6222222222222225,1
S306355M-8088652,2135.95,37.041666666666664,58.94999999999982,1.308531746031746,1
S306420M-8093914,2135.62,41.208333333333336,374.6199999999999,2.248214285714286,1
S508068M,2134.47,38.041666666666664,74.4699999999998,2.531746031746032,1
S306543M,2134.11,25.0,368.1100000000001,1.9343915343915343,1
NH10662M-002008203,2133.51,73.29166666666667,73.51000000000022,1.5098412698412698,1
4100044M-001872179,2133.07,30.916666666666668,870.0700000000002,5.25,1
S507746M-8088740,2130.78,34.5,67.7800000000002,1.8265873015873018,1
NH10758M-002052297,2130.38,65.58333333333333,272.3800000000001,10.655555555555557,1
S306560M-8102824,2130.15,71.20833333333333,70.15000000000009,4.599092970521542,1
S204609M-8095802,2130.01,30.25,345.0100000000002,1.9833333333333334,1
NH09899M-001883886,2129.31,46.75,35.309999999999945,2.4038095238095236,1
NH10395M-001968486,2128.27,80.83333333333333,350.27,5.061791383219955,1
S509241M-8130087,2124.17,65.83333333333333,847.1700000000001,70.33888888888889,1
S508543M-8109985,2123.63,35.458333333333336,0.0,0.0,1
HFJ183551-584526,2122.68,26.125,38.679999999999836,1.3835978835978837,1
S507736M,2122.54,32.375,58.539999999999964,1.8438492063492062,1
S402656M,2122.16,32.791666666666664,41.159999999999854,1.9414682539682542,1
NKJ0B80CPNKH30829-48-375564,2120.75,0.0,60.75,4.809523809523809,1
S402898M-8110894,2120.15,57.625,359.1500000000001,4.051111111111111,1
4100153M-001987227,2119.73,50.541666666666664,53.73000000000002,2.1904761904761907,1
S306392M-8093809,2119.68,41.166666666666664,359.67999999999984,3.563888888888889,1
4100318M-002035532,2119.0,55.375,550.0,11.594444444444445,1
S507497M-8086279,2118.83,26.083333333333332,58.82999999999993,2.0015873015873016,1
S507892M-8095777,2118.6,68.16666666666667,47.59999999999991,5.22108843537415,1
S403006M-8132053,2115.57,60.25,655.5700000000002,12.467592592592593,1
S306630M-8106356,2115.11,40.166666666666664,55.11000000000013,4.554285714285714,1
S509069M-8125759,2113.96,68.54166666666667,629.96,6.251587301587302,1
S507673M-8089791,2113.54,2.5416666666666665,0.0,0.0,1
S508881M-8121163,2113.26,58.125,353.2600000000002,7.052777777777778,1
S509565M-6308132,2112.35,67.91666666666667,352.3499999999999,4.503968253968254,1
S204572M,2111.48,35.708333333333336,34.48000000000002,1.573809523809524,1
NH11088M-002191675,2111.37,73.58333333333333,51.36999999999989,7.026289682539683,0
S508201M-8104541,2111.31,13.25,311.30999999999995,5.758730158730159,1
S507927M-8097129,2109.61,45.666666666666664,49.61000000000013,2.1865079365079367,1
S508065M-8099718,2109.16,24.333333333333332,31.159999999999854,1.107738095238095,1
4100380M-002047514,2109.1,68.33333333333333,49.09999999999991,18.633219954648524,1
S508319M,2108.2,22.041666666666668,211.19999999999982,6.15,1
H101250M-8102114,2108.01,67.20833333333333,348.0100000000002,1.739021164021164,1
S508141M-8105090,2106.66,39.125,335.65999999999985,1.7486111111111111,1
HFJ185301-632254,2106.03,68.83333333333333,935.0300000000002,1.9513888888888888,1
5801314M,2105.87,51.041666666666664,345.8699999999999,3.874444444444444,1
4100307M-002055422,2104.16,76.95833333333333,301.15999999999985,1.6944444444444446,1
NH10020M-001900706,2102.75,5.0,2.75,0.0,1
S508963M-8123943,2102.23,32.166666666666664,602.23,0.5,1
S306520M-8103417,2101.13,24.541666666666668,16.13000000000011,1.226984126984127,1
S508264M-8103359,2100.91,14.291666666666666,340.90999999999985,1.1111111111111112,1
NH10203M,2099.4,40.083333333333336,335.4000000000001,2.533333333333333,1
S508020M-8097032,2098.92,32.333333333333336,338.9200000000001,1.451851851851852,1
S306741M-8109782,2098.47,67.33333333333333,309.4699999999998,4.507407407407407,1
HFJ183330-576503,2097.76,41.708333333333336,22.76000000000022,9.795873015873017,1
S508610M-8110413,2097.45,65.20833333333333,336.4499999999998,15.210185185185184,1
S306480M,2097.03,19.416666666666668,326.0300000000002,1.429100529100529,1
HFJ183884-591639,2095.5,54.416666666666664,600.5,2.783333333333333,1
HFJ182915,2095.49,20.916666666666668,331.4899999999998,1.1333333333333333,1
ZNAB50322,2095.47,51.541666666666664,0.0,0.0,1
S507677M,2095.44,22.5,0.0,0.0,1
S508054M-8099766,2095.08,39.75,331.0799999999999,2.3652777777777776,1
S508537M-8110405,2093.88,43.0,308.8800000000001,2.0904761904761906,1
HFJ184001-596315,2091.02,53.916666666666664,331.02,2.427777777777778,1
HFJ183628-586358,2091.0,41.375,308.0,2.963888888888889,1
S508251M-8103251,2090.29,51.208333333333336,30.289999999999964,3.41005291005291,1
HFJ182900-562082,2089.87,0.375,0.0,0.0,1
HFJ183465,2089.74,33.041666666666664,29.73999999999978,2.515079365079365,1
4100119M-001894471,2089.07,44.458333333333336,329.07000000000016,2.0027777777777778,1
NH09719M-001854440,2088.65,31.291666666666668,15.650000000000091,1.5103174603174603,1
HFJ182722-552162,2088.01,31.125,328.0100000000002,1.962962962962963,1
4100184M-001945145,2085.59,46.208333333333336,325.59000000000015,1.251388888888889,1
NKJ0B80CLPKH34441,2085.42,44.666666666666664,625.4200000000001,6.6875,1
S508722M-8117902,2085.31,56.0,1212.31,3.0,1
4100374M-002049981,2082.91,53.5,322.90999999999985,4.444444444444445,1
S306198M-8085278,2082.71,21.541666666666668,22.710000000000036,1.2497354497354498,1
S509092M-8127471,2080.68,63.5,580.6799999999998,1.1111111111111112,1
S306247M,2080.12,41.75,314.1199999999999,1.913888888888889,1
4100413M-002056669,2078.08,58.125,1875.08,166.16666666666666,1
4100054M-001930722,2076.11,34.291666666666664,279.1100000000001,2.0000000000000004,1
S307013M-8122562,2075.38,80.5,314.3800000000001,8.901587301587302,0
S509217M-8129049,2075.18,59.625,875.1799999999998,3.0462962962962963,1
NKJ575SVERKH40606,2073.49,62.625,613.4899999999998,6.325396825396825,0
LSM0W40RCN0310520,2073.45,91.125,0.0,0.0,1
NH10720M-002008764,2073.09,63.041666666666664,13.090000000000146,12.847123015873015,0
NH10650M-002014426,2071.82,57.458333333333336,311.82000000000016,151.18055555555557,1
NH09887M-001891310,2071.41,49.5,308.40999999999985,2.460952380952381,1
4100296M-002048939,2070.66,60.375,247.65999999999985,3.592592592592593,1
NH10418M-001963241,2070.57,51.083333333333336,307.57000000000016,3.8044444444444445,1
NH10404M-001963591,2070.33,2.25,270.3299999999999,1.9777777777777779,1
S306321M-8089616,2069.3,33.708333333333336,305.3000000000002,1.5555555555555556,1
S402776M-8099726,2068.64,85.41666666666667,252.63999999999987,3.3955555555555557,1
S507472M-8085713,2068.26,24.958333333333332,0.0,0.0,1
S507727M-8087479,2068.16,25.166666666666668,0.0,0.0,1
S307074M-6304273,2067.94,18.583333333333332,567.94,0.3095238095238096,0
S507987M-8097233,2067.91,68.16666666666667,307.90999999999985,23.13809523809524,0
NH11030M-002151498,2067.08,58.541666666666664,593.0799999999999,6.688095238095237,0
S507680M-8089801,2066.74,42.75,266.7399999999998,1.1111111111111112,1
NH10118M-001940351,2066.74,20.333333333333332,303.7399999999998,6.636111111111111,1
S507576M-8088310,2066.22,34.041666666666664,283.2199999999998,2.6425925925925924,1
5801411M-727371539,2064.19,56.875,602.19,9.373333333333333,1
S509563M-6308131,2064.06,66.04166666666667,2014.06,3.3134920634920637,0
4100172M-001926006,2063.26,50.958333333333336,1199.2600000000002,10.0,1
S507991M-8097232,2063.15,29.541666666666668,263.1500000000001,1.0833333333333333,1
H101211M-8088643,2062.18,41.458333333333336,277.17999999999984,3.2152777777777777,1
S508132M,2061.75,0.0,1.75,3.402063492063492,1
HFJ184515-611063,2061.58,52.916666666666664,240.57999999999993,4.916666666666667,1
4100039M-001871852,2061.01,44.166666666666664,269.0100000000002,2.326388888888889,1
S306298M-8089525,2060.09,49.083333333333336,208.09000000000015,3.171111111111111,1
5800474M,2059.8,27.625,295.8000000000002,2.3333333333333335,1
ZNAB50194,2059.64,43.416666666666664,0.0,0.0,1
HFJ183606-583915,2059.04,38.083333333333336,278.03999999999996,2.6375,1
T050553M-715379343,2058.78,2.7083333333333335,0.0,0.0,1
S306551M-8105223,2058.28,48.791666666666664,598.2800000000002,2.7152777777777777,1
NKJ0B80CPNKH31706-48-381585,2058.14,32.875,591.1399999999999,3.8694444444444445,1
S508180M-8104584,2058.13,61.0,279.1300000000001,1.8622222222222224,1
PO6603X006719,2056.98,48.333333333333336,0.0,0.0,1
5800435M,2056.51,0.0,593.5100000000002,1.5944444444444446,1
S204575M-8088595,2056.28,35.166666666666664,292.2800000000002,2.35,1
HFJ185437-636713,2055.35,63.958333333333336,513.3499999999999,5.947619047619048,0
HFJ185739-648836,2055.22,60.625,864.2199999999998,2.634259259259259,1
4100199M-001925569,2054.99,52.708333333333336,0.0,0.0,1
LSM0W40RCP0310657,2053.14,31.666666666666668,1484.1399999999999,5.166666666666667,1
5801053M-728354763,2052.15,50.875,277.1500000000001,2.8888888888888893,1
5801042M-728352215,2051.61,42.833333333333336,288.6100000000001,2.980555555555555,1
S509145M-8127460,2051.19,59.333333333333336,291.19000000000005,25.21904761904762,0
S507879M-8093497,2050.86,0.0,0.0,0.0,1
S204556M-8088366,2050.72,31.375,529.7199999999998,1.8,1
S509104M-8128206,2050.67,66.75,576.6700000000001,34.61666666666667,0
NH09884M-001864741,2049.53,44.166666666666664,231.5300000000002,1.8666666666666665,1
S507938M-8097135,2048.79,46.416666666666664,238.78999999999996,2.405555555555556,1
S508940M-8125651,2048.13,45.208333333333336,248.1300000000001,0.0,1
NKJ0B80CKPKH34433,2046.97,61.75,253.97000000000003,10.61,1
S306334M,2046.79,38.25,283.78999999999996,1.8458333333333334,1
HFJ182690,2046.37,38.708333333333336,273.3699999999999,1.7000000000000002,1
4100288M-002028536,2046.12,63.583333333333336,768.1199999999999,4.264814814814815,1
HFJ183030-564612,2046.05,37.291666666666664,200.04999999999995,2.5518518518518523,1
NH10024M-001896222,2045.02,20.25,273.02,0.7777777777777778,1
S507899M-8097189,2044.82,66.16666666666667,506.81999999999994,74.50873015873016,0
HFJ183481-582942,2044.62,35.5,284.6199999999999,5.2,1
S306951M-8122005,2044.51,59.041666666666664,265.51,24.069444444444446,1
S402712M-8090589,2044.48,37.291666666666664,282.48,2.548148148148148,1
S508195M,2043.24,52.166666666666664,283.24,5.07962962962963,1
NH10087M-001933081,2042.47,34.541666666666664,272.47,2.0222222222222226,1
S509421M-8131697,2042.22,60.5,1071.22,5.492063492063492,0
S204477M-8075202,2041.9,7.333333333333333,0.0,0.0,1
4100398M-002051540,2041.37,45.5,281.3699999999999,9.315555555555555,1
5801169M-727349837,2041.29,48.666666666666664,278.28999999999996,4.065555555555556,1
NKJ0B80CVPKH33318-48-391967,2040.41,51.083333333333336,277.4100000000001,5.159722222222222,1
S508300M,2040.19,30.0,255.19000000000005,2.7263888888888888,1
5800394-728311104,2039.78,10.291666666666666,279.78,1.540740740740741,1
4100063M-001901651,2039.71,43.208333333333336,276.71000000000004,1.5138888888888888,1
S508136M,2039.36,6.875,239.3599999999999,1.3111111111111111,1
S507434M-8084293,2038.8,32.666666666666664,227.79999999999995,2.0092592592592595,1
S508999M-8124545,2038.53,54.25,278.53,6.5814814814814815,1
H101291M-8116188,2038.21,61.25,1478.21,16.66269841269841,0
T050487M-715376401,2037.91,58.458333333333336,273.9100000000001,3.592592592592593,1
S508602M-8110583,2037.9,57.041666666666664,277.9000000000001,4.247777777777777,1
S507908M-8095793,2037.86,46.333333333333336,264.8599999999999,2.345833333333333,1
NH10206M-001944717,2037.52,29.875,266.52,1.3680555555555554,1
NH10223M-001932086,2037.07,53.583333333333336,575.0699999999999,1.1819444444444445,1
S508429M,2036.4,0.0,275.4000000000001,3.4611111111111112,1
S306782M-8114339,2035.4,63.958333333333336,275.4000000000001,3.572222222222222,1
5800999M-727357812,2033.37,48.125,273.3699999999999,6.6033333333333335,1
S509192M-8129069,2032.21,59.125,272.21000000000004,7.10079365079365,0
S508701M-8114085,2032.12,56.0,0.0,0.0,1
S508799M-8123300,2030.46,59.166666666666664,270.46000000000004,5.981481481481481,1
HFJ185170-627260,2028.93,59.666666666666664,0.0,0.0,1
S402791M-8101270,2027.99,45.083333333333336,264.99,1.9194444444444447,1
NH10215M-001928392,2027.23,50.916666666666664,267.23,2.14,1
S509076M-8125757,2027.14,61.208333333333336,267.1400000000001,26.726190476190478,0
4100367M-002049466,2026.99,53.708333333333336,1965.99,13.888888888888891,1
S402750M-8095775,2026.87,43.666666666666664,265.8699999999999,3.208333333333334,1
NKJ0B80CHPKH33498-40-395834,2026.73,90.125,261.73,4.079166666666667,1
S306573M-8101700,2026.36,53.583333333333336,490.3599999999999,3.4244444444444446,1
NH10414M,2025.56,26.0,0.0,0.0,1
S402859M-8107797,2025.09,129.70833333333334,565.0899999999999,10.175925925925926,1
H101214M-8094016,2025.06,56.041666666666664,863.06,3.3333333333333335,1
S402659M-8085981,2024.66,32.208333333333336,262.6600000000001,5.881481481481482,1
S508125M,2024.34,0.0,263.3399999999999,2.1222222222222222,1
4100463M,2021.91,62.541666666666664,502.9100000000001,13.942592592592595,1
S509193M-8129078,2021.2,75.875,261.20000000000005,1.777777777777778,1
S509432M-8133112,2021.14,61.833333333333336,261.1400000000001,32.595238095238095,0
HFJ184726-615471,2018.68,57.333333333333336,258.68000000000006,3.1958333333333333,1
NH09721M-001854209,2018.27,21.125,186.26999999999998,2.1555555555555554,1
NH10069M-001933080,2017.99,26.833333333333332,237.99,1.9425925925925924,1
5800697M-727338031,2017.84,32.5,854.8399999999999,1.3203703703703704,1
S507825M-8093907,2017.83,41.75,252.82999999999993,2.774074074074074,1
4100357M-002035502,2016.94,65.79166666666667,256.94000000000005,10.74,1
S507761M,2016.8,22.0,552.8,2.2555555555555555,1
NH10518M-001991311,2015.66,62.416666666666664,255.66000000000008,8.850793650793651,0
4100462M,2015.01,57.041666666666664,518.01,14.653703703703703,1
NKJ0B80CLPKH33497-40-395832,2014.91,58.541666666666664,212.91000000000008,10.005555555555556,1
S306579M-8101712,2012.19,36.708333333333336,208.19000000000005,0.8222222222222221,1
S306743M-8113316,2009.96,48.083333333333336,511.96000000000004,10.06,1
NH09771M-001861418,2009.69,41.5,249.69000000000005,1.9722222222222223,1
S306448M-8097562,2009.58,34.75,479.5799999999999,3.2638888888888893,1
NH09880M-001871866,2009.55,28.25,207.54999999999995,1.714814814814815,1
S507627M,2009.55,41.708333333333336,209.54999999999995,1.5625,1
4100040M-001870238,2009.41,16.625,0.0,0.0,1
HFJ185066-626037,2008.95,1.3333333333333333,480.95000000000005,10.02888888888889,1
S507758M,2008.94,23.083333333333332,518.94,0.6666666666666667,1
S306633M-8105987,2008.79,30.583333333333332,208.78999999999996,1.8666666666666665,1
S507890M-8095765,2008.66,34.5,597.6600000000001,7.101851851851852,1
HFJ182831,2008.64,34.083333333333336,248.6400000000001,2.0851851851851855,1
S508406M-8107427,2008.17,40.166666666666664,827.1700000000001,4.538888888888889,1
5801032M-727361994,2007.82,5.333333333333333,207.81999999999994,2.1111111111111116,1
NH10235M-001949522,2007.42,32.708333333333336,247.42000000000007,1.9185185185185187,1
H101237M-8102846,2006.96,42.458333333333336,246.96000000000004,4.134722222222222,1
NH07613M,2006.21,13.333333333333334,0.0,0.0,1
4100399M-002051518,2006.03,50.916666666666664,545.03,2.497777777777778,1
HFJ183546-584024,2005.43,40.5,245.43000000000006,2.3185185185185184,1
NH09795M-001871625,2005.26,10.333333333333334,220.26,0.8333333333333334,1
NH10218M-001944628,2005.0,47.833333333333336,200.0,2.402777777777778,1
S204650M,2001.64,38.916666666666664,465.6400000000001,2.868888888888889,1
S306280M-8089610,2001.01,34.125,240.01,2.6722222222222225,1
S306595M-8108481,2000.94,46.25,240.94000000000005,2.729166666666667,1
S508189M-8104577,1998.64,30.375,237.6400000000001,0.8555555555555556,1
NKJ0B80CJNKH30834-40-372937,1996.72,41.916666666666664,211.72000000000003,6.277777777777778,1
4100278M-002028069,1995.86,37.083333333333336,235.8599999999999,4.238888888888889,1
S508879M-8121153,1995.16,55.666666666666664,235.16000000000008,8.762962962962963,1
4100069M-001901663,1994.94,31.583333333333332,234.94000000000005,3.311111111111111,1
S508256M-8103371,1994.89,38.916666666666664,234.8900000000001,2.463888888888889,1
HFJ185743-644990,1991.87,65.41666666666667,231.8699999999999,44.38809523809523,0
HFJ183225-575084,1991.77,34.0,202.76999999999998,1.9981481481481482,1
NH10304M-001967111,1991.75,47.875,231.75,4.7666666666666675,1
S402840M-8103358,1991.18,43.541666666666664,531.1800000000001,2.7777777777777777,1
5801114M-727350666,1990.03,50.791666666666664,172.02999999999997,3.1222222222222227,1
NH10877M-002104856,1989.82,55.291666666666664,229.81999999999994,7.842222222222223,1
LSM0W40RPP0310676,1985.72,49.375,0.0,0.0,1
NH10331M-001932087,1985.05,81.5,524.05,2.825555555555556,1
S508972M-8124243,1984.63,56.916666666666664,453.6300000000001,7.696031746031745,0
5800920M,1984.24,33.125,204.24,1.9583333333333335,1
PO6610D001155,1984.06,28.166666666666668,0.0,0.0,1
NH10670M-001993134,1983.98,57.458333333333336,223.98000000000002,5.655555555555555,1
HFJ183049-567883,1983.48,37.291666666666664,119.48000000000002,2.596296296296296,1
S508558M-8110418,1982.66,59.583333333333336,222.66000000000008,0.4444444444444445,1
S507857M-8093909,1982.61,0.0,222.6099999999999,3.1333333333333333,1
S507642M-8088350,1982.2,55.458333333333336,182.20000000000005,1.3333333333333335,1
S402785M-8099858,1981.92,75.125,190.92000000000007,2.4527777777777775,1
S509655M-6308013,1981.4,58.25,0.0,0.0,1
NH09883M-001869136,1981.06,34.083333333333336,215.05999999999995,1.786111111111111,1
S306578M-8101865,1980.27,27.5,220.26999999999998,2.4444444444444446,1
5800870M-727351119,1978.91,0.0,218.91000000000008,2.376388888888889,1
NH10672M-002008197,1978.7,61.75,217.70000000000005,4.6305555555555555,1
S507540M,1978.33,7.666666666666667,183.32999999999993,5.3805555555555555,1
T49342M-715270606,1976.57,26.291666666666668,216.56999999999994,2.0444444444444447,1
NH11058M-002142914,1976.55,44.791666666666664,514.55,51.2031746031746,0
NH09777M-001856204,1976.5,7.291666666666667,200.5,1.3333333333333335,1
S509239M-8130101,1976.42,58.958333333333336,813.4200000000001,53.392857142857146,0
S508517M-8108173,1976.13,60.291666666666664,487.1300000000001,4.541111111111111,1
S204517M-8081188,1974.42,27.666666666666668,183.42000000000007,1.3777777777777775,1
T050297M-715366896,1974.03,34.041666666666664,242.02999999999997,7.927777777777778,1
S402830M,1972.9,32.458333333333336,211.9000000000001,2.527777777777778,1
S204727M-8108701,1972.83,34.208333333333336,163.82999999999993,2.6708333333333334,1
S402706M-8091016,1972.7,36.541666666666664,0.0,0.0,1
S306207M,1971.71,30.291666666666668,169.71000000000004,1.575925925925926,1
H101198M-8088367,1970.69,33.458333333333336,201.69000000000005,1.0472222222222223,1
T050379M-715375873,1968.83,67.25,644.8299999999999,4.42962962962963,1
S508656M-8113434,1968.58,54.333333333333336,208.57999999999993,4.423148148148148,1
LSM0B25REN0310355-304478,1966.97,54.375,206.97000000000003,3.672222222222222,1
S507872M-8093137,1966.1,47.291666666666664,206.0999999999999,3.724444444444445,1
S508689M-8113333,1964.2,59.958333333333336,202.20000000000005,3.1366666666666663,1
H101309M-8124457,1963.86,60.166666666666664,203.8599999999999,6.472222222222222,1
S306549M-8105219,1963.36,59.083333333333336,447.3599999999999,2.7077777777777774,1
5801446M-728367271,1963.26,58.958333333333336,203.26,31.52777777777778,0
JJGN58NRELC771563,1963.26,16.708333333333332,0.0,0.0,1
S508613M-8122491,1962.63,55.708333333333336,202.6300000000001,6.166666666666667,1
S507581M-8088340,1960.98,27.166666666666668,200.98000000000002,2.1018518518518516,1
5801394M-727369597,1959.22,53.875,483.22,17.10925925925926,1
HFJ182849-558967,1958.94,26.208333333333332,187.94000000000005,2.4814814814814814,1
S507693M-8089723,1958.92,39.125,0.0,0.0,1
S402824M-8101860,1958.81,64.08333333333333,191.80999999999995,2.777777777777778,1
S508176M-8104686,1957.26,42.75,197.26,3.1622222222222223,1
S508308M-8099488,1956.58,44.625,165.57999999999993,2.0388888888888888,1
S402748M-8095772,1956.2,31.166666666666668,191.20000000000005,2.309259259259259,1
NH10103M-001870104,1955.77,26.083333333333332,175.76999999999998,1.7870370370370372,1
S306647M-8105997,1955.24,45.708333333333336,195.24,2.724444444444445,1
NH10360M-001972967,1954.72,51.041666666666664,181.72000000000003,2.9755555555555557,1
HFJ185841-654100,1954.24,51.75,194.24,72.60317460317461,0
5801378M-727367099,1953.81,48.041666666666664,193.80999999999995,6.486666666666666,1
S507854M-8094007,1952.96,32.666666666666664,491.96000000000004,2.538888888888889,1
HFJ185558-642924,1952.41,67.41666666666667,192.41000000000008,3.0555555555555554,1
NH10287M-001905405,1952.24,52.791666666666664,109.24000000000001,7.858333333333333,1
S507721M-8087424,1951.33,25.0,190.32999999999993,2.416666666666667,1
S507688M-8089823,1951.16,31.0,151.16000000000008,1.027777777777778,1
NH10491M,1950.47,25.708333333333332,190.47000000000003,8.688888888888888,1
S402661M-8086260,1950.44,28.958333333333332,158.44000000000005,1.5481481481481483,1
T050962M-715435873,1950.19,56.416666666666664,190.19000000000005,4.361111111111111,1
S204539M,1949.51,27.75,189.51,1.4574074074074073,1
T48610M-715228941,1948.48,51.458333333333336,188.48000000000002,2.916666666666667,1
4100365M-002051524,1948.08,16.5,188.07999999999993,6.233333333333333,1
S508066M,1947.95,30.75,187.95000000000005,2.0907407407407406,1
NH09915M-001901473,1947.02,49.458333333333336,149.01999999999998,2.051111111111111,1
5800731M,1945.82,33.75,181.81999999999994,0.9888888888888889,1
NH10086M-001955570,1944.13,35.583333333333336,184.1300000000001,1.9055555555555554,1
S508273M-8103351,1944.1,41.041666666666664,184.0999999999999,3.4722222222222223,1
4100088M-001944827,1943.89,45.791666666666664,180.8900000000001,2.21,1
5800564M-727330275,1943.18,37.916666666666664,100.18000000000006,4.656944444444444,1
S507479M-8085707,1943.01,4.75,0.009999999999990905,26.930555555555554,1
5801011M-727359415,1942.72,56.916666666666664,113.72000000000003,3.337037037037037,1
S508886M-8122271,1942.64,2.8333333333333335,182.6400000000001,16.552777777777777,1
HFJ183433-580014,1942.17,31.75,182.17000000000007,3.2680555555555557,1
HFJ185094-627003,1940.99,62.375,180.99,2.581944444444445,1
4100128M-001894397,1940.96,51.541666666666664,180.96000000000004,4.6977777777777785,1
H101244M-8102829,1939.23,50.333333333333336,175.23000000000002,2.552777777777778,1
4100419M-002054401,1939.01,52.75,477.01,50.48703703703705,1
NKJ0B80CVNKH30822,1937.46,76.66666666666667,143.46000000000004,2.326388888888889,1
S509057M-8126663,1936.81,65.25,176.80999999999995,6.46984126984127,0
S204527M-8085298,1936.78,27.25,175.77999999999997,2.1833333333333336,1
S508942M-8125649,1936.25,58.833333333333336,176.25,3.166666666666667,1
S508001M,1935.88,45.458333333333336,175.8800000000001,2.7422222222222223,1
S507779M-8091939,1935.83,28.375,0.0,0.0,1
S402763M-8099733,1935.58,53.875,175.57999999999993,2.5155555555555558,1
S306695M-8108204,1935.53,42.208333333333336,175.52999999999997,2.2111111111111112,1
5800787M,1935.3,50.875,65.29999999999995,3.5111111111111115,1
HFJ182953-564567,1935.24,28.708333333333332,99.24000000000001,2.9111111111111114,1
S507415M-8083731,1934.88,27.375,0.0,0.0,1
HFJ184217-600461,1934.69,39.708333333333336,100.69000000000005,3.6077777777777778,1
S507891M-8095784,1934.35,62.916666666666664,0.0,7.235559964726632,1
NH09917M,1934.04,41.708333333333336,78.03999999999996,2.5680555555555555,1
S402956M-8122275,1933.23,65.58333333333333,469.23,3.751851851851852,1
NH10825M-001928368,1932.07,57.541666666666664,1072.07,66.35714285714286,0
S306473M-8097553,1930.61,43.166666666666664,168.6099999999999,2.4444444444444446,1
H101206M-8087456,1930.56,30.625,139.55999999999995,1.8499999999999999,1
S509365M-8131480,1929.55,0.0,169.54999999999995,0.5317460317460317,0
S507433M-8084290,1927.27,32.125,0.0,0.0,1
ZPAB50058-613458,1926.07,45.791666666666664,0.0,0.0,1
S507807M-8094666,1925.34,36.5,124.33999999999992,2.8972222222222226,1
S402615M-8081046,1925.27,38.75,0.0,0.0,1
S507466M-8085721,1925.02,15.375,161.01999999999998,7.866666666666667,1
S507768M-8091416,1924.87,23.666666666666668,159.8699999999999,2.138888888888889,1
S508229M-8103162,1924.06,36.25,462.05999999999995,2.6333333333333333,1
S306260M,1924.02,0.0,111.01999999999998,1.5347222222222223,1
HFJ183416-579988,1922.99,33.458333333333336,157.99,1.875925925925926,1
T050446M-715372407,1922.88,55.333333333333336,0.0,0.0,1
5800892M,1918.56,44.125,158.55999999999995,2.5625,1
S204693M,1918.4,43.833333333333336,152.4000000000001,4.825,1
S507859M-8093906,1918.31,22.833333333333332,90.30999999999995,1.3263888888888888,1
HFJ185376-634912,1918.31,64.0,158.30999999999995,7.9833333333333325,1
S508425M,1917.94,48.541666666666664,456.94000000000005,9.55888888888889,1
S508494M-8107870,1916.84,39.791666666666664,123.83999999999992,7.726666666666667,1
S306249M-8089611,1916.65,25.666666666666668,156.6500000000001,1.5407407407407405,1
S306915M,1916.34,58.458333333333336,156.33999999999992,15.55952380952381,0
S402761M-8099728,1915.29,53.166666666666664,155.28999999999996,2.4833333333333334,1
5800246M-727269252,1915.05,38.291666666666664,145.04999999999995,1.5722222222222222,1
S508601M-8110560,1914.94,65.66666666666667,154.94000000000005,9.694444444444445,1
NH10696M-002008765,1914.26,66.375,126.25999999999999,10.681111111111111,1
4100295M-002045552,1914.21,64.16666666666667,151.21000000000004,4.685185185185185,1
S508819M-8122492,1911.92,59.25,149.92000000000007,3.5680555555555555,1
NH10023M-001896220,1911.03,19.166666666666668,128.02999999999997,0.4722222222222222,1
HFJ185116-627122,1910.76,57.375,113.75999999999999,8.26888888888889,1
S402653M,1910.32,31.458333333333332,140.31999999999994,3.4833333333333334,1
4100067M-001898891,1910.29,34.125,150.28999999999996,1.3263888888888888,1
S402655M-8085381,1910.23,34.25,150.23000000000002,2.601388888888889,1
S306466M-8095806,1910.18,25.875,147.18000000000006,0.6851851851851852,1
S306538M-8105242,1907.57,0.0,147.56999999999994,0.4444444444444445,1
S204798M-8117795,1907.35,61.625,440.3499999999999,13.22777777777778,1
S507878M-8093501,1906.49,33.458333333333336,146.49,3.4592592592592593,1
5801424M-727381753,1905.99,49.791666666666664,145.99,16.453703703703706,1
5801369M-727367853,1904.49,59.25,144.49,42.250793650793646,0
S402753M-8095781,1903.58,65.5,583.5799999999999,5.722222222222222,1
NH10261M-001928704,1902.93,47.833333333333336,136.93000000000006,4.1866666666666665,1
NH10014M-001859924,1902.81,7.875,139.80999999999995,2.055555555555556,1
ZNAB50195,1902.64,51.958333333333336,0.0,0.0,1
S306388M-8093918,1902.12,22.791666666666668,102.11999999999989,0.3055555555555555,1
S508639M-8113414,1901.37,43.916666666666664,141.3699999999999,6.958888888888889,1
JXT1638086-389674DT,1901.15,20.458333333333332,318.1500000000001,3.1555555555555554,1
S204612M,1900.78,33.541666666666664,380.78,2.7569444444444446,1
S508432M-8108225,1900.58,42.416666666666664,140.57999999999993,3.203333333333333,1
S507902M-8097138,1900.22,35.583333333333336,428.22,2.341666666666667,1
5800893M,1899.83,38.208333333333336,139.82999999999993,2.516666666666667,1
S508035M-8099494,1899.65,41.958333333333336,139.6500000000001,2.63,1
NH10175M-001955553,1899.3,29.458333333333332,139.29999999999995,2.2962962962962963,1
S306958M-8122390,1898.71,61.666666666666664,138.71000000000004,7.571428571428571,0
S507993M-8097230,1896.56,2.4166666666666665,96.55999999999995,0.9444444444444443,1
NH09965M-001902362,1895.84,32.0,119.83999999999992,1.0999999999999999,1
S507815M-8094580,1895.22,19.666666666666668,134.22000000000003,2.3833333333333337,1
NH10627M-002031134,1894.83,63.25,379.8299999999999,3.949074074074074,1
NH10089M-001928698,1894.57,48.375,134.56999999999994,3.271111111111111,1
NH10594M,1894.31,46.0,366.30999999999995,4.051111111111111,1
H101209M,1893.5,26.416666666666668,133.5,2.3407407407407406,1
NH09911M-001902941,1892.84,42.75,132.83999999999992,7.344444444444444,1
NKJ0B80CCPKH33317-48-388958,1892.47,47.541666666666664,132.47000000000003,3.71,1
4100457M-002049929,1892.31,55.583333333333336,132.30999999999995,3.640740740740741,1
4100098M-001883258,1891.92,40.916666666666664,131.92000000000007,4.988888888888889,1
NH09827M-001871821,1890.04,22.458333333333332,105.03999999999996,6.05,1
S56577M,1889.95,0.0,0.0,0.0,1
5800903M-728343488,1889.21,34.416666666666664,423.21000000000004,3.274074074074074,1
S402875M-8107840,1889.15,54.625,129.1500000000001,0.4444444444444445,1
5801355M-727370815,1888.94,51.208333333333336,128.94000000000005,1.86,1
NH10068M-001931697,1888.1,18.958333333333332,128.0999999999999,1.3111111111111111,1
NH10587M,1887.75,47.333333333333336,125.75,13.004444444444445,1
S306973M-8123749,1887.15,59.583333333333336,389.1500000000001,5.030952380952381,0
S509211M-8129060,1886.36,55.958333333333336,126.3599999999999,18.36904761904762,0
S508704M-8119373,1885.27,60.5,386.27,16.229999999999997,1
S507920M-8099683,1884.34,42.166666666666664,124.33999999999992,2.913333333333333,1
S509224M-8129583,1884.24,61.375,723.24,22.72685185185185,1
HFJ182925-552252,1884.17,43.0,414.1700000000001,2.0,1
S507885M,1883.77,0.0,0.0,0.0,1
S307010M-8123677,1883.66,73.75,423.6600000000001,11.13425925925926,1
ZNAF50121,1883.46,49.166666666666664,0.0,0.0,1
NH10782M-002048252,1882.97,66.5,641.97,34.94907407407407,1
H101264M-8108218,1881.9,57.0,121.90000000000009,5.623809523809524,0
5800829M-727353080,1881.72,35.666666666666664,121.72000000000003,2.0347222222222223,1
S306228M-8085858,1880.9,18.333333333333332,116.90000000000009,1.6,1
HFJ183844-579269,1880.7,30.25,120.70000000000005,4.245833333333334,1
5800404M-727324592,1878.8,40.375,60.799999999999955,2.701388888888889,1
4100059M-001883259,1878.59,47.25,716.5899999999999,26.09444444444444,1
4100126M-001894470,1878.54,42.875,118.53999999999996,4.180000000000001,1
S508172M,1878.11,45.75,117.1099999999999,2.4347222222222222,1
S306263M-8086511,1876.11,22.791666666666668,93.1099999999999,0.8388888888888888,1
S508398M-8107834,1875.64,60.208333333333336,115.6400000000001,21.416666666666664,0
5800824M-727347754,1875.41,31.5,325.4100000000001,3.2847222222222223,1
S204793M-8117613,1875.09,55.833333333333336,115.08999999999992,17.376984126984127,0
4100091M-001958816,1872.93,28.583333333333332,110.93000000000006,2.2972222222222225,1
S306258M-8087487,1872.48,26.208333333333332,112.48000000000002,5.712962962962963,1
S508708M-8117905,1871.41,55.041666666666664,0.0,0.0,1
HFJ185164-629203,1870.91,54.5,110.91000000000008,3.3566666666666665,1
4100035M-001870282,1870.65,43.083333333333336,110.65000000000009,3.8111111111111113,1
NH10663M-002008200,1870.5,59.333333333333336,701.5,12.498611111111112,1
H101246M-8101866,1870.16,60.291666666666664,108.16000000000008,3.7063492063492065,0
5800470M,1869.68,20.791666666666668,96.68000000000006,2.0833333333333335,1
NH10019M-001900711,1869.4,0.375,0.0,0.0,1
S306870M-8119210,1868.77,53.208333333333336,320.77,44.74682539682539,0
S507701M-8089518,1868.07,40.041666666666664,0.0,0.0,1
S509146M-8127446,1867.83,55.375,107.82999999999993,19.07936507936508,0
NH10031M-001883266,1867.68,23.125,704.6800000000001,2.841666666666667,1
S306591M-8108480,1867.49,0.0,0.0,0.0,1
5800740M,1866.91,0.0,106.91000000000008,3.196296296296296,1
S509358M-8131482,1866.12,54.541666666666664,646.1199999999999,16.27777777777778,1
ZNJF01508,1865.64,80.625,0.0,0.0,1
5801185M-727351260,1864.27,48.583333333333336,104.26999999999998,6.185185185185186,1
5800733M-728339209,1861.76,29.458333333333332,85.75999999999999,2.7422222222222223,1
NH10265M,1861.29,0.0,100.28999999999996,2.3833333333333337,1
H101205M-8087458,1858.53,24.25,84.52999999999997,1.9925925925925927,1
NH10301M-001963066,1857.76,44.083333333333336,59.75999999999999,1.8911111111111112,1
S306709M-8107260,1857.74,53.416666666666664,97.74000000000001,62.0,1
S509190M-8129075,1857.66,56.541666666666664,1173.66,5.7592592592592595,1
4100331M-002035515,1857.27,28.541666666666668,97.26999999999998,3.8000000000000003,1
NH10562M-002023410,1855.47,11.875,394.47,130.39222222222222,1
ZLBE01544,1855.41,16.666666666666668,0.0,0.0,1
NH10110M,1855.39,2.9583333333333335,359.3900000000001,2.6074074074074076,1
HFJ183843-586491,1855.08,21.166666666666668,0.0,0.0,1
NH1657969-408966DT,1853.21,51.375,0.0,0.0,1
S508219M-8105166,1853.06,63.0,93.05999999999995,3.7129629629629632,1
S507898M-8097179,1853.04,60.041666666666664,93.03999999999996,146.984126984127,0
S204648M-8101295,1853.0,36.875,86.0,2.1777777777777776,1
4100158M-001986444,1852.75,36.083333333333336,623.75,27.10185185185185,1
S508163M-8104535,1851.81,56.875,91.80999999999995,2.537777777777778,1
5800412M,1850.78,20.458333333333332,79.77999999999997,2.1388888888888893,1
NH10355M-001957188,1850.72,19.458333333333332,90.72000000000003,6.061111111111112,1
S508208M-8105088,1849.91,71.75,85.91000000000008,2.4644444444444447,1
5801593M-727415601,1849.45,59.625,389.45000000000005,56.69444444444445,1
NKJ0B80CCPKH36573-48-417395,1848.47,59.083333333333336,88.47000000000003,3.012698412698412,0
4100205M-002033020,1847.63,50.166666666666664,302.6300000000001,8.881944444444445,1
5801533M-727387043,1847.2,54.333333333333336,637.2,3.9166666666666665,1
S508815M-8121265,1846.16,54.166666666666664,86.16000000000008,34.03174603174603,0
5801170M-727350818,1845.65,17.708333333333332,59.65000000000009,0.3888888888888889,1
NH10138M-001891500,1845.17,51.833333333333336,385.1700000000001,18.15740740740741,1
NH10321M-001967109,1843.41,52.541666666666664,83.41000000000008,29.46825396825397,0
4100072M-001901667,1843.38,34.958333333333336,83.38000000000011,3.480555555555555,1
S508179M-8104591,1843.02,27.541666666666668,58.01999999999998,1.3166666666666667,1
S402805M-8101861,1842.65,58.875,82.65000000000009,1.9722222222222223,1
S507956M-8097148,1842.37,26.583333333333332,82.36999999999989,2.6851851851851856,1
S306968M-8121995,1841.17,15.458333333333334,381.1700000000001,0.4444444444444445,1
S402871M-8107456,1841.09,51.083333333333336,81.08999999999992,5.544444444444444,1
S508194M-8104533,1839.43,120.16666666666667,305.43000000000006,9.733333333333333,0
HFJ184580-613015,1839.32,53.125,79.31999999999994,4.916666666666667,1
S508168M,1838.87,58.791666666666664,78.86999999999989,2.0444444444444443,1
ZNAB50176,1838.83,59.916666666666664,0.0,0.0,1
NKJ0B80CJPKH34448,1838.65,53.916666666666664,78.65000000000009,9.591666666666667,1
4100456M-002049282,1837.88,54.25,77.88000000000011,42.22619047619048,0
S508069M-8099756,1837.61,42.75,295.6099999999999,2.4322222222222223,1
5801290M-727388512,1837.16,46.041666666666664,77.16000000000008,9.76888888888889,1
S508037M-8099489,1836.93,34.083333333333336,76.93000000000006,0.8722222222222222,1
S509378M-8131394,1836.9,50.333333333333336,1272.9,46.27777777777778,1
NH10856M-002085062,1836.32,46.25,376.31999999999994,102.65555555555554,1
NH10148M-001933117,1836.14,32.291666666666664,76.1400000000001,5.04074074074074,1
S507607M-8089573,1834.26,27.25,0.0,0.0,1
5800885M-727351887,1833.41,35.041666666666664,73.41000000000008,3.913888888888889,1
HFJ183630-584749,1833.36,38.5,365.3599999999999,2.5819444444444444,1
S507998M-8097048,1833.05,27.0,73.04999999999995,4.105555555555556,1
ZMAF50115,1832.83,35.375,1263.83,5.166666666666667,1
HFJ185068-626239,1832.21,49.666666666666664,72.21000000000004,7.673333333333334,1
S508922M-8123923,1831.81,55.083333333333336,371.80999999999995,2.6805555555555554,1
HFJ183421-580230,1831.26,40.041666666666664,359.26,2.7583333333333333,1
H101194M-8089749,1830.49,32.666666666666664,15.490000000000009,2.161111111111111,1
NH10397M,1830.42,48.958333333333336,341.4200000000001,2.5411111111111113,1
4100228M-002033075,1830.26,18.083333333333332,669.26,4.35,1
NH10294M-001972966,1829.94,35.833333333333336,334.94000000000005,1.85,1
S306740M-8108697,1829.89,54.166666666666664,369.8900000000001,5.314814814814815,1
NH10429M-001970281,1829.56,36.5,342.55999999999995,2.4250000000000003,1
S509125M-8128259,1829.46,11.416666666666666,629.46,4.388888888888889,1
NH11005M-002134435,1829.32,51.458333333333336,669.3199999999999,8.222222222222223,1
LSM0W40REP0310785,1828.96,109.375,0.0,0.0,1
5801417M-727353082,1828.19,51.333333333333336,357.19000000000005,5.635185185185186,1
4100311M-002033680,1827.43,35.458333333333336,367.43000000000006,3.438888888888889,1
HFJ183599,1825.63,42.583333333333336,59.63000000000011,6.151111111111111,1
H101225M-8097583,1824.95,36.333333333333336,61.950000000000045,1.9111111111111114,1
S204762M-8114355,1824.91,61.083333333333336,364.9100000000001,10.488888888888889,1
H101289M-8114118,1824.28,33.916666666666664,341.28,13.977777777777778,1
S508861M-8124058,1824.19,58.916666666666664,64.19000000000005,17.46666666666667,1
S204606M-8095804,1824.16,44.583333333333336,64.16000000000008,4.15,1
S508028M-8097034,1823.8,33.208333333333336,363.79999999999995,4.518518518518519,1
4100535M-002149510,1823.76,44.708333333333336,0.0,0.0,1
ZPAB50037-610865,1823.56,47.958333333333336,0.0,0.0,1
S508735M-8117899,1823.14,61.083333333333336,352.1400000000001,3.413888888888889,1
S507520M-8086263,1822.11,0.0,0.0,0.0,1
5801485M-727387516,1822.06,52.0,639.06,1.2361111111111112,1
NH10433M,1821.91,39.0,61.91000000000008,2.0166666666666666,1
S306838M-8114108,1821.79,50.333333333333336,335.78999999999996,10.47638888888889,1
5800384M,1821.72,13.125,60.72000000000003,2.3833333333333337,1
S508862M-8124059,1821.71,59.875,321.71000000000004,14.65740740740741,1
4100055M-001930033,1821.63,32.458333333333336,61.63000000000011,2.8708333333333336,1
S508809M-8122178,1821.5,54.875,360.5,9.21111111111111,1
S204573M,1819.42,29.125,15.420000000000073,1.8962962962962964,1
S508346M-8107500,1819.03,43.875,359.03,3.4111111111111114,1
HFJ182761-555295,1818.67,25.208333333333332,58.67000000000007,6.4907407407407405,1
S306897M-8117612,1818.13,54.625,58.13000000000011,0.3703703703703704,1
NH10279M-001900716,1817.08,30.541666666666668,57.07999999999993,1.6851851851851851,1
5800826M,1815.56,3.0833333333333335,13.559999999999945,0.1111111111111111,1
NH10422M,1815.17,36.291666666666664,621.1700000000001,1.5370370370370372,1
4100317M-002033750,1814.79,42.875,1408.79,20.666666666666668,1
HFJ185264-630592,1813.73,55.166666666666664,650.73,17.461111111111112,1
NH10569M-002033023,1812.78,46.208333333333336,52.77999999999997,8.209259259259259,1
NH10786M-002057602,1812.41,49.208333333333336,624.4100000000001,8.022222222222222,1
NKJ0B80CKNKH30816,1812.06,61.333333333333336,49.059999999999945,1.7277777777777779,1
T050062M,1810.3,31.625,36.299999999999955,9.097222222222223,1
4100433M-002046502,1809.92,46.875,946.9200000000001,36.61111111111111,1
S306268M,1809.4,26.666666666666668,43.40000000000009,3.2962962962962963,1
H000387M-8093805,1808.96,33.125,48.960000000000036,3.0138888888888893,1
S508646M-8113336,1807.75,38.75,47.75,9.190277777777778,1
HFJ184425-609585,1806.45,33.791666666666664,345.45000000000005,2.0805555555555557,1
S508271M-8103353,1806.38,37.458333333333336,303.3800000000001,2.8625000000000003,1
PO6110D001154,1805.46,19.791666666666668,0.0,0.0,1
S509539M-6306436,1804.35,55.791666666666664,344.3499999999999,3.574074074074074,1
NH09669M-001822191,1803.88,37.166666666666664,40.88000000000011,3.073611111111111,1
S204664M-8103405,1803.59,65.0,339.5899999999999,4.1,1
S402788M-8099863,1802.43,46.125,303.43000000000006,3.4958333333333336,1
S402782M-8099864,1801.91,36.5,208.91000000000008,4.390740740740741,1
S509474M-6302699,1801.4,59.125,919.4000000000001,8.555555555555555,1
S509256M-8130010,1801.34,45.541666666666664,1170.34,19.84259259259259,1
S509328M-8130041,1801.11,47.833333333333336,641.1099999999999,40.75000000000001,1
HFJ183075-569863,1799.82,39.708333333333336,0.0,0.0,1
5800423M,1799.73,14.333333333333334,34.73000000000002,2.305555555555556,1
S24436M-8070485,1799.64,22.916666666666668,39.6400000000001,2.740740740740741,1
S507610M-8088344,1799.1,9.0,0.0,0.0,1
S507882M-8093790,1798.73,25.708333333333332,17.730000000000018,2.1462962962962964,1
5800427M,1798.36,34.25,34.3599999999999,2.0694444444444446,1
S508287M,1798.03,42.708333333333336,38.02999999999997,1.49,1
5800908M-728348069,1795.98,36.958333333333336,35.98000000000002,2.75,1
S204540M,1793.94,0.0,19.940000000000055,2.3592592592592596,1
NH10008M-001928713,1793.66,24.666666666666668,33.66000000000008,2.7074074074074077,1
5801297M-727385647,1793.57,51.125,22.569999999999936,3.4455555555555555,1
NH8612815-370075DT,1793.2,41.458333333333336,0.0,0.0,1
HFJ183417-580059,1792.65,34.916666666666664,32.65000000000009,1.3333333333333335,1
5801539M-727415698,1792.56,58.125,593.56,9.291666666666666,0
S306507M-8103425,1792.42,47.833333333333336,332.4200000000001,5.872222222222222,1
NH10479M-001931649,1792.4,54.166666666666664,32.40000000000009,17.22222222222222,0
4100108M-001894416,1791.75,19.125,326.75,4.37962962962963,1
HFJ185589-643628,1791.32,58.083333333333336,31.319999999999936,70.83888888888889,1
5801155M-728361832,1791.22,60.416666666666664,326.22,4.111111111111112,1
S508392M-8107804,1790.43,44.666666666666664,245.43000000000006,3.638888888888889,1
S204678M-8101691,1790.26,55.916666666666664,29.25999999999999,1.9666666666666668,1
353738101998183,1790.19,23.0,0.0,0.0,1
HFJ183024-561138,1789.91,40.041666666666664,27.910000000000082,3.8222222222222224,1
S204714M-8108779,1789.87,42.541666666666664,299.8699999999999,5.847222222222222,1
S509179M-8129052,1789.4,56.166666666666664,554.4000000000001,71.11666666666666,1
4100240M-002031132,1789.04,0.2916666666666667,289.03999999999996,1.8055555555555556,1
S306634M-8105976,1788.6,42.083333333333336,301.5999999999999,3.577777777777778,1
5801639M-728420255,1788.43,67.75,1228.43,19.63425925925926,0
HFJ184532-611727,1788.14,13.291666666666666,327.1400000000001,307.53981481481486,0
HFJ183496-582506,1787.79,36.541666666666664,300.78999999999996,1.9597222222222221,1
NH10430M-001965110,1787.31,52.416666666666664,924.31,5.302222222222222,1
4100148M-001963629,1786.94,42.708333333333336,26.940000000000055,11.85,1
S507708M-8089802,1785.64,0.08333333333333333,0.0,0.0,1
S306366M-8089888,1785.11,24.625,300.1099999999999,2.0,1
S508547M-8109982,1784.82,37.583333333333336,324.81999999999994,2.6805555555555554,1
S306574M-8099648,1784.6,70.25,292.5999999999999,2.8208333333333333,1
HFJ184560-611910,1784.42,38.583333333333336,284.4200000000001,0.0,1
NH10882M-002084945,1784.17,46.833333333333336,560.1700000000001,54.111111111111114,0
NH10346M-001967506,1783.7,40.833333333333336,321.70000000000005,3.3069444444444445,1
S507933M,1783.46,34.333333333333336,265.46000000000004,2.0708333333333333,1
NH09981M-001869175,1783.08,39.875,235.07999999999993,5.418055555555556,1
S35972M-8066089,1782.91,0.0,0.0,0.0,1
T050405M-715375870,1781.3,59.083333333333336,315.29999999999995,5.35888888888889,1
S508795M-8123303,1781.17,51.333333333333336,21.170000000000073,63.089814814814815,1
S306601M-8106296,1779.95,31.041666666666668,19.950000000000045,2.3847222222222224,1
5801176M-72835253,1779.63,36.708333333333336,317.6300000000001,2.325925925925926,1
S509288M-8130079,1779.3,53.416666666666664,879.3,1.0,0
S509103M-8128257,1778.51,53.416666666666664,16.50999999999999,3.013888888888889,1
S507972M-8097183,1777.84,55.791666666666664,317.8399999999999,28.805555555555557,0
NH10230M-001932165,1777.79,29.875,17.789999999999964,3.3125,1
S507561M-8089521,1777.67,27.166666666666668,0.0,0.0,1
T050311M,1777.5,21.583333333333332,577.5,1.2333333333333334,1
NH10988M-002134433,1777.47,56.625,317.47,36.72222222222222,0
S306731M-8108694,1777.11,59.375,300.1099999999999,5.167777777777777,1
NH09885M-001901472,1776.66,27.75,12.660000000000082,4.333333333333333,1
HFJ183000-566013,1776.12,32.458333333333336,0.0,0.0,1
5801044M-728354588,1775.47,37.208333333333336,291.47,2.012962962962963,1
NH09840M-001881607,1775.4,39.166666666666664,1.400000000000091,2.638888888888889,1
S306588M-8108485,1775.33,37.541666666666664,15.329999999999927,3.0611111111111113,1
S306376M-8085855,1775.27,29.583333333333332,307.27,1.8129629629629627,1
S508117M-8105334,1775.27,65.16666666666667,0.0,0.0,1
S204571M-8088653,1775.17,31.625,279.1700000000001,3.9833333333333334,1
HFJ183801-590764,1774.87,62.583333333333336,14.86999999999989,2.4244444444444446,1
NH09749M-001862900,1773.71,15.25,7.710000000000036,1.811111111111111,1
S508317M,1773.65,31.041666666666668,313.6500000000001,3.513888888888889,1
NH10660M-002028548,1772.15,57.375,312.1500000000001,4.222222222222222,1
S306886M-8116191,1771.87,6.75,309.8699999999999,17.216666666666665,1
S508242M-8103372,1770.72,46.958333333333336,302.72,1.7000000000000002,1
S507739M-8089734,1770.71,22.458333333333332,10.710000000000036,8.174074074074074,1
S402642M-8085712,1770.6,20.916666666666668,285.5999999999999,1.9583333333333333,1
S306678M-8107267,1768.45,42.458333333333336,8.450000000000045,4.28888888888889,1
NH10274M-001956097,1767.89,40.875,306.8900000000001,3.4222222222222225,1
HFJ183434-580007,1767.66,20.0,7.660000000000082,1.4962962962962962,1
S508192M-8104597,1767.62,34.041666666666664,379.6199999999999,7.833333333333334,1
S509018M-8126661,1767.28,53.416666666666664,562.28,48.949074074074076,0
S507828M,1766.33,27.625,306.3299999999999,1.9259259259259263,1
S402880M-8108271,1766.04,51.541666666666664,500.03999999999996,37.2962962962963,0
5800842M,1766.02,52.291666666666664,236.01999999999998,5.455555555555556,1
S402732M-8093495,1765.41,20.458333333333332,264.4100000000001,1.7000000000000002,1
S508605M-8110581,1765.0,41.958333333333336,5.0,7.7444444444444445,1
HFJ182846,1764.82,20.916666666666668,169.81999999999994,4.083333333333333,1
NH10161M-001941767,1764.62,16.583333333333332,304.6199999999999,1.5000000000000002,1
HFJ185535-642671,1764.55,56.708333333333336,228.54999999999995,15.39111111111111,1
S508048M-8099772,1764.34,35.625,260.3399999999999,1.801851851851852,1
S307106M-6304362,1764.07,50.541666666666664,1109.07,8.967592592592593,1
S507646M,1763.55,27.875,583.55,0.9111111111111111,1
S306303M-8088656,1763.41,50.666666666666664,235.41000000000008,6.723333333333334,1
4100129M-001896448,1762.66,25.333333333333332,302.6600000000001,2.138888888888889,1
S306455M,1761.95,40.958333333333336,268.95000000000005,1.9055555555555557,1
S204560M-8088363,1761.73,34.458333333333336,274.73,1.798148148148148,1
S507946M,1761.48,23.583333333333332,0.4800000000000182,2.727777777777778,1
NH10854M-002099954,1761.17,56.75,222.17000000000007,0.52,1
5801600M-727415699,1760.92,53.875,254.92000000000007,60.81333333333333,1
S35059M-8047122,1760.79,16.0,0.7899999999999636,1.5074074074074073,1
NH10435M-001970280,1760.75,34.833333333333336,0.75,2.743055555555556,1
S509351M-8131368,1760.68,54.25,860.6800000000001,0.0,0
4100292M-002045555,1760.55,48.875,1698.55,24.0,1
S507982M-8097243,1760.02,36.333333333333336,235.01999999999998,2.6875,1
S306297M-8089778,1759.87,21.666666666666668,259.8699999999999,0.0,1
S508213M-8105170,1759.53,58.333333333333336,271.53,3.0611111111111113,1
ZPBE20481-002106085,1758.88,43.958333333333336,0.0,0.0,1
S507457M-8084300,1758.43,1.7916666666666667,0.0,0.0,1
S508587M-8110555,1758.4,59.791666666666664,296.4000000000001,19.25111111111111,1
LSM0W40RPP0310726- GB230116,1757.78,35.0,0.0,0.0,1
NH09933M,1757.78,34.041666666666664,296.78,3.1814814814814816,1
S306252M-8089606,1757.36,28.333333333333332,543.3599999999999,1.15,1
S204725M-8108698,1756.48,0.08333333333333333,296.48,15.788888888888891,1
S509498M-6302259,1756.4,54.541666666666664,833.4000000000001,4.6759259259259265,0
S508297M-8102812,1756.33,25.333333333333332,296.3299999999999,2.875,1
HFJ185056-613783,1755.08,53.208333333333336,482.0799999999999,20.253703703703703,1
S509265M-8130056,1754.78,52.958333333333336,292.78,36.635185185185186,0
4100140M-001938126,1754.45,18.291666666666668,294.45000000000005,10.453703703703704,1
S508468M-8107843,1753.31,27.041666666666668,553.31,2.1333333333333337,1
5800420M,1753.27,7.25,263.27,0.6666666666666667,1
S508154M-8105957,1752.69,46.125,292.69000000000005,8.703703703703704,1
S508768M-8120986,1752.29,52.75,292.28999999999996,55.46296296296296,0
HFJ184486-610436,1751.87,0.0,171.8699999999999,7.25,1
S508899M-8122479,1750.88,59.5,578.8800000000001,35.53703703703704,0
NNM414323,1750.58,63.458333333333336,0.0,0.0,1
S508496M-8107806,1750.4,53.375,234.4000000000001,5.966666666666668,1
S509050M-8126642,1750.19,56.375,265.19000000000005,4.615740740740741,0
S508197M-8103165,1748.7,41.583333333333336,248.70000000000005,0.0,1
S509093M-8127550,1748.61,52.833333333333336,288.6099999999999,30.625,0
5800747M-727347244,1748.46,7.541666666666667,0.0,0.0,1
S204513M,1746.97,30.375,0.0,0.0,1
NH10762M-002048257,1746.45,42.875,540.45,16.22222222222222,0
NH10466M-001988666,1746.12,31.75,780.1199999999999,4.516666666666667,1
S507985M-8097221,1745.59,58.958333333333336,285.5899999999999,32.9537037037037,0
HFJ185956-658578,1745.08,50.916666666666664,869.0799999999999,14.194444444444445,0
S204685M,1745.06,0.0,217.05999999999995,3.452777777777778,1
T049863M,1744.76,43.625,190.76,7.518055555555556,1
5801537M-727385344,1743.18,55.625,283.18000000000006,2.5046296296296298,0
S507947M-8097020,1743.16,30.458333333333332,280.1600000000001,1.461111111111111,1
H101213M,1742.88,24.5,265.8800000000001,2.3916666666666666,1
S508104M-8105335,1742.07,34.791666666666664,282.06999999999994,2.9930555555555554,1
NH10080M-001928712,1741.47,40.541666666666664,881.47,3.4986111111111113,1
S306819M-8114105,1740.8,65.29166666666667,254.79999999999995,36.89166666666666,0
S306683M-8106281,1740.54,1.625,246.53999999999996,2.704166666666667,1
4100497M-002133022,1740.19,53.083333333333336,277.19000000000005,61.40185185185185,0
5800433M,1740.13,18.625,240.1300000000001,0.0,1
NKJ575SVLRKH40330,1739.5,56.25,279.5,3.2083333333333335,1
NKJ0B80CLPKH36898-48-415189,1739.09,33.541666666666664,279.0899999999999,66.5324074074074,0
HFJ182827,1738.85,23.916666666666668,578.8499999999999,2.9000000000000004,1
HFJ183972-595338,1738.19,40.5,271.19000000000005,4.133333333333334,1
NH09767M-001861244,1737.77,30.0,255.76999999999998,3.983333333333333,1
HFJ183869,1737.25,39.125,274.25,6.165277777777778,1
S306914M,1736.53,64.20833333333333,874.53,61.63425925925927,0
S509118M-8127553,1735.75,53.375,275.75,3.75,0
S507369M-8083105,1735.73,43.541666666666664,0.0,0.0,1
NH10192M-001871466,1735.43,0.08333333333333333,175.43000000000006,3.458333333333333,1
5801334M-727366587,1735.41,36.708333333333336,275.4100000000001,12.611111111111112,1
S402681M-8088354,1734.86,29.583333333333332,248.8599999999999,0.3666666666666667,1
S509215M-8129578,1734.07,47.0,574.0699999999999,66.14814814814815,0
4100460M,1733.89,52.666666666666664,552.8900000000001,7.416666666666667,1
LSMF50BRCP0310144-BC230080,1733.56,45.291666666666664,0.0,0.0,1
S204703M-8105978,1732.83,0.0,261.8299999999999,4.042222222222223,1
S507470M-8085177,1732.82,40.666666666666664,229.81999999999994,1.6125,1
NH09736M-001854206,1732.55,0.0,0.0,0.0,1
S508905M-8122174,1732.44,50.625,272.44000000000005,42.91203703703704,0
5801354M-728371540,1732.19,41.458333333333336,272.19000000000005,9.166666666666668,1
NKJ0B80CCNKH31721-48-366992,1731.17,41.833333333333336,268.1700000000001,11.095833333333333,1
T050423M,1730.98,41.833333333333336,214.98000000000002,3.5027777777777778,1
5800926M-727354580,1728.64,46.083333333333336,258.6400000000001,23.622222222222224,1
S508607M-8108673,1728.56,40.291666666666664,268.55999999999995,16.07222222222222,1
4100200M-001938125,1728.07,41.416666666666664,268.06999999999994,7.722222222222223,1
S306160M,1727.69,26.75,252.69000000000005,2.4583333333333335,1
4100062M-001944824,1727.66,23.291666666666668,231.66000000000008,2.55,1
S507743M-8088625,1726.4,37.625,253.4000000000001,3.7,1
NH10645M-002028075,1726.28,56.916666666666664,266.28,5.405555555555556,1
NH10366M-001970277,1726.24,2.9166666666666665,226.24,0.0,1
NKJ575SVCPKH34326-40-395011,1726.23,41.583333333333336,0.0,0.0,1
S306386M-8093915,1725.38,30.625,263.3800000000001,3.02037037037037,1
S508110M-8105347,1724.06,40.625,518.06,1.777777777777778,1
S508043M-8099767,1723.99,35.875,260.99,3.1092592592592596,1
NKJ575SVTRKH40611,1723.85,41.458333333333336,0.0,0.0,1
S509164M-8127547,1723.39,55.666666666666664,263.3900000000001,3.777777777777778,0
S508478M-8107466,1722.35,51.0,262.3499999999999,27.5,0
4100309M-002052872,1722.13,48.083333333333336,255.1300000000001,10.266666666666666,1
NH10725M-002008674,1721.47,57.5,553.47,2.3703703703703707,1
S507480M-8085719,1721.17,0.0,0.0,0.0,1
NH09922M,1720.72,37.791666666666664,251.72000000000003,3.3986111111111112,1
S402838M-8103390,1719.94,26.416666666666668,240.94000000000005,1.7629629629629628,1
S507467M,1719.66,28.833333333333332,0.0,0.0,1
5800465M,1718.9,17.708333333333332,202.9000000000001,1.9083333333333332,1
S509352M-8131472,1718.53,43.958333333333336,258.53,3.8240740740740744,0
S306272M-8087346,1718.24,35.166666666666664,258.24,2.425925925925926,1
S306705M-8107269,1717.51,33.333333333333336,177.51,2.2592592592592595,1
S306631M-8106348,1717.29,45.166666666666664,257.28999999999996,2.4375,1
S402667M-8086467,1717.12,20.041666666666668,255.1199999999999,7.1,1
NH09864M-001870231,1716.9,19.958333333333332,255.9000000000001,1.4666666666666668,1
NH09949M-001899597,1715.36,16.875,204.3599999999999,4.533333333333332,1
NH09786M,1714.7,31.375,254.70000000000005,3.3518518518518516,1
NH10150M-001891555,1714.4,39.5,254.4000000000001,2.7500000000000004,1
S508797M-8123302,1714.22,51.791666666666664,554.22,20.23148148148148,0
S507928M-8097188,1713.69,3.7083333333333335,258.69000000000005,11.691666666666666,1
5800746M,1712.39,24.5,216.3900000000001,1.8,1
H101192M-8089780,1711.88,16.541666666666668,202.8800000000001,5.181481481481481,1
S507728M,1711.59,29.958333333333332,236.58999999999992,2.4537037037037037,1
NH10907M-002099405,1711.54,51.625,551.54,4.4259259259259265,0
S204579M,1711.32,21.625,234.31999999999994,2.2666666666666666,1
HFJ183620,1710.63,41.333333333333336,241.6300000000001,3.5791666666666666,1
HFJ182769-555103,1710.56,19.833333333333332,210.55999999999995,1.6666666666666667,1
S307101M-6308601,1710.55,50.666666666666664,997.55,11.922222222222222,1
HFJ185538-642824,1710.03,49.416666666666664,519.03,79.19907407407408,0
S507461M-8085705,1709.25,28.583333333333332,247.25,3.325925925925926,1
4100210M-002033027,1708.95,44.458333333333336,544.95,2.9722222222222223,1
S507591M-8089735,1708.48,37.791666666666664,199.48000000000002,1.4833333333333334,1
5800722M-727346616,1708.47,38.333333333333336,248.47000000000003,1.9351851851851851,1
S306403M-8093802,1707.25,14.708333333333334,246.25,2.6,1
H101256M-8106001,1706.66,42.541666666666664,246.66000000000008,4.711111111111111,1
NH8659091-410238DT,1706.44,36.25,0.0,0.0,1
S508968M-8123941,1705.04,48.833333333333336,232.03999999999996,19.476666666666667,1
S306470M-8097561,1704.23,32.958333333333336,242.23000000000002,2.0166666666666666,1
NH10191M-001961717,1704.13,52.375,243.1300000000001,2.990277777777778,1
S204739M-8109014,1703.89,62.333333333333336,543.8900000000001,57.44444444444445,0
S307012M-8122558,1703.45,5.583333333333333,1353.45,41.73240740740741,0
S509315M-8130099,1703.42,53.958333333333336,841.4200000000001,9.481481481481483,0
5800739M,1702.48,25.625,214.48000000000002,2.7481481481481485,1
NH10059M,1701.91,6.75,215.91000000000008,5.816666666666667,1
S204666M-8103422,1700.45,42.958333333333336,214.45000000000005,3.7263888888888888,1
NH1550865-321591DT,1700.02,0.0,0.0,0.0,1
NH10297M-001965108,1699.7,81.04166666666667,499.70000000000005,13.200000000000001,0
4100536M-002150140,1699.51,42.916666666666664,0.0,0.0,1
4100041M-001871869,1698.53,11.666666666666666,238.52999999999997,2.1574074074074074,1
S508336M-8101853,1698.33,30.25,216.32999999999993,3.161111111111111,1
S306456M,1698.2,29.875,168.20000000000005,3.1944444444444446,1
S402848M-8107480,1696.78,36.541666666666664,226.77999999999997,2.541666666666667,1
S306649M-8105227,1696.04,45.625,203.03999999999996,3.477777777777778,1
S507873M-8093140,1694.58,13.25,234.57999999999993,2.666666666666667,1
S306509M-8103427,1694.0,0.0,0.0,0.0,1
NH10065M-001869038,1693.45,33.541666666666664,198.45000000000005,12.319444444444445,1
5800432M,1692.17,23.208333333333332,228.17000000000007,4.827777777777778,1
S507597M,1691.1,22.291666666666668,225.0999999999999,2.7583333333333333,1
S509060M-8126664,1690.68,56.916666666666664,159.68000000000006,4.163888888888889,0
5800844M-728343815,1690.12,30.25,190.1199999999999,0.0,1
NH09882M-001865799,1688.96,33.958333333333336,225.96000000000004,1.6277777777777775,1
4100469M-002092397,1688.46,52.541666666666664,0.0,0.0,1
S509418M-8131974,1688.06,32.75,228.05999999999995,0.4444444444444445,0
NH10540M-001927706,1688.02,55.0,203.01999999999998,2.2777777777777777,1
HFJ184484-610416,1687.57,42.333333333333336,211.56999999999994,2.6644444444444444,1
4100214M-002033718,1687.18,39.041666666666664,227.18000000000006,3.4888888888888894,1
NH10600M-001988669,1686.85,24.708333333333332,470.8499999999999,2.9629629629629632,1
S507756M-8088723,1686.75,32.958333333333336,0.0,0.0,1
NKJ0B80CENKH31863-48-383265,1685.79,42.916666666666664,224.78999999999996,6.816666666666666,1
S306863M-8117593,1685.78,53.458333333333336,225.77999999999997,14.633333333333331,1
ZNJF01502,1682.83,48.625,0.0,0.0,1
5800881M-727354756,1682.72,34.708333333333336,222.72000000000003,1.7592592592592595,1
S508361M-8105963,1682.37,64.29166666666667,222.3699999999999,26.35185185185185,0
S509212M-8129141,1682.33,10.416666666666666,782.3299999999999,0.4444444444444445,0
4100506M-002138365,1681.95,40.958333333333336,221.95000000000005,60.518518518518526,0
S508216M-8105167,1680.6,3.1666666666666665,197.5999999999999,2.8933333333333335,1
HFJ182929,1678.1,24.625,212.0999999999999,1.7648148148148148,1
S508010M,1676.1,39.875,509.0999999999999,5.409722222222222,1
S508891M-8122481,1675.92,13.5,209.92000000000007,48.37777777777777,0
HFJ184456-610323,1675.91,40.916666666666664,214.91000000000008,6.191666666666666,1
HFJ182920,1675.86,30.458333333333332,214.8599999999999,3.320370370370371,1
HFJ182778,1675.54,24.708333333333332,468.53999999999996,1.4916666666666667,1
4100101M-001963631,1675.05,72.16666666666667,203.04999999999995,3.001111111111111,1
S509117M-8128269,1674.64,55.208333333333336,214.6400000000001,6.037037037037037,0
HFJ185510-640566,1674.5,48.0,214.5,4.768518518518519,0
HFJ182903-561791,1674.41,32.5,178.41000000000008,2.487037037037037,1
1P06603XJET023264,1673.88,0.0,0.0,0.0,1
T049941M,1673.83,38.375,0.0,0.0,1
S402754M-8095788,1673.67,33.0,511.6700000000001,1.763888888888889,1
S306391M,1673.31,28.0,124.30999999999995,3.348148148148148,1
HFJ184523-611107,1673.13,26.708333333333332,186.1300000000001,3.0638888888888887,1
5800773M,1671.99,17.583333333333332,171.99,0.0,1
HFJ183627-586487,1671.11,53.666666666666664,210.1099999999999,3.386111111111111,1
NH10041M,1671.09,35.458333333333336,211.08999999999992,2.9907407407407405,1
S508980M-8124338,1670.98,51.958333333333336,210.98000000000002,20.266666666666666,1
S306313M-8089782,1670.66,23.416666666666668,170.66000000000008,1.1574074074074074,1
S204754M-8114110,1670.05,59.125,205.04999999999995,4.37037037037037,1
S508076M-8099744,1670.03,30.625,210.02999999999997,7.833333333333332,1
5801177M-728352451,1669.26,54.0,209.26,15.0,1
NKJ0B80CCNKH30818-40-371106,1669.13,33.708333333333336,202.1300000000001,5.548148148148147,1
HFJ183587,1668.77,30.25,208.76999999999998,2.2777777777777777,1
S507740M-8088727,1668.71,31.208333333333332,68.71000000000004,3.8518518518518525,1
S204634M,1666.91,0.0,0.0,0.0,1
HFJ185516-641802,1666.84,20.166666666666668,206.83999999999992,2.111111111111111,0
5800419M,1666.09,26.916666666666668,196.08999999999992,2.666666666666667,1
S306889M-8117788,1664.43,24.625,1090.43,9.318518518518518,0
NH10137M-001928701,1664.21,22.625,204.21000000000004,2.875,1
S509110M-8128265,1664.18,56.791666666666664,203.18000000000006,71.91481481481482,0
S507822M,1663.53,31.916666666666668,199.52999999999997,2.374074074074074,1
S306529M-8105354,1663.47,34.833333333333336,203.47000000000003,2.5902777777777777,1
NH10245M-001944647,1662.4,54.25,786.4000000000001,6.575,0
S508694M-8113990,1662.28,54.833333333333336,202.27999999999997,8.70138888888889,1
NH10742M,1661.98,47.125,161.98000000000002,6.763888888888889,1
NKJ0B80CCNKH31371-48-379251,1661.73,32.208333333333336,201.73000000000002,8.04861111111111,1
S204558M-8088364,1661.53,20.291666666666668,188.52999999999997,8.441666666666666,1
NH10159M,1660.83,31.916666666666668,492.8299999999999,1.962962962962963,1
NH10145M-001944670,1660.51,31.833333333333332,200.51,2.768518518518519,1
S509100M-8125855,1659.22,47.041666666666664,199.22000000000003,7.688888888888888,1
NH10220M-001929121,1659.21,29.791666666666668,186.21000000000004,2.201851851851852,1
4100074M-001901656,1658.86,37.166666666666664,198.8599999999999,0.6666666666666667,1
NH10310M-001965112,1658.24,31.625,192.24,1.4694444444444443,1
5800468M-727329948,1658.0,19.416666666666668,198.0,2.8333333333333335,1
S509274M-8130066,1657.96,52.125,197.96000000000004,41.74074074074074,0
S508785M-8123907,1657.62,59.833333333333336,447.6199999999999,71.0,0
T49350M-715270481,1657.21,32.125,190.21000000000004,3.0018518518518515,1
S204478M-8075200,1656.99,32.375,187.99,3.1888888888888887,1
T050244M-715363820,1656.87,31.625,145.8699999999999,2.346296296296296,1
S402817M-8103363,1656.79,43.041666666666664,194.78999999999996,2.6314814814814813,1
S508614M-8110406,1656.36,36.5,476.3599999999999,12.111111111111112,1
NH10193M-001956123,1656.0,30.833333333333332,190.0,7.237037037037037,1
S508155M,1655.64,0.0,190.6400000000001,2.7037037037037037,1
NH10713M-002048268,1654.89,42.916666666666664,482.8900000000001,2.5,1
S507970M-8097247,1654.85,51.791666666666664,194.8499999999999,187.2175925925926,0
S508990M-8124247,1654.65,50.875,194.6500000000001,27.171296296296294,0
NH1672954-23410DT,1654.64,52.166666666666664,0.0,0.0,1
H000390M-8123839,1654.1,57.125,156.0999999999999,19.27111111111111,1
S507730M,1653.1,26.541666666666668,131.0999999999999,3.248148148148148,1
S508952M-8125858,1652.87,49.75,401.8699999999999,46.31018518518518,0
HFJ183932,1652.68,43.083333333333336,192.68000000000006,4.847222222222222,1
NH09825M-001854163,1652.47,15.625,180.47000000000003,1.9333333333333336,1
5801389M-728366745,1651.18,49.25,191.18000000000006,2.638888888888889,1
T050332M-715371720,1651.02,47.083333333333336,190.01999999999998,4.156944444444445,1
S306718M-8106298,1650.98,57.958333333333336,190.98000000000002,4.199074074074074,0
5801471M-727387358,1650.55,49.333333333333336,474.54999999999995,7.2555555555555555,1
NH09720M-001854383,1650.18,22.958333333333332,166.18000000000006,0.7,1
S204779M-8118085,1649.66,41.416666666666664,474.6600000000001,15.216666666666665,1
S508238M,1649.36,34.291666666666664,189.3599999999999,4.444444444444445,1
HFJ182763-551415,1649.16,21.166666666666668,183.16000000000008,2.675,1
S306493M,1649.14,40.041666666666664,189.1400000000001,2.1296296296296298,1
HFJ184553-610523,1649.05,48.916666666666664,425.04999999999995,7.2555555555555555,1
S306536M,1648.7,46.708333333333336,188.70000000000005,3.7708333333333335,1
S508118M-8105352,1648.32,30.666666666666668,163.31999999999994,5.074074074074074,1
5800391M-727318550,1648.24,46.458333333333336,117.24000000000001,3.4541666666666666,1
NH10367M-001961067,1647.25,49.875,179.25,7.734722222222222,1
S508583M-8108764,1646.6,41.041666666666664,417.5999999999999,1.8541666666666667,1
S508960M-8124200,1646.26,45.166666666666664,186.26,3.152777777777778,1
ZMAB50366,1646.03,21.708333333333332,0.0,0.0,1
HFJ182934-563284,1645.35,31.25,183.3499999999999,3.02037037037037,1
S508476M-8107485,1645.01,52.875,185.01,12.129629629629628,0
NH10298M-001968459,1644.81,55.583333333333336,159.80999999999995,2.4027777777777777,1
S508016M-8097039,1644.64,30.041666666666668,184.6400000000001,3.2222222222222228,1
H101200M-8089623,1644.21,23.458333333333332,168.21000000000004,2.9870370370370374,1
LSMF35BRCN0310040,1643.86,65.0,0.0,0.0,1
S507798M,1643.17,27.541666666666668,136.17000000000007,2.7203703703703703,1
NH10153M-001955513,1642.83,57.958333333333336,181.82999999999993,8.573611111111111,1
NH09727M-001861245,1642.49,25.791666666666668,176.49,8.68148148148148,1
4100215M-002033997,1642.21,33.458333333333336,1001.21,6.833333333333333,1
S508971M-8124056,1641.91,52.083333333333336,181.91000000000008,1.9930555555555556,1
S306655M-8106008,1641.84,41.375,181.83999999999992,4.159722222222222,1
H101229M-8097580,1641.78,31.625,170.77999999999997,3.153703703703704,1
LSMF50BREP0310174-RC230154,1641.78,39.375,0.0,0.0,1
4100133M-001924270,1640.37,19.416666666666668,178.3699999999999,2.6,1
NH10835M-002097835,1640.12,45.625,180.1199999999999,66.75,0
S508315M-8101766,1639.91,36.541666666666664,179.91000000000008,3.673611111111111,1
H101236M-8102841,1639.85,46.083333333333336,179.8499999999999,4.673611111111111,1
S509134M-8127561,1639.82,20.916666666666668,179.81999999999994,0.4444444444444445,0
4100310M-002048944,1637.78,68.16666666666667,175.77999999999997,15.078888888888887,1
H101201M-8089597,1637.56,0.0,0.0,0.0,1
NH10654M-002044404,1637.22,53.708333333333336,134.22000000000003,7.8902777777777775,1
NKJ0B80CVNKH31372-48-378809,1637.08,23.708333333333332,431.0799999999999,1.9833333333333332,1
S204724M-8108685,1636.13,53.166666666666664,176.1300000000001,4.5509259259259265,0
NH1528918,1634.78,20.916666666666668,0.0,0.0,1
5800910M-728340032,1633.44,26.708333333333332,163.44000000000005,1.1296296296296295,1
NH10820M-002042493,1632.59,42.833333333333336,172.58999999999992,6.194444444444444,0
S306679M-8107282,1632.18,58.125,770.1800000000001,4.128703703703704,0
S306750M-8109805,1631.3,49.708333333333336,171.29999999999995,6.8240740740740735,0
S306193M-8084449,1631.19,13.791666666666666,431.19000000000005,0.8333333333333334,1
S402684M-8088351,1630.95,20.75,729.95,1.5555555555555556,1
S507695M-8089730,1630.65,24.541666666666668,0.0,0.0,1
NH10116M-001933083,1630.58,41.833333333333336,127.57999999999993,2.522222222222222,1
S402864M,1630.3,16.375,158.29999999999995,2.1,1
S507810M-8094662,1629.91,26.458333333333332,168.91000000000008,3.348148148148148,1
4100093M-001887775,1629.75,30.041666666666668,143.75,1.3111111111111111,1
4100259M-002028487,1629.43,39.25,169.43000000000006,3.486111111111111,1
S306652M-8108000,1629.28,77.04166666666667,469.28,5.95925925925926,0
4100262M-002027915,1628.23,33.75,168.23000000000002,10.055555555555555,1
5800919M-727355438,1628.21,34.0,438.21000000000004,2.4703703703703703,1
S204647M-8101294,1627.49,27.5,467.49,3.4814814814814814,1
S507792M-8091918,1627.47,20.625,449.47,2.351851851851852,1
HFJ186051-658680,1627.43,44.291666666666664,767.4300000000001,40.522222222222226,1
S306621M,1626.74,21.0,465.74,2.8916666666666666,1
S508183M-8104692,1626.74,30.75,123.74000000000001,2.001851851851852,1
NH10033M,1626.19,43.833333333333336,166.19000000000005,3.405555555555556,1
NH10342M-001967107,1626.06,65.20833333333333,166.05999999999995,4.78888888888889,1
HFJ185505-640568,1625.89,52.0,165.8900000000001,6.462962962962963,0
S508188M-8104543,1625.45,39.375,165.45000000000005,3.2870370370370368,1
5801057M-728354912,1625.35,29.125,765.3499999999999,5.086111111111111,1
NH10072M-001932363,1625.22,25.833333333333332,165.22000000000003,1.75,1
HFJ182782,1625.08,9.541666666666666,125.07999999999993,0.0,1
NH09814M,1624.64,21.5,136.6400000000001,1.6916666666666669,1
HFJ185364-634619,1623.83,48.75,163.82999999999993,17.022222222222222,1
NH10444M-001968478,1623.7,49.041666666666664,163.70000000000005,6.855555555555556,1
S509114M-8128264,1623.51,48.5,423.51,0.4444444444444445,0
S402687M-8089822,1623.39,22.791666666666668,160.3900000000001,1.8037037037037038,1
HFJ182702-547574,1622.87,30.041666666666668,52.86999999999989,3.7129629629629632,1
5801488M-728375856,1622.51,49.25,162.51,8.305555555555555,1
NH10778M-002048465,1622.17,53.625,162.17000000000007,11.788888888888888,1
NH10671M-002020205,1621.55,70.83333333333333,107.54999999999995,2.422222222222222,1
NH10497M-001950436,1621.07,35.5,460.06999999999994,3.9097222222222223,1
NH09910M-001899555,1620.61,17.0,148.6099999999999,0.9750000000000001,1
NH10661M-002008762,1620.48,49.416666666666664,160.48000000000002,20.833333333333332,0
S204773M-8119180,1620.03,48.708333333333336,460.03,31.712962962962962,0
5801294M-727389458,1619.27,41.041666666666664,159.26999999999998,5.511111111111111,1
S507729M,1617.98,27.875,111.98000000000002,3.614814814814815,1
S508093M-8099862,1616.46,29.958333333333332,103.46000000000004,11.54814814814815,1
NH10426M-001963067,1615.99,40.666666666666664,155.99,3.0208333333333335,1
5800780M,1615.26,3.375,439.26,11.083333333333334,1
S402844M-8101778,1615.11,38.291666666666664,150.1099999999999,3.4444444444444446,1
NH1680667,1615.08,48.458333333333336,0.0,0.0,1
S507420M-8084283,1614.98,0.0,0.0,0.0,1
4100308M-002053248,1614.57,50.666666666666664,98.56999999999994,6.716666666666666,1
S508700M-8114093,1614.35,45.541666666666664,0.0,0.0,1
NH10799M-002074236,1614.16,59.0,154.16000000000008,7.238888888888889,1
NKJ0B80CVPKH34436,1614.04,21.458333333333332,152.03999999999996,9.742592592592592,1
LSM0W40RKP0310677,1613.85,39.291666666666664,0.0,0.0,1
HFJ184238-600944,1613.12,42.625,153.1199999999999,5.233333333333333,1
NH09808M-001860223,1612.87,16.833333333333332,112.86999999999989,4.166666666666666,1
5800409M-727324577,1612.82,21.916666666666668,130.81999999999994,1.5583333333333331,1
S204710M-8107253,1612.39,33.375,147.3900000000001,2.9027777777777777,1
S507990M-8097238,1612.39,32.0,152.3900000000001,32.629629629629626,0
S306781M-8114346,1612.23,46.5,17.230000000000018,4.787037037037037,1
S306219M,1611.67,20.041666666666668,111.67000000000007,1.6666666666666667,1
S507821M-8094583,1611.24,27.958333333333332,145.24,4.996296296296296,1
HFJ185354-634394,1610.6,44.208333333333336,150.5999999999999,76.88888888888889,0
NH10688M-002019054,1610.58,33.458333333333336,150.57999999999993,16.75,1
S507624M-8088730,1610.55,26.416666666666668,150.54999999999995,5.12037037037037,1
S306887M-8117794,1610.0,1.6666666666666667,32.0,55.4,1
4100120M-001898893,1609.79,30.75,414.78999999999996,5.138888888888889,1
5800417M-727324586,1609.7,21.708333333333332,135.70000000000005,2.45,1
4100182M-001949770,1608.75,30.041666666666668,148.75,2.513888888888889,1
S402964M-8122190,1608.47,55.416666666666664,419.47,3.6388888888888884,1
S306689M-8108205,1608.01,41.583333333333336,359.01,3.4490740740740744,0
5800667M-728343639,1607.85,26.5,147.8499999999999,3.1481481481481484,1
NH11065M-002144989,1607.79,43.125,447.78999999999996,43.93333333333333,1
S508992M-8123931,1607.14,52.625,147.1400000000001,1.8055555555555558,1
5800871M,1606.54,23.291666666666668,701.54,2.1851851851851856,1
S306580M-8101870,1605.67,0.4166666666666667,145.67000000000007,1.125,1
S508044M-8099749,1603.24,34.833333333333336,143.24,4.090277777777778,1
S204581M-8088594,1603.14,22.708333333333332,702.1400000000001,1.475925925925926,1
S306708M-8108183,1603.06,49.291666666666664,143.05999999999995,7.388888888888889,0
NH09865M-001859871,1602.66,26.125,140.66000000000008,2.446296296296296,1
5800687M-727346928,1601.58,21.625,440.5799999999999,1.625,1
5800399M,1601.06,16.583333333333332,141.05999999999995,1.5000000000000002,1
5800619M,1600.35,25.5,138.3499999999999,3.02037037037037,1
NH09945M-001870305,1599.12,11.333333333333334,99.11999999999989,0.0,1
NH10940M-002053358,1598.93,43.833333333333336,138.93000000000006,4.5740740740740735,0
4100537M-002150953,1598.66,39.541666666666664,0.0,0.0,1
ZNJF01675,1598.3,51.875,0.0,0.0,1
NH09846M-001853060,1598.01,26.875,113.00999999999999,2.1481481481481484,1
S508737M-8123262,1597.87,50.458333333333336,137.8699999999999,2.927777777777778,1
NH09637M,1597.73,0.0,0.0,0.0,1
4100390M-002055635,1597.68,37.333333333333336,397.68000000000006,0.4444444444444445,0
S306747M-8113306,1597.36,16.541666666666668,76.3599999999999,3.4355555555555553,1
4100293M-002044341,1597.02,61.875,135.01999999999998,7.603703703703704,1
S306670M-8107261,1596.83,16.875,105.82999999999993,1.7583333333333333,1
HFJ184019-596774,1596.25,32.083333333333336,130.25,2.698611111111111,1
S509116M-8127452,1595.73,50.583333333333336,372.73,17.39351851851852,0
S306534M-8105218,1595.54,22.958333333333332,400.53999999999996,1.7569444444444446,1
S509055M-8125652,1595.39,46.333333333333336,135.3900000000001,30.509259259259256,0
S306568M-8103424,1595.21,31.208333333333332,135.21000000000004,3.472222222222222,1
NKJ0B80CJNKH30820-40-370046,1595.02,22.291666666666668,135.01999999999998,7.875,1
NH10181M-001941770,1594.15,26.666666666666668,134.1500000000001,2.6597222222222223,1
S306489M-8099633,1594.02,33.833333333333336,134.01999999999998,3.2708333333333335,1
5801521M-728372403,1593.96,51.666666666666664,133.96000000000004,59.65740740740741,0
NH10363M-001965129,1593.73,44.458333333333336,408.73,2.4513888888888893,1
S306801M-8116075,1593.43,30.083333333333332,127.43000000000006,3.175,1
NH10864M-002102315,1592.7,42.875,132.70000000000005,12.88888888888889,1
HFJ184545-612142,1591.32,44.0,131.31999999999994,14.270833333333332,1
S306537M-8105357,1591.05,48.958333333333336,117.04999999999995,16.346666666666668,1
S508291M,1590.46,27.541666666666668,106.46000000000004,2.7814814814814817,1
5800916M,1590.43,40.833333333333336,123.43000000000006,2.3902777777777775,1
S306210M-8085857,1590.1,26.791666666666668,115.09999999999991,3.0,1
HFJ184629-614089,1589.95,36.041666666666664,124.95000000000005,3.064814814814815,1
S508013M-8097144,1589.53,16.708333333333332,107.52999999999997,8.6,1
NKJ0B80CKPKH36571-48-415188,1587.94,48.833333333333336,387.94000000000005,16.444444444444446,0
NH1595307-355960DT,1587.57,44.5,0.0,0.0,1
HFJ183306-576537,1587.23,36.541666666666664,127.23000000000002,3.7152777777777777,1
S402823M,1587.07,33.0,127.06999999999994,3.0092592592592595,1
S507580M-8088330,1586.62,24.583333333333332,0.0,0.0,1
S306492M,1586.34,25.958333333333332,126.33999999999992,1.7870370370370372,1
S509435M-8133114,1585.77,53.5,125.76999999999998,20.38888888888889,0
S306957M-8120673,1585.51,50.875,125.50999999999999,9.494444444444444,1
S306271M-8087344,1585.5,42.541666666666664,39.5,5.447222222222223,1
S508473M-8107462,1585.17,38.083333333333336,125.17000000000007,5.8277777777777775,1
HFJ184203-599113,1584.95,30.125,124.95000000000005,2.5277777777777777,1
4100037M-001869036,1584.22,2.375,684.22,0.0,1
H101241M-8101872,1583.98,31.0,123.98000000000002,3.0370370370370368,1
S507500M-8086276,1583.28,27.75,116.27999999999997,2.7148148148148152,1
S508455M-8108230,1582.68,39.875,122.68000000000006,1.9930555555555554,1
5801305M-727387902,1581.68,48.041666666666664,121.68000000000006,4.977777777777778,1
NH10710M-002047200,1581.36,34.541666666666664,121.3599999999999,18.477777777777778,1
S508309M-8101857,1581.33,50.25,1017.3299999999999,42.74074074074074,1
S508870M-8123305,1581.23,42.791666666666664,109.23000000000002,6.306944444444445,1
S509561M-6308469,1579.54,47.5,119.53999999999996,0.4444444444444445,0
S507422M-8084175,1578.95,25.833333333333332,0.0,0.0,1
S509280M-8130096,1578.4,50.75,1018.4000000000001,13.305555555555554,1
4100302M-002033720,1578.27,36.833333333333336,1249.27,6.833333333333333,1
S508105M-8105345,1578.06,32.041666666666664,418.05999999999995,3.407407407407408,1
NH10101M-001870221,1577.42,23.291666666666668,417.4200000000001,2.0,1
S507658M-8087472,1577.27,29.458333333333332,41.26999999999998,2.8569444444444447,1
S509648M-6307859,1577.24,47.041666666666664,0.0,0.0,1
NH1658762-409931DT,1576.58,49.166666666666664,0.0,0.0,1
S509362M-8131410,1576.54,48.375,0.0,0.0,1
S402954M-8122502,1576.42,53.625,116.42000000000007,10.41111111111111,1
HFJ185053-625938,1576.32,41.875,416.31999999999994,5.394444444444445,1
HFJ182809-546897,1576.0,7.583333333333333,111.0,2.3333333333333335,1
S306408M-8093817,1575.83,27.666666666666668,113.82999999999993,2.8166666666666664,1
S306583M-8108190,1575.25,0.0,0.0,0.0,1
S509147M-8127560,1574.84,55.708333333333336,114.83999999999992,21.40740740740741,0
S508865M,1573.85,49.083333333333336,113.84999999999991,62.90740740740741,0
S204675M,1572.53,0.0,358.53,4.291666666666667,1
NH10407M-001963911,1572.23,46.125,112.23000000000002,3.8055555555555554,1
HFJ184040-595537,1571.94,33.708333333333336,111.94000000000005,5.5740740740740735,1
NKJ0B80CPRKH41710,1571.78,26.666666666666668,0.0,0.0,1
NH10783M-002055511,1571.74,43.333333333333336,111.74000000000001,8.055555555555555,1
S508190M-8104550,1571.64,33.375,111.6400000000001,3.1944444444444446,1
S507906M-8095814,1571.58,40.833333333333336,111.57999999999993,1.527777777777778,1
S508983M-8123919,1571.33,46.416666666666664,111.32999999999993,48.28240740740741,0
S508697M-8113427,1570.88,40.791666666666664,313.8800000000001,4.75,1
NH11008M-002151505,1569.39,50.833333333333336,409.3900000000001,7.111111111111112,1
S507567M,1568.49,14.0,0.0,0.0,1
NH10143M-001870229,1567.95,32.541666666666664,107.95000000000005,3.7222222222222223,1
S307024M-8123653,1567.88,49.916666666666664,107.88000000000011,34.31481481481482,0
S204809M-8123674,1567.82,25.75,107.81999999999994,18.574074074074073,0
S402696M-8089508,1567.09,27.833333333333332,0.0,0.0,1
S507623M-8088719,1567.06,24.416666666666668,0.0,0.0,1
S509119M-8127551,1566.67,44.0,106.67000000000007,5.763888888888889,0
S507760M-8091935,1566.47,32.708333333333336,0.0,0.0,1
4100417M-002054402,1566.18,37.0,699.1800000000001,22.1,1
NH10281M-001898977,1565.83,26.333333333333332,86.82999999999993,2.67962962962963,1
S507705M-8089574,1565.3,21.916666666666668,401.29999999999995,2.5703703703703704,1
S509126M-8128260,1564.25,13.833333333333334,104.25,0.4444444444444445,0
S507969M-8097237,1564.21,55.166666666666664,104.21000000000004,22.787037037037038,0
4100227M-002033029,1564.06,50.541666666666664,339.05999999999995,34.00462962962963,0
S306607M-8102102,1563.92,51.208333333333336,103.92000000000007,2.594444444444444,1
4100066M-001901659,1563.9,14.166666666666666,103.90000000000009,4.555555555555556,1
5801302M-728359325,1563.49,47.666666666666664,363.49,0.43333333333333335,0
S509286M-8130011,1563.01,48.0,403.01,83.55555555555556,1
5801285M-728359326,1561.37,39.916666666666664,101.36999999999989,3.590277777777778,1
NH10900M-002052366,1561.11,54.416666666666664,386.1099999999999,11.394444444444446,1
S508039M-8099740,1559.95,28.25,99.95000000000005,2.4583333333333335,1
HFJ185217-627396,1559.8,37.541666666666664,99.79999999999995,16.122222222222224,1
HFJ184624-614037,1559.76,43.291666666666664,99.75999999999999,61.18518518518518,0
NH10350M-001956307,1559.69,31.291666666666668,99.69000000000005,2.740740740740741,1
NH10496M,1558.71,31.625,372.71000000000004,3.4629629629629632,1
NH1583781-346542DT,1557.68,0.0,0.0,0.0,1
HFJ183131-571125,1557.45,21.166666666666668,93.45000000000005,2.1166666666666667,1
HCCZ3803ENCG47873-8101735,1557.39,0.0,0.0,0.0,1
S508426M-8108181,1557.3,26.333333333333332,350.29999999999995,1.6907407407407409,1
S508982M-8123921,1556.85,46.625,392.8499999999999,5.138888888888889,1
NKJ0B80CHNKH31876-48-383606,1556.52,44.416666666666664,92.51999999999998,3.55925925925926,1
S507509M,1556.48,12.541666666666666,94.48000000000002,2.7249999999999996,1
NH10296M-001967110,1555.92,32.625,95.92000000000007,1.0416666666666667,1
NH10589M-001988684,1555.82,31.541666666666668,95.81999999999994,2.9333333333333336,1
5800905M-728340035,1554.62,34.541666666666664,59.61999999999989,1.9629629629629628,1
S306596M-8108487,1553.69,18.833333333333332,384.69000000000005,2.5833333333333335,1
S508325M-8101775,1552.81,37.916666666666664,392.80999999999995,4.648148148148148,1
ZNJF01166,1552.73,43.875,0.0,0.0,1
4100211M-002033028,1551.65,39.625,951.6500000000001,4.111111111111112,1
4100065M-001901652,1550.36,25.125,90.3599999999999,3.3981481481481484,1
NH10552M,1549.9,19.0,389.9000000000001,2.388888888888889,1
NKJ0B80CANKH30370,1549.59,43.583333333333336,89.58999999999992,3.675925925925926,1
4100248M-002028067,1549.57,42.833333333333336,89.56999999999994,86.6111111111111,0
S204538M,1549.18,11.916666666666666,86.18000000000006,2.466666666666667,1
NH08370M-001589627,1548.96,1.6666666666666667,227.96000000000004,10.083333333333332,1
S507643M-8088341,1547.83,46.208333333333336,347.8299999999999,0.0,1
NH10841M-002086940,1546.82,38.875,686.8199999999999,37.22222222222222,1
HFJ183352-577445,1546.17,36.041666666666664,86.17000000000007,4.569444444444445,1
S306667M-8105998,1546.16,35.5,86.16000000000008,3.180555555555556,1
HFJ184521-610955,1545.69,35.416666666666664,85.69000000000005,5.2592592592592595,1
S507465M-8085213,1545.59,15.75,80.58999999999992,2.8333333333333335,1
S508181M,1545.55,26.291666666666668,72.54999999999995,2.5814814814814815,1
NKJ0B80CVNKH31713-48-382549,1543.99,41.166666666666664,83.99000000000001,2.1319444444444446,1
NKJ575SVHPKH34316-40-397726,1543.38,36.583333333333336,0.0,0.0,1
S507762M-8091919,1542.4,26.0,0.0,0.0,1
NH09730M-001859849,1541.6,25.958333333333332,77.59999999999991,7.225925925925925,1
S204586M-8088596,1541.11,3.2916666666666665,60.1099999999999,1.2666666666666666,1
S402727M-8093773,1540.9,21.833333333333332,80.90000000000009,2.7962962962962963,1
NH09790M-001854165,1540.58,11.75,6.579999999999927,8.175,1
S509543M-6304925,1538.87,50.083333333333336,1272.87,5.75,1
S508157M,1538.4,36.791666666666664,344.4000000000001,2.5185185185185186,1
4100132M-001963905,1534.35,26.5,49.34999999999991,3.3703703703703702,1
S306804M-8116077,1534.05,84.95833333333333,674.05,22.814814814814813,1
4100092M-001882700,1533.59,35.041666666666664,73.58999999999992,2.5,1
4100320M-002048997,1533.54,47.291666666666664,373.53999999999996,8.666666666666668,1
H101238M-8102834,1533.01,11.75,332.01,1.3750000000000002,1
S508209M-8104581,1532.94,40.958333333333336,70.94000000000005,3.216666666666667,1
S508945M-8122177,1532.76,47.041666666666664,371.76,1.3240740740740742,1
S508239M,1532.66,28.875,72.66000000000008,2.298611111111111,1
S306650M-8105213,1532.31,42.833333333333336,670.31,5.472222222222222,1
S508369M-8107524,1532.16,42.25,72.16000000000008,3.2,1
5801597M-727415510,1531.86,52.041666666666664,589.8599999999999,2.8,1
NH1622444-377908DT,1531.48,30.0,0.0,0.0,1
4100245M-002031143,1531.23,44.625,360.23,20.131944444444443,1
S307006M-8123661,1530.39,46.125,70.3900000000001,6.046296296296297,0
NH10361M-001967090,1529.64,42.041666666666664,329.6400000000001,0.75,1
4100364M-002048938,1528.94,37.166666666666664,1192.94,184.0,1
5801140M-728355447,1528.85,36.583333333333336,68.84999999999991,3.0069444444444446,1
S509010M-8126655,1528.29,40.875,328.28999999999996,0.6,1
S402973M-8127619,1526.42,39.958333333333336,66.42000000000007,5.85,1
HFJ182842-558059,1525.31,21.041666666666668,65.30999999999995,2.3333333333333335,1
4100439M-002049928,1524.47,40.208333333333336,64.47000000000003,20.268518518518515,0
S508129M-8105164,1523.59,78.33333333333333,352.5899999999999,3.9907407407407405,1
T050203M-715363826,1522.59,23.5,62.58999999999992,1.8333333333333333,1
NH10335M-001963258,1522.37,19.625,62.36999999999989,2.916666666666667,1
NH10421M-001968323,1522.19,57.708333333333336,62.190000000000055,13.800925925925926,0
NH10088M-001928689,1522.1,18.75,62.09999999999991,1.888888888888889,1
4100425M-002056720,1522.02,32.458333333333336,362.02,21.944444444444443,1
5801323M-727367266,1521.7,48.75,61.700000000000045,17.477777777777778,1
HFJ184739-613319,1521.07,39.291666666666664,61.069999999999936,5.868055555555555,1
5800649M-727340218,1520.67,7.0,41.67000000000007,2.3666666666666667,1
HFJ185560-643376,1520.04,0.16666666666666666,360.03999999999996,5.666666666666667,1
S306779M-8114350,1519.35,28.583333333333332,59.34999999999991,3.006944444444444,1
NH1685463-436224DT,1518.78,47.666666666666664,0.0,0.0,1
S508621M-8112808,1518.31,29.458333333333332,58.309999999999945,2.326388888888889,1
NH10749M-002054642,1518.2,48.5,58.200000000000045,14.625,1
NH10291M-001972976,1518.13,29.708333333333332,56.13000000000011,3.2796296296296297,1
S306533M-8105233,1517.37,32.0,57.36999999999989,3.1296296296296298,1
5801611M-728420644,1517.3,46.0,550.3,78.22222222222221,1
S508944M-8125654,1517.13,47.416666666666664,307.1300000000001,10.222222222222221,1
5800469M,1517.06,21.541666666666668,57.059999999999945,3.0092592592592595,1
NH10130M-001872583,1516.77,17.875,56.76999999999998,1.203703703703704,1
S508842M-8121267,1515.87,46.5,353.8699999999999,52.68888888888889,1
S508723M-8117891,1515.74,39.583333333333336,1011.74,68.0,1
S509419M-8132049,1515.5,42.458333333333336,915.5,0.6666666666666667,1
NH09932M,1515.0,16.666666666666668,330.0,1.25,1
S508156M,1514.93,0.0,54.930000000000064,2.4583333333333335,1
S508663M-8114090,1514.93,43.291666666666664,54.930000000000064,7.75925925925926,1
S402671M-8091411,1514.46,19.458333333333332,226.46000000000004,3.722222222222222,1
S508387M-8107836,1514.19,38.875,327.19000000000005,3.243055555555556,1
S204624M,1513.14,26.083333333333332,53.1400000000001,3.4444444444444446,1
NH10646M-002027914,1513.12,41.416666666666664,653.1199999999999,13.148148148148147,1
NH8623193-378297DT,1512.82,21.291666666666668,0.0,0.0,1
5801396M-727369598,1512.25,51.791666666666664,352.25,3.592592592592593,1
5801106M-728375858,1511.89,11.583333333333334,311.8900000000001,3.136111111111111,1
NKJ0B80CPPKH33314-48-390547,1511.88,53.5,51.88000000000011,3.0069444444444446,1
5801388M-727370432,1511.83,49.0,231.82999999999993,23.333333333333336,1
S402694M-8089512,1511.1,27.458333333333332,651.0999999999999,3.4305555555555554,1
S507594M-8089733,1510.97,25.583333333333332,0.0,0.0,1
S507649M,1510.9,32.541666666666664,348.9000000000001,1.7500000000000002,1
S204694M-8107272,1510.39,30.541666666666668,50.3900000000001,3.076388888888889,1
4100159M-001987376,1510.24,28.208333333333332,50.24000000000001,2.861111111111111,1
S507992M-8097242,1510.2,16.083333333333332,350.20000000000005,3.666666666666667,1
4100100M-001898978,1509.61,25.666666666666668,641.6099999999999,2.4629629629629632,1
NH09789M-001856190,1509.38,24.5,5.380000000000109,4.042592592592593,1
HFJ183684-588704,1509.06,21.208333333333332,34.059999999999945,2.0000000000000004,1
4100423M-002047933,1508.94,44.291666666666664,48.940000000000055,8.188888888888888,1
S509388M-8131975,1508.94,47.083333333333336,48.940000000000055,8.657407407407407,0
HFJ184724-610834,1507.98,40.583333333333336,47.98000000000002,4.388888888888889,1
T050518M-715378502,1507.92,38.708333333333336,334.9200000000001,2.4544444444444444,1
S509041M-8126679,1507.72,47.208333333333336,309.72,6.055555555555555,1
JXT1675471-426596DT,1507.24,45.333333333333336,0.0,0.0,1
H101275M-8109795,1507.07,44.458333333333336,315.06999999999994,5.458333333333333,1
S402760M-8099747,1506.74,26.75,46.74000000000001,2.9629629629629632,1
NH10337M-001967106,1505.14,12.25,170.1400000000001,7.625,1
S509227M-8129140,1504.67,47.083333333333336,344.6700000000001,24.044444444444444,1
H000386M-8085639,1504.31,18.791666666666668,44.309999999999945,2.625,1
S01739M-8011242,1504.06,21.375,23.059999999999945,0.925,1
S509095M-8127622,1504.01,50.041666666666664,344.01,23.91111111111111,1
S306849M-8119317,1503.84,38.041666666666664,329.8399999999999,4.513888888888889,1
LSM0W40RCP0310701-GB230074,1503.6,32.75,0.0,0.0,1
S507905M-8097146,1503.42,27.791666666666668,43.42000000000007,3.3703703703703707,1
NH09921M-001859872,1502.94,19.541666666666668,38.940000000000055,2.783333333333333,1
NH10549M,1502.67,33.541666666666664,42.67000000000007,3.9888888888888894,1
S306504M-8102838,1502.41,9.166666666666666,39.41000000000008,2.466666666666667,1
S508152M-8105955,1502.15,33.791666666666664,42.15000000000009,10.42361111111111,1
S508413M-8107448,1500.13,30.791666666666668,639.1300000000001,5.527777777777779,1
S508374M-8107535,1499.71,30.875,274.71000000000004,4.398148148148148,1
5800565M-727332408,1499.69,6.875,0.0,0.0,1
S508625M-8110881,1499.11,41.125,589.1099999999999,74.9888888888889,0
H101249M-8102116,1497.99,53.416666666666664,317.99,4.481481481481481,1
S509065M-8126621,1497.87,50.75,308.8699999999999,48.40555555555556,0
NH09639M,1495.97,12.75,29.970000000000027,2.675,1
S306314M-8087455,1495.67,19.75,330.6700000000001,3.4027777777777777,1
S204716M-8108780,1495.39,38.875,35.3900000000001,5.305555555555555,1
5800401M,1495.33,27.625,32.32999999999993,2.896296296296297,1
NKJ0B80CPNKH31723-48-372596,1495.27,36.375,310.27,5.231481481481482,1
S509033M-8126617,1495.14,45.5,330.1400000000001,11.927777777777777,0
S508988M-8123920,1494.8,50.416666666666664,332.79999999999995,10.805555555555557,1
S507724M,1494.78,27.833333333333332,19.779999999999973,6.296296296296297,1
S204839M-6308074,1494.3,46.458333333333336,0.0,0.0,1
S507666M-8089797,1491.96,26.875,31.960000000000036,2.861111111111111,1
5800935M-727354903,1491.51,42.875,284.51,3.1944444444444446,1
S508038M-8099737,1490.98,28.541666666666668,30.980000000000018,3.0972222222222223,1
S509037M-8126615,1490.52,48.541666666666664,300.52,0.9888888888888889,0
S509047M-8125755,1490.51,43.166666666666664,630.51,10.755555555555556,0
S508312M-8101777,1490.42,30.25,30.420000000000073,1.9537037037037035,1
HFJ185567-642845,1490.29,44.125,329.28999999999996,18.79861111111111,1
S507440M-8076182,1489.93,28.166666666666668,0.0,0.0,1
NH10795M-002034680,1489.83,43.5,620.8299999999999,24.923611111111114,1
NH10278M-001900714,1489.54,24.208333333333332,329.53999999999996,1.6666666666666667,1
5801526M-728386394,1487.31,52.375,927.31,7.061111111111112,0
S509285M-8130112,1486.6,48.0,616.5999999999999,2.791666666666667,1
S306963M-8124458,1485.66,46.291666666666664,601.6600000000001,10.188888888888888,0
S507700M,1484.44,15.083333333333334,322.44000000000005,3.166666666666667,1
S507445M-8084302,1484.18,21.625,0.0,0.0,1
NH10271M-001883059,1482.75,106.70833333333333,322.75,26.53333333333333,0
S507752M,1482.7,18.875,15.700000000000045,1.974074074074074,1
4100254M-002029632,1482.09,31.458333333333332,22.089999999999918,10.405555555555555,1
S507577M-8086484,1481.29,24.125,0.0,0.0,1
S509570M-6308197,1481.23,49.708333333333336,321.23,5.7555555555555555,0
NH10924M-002107111,1481.22,38.375,1070.22,34.08888888888889,0
S507555M-8088315,1481.12,18.791666666666668,21.11999999999989,5.0,1
S507490M,1481.03,6.75,17.029999999999973,2.4,1
HFJ183805,1480.31,16.833333333333332,0.30999999999994543,6.25,1
4100034M-001871867,1479.08,7.625,0.0,0.0,1
S508574M-8108671,1477.26,3.0416666666666665,291.26,11.5,1
NH11027M-002133021,1476.77,38.958333333333336,566.77,43.15555555555555,0
LSM0B25RVP0310448-311173,1476.72,38.125,0.0,0.0,1
S306558M-8105224,1475.65,12.083333333333334,6.650000000000091,2.7,1
4100372M-002050042,1475.55,39.708333333333336,315.54999999999995,16.333333333333336,0
4100304M-002034710,1475.32,47.0,299.31999999999994,21.75,1
NH10424M,1475.21,26.291666666666668,275.21000000000004,5.277777777777778,1
HFJ183479-582958,1474.89,45.291666666666664,301.8900000000001,5.648611111111111,1
S508586M-8108670,1474.8,38.875,222.79999999999995,9.25,1
5800936M-727359759,1474.53,42.583333333333336,614.53,6.361111111111112,1
S509345M-8131374,1473.81,45.083333333333336,801.81,8.155555555555555,0
NH09820M-001870295,1473.17,16.708333333333332,258.1700000000001,1.25,1
NH10400M-00195542,1473.14,44.791666666666664,604.1400000000001,5.288888888888889,0
S508454M-8107503,1473.0,38.791666666666664,302.0,4.175925925925926,1
S306449M-8097588,1472.3,21.333333333333332,273.29999999999995,0.875,1
S507841M-8094820,1472.12,24.291666666666668,312.1199999999999,3.7777777777777777,1
NH10700M-002044303,1472.11,44.458333333333336,312.1099999999999,4.983333333333333,1
S306676M,1471.43,27.625,276.43000000000006,2.3750000000000004,1
NH10141M-001944638,1471.31,26.208333333333332,307.30999999999995,1.6666666666666667,1
S509513M-6302910,1471.09,42.791666666666664,640.0899999999999,11.544444444444444,0
S306397M-8094671,1470.3,23.208333333333332,214.29999999999995,4.555555555555555,1
NH10730M-002048267,1469.84,39.25,257.8399999999999,1.5555555555555558,1
NH1648500-400007DT,1469.61,43.583333333333336,0.0,0.0,1
NH10329M-001933096,1469.56,36.708333333333336,295.55999999999995,2.7592592592592595,1
S204557M-8088372,1469.27,15.416666666666666,299.27,2.5,1
4100186M-001926033,1468.81,25.166666666666668,225.80999999999995,3.261111111111111,1
5801000M-727358811,1468.34,27.5,307.3399999999999,3.791666666666667,1
NH10649M-002006056,1468.29,32.458333333333336,308.28999999999996,5.592592592592593,1
S508244M,1467.83,31.791666666666668,7.829999999999927,2.7777777777777777,1
S204568M-8088654,1466.15,24.666666666666668,304.1500000000001,3.5833333333333335,1
HFJ183440-578665,1466.05,33.666666666666664,0.0,0.0,1
NH09842M-001881604,1465.75,16.875,236.75,3.3194444444444446,1
S507944M,1465.65,28.791666666666668,172.6500000000001,4.953703703703703,1
4100060M-001883265,1464.74,26.916666666666668,253.74,5.791666666666667,1
S306787M-8114336,1464.29,38.625,4.289999999999964,9.131944444444445,1
NH1691021-441679DT,1463.33,41.708333333333336,0.0,0.0,1
NKJ0B80CHPKH34439,1462.84,35.666666666666664,676.8399999999999,13.055555555555557,1
4100249M-002028550,1462.26,34.333333333333336,302.26,15.180555555555555,1
S507979M,1462.23,28.833333333333332,223.23000000000002,2.5092592592592595,1
NH1665235-416358DT,1462.15,46.583333333333336,0.0,0.0,1
S507657M,1461.22,18.5,1.2200000000000273,3.4814814814814814,1
S509264M-8130097,1461.21,45.291666666666664,301.21000000000004,9.522222222222222,0
HFJ184061-597259,1461.03,44.0,301.03,9.680555555555555,1
S204681M,1460.7,0.0,857.7,1.6481481481481481,1
S306890M-8117615,1460.57,28.125,598.5699999999999,19.847222222222225,1
H101243M-8105212,1460.44,39.916666666666664,297.44000000000005,2.342592592592593,1
NH10949M-002140354,1459.65,44.708333333333336,599.6500000000001,11.822222222222223,0
S508556M-8110415,1459.33,43.375,299.3299999999999,3.638888888888889,1
S402677M,1458.98,17.166666666666668,298.98,3.3333333333333335,1
NH10901M-002053257,1457.63,49.791666666666664,297.6300000000001,34.32222222222222,0
NH09829M,1456.47,26.875,596.47,2.2222222222222223,1
4100202M-002020514,1456.33,33.708333333333336,256.3299999999999,0.5555555555555556,1
5801292M-727390600,1455.93,31.75,276.93000000000006,2.7870370370370368,1
S507894M-8095773,1455.7,35.916666666666664,295.70000000000005,3.407407407407408,1
NH10303M-001963240,1455.39,37.541666666666664,282.3900000000001,4.194444444444445,1
HFJ185919-652710,1455.23,46.0,0.0,0.0,1
HFJ182859-559193,1454.94,7.625,215.94000000000005,3.25,1
S402716M-8093786,1454.91,18.916666666666668,216.91000000000008,1.5833333333333335,1
NH09768M-001861837,1454.86,23.666666666666668,254.8599999999999,2.2222222222222223,1
S507571M-8080509,1454.29,26.875,0.0,0.0,1
S508457M-8107845,1453.39,42.041666666666664,292.3900000000001,5.590277777777778,1
S508909M-8122501,1452.88,43.416666666666664,178.8800000000001,12.511111111111111,0
NH10015M,1452.76,30.708333333333332,280.76,3.925925925925926,1
5801754M-727389454,1452.32,43.958333333333336,292.31999999999994,74.92222222222222,0
S508370M-8107452,1452.16,34.625,231.16000000000008,1.7986111111111112,1
JJGN58SRARC781809,1451.78,3.7083333333333335,0.0,0.0,1
HFJ183122-571668,1451.61,38.083333333333336,291.6099999999999,5.027777777777778,1
T050373M-715370061,1449.77,55.125,583.77,4.527777777777778,1
5801318M-728359323,1448.63,30.541666666666668,219.6300000000001,6.0092592592592595,1
5800397M-728311105,1447.06,23.0,247.05999999999995,0.0,1
S306632M-8105980,1446.59,26.583333333333332,282.5899999999999,2.8333333333333335,1
S507836M-8093776,1446.44,26.833333333333332,286.44000000000005,3.833333333333334,1
S507869M,1446.3,22.0,286.29999999999995,3.8888888888888893,1
S508525M-8108179,1446.03,45.083333333333336,286.03,6.688888888888888,0
5801625M-727427929,1446.02,46.875,561.02,4.791666666666666,1
S509369M-8131408,1445.72,44.25,285.72,4.930555555555555,1
H101185M-8085873,1445.63,28.083333333333332,582.6300000000001,2.8472222222222223,1
S306843M-8119314,1444.92,46.875,241.92000000000007,2.7870370370370368,1
S306234M-8085294,1443.68,8.083333333333334,276.68000000000006,2.75,1
S507516M-8086271,1442.71,0.20833333333333334,0.0,0.0,1
NH1672328-423341DT,1442.7,31.416666666666668,0.0,0.0,1
NH10473M-002013436,1442.28,36.125,173.27999999999997,4.076388888888889,1
5800729M,1442.04,35.375,212.03999999999996,2.5972222222222223,1
4100161M-001871868,1442.01,33.041666666666664,228.01,2.611111111111111,1
S508302M-8103378,1441.89,0.2916666666666667,0.0,0.0,1
HBZN621EENAE14142,1441.47,43.5,0.0,0.0,1
S306346M-8091407,1441.01,26.166666666666668,274.01,3.5972222222222223,1
NH10457M-001970279,1440.69,30.708333333333332,263.69000000000005,17.305555555555554,1
4100495M-002133024,1440.33,42.791666666666664,280.3299999999999,5.1,0
S507937M-8097150,1440.29,39.125,270.28999999999996,4.092592592592593,1
NH1680768-431895DT,1439.67,47.416666666666664,0.0,0.0,1
5800345M,1439.66,38.0,0.0,0.0,1
S507718M,1439.18,21.791666666666668,275.18000000000006,3.611111111111111,1
HFJ182914-562574,1438.97,29.375,256.97,3.055555555555556,1
5800771M,1438.69,24.291666666666668,278.69000000000005,2.055555555555556,1
S204551M-8086389,1438.46,23.208333333333332,274.46000000000004,2.666666666666667,1
NH10465M-001988054,1438.11,0.0,49.1099999999999,8.705555555555556,0
4100282M-002046480,1438.07,8.541666666666666,238.06999999999994,0.0,1
S508184M-8104595,1438.03,10.875,276.03,1.6666666666666667,1
S508546M-8109978,1437.63,0.0,247.6300000000001,11.75,1
S507670M-8089786,1437.56,34.0,237.55999999999995,1.8888888888888886,1
S306582M-8107283,1437.02,23.125,274.02,4.194444444444445,1
S306620M-8108214,1437.0,9.708333333333334,233.0,0.33333333333333337,1
S509039M-8126677,1435.99,50.458333333333336,564.99,17.377777777777776,0
S507678M-8089815,1435.71,24.791666666666668,264.71000000000004,1.2083333333333333,1
S508779M-8122493,1434.35,42.25,571.3499999999999,11.870370370370368,1
HFJ185687-647719,1433.79,42.791666666666664,263.78999999999996,5.611111111111111,1
5800923M-727354583,1432.92,29.041666666666668,271.9200000000001,3.7685185185185186,1
S306199M,1432.88,50.375,0.0,0.0,1
T050447M-715374125,1432.39,35.041666666666664,240.3900000000001,3.574074074074074,1
S204651M-8102844,1432.0,72.20833333333333,272.0,32.56944444444444,1
S307026M-8123658,1431.48,11.541666666666666,271.48,58.02222222222222,0
NH10242M-001883407,1431.47,36.958333333333336,267.47,4.944444444444445,1
S509278M-8129687,1430.88,51.083333333333336,270.8800000000001,55.86666666666666,0
S508049M-8099771,1430.25,17.916666666666668,255.25,2.083333333333333,1
S509237M-8130053,1430.19,40.208333333333336,270.19000000000005,7.122222222222222,0
NH10108M-001898877,1429.95,9.208333333333334,269.95000000000005,3.3333333333333335,1
S509011M-8126623,1429.24,36.625,529.24,0.0,0
4100207M-002033076,1429.12,23.125,0.0,0.0,1
S306309M,1428.73,18.416666666666668,268.73,3.3333333333333335,1
S509535M-6306184,1428.58,45.291666666666664,1167.58,7.4222222222222225,0
5801300M-728352214,1428.52,35.708333333333336,268.52,8.902777777777779,1
S508389M-8107864,1428.37,29.25,828.3699999999999,2.361111111111111,1
NH10340M-001961062,1426.73,20.875,251.73000000000002,6.5625,1
5800434M-727327573,1426.25,26.166666666666668,259.25,3.0972222222222223,1
H101271M-8113307,1423.67,27.166666666666668,261.6700000000001,3.1296296296296298,1
S306213M-8085637,1423.24,30.333333333333332,249.24,3.305555555555556,1
HFJ185416-636996,1423.12,44.916666666666664,215.1199999999999,21.27777777777778,1
S507785M-8091926,1422.84,20.333333333333332,562.8399999999999,3.138888888888889,1
S508847M-8121285,1421.78,37.583333333333336,0.0,0.0,1
S509277M-8129686,1421.77,48.041666666666664,261.77,6.911111111111111,0
LSMF50BRCP0310197-RC230176,1421.75,43.083333333333336,0.0,0.0,1
4100618M-002219625,1420.24,26.666666666666668,0.0,0.0,1
S402821M-8102009,1419.45,33.208333333333336,254.45000000000005,1.1203703703703702,1
S507707M-8089587,1419.17,25.083333333333332,0.0,0.0,1
S509045M-8126654,1418.88,45.583333333333336,229.8800000000001,4.3388888888888895,0
S306454M,1418.76,22.041666666666668,257.76,3.625,1
NH09894M-001902364,1417.97,18.416666666666668,205.97000000000003,1.0,1
S306659M-8108010,1417.45,43.458333333333336,255.45000000000005,7.5,1
NH10693M-002027956,1416.97,54.708333333333336,235.97000000000003,8.55,0
S508611M-8112806,1416.68,36.458333333333336,0.0,0.0,1
HFJ185326-632596,1416.04,40.708333333333336,550.04,16.77777777777778,1
5800886M-727351257,1415.77,41.291666666666664,252.76999999999998,4.270833333333334,1
5801033M-728348503,1415.22,23.666666666666668,255.22000000000003,2.907407407407408,1
5801307M-727387743,1415.04,50.375,254.03999999999996,87.18333333333332,0
S507478M-8085711,1414.45,10.583333333333334,0.0,0.0,1
NH1688737-439315DT,1414.2,42.125,0.0,0.0,1
4100105M-001894473,1413.38,31.916666666666668,253.3800000000001,4.648148148148148,1
S507751M-8088628,1413.37,19.125,109.36999999999989,4.990740740740741,1
S306147M-8077530,1413.13,0.8333333333333334,213.1300000000001,1.2,0
S306991M-8122400,1412.5,46.916666666666664,762.5,37.22222222222222,0
S509123M-8127552,1411.58,42.708333333333336,251.57999999999993,3.1,0
5801353M-728360390,1411.01,39.166666666666664,446.01,4.180555555555555,1
375148M-NE154389,1410.81,32.333333333333336,543.81,4.166666666666667,1
S402685M-8088361,1410.13,11.666666666666666,26.13000000000011,15.333333333333332,1
S509019M-8126632,1409.5,44.583333333333336,249.5,10.208333333333334,1
S57000M-8071909,1409.07,7.541666666666667,0.0,0.0,1
S507809M-8094664,1408.74,26.5,244.74,1.037037037037037,1
LSM0W40RPP0310791,1408.6,46.25,0.0,0.0,1
NH10664M-002028273,1408.42,37.708333333333336,248.42000000000007,16.694444444444443,1
S507831M-8094656,1407.95,29.791666666666668,207.95000000000005,2.5,1
S402751M-8095815,1407.59,30.208333333333332,285.5899999999999,4.5,1
S509305M-8130018,1407.38,40.166666666666664,247.3800000000001,42.511111111111106,0
S509533M-6306187,1407.06,41.916666666666664,740.06,10.683333333333334,0
S509555M,1407.04,43.208333333333336,723.04,7.222222222222223,0
NH1648412-399904DT,1406.92,33.708333333333336,0.0,0.0,1
NH09838M-001840242,1406.73,25.541666666666668,241.73000000000002,2.8472222222222223,1
JJGN58SRHPC781678,1406.38,29.833333333333332,0.0,0.0,1
NH10122M-001940352,1404.28,35.5,236.27999999999997,3.6111111111111116,1
4100369M-002051531,1403.97,17.458333333333332,1063.97,13.333333333333334,1
S507862M-8094011,1402.94,30.541666666666668,207.94000000000005,3.25,1
S508422M-8107432,1402.54,35.541666666666664,217.53999999999996,1.2685185185185186,1
S306610M-8102100,1401.91,14.041666666666666,501.9100000000001,2.5416666666666665,1
S306917M,1401.77,30.75,523.77,9.194444444444445,1
S402708M-8091931,1401.07,29.458333333333332,0.0,0.0,1
S306615M-8101694,1400.12,24.583333333333332,195.1199999999999,2.3750000000000004,1
S508411M-8107883,1399.34,30.75,239.33999999999992,4.518518518518518,1
NH09818M,1398.84,18.291666666666668,237.83999999999992,3.8472222222222223,1
S509266M-8130059,1398.63,39.583333333333336,238.6300000000001,7.736111111111112,1
S306929M-8119818,1397.21,43.625,228.21000000000004,11.743055555555555,1
S507848M-8093492,1397.2,46.541666666666664,196.20000000000005,24.794444444444444,0
S402865M-8107882,1396.93,41.666666666666664,236.93000000000006,47.64444444444445,0
H101288M-8116085,1396.23,45.208333333333336,236.23000000000002,6.666666666666666,1
WNCE1601HPAL00692,1395.88,0.0,0.0,0.0,1
4100263M-002028082,1395.64,22.041666666666668,1350.64,10.0,1
T051012M-715433992,1394.85,31.125,0.0,0.0,1
HFJ183392-564917,1394.72,31.583333333333332,188.72000000000003,1.5,1
NKJ0B80CJPKH33316-48-388931,1394.48,36.125,234.48000000000002,24.527777777777775,1
NH09828M-001857021,1394.45,0.25,0.0,0.0,1
S509081M-8125854,1394.03,40.25,234.02999999999997,17.13888888888889,1
S507613M-8088326,1393.86,20.833333333333332,146.8599999999999,4.180555555555555,1
S306916M,1393.68,45.333333333333336,233.68000000000006,6.875000000000001,1
5800921M-727354760,1393.66,40.458333333333336,209.66000000000008,3.407407407407408,1
S402775M-8099762,1393.33,28.875,196.32999999999993,2.8981481481481484,1
4100276M-002028538,1392.87,25.875,232.8699999999999,65.51111111111112,0
S509310M-8130108,1392.54,41.083333333333336,232.53999999999996,0.6666666666666667,0
S306329M,1391.37,32.375,199.3699999999999,2.0185185185185186,1
HFJ183307-576564,1391.3,38.0,210.29999999999995,2.7870370370370376,1
NKJ575SVTPKH36443,1391.2,14.875,27.200000000000045,13.666666666666666,1
S306405M-8093798,1390.75,11.875,190.75,0.0,1
S306732M-8108693,1390.45,44.5,230.45000000000005,4.388888888888888,0
NH09836M-001878041,1390.39,21.583333333333332,197.3900000000001,2.513888888888889,1
S509149M-8127445,1390.21,40.5,230.21000000000004,24.377777777777776,0
S508417M-8107838,1389.92,39.791666666666664,526.9200000000001,2.5694444444444446,1
5801599M-727415600,1389.87,32.958333333333336,227.8699999999999,24.055555555555554,0
5800777M,1389.4,17.291666666666668,220.4000000000001,2.013888888888889,1
S508453M-8108223,1389.15,27.833333333333332,227.1500000000001,2.2592592592592595,1
ZNJF01499,1389.12,43.5,0.0,0.0,1
5800664M,1388.73,1.375,222.73000000000002,3.638888888888889,1
HFJ183591-584822,1388.07,12.458333333333334,214.06999999999994,3.0740740740740744,1
4100502M-002048563,1387.92,38.125,0.0,0.0,1
NH10178M-001955515,1387.8,32.333333333333336,227.79999999999995,5.0,1
NH09674M-001843048,1387.77,3.2916666666666665,207.76999999999998,1.6666666666666667,1
S402997M-8132041,1387.14,44.041666666666664,227.1400000000001,79.4888888888889,0
S508575M-8108767,1387.12,41.583333333333336,210.1199999999999,7.157407407407407,1
NH10246M-001944640,1386.94,34.833333333333336,521.94,13.177777777777777,0
HFJ185350-633819,1386.51,41.833333333333336,186.51,40.022222222222226,0
S509214M-8129149,1386.16,42.5,434.1600000000001,9.422222222222222,0
4100285M-002046511,1385.91,37.458333333333336,225.91000000000008,13.481481481481483,1
S306556M-8105214,1385.91,38.583333333333336,189.91000000000008,4.388888888888889,1
T050410M-715377804,1384.24,35.208333333333336,524.24,7.236111111111112,1
5800562M-727334017,1384.04,16.25,221.03999999999996,2.6527777777777777,1
S402686M-8088359,1382.12,10.291666666666666,0.0,0.0,1
HFJ185592-644392,1381.97,42.125,221.97000000000003,84.61111111111111,0
S507572M-8089513,1381.65,22.375,181.6500000000001,0.0,1
NH09997M-001864742,1380.78,15.333333333333334,217.77999999999997,3.0833333333333335,1
S204537M-8086055,1380.49,33.041666666666664,180.49,2.555555555555556,1
HFJ185395-636028,1379.81,43.625,219.80999999999995,6.166666666666666,0
HFJ182897-560437,1379.53,28.75,187.52999999999997,3.592592592592593,1
NH10002M-001932245,1378.93,19.5,54.930000000000064,7.388888888888889,1
NH10309M-001965106,1378.52,29.458333333333332,218.51999999999998,2.7962962962962963,1
S306729M-8109008,1377.64,36.75,514.6400000000001,5.902777777777778,1
S204520M-8081184,1376.5,19.166666666666668,215.5,3.8472222222222223,1
NH10596M-001988667,1376.08,43.25,216.07999999999993,6.522222222222223,0
5801559M-727414171,1375.73,38.916666666666664,215.73000000000002,14.38888888888889,0
LSM0W40RAR0310865-GB240017,1375.3,52.583333333333336,0.0,0.0,1
S204782M-8118081,1375.22,40.541666666666664,204.22000000000003,4.394444444444444,0
S306458M-8097609,1375.01,14.666666666666666,202.01,2.25,1
NH09792M-001842618,1374.81,23.666666666666668,141.80999999999995,3.435185185185185,1
NH10953M-002143054,1374.35,36.416666666666664,808.3499999999999,9.027777777777779,1
S508421M-8107465,1373.98,38.625,457.98,4.888888888888889,0
HFJ184351-606436,1373.76,29.625,213.76,8.291666666666666,1
S306423M-8093919,1373.73,0.0,0.0,0.0,1
S507541M-8086254,1373.38,14.125,173.3800000000001,0.0,1
S402967M-8122499,1373.2,46.916666666666664,467.20000000000005,23.3,0
HFJ185246-631046,1373.15,39.75,199.1500000000001,10.027777777777777,1
4100165M-001924684,1371.34,33.5,171.33999999999992,0.0,1
S508458M-8107520,1370.75,33.083333333333336,1110.75,13.333333333333334,1
S306831M-8118080,1370.67,32.375,210.67000000000007,19.02222222222222,0
S306413M-8094840,1370.66,25.875,210.66000000000008,3.7777777777777777,1
NH10833M-002101000,1370.42,42.166666666666664,210.42000000000007,47.26666666666667,0
S204593M-8089754,1370.4,19.625,173.4000000000001,2.3472222222222223,1
S508801M-8123556,1369.68,45.291666666666664,809.6800000000001,72.17777777777778,0
S508536M-8110416,1369.66,36.041666666666664,503.6600000000001,19.381944444444443,1
S204711M-8107270,1369.45,58.791666666666664,506.45000000000005,9.155555555555555,0
S402900M-8113422,1369.23,39.083333333333336,209.23000000000002,12.319444444444443,1
S306810M-8116080,1369.13,24.166666666666668,209.1300000000001,5.544444444444445,0
NH09939M-001886924,1368.52,34.0,207.51999999999998,3.2870370370370368,1
S306884M-8117595,1368.52,0.08333333333333333,0.0,0.0,1
S402674M-8088621,1367.72,0.0,0.0,0.0,1
S508750M-8120664,1367.36,30.333333333333332,207.3599999999999,39.236111111111114,1
S507446M-8084305,1366.98,15.375,506.98,2.8472222222222223,1
NH10767M-002034670,1364.97,38.541666666666664,443.97,79.53333333333333,0
NH10431M-001904502,1364.94,27.666666666666668,155.94000000000005,3.527777777777778,1
NH09994M-001931696,1363.81,20.458333333333332,203.80999999999995,3.8888888888888893,1
S508041M-8099727,1363.22,34.458333333333336,163.22000000000003,3.592592592592593,1
S508805M-8122262,1363.22,43.708333333333336,203.22000000000003,19.833333333333336,1
HFJ183751-587679,1363.01,16.708333333333332,163.01,2.2222222222222223,1
HFJ183961-595118,1362.55,43.125,202.54999999999995,5.0888888888888895,0
PO6603X0DT022518,1362.37,9.583333333333334,0.0,0.0,1
NH1642960-394283DT,1362.27,30.125,0.0,0.0,1
HFJ184474-610387,1362.24,23.041666666666668,198.24,15.370370370370368,1
S509428M-8133110,1361.1,45.5,201.0999999999999,4.555555555555555,0
4100441M-002049281,1360.82,35.583333333333336,0.0,0.0,1
HFJ184740-613738,1359.82,47.125,169.81999999999994,11.518518518518519,1
HFJ183726-589234,1358.79,25.75,163.78999999999996,3.5833333333333335,1
S306638M-8106345,1358.68,58.0,457.68000000000006,11.155555555555555,0
HFJ184297-602694,1358.03,31.25,0.0,0.0,1
JXT1643952-395516DT,1358.01,36.875,0.0,0.0,1
S204577M-8088585,1357.61,31.25,111.6099999999999,3.814814814814815,1
NKJOB80CPNKH30815,1357.34,30.583333333333332,197.33999999999992,24.444444444444443,1
S507735M,1356.96,22.125,81.96000000000004,3.9027777777777777,1
S507980M-8097241,1356.95,33.25,164.95000000000005,3.1805555555555554,1
S306840M-8117600,1356.91,38.208333333333336,156.91000000000008,0.0,1
HFJ184101-598157,1356.66,38.208333333333336,196.66000000000008,66.23333333333333,0
NH1641367-393073DT,1356.23,41.75,0.0,0.0,1
S507436M,1356.21,7.833333333333333,193.21000000000004,3.0833333333333335,1
S403011M-8131978,1355.63,38.291666666666664,195.6300000000001,45.38888888888889,0
S507834M-8093781,1355.47,30.416666666666668,172.47000000000003,2.805555555555556,1
NH10126M-001893472,1355.41,21.75,255.41000000000008,4.166666666666666,1
NH10525M-001990183,1355.17,42.833333333333336,195.17000000000007,5.777777777777778,1
NH09685M-001809546,1354.18,17.375,71.18000000000006,5.680555555555555,1
NH10896M-002053320,1354.16,40.916666666666664,194.16000000000008,56.488888888888894,0
H101197M-8088655,1352.63,24.25,148.6300000000001,0.888888888888889,1
S508817M-8122484,1352.09,36.416666666666664,192.08999999999992,3.592592592592593,1
JX1682208-433163DT,1350.66,48.958333333333336,0.0,0.0,1
S508120M-8105085,1350.5,32.5,188.5,4.518518518518519,1
NH09788M-001856020,1349.43,14.333333333333334,189.43000000000006,3.3333333333333335,1
4100505M-002145255,1349.33,42.958333333333336,486.3299999999999,87.15555555555554,0
S509159M-8127571,1348.29,41.708333333333336,442.28999999999996,6.566666666666667,0
S306685M-8108478,1348.17,25.541666666666668,188.17000000000007,4.9259259259259265,1
HFJ182890,1347.73,14.75,133.73000000000002,0.638888888888889,1
NKJ0B80CPPKH34429,1347.27,29.666666666666668,181.26999999999998,20.930555555555557,1
NH1689585-440315DT,1347.25,44.583333333333336,0.0,0.0,1
NH10724M-002008672,1347.25,36.083333333333336,187.25,26.944444444444443,1
S508090M-8099854,1346.92,16.875,151.92000000000007,2.3194444444444446,1
5801479M-727390932,1346.36,46.333333333333336,186.3599999999999,5.680555555555555,1
NH09866M-001865798,1345.74,23.833333333333332,184.74,3.680555555555556,1
S507560M-8088308,1345.28,23.25,120.27999999999997,1.486111111111111,1
S509035M-8126637,1345.11,41.25,445.1099999999999,10.966666666666667,0
NKJ0B80CKPKH33489,1345.01,35.375,185.01,10.083333333333334,1
S508055M-8099765,1344.29,23.416666666666668,161.28999999999996,2.9305555555555554,1
S508730M-8117910,1342.8,37.583333333333336,182.79999999999995,49.23333333333333,0
F507417M,1342.64,38.708333333333336,182.6400000000001,7.388888888888889,1
S402988M-8130047,1341.9,41.708333333333336,181.9000000000001,1.8666666666666667,0
NH09843M-001822190,1341.89,25.791666666666668,181.8900000000001,3.7777777777777777,1
4100294M-002045618,1341.7,43.958333333333336,181.70000000000005,21.88888888888889,0
S204667M-8103413,1341.43,35.708333333333336,178.43000000000006,3.6388888888888893,1
NH1614057-371052DT,1341.4,30.833333333333332,0.0,0.0,1
S306395M-8094680,1341.1,19.541666666666668,473.0999999999999,3.0694444444444446,1
NH09678M-001843047,1340.72,0.0,0.0,0.0,1
S402730M-8094024,1339.94,31.416666666666668,179.94000000000005,4.4259259259259265,1
S507893M-8095817,1339.32,31.125,479.31999999999994,4.037037037037037,1
NH10017M-001896276,1339.15,20.916666666666668,143.1500000000001,1.277777777777778,1
5801746M-727430769,1339.0,34.208333333333336,179.0,8.88888888888889,0
HFJ185744-643649,1338.54,41.916666666666664,177.53999999999996,18.138888888888893,0
S306339M,1338.04,27.25,149.03999999999996,3.9722222222222228,1
S508873M,1337.91,38.875,670.9100000000001,11.322222222222221,0
HFJ184135-594636,1337.23,29.125,154.23000000000002,2.6203703703703702,1
NH10249M-001959966,1336.32,38.291666666666664,176.31999999999994,4.402777777777778,1
S307061M-8130294,1335.62,50.083333333333336,175.6199999999999,0.6666666666666667,0
5801316M-728361830,1335.29,27.125,175.28999999999996,21.15277777777778,1
S507547M-8087466,1335.05,22.958333333333332,0.0,0.0,1
H101230M-8097596,1334.95,37.041666666666664,155.95000000000005,3.0462962962962963,1
S204746M-8114348,1334.89,36.666666666666664,127.8900000000001,7.520833333333334,1
NH10818M-002038934,1334.6,44.958333333333336,421.5999999999999,5.986111111111112,1
NKJ0B80CTPKH34431,1334.59,50.375,470.5899999999999,5.833333333333334,1
HFJ183611,1333.95,30.75,172.95000000000005,4.398148148148148,1
S402713M-8093785,1333.82,21.708333333333332,153.81999999999994,2.166666666666667,1
NH10267M-001891552,1333.1,25.458333333333332,173.0999999999999,7.722222222222222,1
4100124M-001894414,1333.07,27.208333333333332,447.06999999999994,6.513888888888889,1
S306818M-8113993,1332.87,45.833333333333336,467.8699999999999,6.305555555555555,1
HFJ179517,1332.15,16.208333333333332,0.0,0.0,1
S306183M,1331.94,13.833333333333334,123.94000000000005,1.3333333333333335,1
S306547M-8099650,1331.1,25.166666666666668,153.0999999999999,1.8055555555555554,1
5801407M-727376156,1330.85,40.0,170.8499999999999,7.777777777777778,1
NH10652M-002006058,1330.74,28.5,426.74,5.361111111111111,1
NH11046M-002054261,1330.64,42.958333333333336,440.6400000000001,4.855555555555556,0
NH10926M-001929463,1329.3,36.958333333333336,0.0,0.0,1
HFJ182806,1328.47,4.416666666666667,138.47000000000003,0.8333333333333334,1
NH11110M-002143053,1328.33,37.666666666666664,1068.33,8.98611111111111,1
S204608M-8094015,1328.27,39.666666666666664,168.26999999999998,5.319444444444445,1
4100177M-001945148,1328.11,33.541666666666664,119.1099999999999,5.826388888888889,1
S508599M-8110552,1327.59,42.791666666666664,436.5899999999999,83.13333333333334,0
NH10233M-001901661,1327.55,18.958333333333332,139.54999999999995,1.9074074074074074,1
S509153M-8127549,1326.46,37.375,166.46000000000004,6.2555555555555555,0
S306526M-8103412,1326.31,29.541666666666668,159.30999999999995,3.064814814814815,1
NH10010M-001872582,1325.61,5.375,0.0,0.0,1
HFJ185363-635114,1325.6,36.125,436.5999999999999,12.722222222222221,1
5800775M,1324.86,27.083333333333332,144.8599999999999,3.277777777777778,1
S509031M-8126626,1324.51,38.041666666666664,409.51,3.9333333333333336,0
S509350M-8131404,1324.3,0.125,424.29999999999995,0.6666666666666667,0
5801376M-727367624,1323.89,42.791666666666664,163.8900000000001,19.6,0
4100540M-002145263,1323.51,32.458333333333336,443.51,9.805555555555555,1
S508399M-8107449,1323.17,28.25,152.17000000000007,4.416666666666667,1
4100512M-002132465,1323.15,38.541666666666664,416.1500000000001,111.9888888888889,0
NH10222M-001929231,1321.75,26.291666666666668,161.75,4.518518518518519,1
S306925M-8119321,1321.54,39.875,161.53999999999996,10.244444444444444,0
S306806M-8116082,1321.4,59.75,110.40000000000009,4.8125,1
S507971M-8097246,1321.27,39.083333333333336,161.26999999999998,35.15555555555555,0
NH10806M-002046371,1321.1,39.75,161.0999999999999,8.777777777777777,1
5801311M-727389457,1320.2,19.0,157.20000000000005,11.712962962962964,1
S204555M-8088373,1320.04,25.291666666666668,157.03999999999996,3.7638888888888893,1
ZNAB50323,1319.66,71.625,0.0,0.0,1
HFJ184584-613092,1318.92,34.541666666666664,458.9200000000001,4.7592592592592595,1
5800622M-727338034,1318.88,25.666666666666668,132.8800000000001,3.8888888888888893,1
S508641M-8110890,1318.75,35.625,147.75,23.895833333333332,1
4100565M-002158763,1316.95,42.666666666666664,156.95000000000005,5.355555555555556,0
NH10413M,1315.48,28.291666666666668,135.48000000000002,3.703703703703704,1
4100141M-001898901,1315.25,11.75,142.25,1.4907407407407407,1
NH11092M-002144616,1315.12,30.833333333333332,455.1199999999999,5.152777777777778,1
S508626M-8110876,1314.82,26.166666666666668,136.81999999999994,10.166666666666666,1
NH09912M-001905329,1313.69,29.333333333333332,132.69000000000005,3.861111111111111,1
NH10984M-002128857,1313.14,36.5,453.1400000000001,10.277777777777779,1
5801534M-727385650,1312.86,42.25,152.8599999999999,5.7555555555555555,0
4100169M-001931651,1312.61,26.291666666666668,152.6099999999999,4.819444444444445,1
S402999M-8131407,1312.35,42.791666666666664,435.3499999999999,51.74444444444445,0
S306275M-8089770,1310.99,23.166666666666668,140.99,1.25,1
S307031M-8123676,1310.74,1.0416666666666667,1251.74,10.708333333333334,1
S508519M-8108251,1310.54,42.916666666666664,443.53999999999996,44.53333333333333,0
S508281M-8103286,1310.51,29.208333333333332,116.50999999999999,2.5925925925925926,1
S507534M,1309.95,19.041666666666668,149.95000000000005,3.833333333333334,1
5801340M-728361828,1309.24,47.291666666666664,140.24,23.756944444444446,1
5801536M-727392921,1309.14,37.0,149.1400000000001,10.588888888888889,0
NH09944M-001859922,1309.01,25.875,139.01,4.027777777777778,1
5801591M-727416071,1308.79,40.416666666666664,148.78999999999996,57.55555555555556,0
NKJ0B80CCPKH34435,1308.62,32.208333333333336,227.6199999999999,12.597222222222221,1
HFJ184349,1308.21,35.25,235.21000000000004,13.73611111111111,1
S306888M-8117792,1308.2,28.041666666666668,124.20000000000005,14.0,1
5801410M-727374722,1307.62,37.5,146.6199999999999,8.631944444444445,1
S402937M-8117909,1307.26,42.625,147.26,82.57777777777778,0
NH10789M-002060213,1307.25,41.083333333333336,402.25,20.61111111111111,0
5801178M-728359041,1307.13,28.0,134.1300000000001,2.0833333333333335,1
NH10160M-001928409,1307.04,26.125,147.03999999999996,4.037037037037037,1
5800843M-727348061,1306.65,27.791666666666668,146.6500000000001,3.592592592592593,1
S508286M,1306.3,7.125,146.29999999999995,3.3333333333333335,1
4100079M-001882512,1305.79,27.708333333333332,145.78999999999996,6.037037037037037,1
S306300M-8089526,1305.36,19.5,108.3599999999999,1.9027777777777777,1
S508603M-8110412,1305.08,41.333333333333336,145.07999999999993,37.65555555555555,0
HFJ185629-645423,1305.01,39.208333333333336,0.0,0.0,1
S402953M-8122496,1305.0,23.833333333333332,139.0,10.777777777777779,1
S402922M-8117884,1304.5,39.958333333333336,144.5,77.6,0
HFJ182853-559201,1304.11,20.125,144.1099999999999,3.7777777777777777,1
NH10385M-001963545,1303.72,0.0,103.72000000000003,0.0,1
4100275M-002044061,1303.41,10.875,115.41000000000008,5.203703703703703,1
S509411M-8131474,1302.93,43.083333333333336,142.93000000000006,17.577777777777776,0
NH10776M-002048258,1302.53,38.916666666666664,367.53,55.21111111111111,0
NH10239M-001883264,1300.72,35.458333333333336,140.72000000000003,5.013888888888888,1
S508165M-8104548,1300.18,27.666666666666668,140.18000000000006,3.3518518518518516,1
5800714M-737346615,1300.08,26.125,140.07999999999993,6.351851851851851,1
5801412M-727376325,1299.25,34.25,139.25,12.819444444444445,1
S509043M-8126647,1297.54,55.458333333333336,137.53999999999996,3.1333333333333337,0
S403022M-6302504,1297.13,40.333333333333336,137.1300000000001,10.066666666666666,0
ZPBE20446-002112202,1296.67,41.375,0.0,0.0,1
4100221M-002033025,1296.63,33.416666666666664,428.6300000000001,23.34722222222222,1
S507880M-8093792,1296.29,26.0,136.28999999999996,1.888888888888889,1
S306215M-8085641,1296.16,14.75,136.16000000000008,3.3333333333333335,1
S306727M-8109012,1296.06,36.958333333333336,136.05999999999995,5.625000000000001,1
S508418M-8107479,1295.17,29.708333333333332,135.17000000000007,1.9444444444444446,1
4100232M-002030100,1294.97,32.875,434.97,33.861111111111114,1
5801283M-727390604,1294.41,36.291666666666664,409.4100000000001,2.125,1
S306803M-8116078,1294.4,36.333333333333336,379.4000000000001,77.8,0
5800383M-727318235,1292.97,16.041666666666668,84.97000000000003,2.3888888888888893,1
NH11124M-002148830,1292.65,39.708333333333336,0.0,0.0,1
S508474M-8107839,1291.21,31.083333333333332,402.21000000000004,1.0347222222222223,1
HFJ186198-666970,1291.08,39.541666666666664,431.0799999999999,47.88888888888889,0
5800715M,1290.77,31.25,90.76999999999998,2.2222222222222223,1
5800472M,1290.55,0.0,0.0,0.0,1
NH11045M-002054403,1290.21,42.916666666666664,130.21000000000004,5.9222222222222225,0
NH10859M-002083695,1290.08,41.041666666666664,418.0799999999999,11.588888888888889,0
S204649M-8102843,1289.98,32.125,129.98000000000002,4.680555555555555,1
S306585M-8101701,1289.87,29.791666666666668,429.8699999999999,4.148148148148148,1
S307047M-8122651,1288.88,45.958333333333336,128.8800000000001,42.55555555555556,0
5801605M-728420522,1288.65,44.541666666666664,125.65000000000009,27.627777777777776,0
S509504M-6302782,1288.46,36.875,128.46000000000004,26.388888888888893,0
5800883M,1288.38,30.875,128.3800000000001,4.055555555555556,1
S509437M-8133284,1287.78,41.666666666666664,427.78,5.9222222222222225,0
NKJ0B80CTNKH31705-48-382378,1287.05,34.291666666666664,127.04999999999995,13.375,1
S306833M-8116190,1286.95,43.166666666666664,126.95000000000005,8.855555555555556,0
HFJ185941-651064,1286.81,41.5,126.80999999999995,5.7592592592592595,1
5800749M-727342951,1286.66,37.958333333333336,125.66000000000008,21.993055555555554,1
HBZN580NEPAH33180,1286.27,28.0,0.0,0.0,1
NH10140M-001944696,1286.23,5.541666666666667,84.23000000000002,0.16666666666666669,1
S306359M,1285.57,19.208333333333332,423.56999999999994,4.222222222222222,1
S306201M-8085286,1285.07,22.416666666666668,125.06999999999994,5.666666666666667,1
S508395M-8107459,1283.7,28.291666666666668,123.70000000000005,1.9259259259259263,1
4100531M-002146135,1283.55,35.666666666666664,716.55,72.16666666666667,1
S402641M-8085714,1282.62,22.25,118.61999999999989,1.5185185185185184,1
4100192M-001925945,1281.52,35.75,421.52,55.35555555555557,0
4100115M-001955536,1279.57,24.708333333333332,116.56999999999994,4.583333333333333,1
T050840M-715426070,1278.81,33.875,118.80999999999995,62.58888888888889,0
S306899M-8119208,1278.44,34.625,418.44000000000005,78.12222222222222,0
S507537M-8086280,1278.31,23.541666666666668,22.309999999999945,4.5,1
4100243M-002028590,1278.16,26.916666666666668,118.16000000000008,20.305555555555557,1
5801310M-727387901,1277.93,47.5,117.93000000000006,8.791666666666668,1
NH1676514-427424DT,1277.59,42.041666666666664,0.0,0.0,1
S508119M-8105378,1276.74,4.416666666666667,116.74000000000001,3.5833333333333335,1
NKJ0B80CLPKH33516-48-394090,1276.73,29.916666666666668,109.73000000000002,4.731481481481482,1
NH10993M-002151556,1276.12,33.375,115.11999999999989,73.87222222222222,0
4100326M-002035531,1276.09,46.208333333333336,116.08999999999992,64.75555555555556,0
S402734M-8093494,1275.71,9.166666666666666,115.71000000000004,3.3333333333333335,1
S306257M-8087445,1275.58,25.0,60.57999999999993,3.1388888888888893,1
NKJ0B80CTNKH30828-40-373100,1275.2,23.583333333333332,109.20000000000005,6.805555555555555,1
S306847M-8119216,1274.59,35.916666666666664,104.58999999999992,47.44444444444444,0
NH10323M-001968218,1274.46,13.416666666666666,114.46000000000004,1.2962962962962965,1
NKJ0B80CJPKH33512-48-393857,1274.02,67.875,114.01999999999998,1.1388888888888888,1
5801194M-728351403,1272.88,34.916666666666664,112.88000000000011,13.333333333333332,1
4100187M-001990272,1271.32,0.0,111.31999999999994,24.400000000000002,0
S509034M-8126625,1270.59,42.291666666666664,69.58999999999992,38.016666666666666,0
NH11067M-002151925,1270.55,30.416666666666668,410.54999999999995,4.861111111111112,1
NH09484M-001800657,1269.96,11.5,107.96000000000004,1.6944444444444446,1
S402739M-8095768,1269.85,24.333333333333332,0.0,2.4047619047619047,1
ZPJF02566-002088078,1269.83,0.0,0.0,0.0,1
T050312M,1269.17,34.958333333333336,109.17000000000007,5.033333333333333,0
S402841M-8103367,1269.15,30.625,108.15000000000009,1.787037037037037,1
S509219M-8129154,1268.8,35.041666666666664,551.8,42.544444444444444,0
S402764M-8099739,1267.32,24.583333333333332,107.31999999999994,4.277777777777778,1
HFJ184364-606835,1266.99,35.833333333333336,379.99,5.092592592592593,1
S508678M-8114095,1266.9,34.708333333333336,106.90000000000009,56.6,0
S306335M,1266.33,21.541666666666668,103.32999999999993,3.708333333333334,1
4100312M-002033752,1266.27,29.791666666666668,106.26999999999998,9.61111111111111,1
HFJ183388,1266.17,22.083333333333332,30.170000000000073,1.7592592592592593,1
T050477M-715374726,1266.14,12.25,0.0,0.0,1
NH10084M,1265.39,18.625,105.3900000000001,4.555555555555556,1
NH10492M-001963546,1265.31,39.75,97.30999999999995,6.75,1
S509497M-6302899,1264.56,40.5,104.55999999999995,3.822222222222222,0
S507608M-8089551,1264.49,9.958333333333334,104.49000000000001,3.3333333333333335,1
4100434M-002050255,1263.97,38.416666666666664,103.97000000000003,26.855555555555554,0
S508087M-8101290,1263.71,32.458333333333336,103.71000000000004,4.092592592592593,1
NH10263M-001891553,1262.82,29.083333333333332,93.81999999999994,4.5092592592592595,1
LSM0W40RCP0310861-GB230228,1262.61,32.208333333333336,0.0,0.0,1
HFJ184362,1262.43,24.208333333333332,102.43000000000006,7.722222222222222,1
HFJ183965-595176,1262.38,20.708333333333332,102.38000000000011,4.074074074074074,1
NH10380M-001955958,1262.36,52.166666666666664,102.3599999999999,5.611111111111112,0
5801063M-728358814,1262.28,5.041666666666667,93.27999999999997,2.5833333333333335,1
NH1658760-409934DT,1261.24,56.916666666666664,0.0,0.0,1
S204684M,1261.22,0.0,0.0,0.0,1
NH10058M,1260.83,27.208333333333332,87.82999999999993,3.675925925925926,1
S402643M-8085180,1260.27,14.916666666666666,99.26999999999998,3.625,1
NH09835M-001872647,1260.27,19.583333333333332,25.269999999999982,3.4027777777777777,1
5801443M-728366893,1259.89,37.916666666666664,99.8900000000001,5.486111111111112,1
S508462M-8107873,1259.4,17.375,99.40000000000009,4.055555555555556,1
S508848M-8121168,1259.09,41.666666666666664,81.08999999999992,3.833333333333334,1
4100490M-002107500,1258.86,37.0,339.8599999999999,1.8611111111111112,1
S402792M-8099850,1258.23,29.875,398.23,2.592592592592593,1
NH10142M-001944716,1257.61,28.166666666666668,97.6099999999999,4.037037037037037,1
NH1642596-394276DT,1257.38,30.541666666666668,0.0,0.0,1
S508563M-8109476,1257.15,25.791666666666668,637.1500000000001,10.166666666666666,1
S508947M-8125647,1256.64,34.208333333333336,94.6400000000001,5.625,1
NH 1675241-425899DT,1256.53,37.333333333333336,0.0,0.0,1
S306597M-8105985,1256.37,21.333333333333332,96.36999999999989,2.8703703703703707,1
4100272M-002044060,1256.11,37.0,96.1099999999999,3.8703703703703702,1
S402689M,1256.04,17.041666666666668,389.03999999999996,3.6666666666666665,1
S509557M-6308194,1255.97,40.5,655.97,0.0,1
S507428M,1255.36,15.541666666666666,55.3599999999999,2.2222222222222223,1
5801115M-727348227,1255.23,42.625,95.23000000000002,5.488888888888889,0
S204603M-8095801,1254.82,17.625,83.81999999999994,3.3194444444444446,1
S204671M-8102847,1253.93,30.0,93.93000000000006,3.4814814814814814,1
NH10176M-001956096,1253.87,16.666666666666668,93.86999999999989,3.3333333333333335,1
4100342M-002035534,1253.59,27.916666666666668,93.58999999999992,77.28888888888889,0
S508974M-8124244,1253.34,39.75,93.33999999999992,2.7592592592592595,1
S402860M-8107790,1252.97,19.166666666666668,92.97000000000003,8.962962962962964,1
S306985M-8123753,1252.86,34.125,87.8599999999999,49.73888888888889,0
S508606M-8117887,1252.72,20.041666666666668,92.72000000000003,21.805555555555557,1
S509311M-8130091,1251.03,38.875,91.02999999999997,31.03333333333333,0
5801380M-727367852,1250.9,32.125,90.90000000000009,9.361111111111112,1
S508018M-8097029,1250.84,7.958333333333333,90.83999999999992,2.9444444444444446,1
S508695M-8114097,1250.79,33.25,0.7899999999999636,4.166666666666666,1
S306445M-8097548,1250.45,26.416666666666668,386.45000000000005,4.611111111111112,1
HFJ185571-643431,1249.88,38.083333333333336,89.88000000000011,3.861111111111111,1
HFJ183508-583497,1249.8,45.875,89.79999999999995,8.569444444444443,1
NH10616M-002031135,1249.57,37.0,288.56999999999994,50.922222222222224,0
NH10074M-001928696,1249.09,27.083333333333332,89.08999999999992,3.5694444444444446,1
S306808M-8116074,1248.53,47.958333333333336,88.52999999999997,65.9,0
T050420M-715378499,1248.12,46.375,88.11999999999989,2.8333333333333335,1
HFJ182817-558012,1247.99,18.666666666666668,347.99,0.0,1
S402992M-8131492,1247.8,26.875,87.79999999999995,44.22222222222222,0
S402756M-8097137,1247.77,19.541666666666668,87.76999999999998,2.8888888888888893,1
S402816M-8101776,1247.75,23.0,87.75,2.3333333333333335,1
HFJ184224,1247.2,20.125,87.20000000000005,10.13888888888889,1
H101188M-8086512,1246.09,16.166666666666668,86.08999999999992,3.8888888888888893,1
S508824M-8121268,1244.57,32.666666666666664,84.56999999999994,12.722222222222221,0
HFJ183629-585477,1243.92,38.041666666666664,81.92000000000007,4.416666666666666,1
4100050M-001931400,1243.87,31.416666666666668,83.86999999999989,2.6388888888888893,1
S508248M-8102810,1243.09,27.333333333333332,83.08999999999992,4.625,1
S306775M-8114331,1242.26,31.791666666666668,82.25999999999999,15.11111111111111,1
5800624M,1242.09,21.916666666666668,73.08999999999992,3.3472222222222223,1
S509326M-8130044,1241.9,39.041666666666664,649.9000000000001,11.422222222222222,0
S307002M-8122380,1241.79,40.75,81.78999999999996,15.288888888888888,0
S306965M-8122209,1241.28,44.541666666666664,81.27999999999997,37.955555555555556,0
S508491M-8107468,1241.17,31.75,366.1700000000001,6.861111111111112,1
NH11064M-002150014,1240.59,41.458333333333336,80.58999999999992,6.222222222222222,0
4100230M-002023672,1240.2,37.625,80.20000000000005,20.430555555555557,1
5801102M-728359208,1239.89,29.541666666666668,379.8900000000001,2.4027777777777777,1
HFJ185764-644876,1239.87,2.2083333333333335,79.86999999999989,186.53333333333336,0
S508362M-8107440,1239.59,29.375,79.58999999999992,3.5972222222222223,1
HFJ183595-584668,1238.77,31.041666666666668,78.76999999999998,3.4814814814814814,1
S306608M-8102104,1238.44,57.458333333333336,376.44000000000005,4.685185185185186,1
S508549M-8110208,1238.36,29.916666666666668,78.3599999999999,29.75,1
HFJ184511-610349,1236.99,36.583333333333336,76.99000000000001,5.763888888888889,1
S508294M-8103401,1235.71,4.875,635.71,2.166666666666667,1
S507904M-8095816,1235.62,20.583333333333332,375.6199999999999,4.444444444444445,1
S509262M-8130045,1234.98,40.333333333333336,74.98000000000002,45.32222222222222,0
S402781M-8099861,1234.22,24.166666666666668,74.22000000000003,4.648148148148148,1
NH09796M-001871622,1233.85,14.958333333333334,71.84999999999991,3.805555555555556,1
S507489M-8085179,1233.3,3.9583333333333335,152.29999999999995,12.63888888888889,1
5800833M,1233.1,21.083333333333332,366.0999999999999,15.555555555555552,1
NH09657M-001842187,1232.81,5.666666666666667,59.809999999999945,2.25,1
5801420M-727378053,1231.76,39.625,371.76,53.44444444444444,1
HFJ185909-657499,1231.14,40.083333333333336,371.1400000000001,8.152777777777779,1
S307030M-8123664,1230.83,40.875,354.8299999999999,68.25,1
NH1623279,1230.73,27.458333333333332,0.0,0.0,1
HFJ184536,1230.72,29.375,70.72000000000003,9.648148148148147,1
NH10850M-002083696,1229.88,29.375,69.88000000000011,21.255555555555553,0
S306594M-8108483,1229.57,22.291666666666668,274.56999999999994,2.2870370370370368,1
S508211M-8105097,1229.38,24.125,69.38000000000011,3.3333333333333335,1
S57018M,1227.81,17.875,61.809999999999945,3.638888888888889,1
S509169M-8129073,1227.75,9.541666666666666,67.75,7.866666666666667,0
S403013M-8133160,1226.23,43.833333333333336,644.23,34.52777777777778,1
NH1702290-453330DT,1225.9,38.666666666666664,0.0,0.0,1
S508721M-8117881,1225.54,23.708333333333332,0.0,0.0,1
HFJ183534-583781,1224.76,29.791666666666668,64.75999999999999,6.805555555555555,1
5800558M-728334020,1224.35,21.625,364.3499999999999,1.7870370370370372,1
S507903M-8097056,1224.27,25.125,64.26999999999998,4.7592592592592595,1
HFJ182916-562495,1223.81,28.791666666666668,49.809999999999945,5.055555555555556,1
S508902M-8122495,1223.69,27.458333333333332,784.69,17.925925925925924,1
HFJ183419-580689,1223.57,25.75,63.569999999999936,1.4814814814814816,1
S508258M-8103361,1223.49,25.833333333333332,50.49000000000001,4.12037037037037,1
S507984M-8097236,1223.49,40.166666666666664,654.49,42.236111111111114,1
S402837M-8103156,1223.31,27.458333333333332,63.309999999999945,3.4444444444444446,1
NH09961M-001904523,1223.26,23.625,60.25999999999999,7.472222222222222,1
T050471M-715375077,1223.13,31.666666666666668,59.13000000000011,4.314814814814815,1
5800918M,1223.05,23.75,63.049999999999955,4.5,1
5801825M-728436490,1223.01,33.291666666666664,0.0,0.0,1
NH09834M-001858491,1221.0,15.958333333333334,360.0,18.666666666666668,1
HFJ183017-655955,1220.92,18.666666666666668,58.92000000000007,3.7500000000000004,1
NH10290M,1220.76,20.791666666666668,60.75999999999999,3.592592592592593,1
5800487M-728325643,1220.43,18.166666666666668,46.430000000000064,6.916666666666666,1
NKJ0B80CVPKH33514-48-395671,1220.25,74.66666666666667,60.25,20.791666666666668,1
NH09638M-001823926,1220.13,7.041666666666667,299.1300000000001,2.3333333333333335,1
NH10521M-002018869,1218.75,31.458333333333332,58.75,0.8333333333333334,1
4100471M-002092929,1218.32,37.125,1149.32,29.166666666666664,1
S306419M-8093468,1218.25,19.583333333333332,58.25,5.166666666666667,1
NH11108M-002191773,1217.55,36.75,578.55,6.652777777777778,1
S508019M-8097027,1217.13,30.458333333333332,57.13000000000011,4.203703703703703,1
S204840M-6308073,1216.51,39.166666666666664,0.0,0.0,1
4100324M-002046546,1215.75,42.458333333333336,906.75,1.5,1
NH10989M-002140310,1215.54,41.208333333333336,594.54,5.986111111111112,1
S509181M-8129056,1214.07,12.583333333333334,54.069999999999936,1.4722222222222223,1
NH10045M-001924293,1213.99,28.5,49.99000000000001,2.8518518518518516,1
S507782M-8091933,1213.98,21.5,50.98000000000002,3.1944444444444446,1
S508908M-8122504,1213.81,32.958333333333336,336.80999999999995,60.51388888888888,1
S507863M-8094012,1213.49,4.041666666666667,47.49000000000001,2.833333333333333,1
H101283M-8114003,1213.31,35.166666666666664,344.30999999999995,22.402777777777775,1
NH10495M-001992250,1212.18,8.625,352.18000000000006,4.444444444444445,1
S402802M,1211.46,16.0,46.460000000000036,2.8472222222222223,1
S507806M,1210.54,31.125,42.539999999999964,6.361111111111112,1
S306443M-8097558,1210.38,17.0,22.38000000000011,2.5,1
HFJ184014-596075,1209.41,37.541666666666664,336.4100000000001,5.944444444444444,1
H101300M-8123234,1209.39,41.666666666666664,49.3900000000001,29.822222222222223,0
JJGN58NRCFC719260,1209.38,35.875,0.0,0.0,1
S508410M-8107851,1208.67,29.083333333333332,48.67000000000007,4.902777777777778,1
NH10905M-002099406,1208.35,38.083333333333336,48.34999999999991,10.088888888888889,0
S508740M-8120993,1207.75,36.125,347.75,7.814814814814816,1
4100073M-001902310,1207.64,12.041666666666666,47.6400000000001,1.6666666666666667,1
HFJ184212-600350,1207.45,27.958333333333332,47.450000000000045,2.3703703703703702,1
HFJ184655-613832,1207.15,0.0,771.1500000000001,16.069444444444443,1
S508690M-8113329,1206.83,41.75,46.82999999999993,57.988888888888894,0
S306457M-8097579,1206.64,24.708333333333332,46.6400000000001,4.370370370370371,1
S306903M-8123836,1206.62,16.333333333333332,26.61999999999989,12.430555555555557,1
S307005M-8123662,1206.09,37.25,346.0899999999999,9.527777777777779,1
4100204M-002033380,1205.73,32.5,324.73,7.2592592592592595,1
NH10464M,1205.48,32.458333333333336,329.48,5.111111111111112,1
ZNJF01259,1205.41,28.083333333333332,0.0,0.0,1
S509088M-8127569,1204.99,27.375,44.99000000000001,57.36666666666666,0
NH10349M-001961059,1204.12,26.041666666666668,343.1199999999999,4.333333333333334,1
S204615M-8095805,1203.99,21.166666666666668,43.99000000000001,2.4074074074074074,1
S508993M-8124237,1203.96,38.375,334.96000000000004,9.814814814814815,1
HFJ182776-555890,1202.98,25.5,336.98,5.138888888888889,1
S204622M-8097604,1201.78,29.791666666666668,41.77999999999997,4.12962962962963,1
S306900M-8120668,1201.7,33.333333333333336,325.70000000000005,90.20833333333334,1
NH10214M-001943104,1200.18,8.5,40.180000000000064,1.1111111111111112,1
4100099M-001898979,1200.07,27.208333333333332,40.069999999999936,2.6666666666666665,1
S306908M,1200.0,0.0,0.0,0.0,1
S204843M-6307834,1199.82,35.125,0.0,0.0,1
NH1672329-423267DT,1199.79,39.583333333333336,0.0,0.0,1
S306389M-8093912,1199.68,25.458333333333332,32.680000000000064,3.990740740740741,1
NH10526M-001991309,1199.1,27.833333333333332,291.0999999999999,3.9722222222222223,1
NH09779M,1199.03,22.541666666666668,39.02999999999997,1.9259259259259263,1
S306820M-8114107,1198.89,26.0,38.8900000000001,29.98888888888889,0
4100547M-002055700,1198.56,31.958333333333332,38.559999999999945,4.055555555555555,0
5801286M-728351408,1198.54,27.75,38.539999999999964,3.777777777777778,1
S306522M-8103411,1198.12,35.541666666666664,38.11999999999989,4.722222222222222,0
S306208M,1198.01,28.75,35.00999999999999,3.1388888888888893,1
S509353M-8130649,1197.89,37.625,337.8900000000001,2.9027777777777777,0
S402672M-8088617,1197.4,19.916666666666668,0.0,0.0,1
S508230M-8103167,1197.35,24.958333333333332,37.34999999999991,4.777777777777778,1
S306736M-8108690,1197.25,41.25,26.25,15.038888888888888,0
S402735M-8093138,1197.21,6.166666666666667,37.210000000000036,3.3333333333333335,1
NH10339M-001967091,1197.11,30.208333333333332,37.1099999999999,4.388888888888889,1
S509484M-6302733,1197.02,36.958333333333336,594.02,4.652777777777778,0
S306453M-8097593,1196.61,22.375,309.6099999999999,3.8888888888888893,1
NH1675626-426597DT,1195.93,37.583333333333336,0.0,0.0,1
S508062M-8099487,1195.37,3.3333333333333335,35.36999999999989,3.8333333333333335,1
NH10952M-002142274,1194.09,37.0,284.0899999999999,71.98611111111111,0
LSM0W40RCP0310794,1194.04,33.791666666666664,0.0,0.0,1
H101231M-8097602,1193.92,25.875,333.9200000000001,5.055555555555555,1
S509078M-8125812,1193.32,39.541666666666664,300.31999999999994,4.861111111111111,0
S507438M-8084288,1193.29,25.041666666666668,19.289999999999964,3.7037037037037037,1
5801415M-727378049,1193.23,33.583333333333336,302.23,3.6666666666666665,1
S507614M-8088343,1193.15,33.833333333333336,33.15000000000009,5.75,1
5801107M-728375072,1192.47,21.083333333333332,293.47,3.2222222222222223,1
S508638M-8110889,1192.44,27.333333333333332,292.44000000000005,0.0,1
S402808M-8102803,1192.2,47.958333333333336,322.20000000000005,1.6666666666666667,1
S509308M-8130065,1191.47,38.5,622.47,43.236111111111114,0
S204637M-8101305,1191.38,21.625,0.0,3.071428571428571,1
S306860M-8119189,1191.24,40.333333333333336,25.24000000000001,1.7083333333333335,1
S508576M-8108679,1191.14,32.416666666666664,31.1400000000001,19.458333333333332,1
ZPAB50175-620443,1190.72,35.708333333333336,0.0,0.0,1
S508619M-8112815,1190.68,34.875,30.680000000000064,22.680555555555554,1
S508565M-8108683,1190.19,0.4583333333333333,290.19000000000005,1.1111111111111112,1
S306796M-8114347,1189.6,38.541666666666664,305.5999999999999,13.537037037037038,1
S508444M-8107474,1189.49,15.916666666666666,279.49,5.981481481481482,1
S306196M-8085276,1188.83,17.833333333333332,18.829999999999927,3.4722222222222223,1
5801059M-727347084,1188.27,27.25,301.27,0.5925925925925926,1
S402692M-8089785,1187.16,22.75,7.160000000000082,3.2222222222222228,1
HFJ183422-581330,1186.36,27.5,26.3599999999999,3.8888888888888893,1
NH10973M-002136779,1186.32,37.791666666666664,309.31999999999994,9.01388888888889,0
NH1642125-393732DT,1186.2,29.375,0.0,0.0,1
5801045M,1186.0,33.75,300.0,5.5740740740740735,1
5800408M-727324585,1185.56,19.375,18.559999999999945,2.0972222222222223,1
HFJ184516-611102,1185.22,26.875,25.220000000000027,9.611111111111112,1
NH10029M-001924292,1185.18,18.375,274.18000000000006,3.9444444444444446,1
S306919M-8124452,1184.8,33.25,24.799999999999955,20.263888888888886,1
NH10709M-002036182,1184.69,49.5,273.69000000000005,31.430555555555557,0
NH1695878-446345DT,1184.12,40.666666666666664,0.0,0.0,1
S508167M-8104537,1184.0,24.875,1.0,4.064814814814815,1
S509576M-6306439,1183.51,37.208333333333336,323.51,1.1111111111111112,0
S508545M-8109983,1183.5,37.208333333333336,23.5,0.6666666666666667,0
NH09784M-001871464,1182.53,25.916666666666668,18.529999999999973,3.5,1
S507651M,1181.93,20.875,21.930000000000064,4.5,1
HFJ182840-558252,1181.44,13.166666666666666,0.0,0.0,1
5801538M-727384749,1180.96,27.333333333333332,620.96,24.63888888888889,0
S204812M-8123224,1180.91,36.166666666666664,592.9100000000001,9.277777777777779,0
5800830M-727353250,1180.52,0.08333333333333333,0.0,2.055555555555556,1
S508946M-8125646,1178.49,37.375,314.49,7.4444444444444455,1
LSM0W40RJP0310700-GB230075,1178.38,29.666666666666668,0.0,0.0,1
4100077M,1178.3,21.708333333333332,318.29999999999995,30.037037037037038,1
S402675M-8088627,1177.92,20.083333333333332,17.920000000000073,3.5,1
S509160M-8127558,1177.51,35.625,617.51,63.86111111111111,0
S508910M-8122506,1177.45,38.041666666666664,317.45000000000005,3.4814814814814823,1
S509187M-8129057,1177.4,33.625,278.4000000000001,51.94444444444444,0
S508584M-8109479,1176.19,46.75,300.19000000000005,24.11111111111111,1
S508804M-8122264,1175.67,36.0,15.670000000000073,28.26666666666667,0
HFJ183105-571652,1175.65,0.0,0.0,0.0,1
5801315M-727367625,1175.29,25.5,264.28999999999996,93.7638888888889,0
S204663M-8103414,1174.9,80.91666666666667,288.9000000000001,4.185185185185185,1
T050411M-715378248,1174.79,36.166666666666664,295.78999999999996,6.833333333333333,1
S402678M,1174.44,25.291666666666668,3.4400000000000546,4.398148148148148,1
S507659M-8087482,1174.15,16.958333333333332,0.0,0.0,1
HFJ183335-576603,1174.03,25.041666666666668,297.03,4.444444444444445,1
S508435M-8108175,1173.74,26.666666666666668,295.74,3.138888888888889,1
S306972M-8122004,1173.31,39.0,208.30999999999995,15.138888888888888,0
S402927M-8119229,1173.15,35.125,0.0,0.0,1
5800013M,1172.71,0.0,0.0,0.0,1
NH10284M-001896425,1172.07,16.833333333333332,12.069999999999936,5.944444444444445,1
HFJ184418-608160,1172.0,21.333333333333332,297.0,7.4259259259259265,1
S508532M-8108247,1171.24,29.166666666666668,305.24,12.722222222222223,1
4100611M-002169329,1171.19,31.208333333333332,0.0,0.0,1
NH1687734-438376DT,1171.1,5.25,0.0,0.0,1
S508341M-8107441,1170.83,26.083333333333332,304.8299999999999,3.0370370370370368,1
4100486M-002110731,1170.65,33.375,274.6500000000001,45.44444444444445,0
S306129M-8077196,1170.24,12.75,306.24,4.0,1
S306517M-8102840,1170.18,9.375,261.18000000000006,1.0,1
NKJ0B80CPRKH40282,1170.0,0.0,0.0,0.0,1
S306488M,1169.84,29.291666666666668,9.839999999999918,4.814814814814815,1
5801370M-727367681,1169.44,36.041666666666664,309.44000000000005,36.19444444444444,0
NH10523M-002022611,1169.22,24.0,307.22,7.851851851851851,1
S402725M-8093905,1169.13,12.75,306.1300000000001,4.111111111111112,1
NH10054M,1168.88,21.5,8.88000000000011,4.7592592592592595,1
NKJ0B80CHPKH33503-48-395523,1167.9,61.541666666666664,7.900000000000091,22.763888888888886,1
5801357M-727370431,1166.81,31.541666666666668,82.80999999999995,20.444444444444446,1
S509449M-8130644,1166.23,35.541666666666664,305.23,32.0,0
4100264M-002028539,1166.14,40.0,306.1400000000001,18.48148148148148,1
S508142M-8105967,1165.81,23.5,5.809999999999945,4.592592592592593,1
4100523M-002145527,1165.66,35.75,602.6600000000001,15.98611111111111,0
S508629M-8112796,1165.46,10.291666666666666,0.4600000000000364,17.87962962962963,1
S204743M-8113315,1165.45,29.166666666666668,265.45000000000005,0.0,1
S508544M-8109979,1165.39,22.0,304.3900000000001,24.444444444444443,1
NH11128M-002183134,1165.37,29.791666666666668,0.0,0.0,1
S507981M-8097149,1164.89,21.5,304.8900000000001,3.7222222222222223,1
S509656M-6305089,1164.23,33.791666666666664,0.0,0.0,1
S402861M-8107522,1164.0,31.541666666666668,282.0,6.888888888888889,1
S204562M-8088375,1163.79,8.541666666666666,2.7899999999999636,2.013888888888889,1
S508746M-8117897,1163.78,35.333333333333336,411.78,13.055555555555557,1
5801627M-727427925,1163.61,38.708333333333336,303.6099999999999,3.7777777777777777,0
NH10870M-002075618,1163.42,32.458333333333336,303.4200000000001,89.19444444444444,0
S508920M-8123910,1162.58,37.208333333333336,283.5799999999999,6.333333333333333,1
HFJ185552-642947,1162.24,32.583333333333336,302.24,25.259259259259256,1
H101251M-8102115,1162.23,1.25,0.2300000000000182,3.166666666666667,1
5800566M-728333937,1162.08,14.291666666666666,262.0799999999999,0.0,1
NH09995M,1161.39,16.083333333333332,297.3900000000001,5.333333333333334,1
HFJ183635-585919,1160.41,29.5,295.4100000000001,2.361111111111111,1
S508116M-8105348,1160.37,31.0,297.3699999999999,7.703703703703703,1
5800907M-728339392,1160.29,25.75,300.28999999999996,3.305555555555556,1
S507861M-8094026,1160.19,13.25,291.19000000000005,3.4444444444444446,1
NH10626M-002031136,1160.13,37.166666666666664,300.1300000000001,83.98611111111111,0
4100097M-001887768,1160.11,24.166666666666668,250.1099999999999,10.055555555555555,1
S402651M,1159.82,18.458333333333332,559.8199999999999,1.1666666666666667,1
S402828M-8105972,1159.76,25.0,298.76,2.166666666666667,1
5801339M-728361827,1159.6,29.666666666666668,299.5999999999999,18.925925925925927,1
S306988M-8123748,1159.47,35.416666666666664,294.47,11.222222222222221,0
NH10251M-001956543,1159.45,37.666666666666664,299.45000000000005,4.986111111111111,0
5801349M-727366678,1159.39,23.791666666666668,0.0,0.0,1
JXT1644001-395518DT,1159.12,32.541666666666664,0.0,0.0,1
S204756M-8116083,1158.75,38.75,298.75,86.02777777777777,0
4100477M-002106211,1158.11,33.25,0.0,0.0,1
HFJ185725-648420,1157.87,37.083333333333336,255.8699999999999,78.97222222222223,0
S509455M-8130647,1157.84,39.916666666666664,857.8399999999999,4.555555555555556,0
HFJ185165-629183,1157.57,33.5,296.56999999999994,15.722222222222221,1
S508662M-8113426,1157.37,30.791666666666668,297.3699999999999,93.23611111111111,0
NH10368M-001961049,1157.27,15.0,297.27,4.555555555555555,1
S508773M-8120980,1157.21,32.958333333333336,257.21000000000004,3.5000000000000004,1
NH10980M-002048185,1157.17,47.625,297.1700000000001,29.61111111111111,0
5801740M-728436789,1156.98,35.125,571.98,23.90277777777778,0
5800684M,1156.66,17.791666666666668,296.6600000000001,4.444444444444445,1
4100175M-001925167,1156.58,21.208333333333332,293.5799999999999,4.305555555555555,1
S507915M-8099681,1155.67,25.541666666666668,270.6700000000001,2.055555555555556,1
S306541M-8105358,1155.62,38.708333333333336,270.6199999999999,20.333333333333332,0
HFJ185103-627763,1155.46,32.083333333333336,233.46000000000004,9.425925925925926,1
S306244M,1154.12,0.0,0.0,0.0,1
S306322M-8089619,1154.01,17.958333333333332,254.01,0.0,1
HFJ185263-630841,1153.87,38.125,209.8699999999999,15.351851851851853,1
NKJ0B80CCPKH33505-48-395675,1153.14,25.375,330.1400000000001,22.805555555555554,1
5801149M,1153.07,1.2916666666666667,259.06999999999994,0.33333333333333337,1
S507592M-8089736,1152.84,24.833333333333332,290.8399999999999,5.277777777777779,1
T050700M-715411674,1152.13,64.08333333333333,562.1300000000001,4.777777777777778,0
NH10462M-001975211,1151.64,24.958333333333332,290.6400000000001,4.722222222222222,1
H101270M-8113318,1151.49,28.916666666666668,284.49,4.916666666666667,1
S508966M-8123940,1150.94,35.625,256.94000000000005,2.388888888888889,1
JXT1616061-372540DT,1150.84,22.625,0.0,0.0,1
S507552M-8086482,1150.55,11.0,0.0,0.0,1
4100344M-002035507,1150.54,22.166666666666668,267.53999999999996,53.88888888888889,0
S508326M-8101852,1150.15,24.625,282.1500000000001,5.194444444444445,1
S402765M-8099730,1150.07,32.416666666666664,285.06999999999994,2.0185185185185186,1
HFJ184590-610601,1149.99,12.541666666666666,227.99,3.7222222222222223,1
S508836M-8122287,1148.66,1.5833333333333333,288.6600000000001,3.8888888888888893,1
S306440M,1148.44,32.083333333333336,271.44000000000005,7.185185185185186,1
S402839M-8103383,1147.45,26.875,269.45000000000005,2.555555555555556,1
4100273M-002044302,1146.92,3.9166666666666665,160.92000000000007,15.097222222222221,0
S306839M-8117596,1146.87,32.0,284.8699999999999,15.555555555555555,0
4100225M-002033775,1145.73,29.166666666666668,282.73,7.814814814814816,1
5801350M-727370996,1145.58,34.083333333333336,268.5799999999999,2.1296296296296298,1
S507932M-8097049,1145.55,17.416666666666668,269.54999999999995,4.666666666666667,1
NH11074M-002145049,1145.23,44.5,0.0,0.0,1
5801541M-728382776,1144.93,35.041666666666664,278.93000000000006,14.194444444444443,0
S306559M-8102821,1144.63,40.125,273.6300000000001,12.462962962962962,1
NH11101M-002145240,1144.51,35.75,880.51,62.194444444444436,0
NH10389M-001982591,1144.37,20.75,266.3699999999999,6.222222222222222,1
NH09734M-001854439,1143.6,16.958333333333332,277.5999999999999,3.7777777777777777,1
HFJ183942-593695,1143.21,24.0,283.21000000000004,5.555555555555555,1
4100385M-002054639,1143.14,21.75,283.1400000000001,26.11111111111111,0
S402952M-8122260,1141.89,38.458333333333336,577.8900000000001,3.6296296296296298,1
S306381M-8088580,1141.16,11.25,277.1600000000001,4.0,1
NH10727M-002052020,1140.64,22.083333333333332,550.6400000000001,1.6666666666666667,1
S509515M-6308299,1139.13,29.208333333333332,279.1300000000001,4.736111111111111,0
S204656M-8105236,1138.34,29.541666666666668,271.3399999999999,9.38888888888889,1
S306407M-8093797,1138.33,0.0,0.0,0.0,1
S306943M-8122006,1137.96,0.041666666666666664,277.96000000000004,35.48611111111111,0
T050516M-715377991,1137.64,36.333333333333336,264.6400000000001,46.75,0
S306278M,1136.33,9.291666666666666,266.3299999999999,3.3333333333333335,1
S306412M-8094831,1136.2,37.166666666666664,276.20000000000005,12.61111111111111,0
S306474M-8097607,1135.89,22.708333333333332,275.8900000000001,4.972222222222222,1
HFJ182904-561044,1135.83,13.875,275.8299999999999,5.388888888888889,1
S509313M-8130077,1135.05,34.0,275.04999999999995,36.361111111111114,0
HFJ183612-584112,1135.0,19.166666666666668,274.0,2.916666666666667,1
NH09931M,1134.07,22.916666666666668,572.0699999999999,3.6111111111111116,1
NH1652552-403815DT,1133.82,25.333333333333332,0.0,0.0,1
S508162M-8104546,1133.41,0.0,0.0,0.0,1
S509276M-8130090,1133.08,43.458333333333336,251.07999999999993,7.625,0
5801753M-727440025,1132.67,38.958333333333336,871.6700000000001,4.305555555555555,0
4100076M-001902146,1132.24,17.083333333333332,254.24,4.555555555555555,1
5801195M-728351410,1131.9,11.875,231.9000000000001,0.0,1
S507473M-8085710,1131.44,20.708333333333332,0.0,0.0,1
S509367M-8131470,1131.39,31.958333333333332,563.3900000000001,4.361111111111112,0
NH10201M-001959968,1131.27,40.083333333333336,270.27,6.111111111111112,1
S508148M-8105968,1130.76,12.416666666666666,154.76,8.444444444444445,1
S508892M-8122175,1130.71,33.791666666666664,270.71000000000004,63.11111111111112,0
S306253M,1130.28,39.5,230.27999999999997,16.666666666666668,1
ZPAB50035-610883,1130.16,38.958333333333336,0.0,0.0,1
S508133M-8105160,1129.83,29.5,268.8299999999999,6.555555555555556,1
NH10857M-002085700,1129.41,36.291666666666664,237.41000000000008,41.47222222222222,0
NH10434M-001970276,1129.4,22.791666666666668,259.4000000000001,2.75,1
4100171M-001924269,1128.63,28.166666666666668,264.6300000000001,5.166666666666667,1
NH10204M-001898890,1128.54,25.208333333333332,268.53999999999996,5.472222222222222,1
S402843M-8103369,1128.26,0.7916666666666666,228.26,0.0,1
S507251M-8079139,1127.71,21.291666666666668,0.0,0.0,1
NH10264M-001891516,1126.91,30.958333333333332,262.9100000000001,5.166666666666667,1
S508378M-8107807,1126.35,24.5,264.3499999999999,5.444444444444445,1
HFJ185180-630007,1126.16,38.791666666666664,266.1600000000001,35.81481481481482,1
S508450M-8108166,1125.97,24.041666666666668,74.97000000000003,11.38888888888889,1
S509581M-6305168,1125.8,44.916666666666664,0.0,0.0,1
S508872M-8121264,1125.43,23.791666666666668,201.43000000000006,25.416666666666668,0
5801184M-728358628,1125.41,27.875,225.41000000000008,0.0,1
S509213M-8129150,1125.2,38.25,254.20000000000005,19.930555555555557,0
S402796M-8101289,1124.68,39.458333333333336,264.68000000000006,6.592592592592593,1
S509084M-8127568,1124.64,36.541666666666664,256.6400000000001,7.351851851851852,1
S509151M-8127562,1124.48,35.666666666666664,261.48,16.944444444444446,0
S307041M-8123678,1124.32,31.625,405.31999999999994,26.98611111111111,0
S509403M-8131378,1124.29,39.666666666666664,212.28999999999996,6.291666666666667,0
S306485M-8099629,1124.25,19.833333333333332,240.25,1.1388888888888888,1
T050861M-715426432,1124.1,9.083333333333334,264.0999999999999,10.481481481481483,1
HFJ185225-630465,1124.09,28.208333333333332,264.0899999999999,19.64814814814815,1
S402749M-8095785,1124.03,23.25,261.03,2.7222222222222223,1
H101263M-8108188,1123.91,24.458333333333332,199.91000000000008,1.7500000000000002,1
NH11143M-002221568,1123.77,16.916666666666668,0.0,0.0,1
T050540M-715379494,1123.68,25.791666666666668,263.68000000000006,5.305555555555555,1
586140-866392061676676,1123.42,26.583333333333332,212.42000000000007,6.907407407407407,1
S508734M-8117898,1122.74,33.625,252.74,44.916666666666664,0
S402810M-8103402,1121.91,47.416666666666664,212.91000000000008,7.541666666666667,0
S508509M-8108258,1121.77,30.208333333333332,233.76999999999998,23.777777777777775,1
HFJ158811,1120.7,23.916666666666668,0.0,0.0,1
S509267M-8130057,1120.46,30.958333333333332,260.46000000000004,4.370370370370371,1
S306932M-8119827,1120.41,11.75,260.4100000000001,5.861111111111111,0
S306239M-8089596,1120.38,22.416666666666668,260.3800000000001,2.2222222222222223,1
S507753M-8088620,1120.18,16.0,0.0,0.0,1
S508755M-8120665,1119.95,32.75,259.95000000000005,2.592592592592593,1
NH10644M-001992328,1119.83,20.0,247.82999999999993,20.481481481481485,1
S507766M-8091414,1119.72,11.125,215.72000000000003,0.4444444444444444,1
NKJ0B80CCPKH38565,1119.61,42.125,0.0,0.0,1
S507474M-8085717,1119.55,15.541666666666666,0.0,0.0,1
S306240M-8087453,1119.54,15.708333333333334,257.53999999999996,4.222222222222222,1
S508566M,1118.32,26.875,243.31999999999994,11.25925925925926,1
4100432M-002048086,1117.29,34.0,245.28999999999996,76.73611111111111,0
S508193M-8104547,1116.96,13.958333333333334,252.96000000000004,4.0,1
5800421M,1116.78,18.875,228.77999999999997,4.0,1
4100193M-001949769,1116.4,22.291666666666668,498.4000000000001,3.388888888888889,1
4100612M-002169563,1115.77,25.083333333333332,0.0,0.0,1
NH10328M-001956309,1115.34,31.25,255.33999999999992,6.148148148148148,1
NH09735M-001854142,1115.24,35.708333333333336,255.24,36.06944444444445,0
5800557M-728333943,1114.98,14.5,253.98000000000002,4.333333333333334,1
NH1644291-395913DT,1114.97,19.833333333333332,0.0,0.0,1
5801528M-728386395,1114.73,37.166666666666664,213.73000000000002,60.361111111111114,0
HFJ183415-581174,1114.32,24.625,241.31999999999994,7.5,1
S204683M,1114.27,0.0,231.26999999999998,4.194444444444445,1
P05415X005648,1114.06,2.875,0.0,0.0,1
5800906M-728343643,1113.75,23.416666666666668,250.75,5.388888888888889,1
S508086M-8101272,1113.67,14.916666666666666,247.67000000000007,3.7777777777777777,1
HFJ182899-562071,1113.65,14.666666666666666,244.6500000000001,4.305555555555555,1
NH10115M-001929460,1113.55,39.875,237.54999999999995,7.208333333333334,0
S509696M-6308766,1113.37,30.708333333333332,0.0,0.0,1
NH1696578-447228DT,1113.29,35.375,0.0,0.0,1
S306336M,1113.2,18.291666666666668,234.20000000000005,2.3333333333333335,1
5800750M-727340217,1113.04,25.916666666666668,253.03999999999996,5.555555555555555,1
NH10226M,1112.92,21.041666666666668,234.92000000000007,2.4444444444444446,1
4100467M-002092927,1112.59,28.75,415.5899999999999,77.15277777777779,0
NH11090M-002175107,1112.34,10.0,252.33999999999992,93.27777777777777,0
4100332M-002035526,1112.29,28.5,252.28999999999996,28.02777777777778,0
5800458M-728325642,1111.61,26.666666666666668,249.6099999999999,14.86111111111111,1
S306975M-8123752,1111.2,32.666666666666664,484.20000000000005,5.986111111111111,0
NH11134M-002192799,1110.82,11.458333333333334,0.0,0.0,1
S509516M-6306336,1110.53,27.333333333333332,495.53,4.263888888888889,0
NH10699M-002049248,1110.42,26.041666666666668,0.0,0.0,1
S508508M-8108267,1110.19,30.458333333333332,233.19000000000005,7.407407407407407,1
S306581M-8107276,1109.75,14.208333333333334,246.75,4.111111111111112,1
S508210M-8102008,1109.72,23.791666666666668,239.72000000000003,12.833333333333334,1
S509231M-8130100,1109.29,38.208333333333336,249.28999999999996,9.152777777777777,0
S204799M-8122379,1108.94,39.208333333333336,248.94000000000005,99.19444444444444,0
H101261M-8108193,1108.84,28.041666666666668,248.83999999999992,4.4259259259259265,1
HFJ185651-646941,1108.84,13.125,208.83999999999992,0.0,0
S508937M-8122498,1108.72,35.083333333333336,248.72000000000003,14.425925925925926,1
NH10028M-001924280,1107.92,14.708333333333334,246.92000000000007,4.333333333333334,1
4100163M-001925164,1107.65,24.833333333333332,205.6500000000001,5.685185185185186,1
S509022M-8126628,1107.44,35.375,207.44000000000005,0.0,1
NH09752M-001862865,1107.05,14.458333333333334,505.04999999999995,1.1666666666666667,1
NH09929M-001855829,1106.46,20.208333333333332,227.46000000000004,4.416666666666667,1
5801473M-727384750,1106.33,33.791666666666664,246.32999999999993,98.90277777777777,0
5800772M,1106.32,12.291666666666666,231.31999999999994,2.7777777777777777,1
H101212M-8088598,1106.21,21.041666666666668,222.21000000000004,3.9722222222222223,1
5800738M-727340220,1106.18,16.666666666666668,228.18000000000006,4.555555555555555,1
HFJ183477-583005,1105.4,22.791666666666668,229.4000000000001,1.666666666666667,1
S306760M-8109790,1105.22,10.041666666666666,220.22000000000003,9.0,1
5800831M,1105.21,23.333333333333332,245.21000000000004,5.138888888888889,1
S508495M-8107493,1105.02,24.541666666666668,233.01999999999998,26.87037037037037,1
S508911M-8122482,1104.31,37.833333333333336,193.30999999999995,14.796296296296296,1
4100075M-001902144,1104.31,24.25,185.30999999999995,7.972222222222222,1
NH10117M-001929119,1104.23,19.875,242.23000000000002,2.1944444444444446,1
S204844M-6307853,1103.39,28.083333333333332,0.0,0.0,1
S306697M-8108210,1102.59,25.541666666666668,241.58999999999992,3.055555555555556,1
5801402M-727376330,1102.56,37.416666666666664,242.55999999999995,19.73611111111111,0
5801480M,1101.63,31.458333333333332,216.6300000000001,6.222222222222221,1
4100261M-002028549,1101.49,31.916666666666668,218.49,21.12962962962963,1
S508652M-8113438,1101.04,44.25,210.03999999999996,10.444444444444445,1
S507590M-8088322,1100.05,8.958333333333334,212.04999999999995,1.3333333333333335,1
S508868M-8124340,1099.83,34.375,203.82999999999993,7.648148148148148,1
H101234M-8099636,1099.61,23.916666666666668,224.6099999999999,4.638888888888889,1
NH10658M-002008205,1099.6,35.541666666666664,235.5999999999999,47.333333333333336,0
HBZN580NCNAH28821,1098.95,18.541666666666668,0.0,0.0,1
NH11037M-002053946,1098.86,41.125,838.8599999999999,9.0,0
NH10066M-001860225,1098.5,14.666666666666666,235.5,4.111111111111112,1
S306441M-8094038,1098.5,80.33333333333333,184.5,7.722222222222223,0
HFJ185849-654581,1098.11,31.75,238.1099999999999,38.81944444444444,0
S204576M-8088588,1097.52,18.583333333333332,237.51999999999998,26.055555555555557,1
S508838M-8122286,1097.47,37.083333333333336,189.47000000000003,12.185185185185185,1
S508296M-8102815,1096.86,10.666666666666666,235.8599999999999,4.333333333333334,1
S508729M-8117912,1096.79,35.25,151.78999999999996,90.16666666666667,0
5801321M-727367848,1096.55,47.0,154.54999999999995,6.666666666666667,1
S508226M,1096.34,20.333333333333332,233.33999999999992,4.305555555555555,1
S402994M-8131976,1096.23,37.291666666666664,236.23000000000002,6.652777777777778,0
S508330M-8102005,1095.07,3.7916666666666665,231.06999999999994,4.0,1
S509566M-6308237,1094.86,31.916666666666668,0.0,0.0,1
NH1665265-416360DT,1094.78,29.791666666666668,0.0,0.0,1
NH09699M-001844254,1094.72,9.875,189.72000000000003,0.5555555555555556,1
S509052M-8125758,1094.62,3.5416666666666665,180.6199999999999,5.097222222222222,0
S508705M-8119368,1094.46,21.625,234.46000000000004,13.425925925925926,1
H101293M-8123222,1094.23,32.458333333333336,749.23,21.15277777777778,0
S402745M-8097141,1092.47,13.416666666666666,164.47000000000003,3.111111111111111,1
5801358M-727367850,1092.39,25.0,206.3900000000001,42.38888888888889,0
NH10131M-001869138,1092.06,16.625,213.05999999999995,8.75,1
S508550M-8110209,1091.89,62.916666666666664,230.8900000000001,51.291666666666664,0
S508979M-8125656,1091.78,47.125,226.77999999999997,4.62962962962963,1
S508668M-8114103,1091.78,30.5,231.77999999999997,3.6481481481481484,1
S508262M-8102801,1091.42,34.083333333333336,222.42000000000007,7.7592592592592595,1
S507968M-8097223,1090.95,32.75,230.95000000000005,5.652777777777779,0
4100057M-001930816,1090.88,25.875,215.8800000000001,2.5555555555555554,1
5800400M-727318545,1090.73,13.291666666666666,228.73000000000002,4.222222222222222,1
S306623M-8106287,1090.72,21.208333333333332,230.72000000000003,4.888888888888889,1
S508220M-8105162,1090.14,27.5,223.1400000000001,5.166666666666667,1
5800922M,1089.99,23.416666666666668,229.99,5.592592592592593,1
S509121M-8127566,1089.92,34.875,485.9200000000001,15.61111111111111,0
5800122M-727261681,1089.88,16.0,199.8800000000001,1.1111111111111112,1
4100174M-001945147,1089.8,12.375,491.79999999999995,5.481481481481481,1
5801022M-727361992,1089.78,22.916666666666668,225.77999999999997,6.208333333333334,0
ZNAB50321,1089.15,31.666666666666668,0.0,0.0,1
S507763M-8091913,1088.67,20.75,0.0,0.0,1
S508250M-8103163,1088.27,23.375,194.26999999999998,4.999999999999999,1
HFJ182700,1087.24,13.208333333333334,197.24,1.1111111111111112,1
T050341M-715371351,1086.8,22.666666666666668,0.0,0.0,1
S508075M-8099746,1086.7,36.666666666666664,218.70000000000005,2.5277777777777777,1
S204735M-8109803,1085.78,23.0,223.77999999999997,4.518518518518519,1
NH10902M-002054643,1084.24,39.416666666666664,524.24,57.05555555555556,0
HFJ185767-650457,1084.17,4.291666666666667,166.17000000000007,104.79166666666667,0
S508347M-8107848,1083.89,22.25,209.8900000000001,4.694444444444445,1
LSM0B25RVN0310351-304541,1083.76,23.375,0.0,0.0,1
5801542M-728382774,1083.32,34.458333333333336,113.31999999999994,9.277777777777777,0
HFJ183490-583322,1082.75,22.0,222.75,8.305555555555557,1
5801010M-727358614,1082.73,35.333333333333336,522.73,4.2592592592592595,1
5800413M,1082.67,3.8333333333333335,0.0,0.0,1
S306570M-8101862,1081.8,22.208333333333332,220.79999999999995,5.25,1
NH10879M-002109265,1081.72,36.791666666666664,221.72000000000003,102.77777777777777,0
NH09898M-001859921,1080.78,10.375,154.77999999999997,2.888888888888889,1
S306464M-8097554,1080.69,12.125,0.0,20.11111111111111,1
5800395M,1080.51,19.791666666666668,0.0,0.0,1
NKJ1107EKPKT07301-47-417322,1080.21,35.833333333333336,0.0,0.0,1
S508314M-8101774,1080.12,21.041666666666668,200.1199999999999,4.111111111111111,1
NH10113M-001954429,1080.02,15.0,220.01999999999998,2.9722222222222223,1
S509804M-6318356,1079.8,37.125,969.8,41.11111111111111,1
S507816M-8094028,1079.43,17.25,105.43000000000006,6.194444444444445,1
NH10899M-002053318,1078.9,37.916666666666664,168.9000000000001,5.486111111111112,0
HFJ185583-643993,1078.69,27.291666666666668,513.69,81.40277777777777,0
S508769M-8122184,1077.97,33.666666666666664,217.97000000000003,30.98611111111111,0
5801099M-727347437,1077.88,0.0,0.0,0.0,1
S507745M-8089726,1077.79,4.75,0.0,0.0,1
S508887M,1077.44,34.625,177.44000000000005,0.0,1
S508385M-8107792,1076.46,33.0,193.46000000000004,1.6805555555555554,0
NH11221M-002243090,1076.45,52.0,516.45,33.333333333333336,1
4100252M-002028081,1076.01,7.875,206.01,8.666666666666666,1
NH10891M-002111692,1075.73,35.375,215.73000000000002,55.19444444444444,0
S508352M-8107536,1075.45,30.875,210.45000000000005,7.7407407407407405,1
HFJ183781-590515,1074.78,19.875,207.77999999999997,5.083333333333333,1
S306999M-8122396,1074.16,36.791666666666664,170.16000000000008,2.9444444444444446,0
HFJ184463-610372,1074.12,29.0,188.1199999999999,1.1111111111111112,1
5801009M-727359413,1073.69,23.25,210.69000000000005,6.222222222222221,1
S306737M-8108692,1073.56,24.666666666666668,199.55999999999995,1.5277777777777777,1
NKJ1107ECPKT07303,1072.74,30.0,0.0,0.0,1
5801619M-727427957,1072.7,35.958333333333336,212.70000000000005,6.111111111111112,0
NH09956M-001905317,1072.4,25.666666666666668,103.40000000000009,6.083333333333333,1
HFJ183787-590584,1071.79,23.458333333333332,171.78999999999996,0.0,1
H101216M-8094018,1071.32,22.041666666666668,211.31999999999994,5.555555555555555,1
4100333M-002034661,1071.3,28.0,507.29999999999995,46.69444444444444,0
S507958M-8097047,1069.82,25.625,197.81999999999994,6.222222222222222,1
HFJ183710-589153,1069.81,23.291666666666668,448.80999999999995,3.7962962962962963,1
S402831M-8107799,1068.13,24.041666666666668,208.1300000000001,3.1481481481481484,1
NH10362M-001961070,1067.95,21.541666666666668,170.95000000000005,2.5,1
NH09913M,1067.93,23.125,163.93000000000006,0.2222222222222222,1
NH09930M-001858038,1067.87,15.958333333333334,180.8699999999999,4.055555555555555,1
S508827M-8122216,1067.86,29.416666666666668,171.8599999999999,4.759259259259259,1
HFJ182905,1067.73,15.083333333333334,206.73000000000002,4.333333333333334,1
S306748M-8109806,1067.1,0.25,0.0,0.0,1
S306433M-8094668,1066.51,14.166666666666666,206.51,4.444444444444445,1
NH10394M-001965107,1066.51,27.75,190.51,2.111111111111111,1
5801186M-727350024,1066.2,27.5,202.20000000000005,6.444444444444444,1
HFJ183631-585181,1066.1,24.375,172.0999999999999,3.666666666666667,1
S306279M-8089773,1065.88,13.333333333333334,201.8800000000001,4.0,1
NH10425M,1065.73,13.416666666666666,204.73000000000002,4.333333333333334,1
4100219M-002033379,1065.68,29.291666666666668,205.68000000000006,6.537037037037037,1
HFJ183985-594380,1065.48,27.875,168.48000000000002,3.111111111111111,1
S204757M-8116193,1064.35,21.541666666666668,0.0,0.0,1
5801049M-727360492,1064.02,25.0,142.01999999999998,7.092592592592593,1
S204814M-8123232,1063.78,31.625,475.78,4.111111111111111,0
S306673M-8107263,1063.64,25.291666666666668,470.6400000000001,1.8611111111111112,1
S509291M-8130023,1063.33,36.208333333333336,203.32999999999993,32.52777777777778,0
S508978M-8124339,1063.02,34.208333333333336,203.01999999999998,83.69444444444444,0
S306605M-8106294,1062.82,21.416666666666668,201.81999999999994,4.916666666666667,1
S509083M-8127567,1062.81,35.083333333333336,155.80999999999995,3.8703703703703707,1
S204516M-8081186,1062.6,9.125,0.0,0.0,1
S204518M-8081195,1062.33,5.416666666666667,181.32999999999993,2.111111111111111,1
5801515M-727390603,1062.21,32.375,202.21000000000004,9.148148148148147,1
NH10979M-002132313,1062.07,31.166666666666668,202.06999999999994,95.61111111111111,0
S306654M-8105992,1061.97,27.083333333333332,181.97000000000003,3.9629629629629632,1
S306876M-8119318,1061.85,34.208333333333336,195.8499999999999,54.40277777777778,0
H101195M-8089766,1061.47,25.625,169.47000000000003,1.0277777777777777,1
NH10557M,1061.21,15.125,178.21000000000004,4.277777777777778,1
4100156M-001966578,1061.19,30.958333333333332,201.19000000000005,26.77777777777778,0
NH09714M,1061.07,21.333333333333332,166.06999999999994,3.611111111111111,1
S402680M-8088631,1061.05,13.125,165.04999999999995,0.4444444444444444,1
S307007M-8123663,1060.66,30.833333333333332,200.66000000000008,25.11111111111111,0
S306587M-8107257,1060.39,22.666666666666668,200.3900000000001,5.9259259259259265,1
NKJ0B80CTPKH33313,1059.1,22.791666666666668,197.0999999999999,3.9444444444444446,1
HFJ185351-633360,1058.87,30.916666666666668,498.8699999999999,5.703703703703703,1
S307109M-6307955,1057.84,25.833333333333332,726.8399999999999,25.36111111111111,0
NH10653M-002044402,1057.72,20.0,197.72000000000003,8.703703703703704,1
NH10718M-002052021,1057.61,35.791666666666664,191.6099999999999,1.2592592592592593,1
S509464M-6302390,1057.51,37.208333333333336,1007.51,9.472222222222221,0
S306429M,1057.27,3.9583333333333335,0.0,0.0,1
S507995M-8097030,1057.09,14.833333333333334,197.08999999999992,2.805555555555556,1
5801613M-727413940,1057.06,31.958333333333332,197.05999999999995,2.611111111111111,0
H101239M-8102830,1056.98,25.708333333333332,142.98000000000002,2.6296296296296293,1
HFJ182923,1056.38,18.458333333333332,189.3800000000001,2.4166666666666665,1
4100117M-001932846,1056.13,23.541666666666668,196.1300000000001,7.814814814814814,1
NH10575M-001990364,1056.05,25.291666666666668,194.04999999999995,7.518518518518519,1
S508985M-8124241,1055.7,36.625,145.70000000000005,3.4814814814814814,1
5801478M,1055.57,30.25,135.56999999999994,25.26388888888889,0
S508171M-8107460,1055.51,21.708333333333332,495.51,4.666666666666667,1
HFJ184162-599394,1054.79,26.083333333333332,158.78999999999996,3.138888888888889,1
4100530M-002146133,1054.48,20.291666666666668,0.0,0.0,1
S508571M-8109478,1054.41,8.916666666666666,0.0,0.0,1
ZNJF01504,1054.18,23.083333333333332,0.0,0.0,1
5801038M-728348502,1054.12,10.25,176.1199999999999,2.4444444444444446,1
S306107M-8072192,1054.02,16.208333333333332,169.01999999999998,15.555555555555555,1
S508674M-8110564,1052.79,31.75,0.0,0.0,1
5801556M-727392702,1052.09,13.5,192.08999999999992,1.1111111111111112,0
S507630M-8088624,1051.76,0.0,0.0,0.0,1
HFJ185092-626733,1051.69,27.333333333333332,114.69000000000005,110.86111111111111,0
HFJ185765-650514,1051.52,34.5,490.52,7.902777777777779,0
5801325M-728359319,1051.37,70.58333333333333,159.3699999999999,14.74074074074074,1
S306791M-8114115,1051.13,31.083333333333332,188.1300000000001,69.52777777777777,0
S307073M-6303648,1050.95,31.791666666666668,190.95000000000005,1.1111111111111112,0
5801520M-728383436,1050.58,34.875,423.5799999999999,6.652777777777778,0
H101259M-8108194,1049.94,15.25,182.94000000000005,8.222222222222223,1
4100131M-001949768,1049.7,27.75,181.70000000000005,5.629629629629629,1
T050562M-715377802,1048.25,32.375,161.25,1.9814814814814816,1
S306490M,1047.93,0.0,0.0,0.0,1
S508559M-8110217,1047.67,37.666666666666664,187.67000000000007,102.48611111111111,0
S402936M-8117901,1047.17,27.5,187.17000000000007,22.52777777777778,0
S508645M-8113419,1046.96,23.958333333333332,223.96000000000004,37.166666666666664,1
NH1671592-419044DT,1046.7,35.541666666666664,0.0,0.0,1
HFJ184565-612957,1046.59,24.416666666666668,68.58999999999992,12.666666666666666,1
5801040M-728359322,1046.38,23.583333333333332,178.3800000000001,4.944444444444445,1
S509295M-8130019,1046.37,30.0,186.3699999999999,24.36111111111111,0
NH1643356-394450DT,1046.14,25.75,0.0,0.0,1
HFJ185396-635900,1046.05,35.708333333333336,186.04999999999995,6.527777777777778,0
NH09954M-001857869,1045.81,21.625,185.80999999999995,5.305555555555555,1
S507817M-8093910,1045.65,18.166666666666668,484.6500000000001,3.5277777777777777,1
S508973M-8123922,1045.02,32.458333333333336,185.01999999999998,35.61111111111111,0
4100504M-002048566,1045.0,38.083333333333336,785.0,9.944444444444445,0
5801193M-728351894,1044.84,21.958333333333332,184.83999999999992,3.555555555555556,1
S509268M-8130058,1044.83,33.333333333333336,148.82999999999993,19.944444444444443,0
NH10728M-002008673,1044.82,31.291666666666668,184.81999999999994,4.152777777777779,0
S402959M-8122278,1044.62,32.25,184.6199999999999,7.7592592592592595,1
4100368M-002051538,1043.77,28.625,179.76999999999998,5.888888888888889,1
S508766M-8120723,1043.49,26.75,183.49,9.694444444444445,0
ZPJF00890-002053927,1043.22,27.416666666666668,0.0,0.0,1
S306438M,1042.91,15.083333333333334,177.91000000000008,5.277777777777778,1
HFJ185370-634385,1042.81,35.041666666666664,168.80999999999995,12.407407407407407,1
HFJ185545-642068,1042.75,28.541666666666668,182.75,72.31944444444444,0
HFJ183971-595563,1042.73,22.916666666666668,159.73000000000002,2.685185185185185,1
ZPAB50065-613448,1042.65,30.625,0.0,0.0,1
HFJ183328-576846,1042.55,17.0,178.54999999999995,4.0,1
S507538M-8086282,1042.33,2.2916666666666665,0.0,0.0,1
S508630M-8112810,1041.41,34.541666666666664,178.41000000000008,22.361111111111114,0
4100517M-002150955,1041.4,34.833333333333336,181.4000000000001,42.19444444444444,0
5801327M-727369051,1041.3,40.916666666666664,181.29999999999995,102.98611111111111,0
S204813M-8123227,1041.23,32.708333333333336,408.23,5.319444444444445,0
S509503M-6302359,1041.13,25.333333333333332,181.1300000000001,6.361111111111111,0
NH10812M-002036687,1041.0,38.583333333333336,136.0,8.88888888888889,0
S509048M-8126630,1040.14,6.791666666666667,170.1400000000001,5.277777777777778,1
S507551M,1038.42,18.791666666666668,178.42000000000007,4.444444444444445,1
NH09971M-001855791,1037.72,21.333333333333332,177.72000000000003,5.138888888888889,1
S508661M-8113337,1037.41,32.833333333333336,177.41000000000008,86.06944444444444,0
S508582M-8108763,1037.33,43.208333333333336,109.32999999999993,5.2592592592592595,1
S507469M-8084183,1037.1,17.625,160.0999999999999,4.027777777777778,1
5800725M-728339389,1036.95,8.958333333333334,135.95000000000005,0.1111111111111111,1
5800873M-727352448,1036.92,29.875,176.92000000000007,4.9259259259259265,1
HFJ183986-592179,1036.79,19.625,158.78999999999996,2.055555555555556,1
S507966M-8097225,1036.64,37.166666666666664,435.6400000000001,10.319444444444445,0
S306281M-8089608,1036.62,3.25,0.0,0.0,1
5801633M-727428198,1036.44,29.291666666666668,176.44000000000005,65.56944444444444,0
5800823M-727347591,1035.84,6.833333333333333,0.0,0.0,1
S306790M-8114340,1035.39,29.75,172.3900000000001,20.425925925925927,1
4100415M-002051544,1035.13,20.458333333333332,169.1300000000001,2.314814814814815,1
HFJ184359-606666,1034.99,23.541666666666668,164.99,4.333333333333334,1
NH10719M-002050244,1034.67,34.083333333333336,174.67000000000007,30.98611111111111,0
5800868M,1034.59,13.791666666666666,173.58999999999992,4.333333333333334,1
HFJ185954-658602,1034.58,31.791666666666668,774.5799999999999,22.48611111111111,0
S306800M-8116072,1034.56,33.291666666666664,474.55999999999995,6.9259259259259265,1
S306707M-8108207,1034.53,30.166666666666668,174.52999999999997,7.4259259259259265,1
S508159M-8104544,1032.05,0.0,172.04999999999995,2.2222222222222223,1
5800422M,1032.04,15.125,172.03999999999996,2.805555555555556,1
NH10586M-001989866,1031.99,30.541666666666668,171.99,6.314814814814816,1
S306711M-8107254,1031.99,21.875,468.99,3.416666666666667,1
S509032M-8126620,1031.42,32.458333333333336,171.42000000000007,8.777777777777779,0
S509564M-6308114,1031.24,34.833333333333336,415.24,5.361111111111111,0
H101274M-8109793,1031.1,22.541666666666668,171.0999999999999,7.592592592592593,1
S508577M,1030.06,0.0,226.05999999999995,17.61111111111111,1
NKJ0B80CCNKH30835-40-372858,1028.73,27.416666666666668,167.73000000000002,25.555555555555554,1
S507615M-8088355,1028.69,24.833333333333332,141.69000000000005,12.870370370370372,1
ZNAB50186,1028.46,14.291666666666666,0.0,0.0,1
5801113M-727347242,1028.46,31.5,168.46000000000004,7.814814814814814,1
S204550M-8086386,1028.02,13.791666666666666,168.01999999999998,2.2222222222222223,1
NH10787M-002034672,1027.56,29.083333333333332,458.55999999999995,85.65277777777777,0
HFJ184102-598447,1026.98,18.833333333333332,166.98000000000002,6.805555555555555,1
S507775M-8091932,1026.92,10.625,0.0,0.0,1
S508096M-8102700,1026.22,4.083333333333333,0.0,0.0,1
4100604M-002166111,1026.21,24.041666666666668,0.0,0.0,1
4100529M-002145264,1026.13,28.5,166.1300000000001,6.111111111111112,0
S508514M-8108249,1025.6,26.333333333333332,145.5999999999999,6.5740740740740735,1
S306923M,1025.34,28.75,165.33999999999992,13.902777777777779,0
4100514M-002132149,1025.33,33.5,465.3299999999999,6.666666666666667,1
S204566M-8088658,1025.26,13.291666666666666,150.26,2.7777777777777777,1
S508409M-8108228,1025.13,20.875,462.1300000000001,3.75,1
5800924M,1024.54,22.583333333333332,97.53999999999996,7.25,1
NH1680329-431225DT,1024.2,32.625,0.0,0.0,1
S306290M-8089741,1024.14,14.875,124.1400000000001,2.166666666666667,1
S306703M-8108211,1024.05,24.708333333333332,461.04999999999995,7.870370370370371,1
NH10878M-002109263,1024.04,35.916666666666664,164.03999999999996,103.61111111111111,0
S508092M-8099849,1023.69,17.708333333333332,133.69000000000005,3.8888888888888893,1
S306390M-8094019,1023.21,31.333333333333332,161.21000000000004,14.24074074074074,1
S507619M,1023.13,12.166666666666666,156.13,3.6666666666666665,1
S507770M-8091912,1023.02,32.541666666666664,31.019999999999982,43.97222222222222,0
5800696M-727335519,1022.93,21.208333333333332,150.92999999999995,4.722222222222222,1
S508122M,1022.72,27.25,162.72000000000003,5.148148148148149,1
IMEI 866392061550707,1022.56,0.0,0.0,0.0,1
NH09852M,1022.56,19.083333333333332,149.55999999999995,4.833333333333334,1
RW7420R037145,1022.47,13.541666666666666,0.0,0.0,1
S508282M-8103368,1021.42,27.333333333333332,378.41999999999996,5.537037037037037,1
NH10352M,1021.27,11.708333333333334,154.26999999999998,3.6666666666666665,1
S402774M,1021.03,3.9166666666666665,157.02999999999997,9.75,1
S306535M,1021.02,26.583333333333332,156.01999999999998,5.111111111111112,1
FR8705824-456200DT,1020.46,25.5,0.0,0.0,1
S508874M,1019.93,28.375,159.92999999999995,46.64814814814815,1
S204661M-8103416,1019.11,22.958333333333332,0.0,0.0,1
JXT1661263-412414DT,1019.1,26.0,0.0,0.0,1
5800473M-727330060,1019.02,21.083333333333332,155.01999999999998,5.333333333333334,1
HFJ185555-642774,1018.6,27.0,158.60000000000002,18.444444444444446,0
5801741M-728437373,1018.05,31.708333333333332,123.04999999999995,4.430555555555555,0
NH1674681-425611DT,1017.9,30.583333333333332,0.0,0.0,1
S507796M,1017.75,16.583333333333332,148.75,5.055555555555555,1
S507585M,1016.47,0.0,0.0,0.0,1
S307034M-8123668,1016.0,28.583333333333332,156.0,133.11111111111111,0
5800460M,1015.89,8.833333333333334,153.89,4.222222222222222,1
S204822M-8130289,1015.74,32.791666666666664,415.74,62.444444444444436,0
NH10711M-002047899,1015.61,33.833333333333336,143.61,5.736111111111112,0
NKJ0B80CJRKH41984,1015.39,26.583333333333332,0.0,0.0,1
NH10034M-001882696,1015.25,30.041666666666668,152.25,7.314814814814816,1
4100118M-001940930,1013.95,19.5,153.95000000000005,4.638888888888889,1
S402795M,1013.7,27.375,134.70000000000005,4.0,1
S509097M-8127472,1013.54,34.5,0.0,0.0,1
S402801M-8102813,1013.42,16.791666666666668,153.41999999999996,4.138888888888889,1
NH10499M-002021124,1012.67,28.708333333333332,152.66999999999996,63.56944444444444,0
NH09982M-001905756,1012.63,16.625,132.63,4.111111111111111,1
NH10919M-002101404,1012.03,37.416666666666664,152.02999999999997,4.361111111111112,0
S204601M-8087449,1011.72,24.416666666666668,106.72000000000003,16.63888888888889,0
NH10826M-002073812,1011.64,29.958333333333332,419.64,62.27777777777777,0
HFJ185377-634387,1010.92,31.416666666666668,150.91999999999996,5.592592592592593,1
S508047M,1010.32,0.0,0.0,0.0,1
S508360M-8107496,1010.23,23.25,150.23000000000002,19.98148148148148,1
5801047M-727358899,1010.14,21.125,150.14,2.2222222222222223,1
S508764M-8120982,1009.27,32.583333333333336,129.26999999999998,26.40740740740741,1
NH10875M-002109249,1008.62,29.583333333333332,133.62,9.87037037037037,1
S507791M,1008.07,22.041666666666668,148.07000000000005,5.472222222222222,1
S508420M-8107534,1007.93,19.666666666666668,147.92999999999995,5.388888888888889,1
HFJ184009-596326,1007.44,25.666666666666668,147.44000000000005,5.222222222222222,1
5801535M-727385485,1007.31,1.0416666666666667,359.30999999999995,11.444444444444443,0
S402798M,1007.05,11.375,121.04999999999995,1.5555555555555556,1
S508292M,1006.67,6.875,139.66999999999996,3.6666666666666665,1
HFJ185572-642885,1006.57,31.125,439.57000000000005,7.4259259259259265,1
NH10590M-002033026,1006.21,26.791666666666668,146.21000000000004,12.36111111111111,0
S507850M-8093771,1005.6,11.0,138.60000000000002,3.6666666666666665,1
4100084M-001940929,1005.47,22.166666666666668,400.47,4.981481481481482,1
HFJ184734-615419,1005.05,91.58333333333333,145.04999999999995,32.31481481481482,1
S509314M-8130085,1004.68,32.125,132.67999999999995,61.11111111111111,0
S509221M-8129584,1004.67,34.958333333333336,144.66999999999996,76.02777777777777,0
S306347M-8091408,1004.61,13.333333333333334,103.61000000000001,2.8055555555555554,1
S508733M-8117896,1004.59,28.083333333333332,144.59000000000003,45.361111111111114,0
HFJ184202-599243,1004.39,25.791666666666668,140.39,6.166666666666667,1
LSMF50BRJP0310182-RC230157,1004.1,22.375,0.0,0.0,1
S402729M-8093496,1003.08,12.625,140.08000000000004,5.138888888888889,1
S402849M-8107538,1002.67,17.791666666666668,142.66999999999996,5.638888888888889,1
NH09999M-001929461,1002.64,15.583333333333334,137.64,1.9444444444444444,1
S306770M-8114141,1002.4,25.708333333333332,142.39999999999998,8.925925925925926,1
S507484M-8085718,1002.25,6.708333333333333,102.25,0.0,1
NH10282M-001898894,1001.14,11.625,124.13999999999999,1.6944444444444446,1
S403049M-6308666,1000.99,26.333333333333332,0.0,0.0,1
S509346M-8131399,1000.79,32.666666666666664,140.78999999999996,5.111111111111111,0
HFJ182704-552810,1000.76,16.791666666666668,132.76,5.111111111111111,1
S508654M-8113335,1000.71,27.5,356.71000000000004,60.69444444444445,0
S509283M-8129689,1000.48,27.25,366.48,75.36111111111111,0
HFJ183978-595133,1000.44,24.208333333333332,140.44000000000005,3.9814814814814823,1
S306682M-8107266,1000.32,23.708333333333332,432.32000000000005,12.694444444444445,0
5801338M-728359040,999.88,41.083333333333336,138.88,9.11111111111111,1
NH1685974-436760DT,999.8,30.416666666666668,0.0,0.0,1
NH11133M-002193099,999.59,12.916666666666666,0.0,0.0,1
5801381M-727367267,999.31,28.625,139.30999999999995,6.092592592592593,1
S509312M-8130107,999.17,29.5,139.16999999999996,44.31944444444444,0
NH10007M-001921152,998.72,15.125,138.72000000000003,4.722222222222222,1
S509197M-8129153,998.47,31.666666666666668,138.47000000000003,57.11111111111111,0
S508618M-8112798,998.33,31.041666666666668,698.33,5.944444444444445,0
S509642M-6307828,997.93,27.666666666666668,0.0,0.0,1
S507840M,997.83,10.625,91.83000000000004,3.5000000000000004,1
S403046M-6304841,997.16,26.958333333333332,0.0,0.0,1
4100244M-002028073,997.11,28.375,136.11,7.5,0
T049573M-715310213,996.99,0.0,0.0,0.0,1
S306500M-8102845,996.93,18.166666666666668,136.92999999999995,5.555555555555555,1
HFJ182660-550955,996.35,15.0,0.0,0.0,1
S508466M-8107852,996.24,20.083333333333332,136.24,2.2037037037037037,1
S508996M-8123937,996.2,27.125,296.20000000000005,28.72222222222222,0
HFJ182911-559784,995.91,14.5,135.90999999999997,4.222222222222222,1
S508959M-8125660,995.88,26.583333333333332,432.88,13.611111111111112,1
5801788M-728436787,995.62,32.625,0.0,0.0,1
NH10982M-002133821,995.23,31.833333333333332,135.23000000000002,2.9027777777777777,0
5800620M-727339327,995.09,13.166666666666666,117.09000000000003,4.555555555555555,1
HFJ183617-584253,995.03,21.583333333333332,309.03,6.962962962962963,1
NH11138M-002220035,994.6,3.5833333333333335,719.6,8.333333333333332,1
NH09877M-001893089,994.07,9.916666666666666,125.07000000000005,3.4444444444444446,1
4100181M-001985951,993.95,28.083333333333332,133.95000000000005,9.037037037037036,1
S507989M-8097235,993.53,31.708333333333332,720.53,12.027777777777779,0
S509521M-6306363,993.38,32.833333333333336,402.38,11.402777777777777,0
HFJ186063-663523,993.35,18.083333333333332,432.35,26.722222222222225,1
5800928M,993.11,28.916666666666668,133.11,6.814814814814816,1
S509013M-8126624,992.95,25.875,132.95000000000005,24.52777777777778,0
NH10559M-002022643,991.75,21.041666666666668,131.75,7.4259259259259265,1
S306978M-8123751,991.47,30.375,131.47000000000003,72.90277777777777,0
S509111M-8128266,991.47,30.0,120.47000000000003,18.680555555555557,0
4100561M-002143439,991.42,31.666666666666668,131.41999999999996,7.986111111111112,0
4100593M-002193923,991.35,20.0,0.0,0.0,1
S306875M-8119225,991.14,43.958333333333336,131.14,54.06944444444444,0
S508243M,990.89,16.541666666666668,125.88999999999999,2.5277777777777777,1
KBUMXBDREN1K84571,989.91,28.5,0.0,0.0,1
NJM442750,989.54,6.208333333333333,0.0,0.0,1
4100508M-002149873,989.36,28.208333333333332,0.0,0.0,1
S306370M-8088659,988.2,26.875,104.20000000000005,5.9259259259259265,1
S508653M-8110896,987.95,30.083333333333332,127.95000000000005,9.611111111111112,0
S306223M-8085383,987.85,10.666666666666666,112.85000000000002,2.7777777777777777,1
NH1653934-404610DT,987.55,30.416666666666668,0.0,0.0,1
NH10463M-001961920,987.51,28.416666666666668,121.50999999999999,6.648148148148149,1
HFJ183964-595255,987.41,10.375,107.40999999999997,2.2222222222222223,1
NH1671246-422036DT,987.29,31.708333333333332,0.0,0.0,1
NH10121M-001944680,986.32,2.9166666666666665,426.32000000000005,21.740740740740744,1
4100203M-002020513,986.1,24.166666666666668,86.10000000000002,0.0,1
HFJ184421-609119,986.04,31.291666666666668,126.03999999999996,7.981481481481481,1
S507621M,985.92,19.458333333333332,91.91999999999996,1.5,1
S204706M-8108213,985.54,33.75,125.53999999999996,117.69444444444446,0
S509438M-8133119,985.2,28.375,125.20000000000005,22.569444444444443,0
S306981M-8123757,985.14,35.375,125.13999999999999,57.44444444444444,0
5801609M-727415516,985.04,29.166666666666668,125.03999999999996,46.40277777777778,0
NH09816M-001879973,984.81,18.791666666666668,100.80999999999995,3.555555555555556,1
S509651M-6307843,984.77,33.0,0.0,0.0,1
S402809M-8102805,983.69,50.875,123.69000000000005,5.194444444444445,0
4100267M-002045804,983.4,30.708333333333332,121.39999999999998,96.51388888888889,0
NH10543M-001950438,983.08,32.375,418.08000000000004,10.402777777777779,0
ZNJF01507,982.51,7.708333333333333,0.0,0.0,1
NKJ0B80CCPKH33486-40-393644,982.26,59.041666666666664,121.25999999999999,23.66666666666666,1
S508748M-8120666,981.82,27.333333333333332,110.82000000000005,28.185185185185187,1
S508364M-8107451,981.62,27.041666666666668,118.62,31.037037037037038,1
JX1713891-465033DT,981.17,22.333333333333332,0.0,0.0,1
NH09947M-001859867,981.03,0.3333333333333333,0.0,0.0,1
5801827M-728437528,980.68,32.458333333333336,0.0,0.0,1
4100299M-002052298,980.56,35.333333333333336,711.56,11.11111111111111,0
S306984M-8123747,980.23,32.041666666666664,115.23000000000002,21.88888888888889,0
5801626M-727428191,979.75,31.5,112.75,27.916666666666668,0
S306912M-8120671,979.52,13.25,119.51999999999998,1.4814814814814816,1
S508017M,979.36,8.208333333333334,118.36000000000001,4.333333333333334,1
HFJ183037-567807,979.06,16.166666666666668,103.05999999999995,4.666666666666667,1
HFJ185763-649088,979.0,27.083333333333332,0.0,0.0,1
S306949M-8121998,978.74,34.583333333333336,118.74000000000001,53.736111111111114,0
S204811M-8123231,978.58,33.958333333333336,371.58000000000004,83.56944444444444,0
5800790M-727348217,978.4,34.541666666666664,78.39999999999998,0.0,1
HFJ183535-583913,978.36,29.833333333333332,118.36000000000001,9.48611111111111,0
S402897M-8113418,978.04,32.791666666666664,69.03999999999996,6.333333333333333,1
NH10648M-002006055,977.77,17.458333333333332,117.76999999999998,1.6481481481481481,1
4100442M-002048995,977.74,23.208333333333332,822.74,210.0,1
T050987M-715435872,976.95,30.125,116.95000000000005,7.611111111111111,0
S306241M-8087454,976.64,10.5,75.63999999999999,0.1111111111111111,1
4100255M-002028489,976.18,16.333333333333332,116.17999999999995,3.1481481481481484,1
S509631M-6307885,975.66,27.5,0.0,0.0,1
S508415M-8107457,975.27,25.791666666666668,115.26999999999998,7.814814814814816,1
NH10667M-002027975,974.47,21.916666666666668,108.47000000000003,19.64814814814815,1
5801164M-727350027,974.22,33.708333333333336,114.22000000000003,19.944444444444443,1
S306641M-8106350,974.18,28.416666666666668,114.17999999999995,6.092592592592593,1
S507672M-8089809,973.38,15.375,0.0,0.0,1
365738M-00K11C,972.16,1.2083333333333333,643.16,11.851851851851853,1
HFJ186225-665579,971.53,34.5,0.0,0.0,1
HFJ182708,971.27,13.958333333333334,99.26999999999998,1.8055555555555556,1
P06603X003583,971.25,0.0,0.0,0.0,1
S507429M,971.23,10.75,0.0,0.0,1
5801419M-727374195,971.2,29.875,47.200000000000045,11.666666666666666,1
S204689M,970.94,19.541666666666668,104.94000000000005,3.4814814814814814,1
NH10410M-001932845,970.7,27.166666666666668,110.70000000000005,7.7592592592592595,1
5801469M-727384748,969.98,38.0,109.98000000000002,80.19444444444444,0
S507917M-8099673,969.92,3.9583333333333335,37.91999999999996,3.5555555555555554,1
H101298M-8123652,969.78,29.458333333333332,109.77999999999997,26.02777777777778,0
S306475M-8095808,969.5,57.291666666666664,105.5,9.166666666666666,0
S306857M-8119315,969.39,31.541666666666668,106.38999999999999,5.592592592592593,1
S306881M-8117594,969.26,20.333333333333332,109.25999999999999,15.314814814814815,1
S306883M-8117598,969.05,33.75,709.05,5.222222222222222,1
HFJ186103-665097,968.42,27.375,108.41999999999996,6.361111111111111,0
S508551M-8110211,968.42,25.458333333333332,108.41999999999996,6.2592592592592595,1
S509156M-8127443,968.27,29.833333333333332,402.27,13.86111111111111,0
S509380M-8131371,967.59,18.125,107.59000000000003,3.3611111111111116,0
S508355M-8107475,966.98,23.833333333333332,106.98000000000002,4.972222222222222,1
S508146M-8105970,966.06,5.791666666666667,101.05999999999995,3.888888888888889,1
S509628M-6307884,965.8,28.041666666666668,0.0,0.0,1
S507544M-8087339,965.61,9.333333333333334,91.61000000000001,2.888888888888889,1
S509207M-8129582,965.49,28.791666666666668,105.49000000000001,58.31944444444444,0
HFJ183474-582638,965.34,26.541666666666668,105.34000000000003,3.592592592592593,1
NH10210M,965.33,38.416666666666664,103.33000000000004,7.185185185185186,1
S306575M-8102112,964.69,29.875,64.69000000000005,3.7777777777777772,1
S307033M-8123675,964.56,0.8333333333333334,912.56,19.48611111111111,0
S306127M-8077195,964.53,9.208333333333334,104.52999999999997,4.444444444444445,1
S508541M-8110411,964.47,23.833333333333332,104.47000000000003,5.37037037037037,1
NH09957M-001904504,964.4,12.083333333333334,96.39999999999998,3.5555555555555554,1
4100541M-002149874,964.17,24.041666666666668,104.16999999999996,150.37037037037038,1
S306343M,963.54,12.666666666666666,64.53999999999996,0.1111111111111111,1
S508925M-8123911,963.48,0.7083333333333334,103.48000000000002,1.1111111111111112,0
S402786M-8099869,963.09,25.458333333333332,103.09000000000003,48.81944444444444,0
5801153M-728354767,963.05,22.666666666666668,99.04999999999995,5.083333333333334,1
NH10615M-002027316,962.7,30.75,43.700000000000045,14.444444444444445,0
4100283M-002046202,962.43,20.333333333333332,89.42999999999995,26.083333333333332,0
S508311M-8099763,961.94,21.875,101.94000000000005,6.87037037037037,1
S508303M-8103386,961.73,28.333333333333332,101.73000000000002,53.06944444444444,0
4100343M-002028065,961.65,6.333333333333333,100.64999999999998,33.916666666666664,0
NH10941M-001926004,961.53,33.458333333333336,397.53,100.11111111111111,0
5801295M-727389455,961.28,25.541666666666668,101.27999999999997,7.814814814814814,1
S306896M-8117787,959.83,27.208333333333332,378.83000000000004,41.40277777777778,0
S507511M,958.62,0.0,0.0,0.0,1
S509518M-6306364,958.52,22.958333333333332,98.51999999999998,8.069444444444445,0
NH11042M-002052367,958.43,39.041666666666664,698.43,9.444444444444445,1
S402977M-8127456,957.9,31.458333333333332,97.89999999999998,24.319444444444443,0
S509527M-6306462,957.72,30.208333333333332,628.72,15.194444444444443,0
HFJ184207-600195,957.36,27.833333333333332,97.36000000000001,4.2592592592592595,1
NH10419M-001955554,957.07,1.2083333333333333,97.07000000000005,4.148148148148148,1
S507769M-8092420,956.66,17.375,92.65999999999997,3.666666666666667,1
S307065M-6304387,956.08,25.916666666666668,806.08,74.88888888888889,1
HFJ183949-594783,955.98,26.25,86.98000000000002,7.037037037037037,1
S402947M-8122273,955.66,27.166666666666668,257.65999999999997,8.222222222222221,1
HFJ186199-665715,955.13,12.625,95.13,1.1111111111111112,0
S508231M-8103166,955.12,23.958333333333332,0.0,0.0,1
5801319M-728361824,954.88,21.333333333333332,94.88,16.314814814814813,1
ZLAB50029,953.7,0.0,0.0,0.0,1
5801062M,953.63,3.9166666666666665,92.63,4.333333333333334,1
NH11127M-002219627,952.48,30.25,0.0,0.0,1
S508834M-8122276,951.3,27.875,91.29999999999995,62.69444444444444,0
S402888M,950.46,21.75,387.46000000000004,9.083333333333334,1
T050538M-715378681,949.38,28.875,0.0,0.0,1
ZMJF00859,949.37,2.7083333333333335,0.0,0.0,1
S306385M-8093917,949.0,14.833333333333334,89.0,4.138888888888889,1
S508751M-8120978,948.95,30.041666666666668,88.95000000000005,39.77777777777778,0
NH7636374-388597DX,948.91,22.75,0.0,0.0,1
HFJ185607-642855,947.94,25.458333333333332,87.94000000000005,34.111111111111114,0
4100127M-001894468,947.93,20.833333333333332,87.92999999999995,3.7037037037037037,1
S307099M-6308603,947.39,20.791666666666668,798.39,68.66666666666667,1
S204761M-8114140,947.09,37.958333333333336,77.09000000000003,25.444444444444443,1
S306277M,946.69,0.0,0.0,0.0,1
S509429M-8133115,946.09,27.333333333333332,86.09000000000003,7.569444444444445,0
NH10231M-001924095,944.36,33.541666666666664,84.36000000000001,15.902777777777779,0
NH10040M-001882697,944.06,21.75,348.05999999999995,1.703703703703704,1
S402926M-8119228,943.92,22.666666666666668,480.91999999999996,54.333333333333336,1
NH10706M-002036181,943.3,34.125,83.29999999999995,78.98148148148148,1
NH10392M-001970278,942.83,29.5,59.83000000000004,3.1111111111111116,1
HFJ182908-561829,942.76,18.958333333333332,35.75999999999999,3.388888888888889,1
S508463M,942.75,15.625,82.75,4.972222222222222,1
S508787M-8120994,942.31,32.708333333333336,82.30999999999995,13.370370370370372,1
HFJ183983-595846,942.19,23.708333333333332,80.19000000000005,33.74074074074074,1
HFJ182892,940.69,27.666666666666668,79.69000000000005,9.5,1
S507691M-8089579,940.3,16.5,0.0,0.0,1
S507913M-8095767,939.99,20.041666666666668,79.99000000000001,8.037037037037036,1
S508150M-8105095,939.55,12.125,41.549999999999955,3.4444444444444446,1
NH10468M-001968324,938.62,17.625,78.62,3.8703703703703702,1
S509014M-8126668,938.45,30.25,78.45000000000005,1.4814814814814816,1
S306823M-8114109,938.11,40.0,78.11000000000001,93.98611111111111,0
S509228M-8130074,938.07,29.0,378.07000000000005,35.666666666666664,1
HFJ185442-636866,937.84,30.541666666666668,356.84000000000003,47.388888888888886,1
NH11024M-002151501,937.36,30.583333333333332,0.0,0.0,1
5800788M,937.23,27.625,323.23,3.2222222222222228,1
S508241M,936.9,13.75,76.89999999999998,3.4722222222222223,1
S509168M-8129139,936.53,32.541666666666664,76.52999999999997,6.611111111111112,0
NH1641740-393558DT,936.5,23.416666666666668,0.0,0.0,1
4100591M-002148975,936.49,22.791666666666668,603.49,87.15277777777779,0
S306371M-8088645,936.47,14.541666666666666,76.47000000000003,5.138888888888889,1
S509245M-8130038,936.32,29.541666666666668,337.32000000000005,69.27777777777779,1
S508073M-8099750,936.28,19.666666666666668,76.27999999999997,5.555555555555555,1
4100594M-002193097,936.12,19.083333333333332,0.0,0.0,1
S507704M-8089800,935.62,2.75,75.62,4.444444444444445,1
S508876M,935.15,29.958333333333332,74.14999999999998,16.27777777777778,1
S306734M-8108686,935.03,21.75,35.02999999999997,0.0,1
NH10174M-001956542,934.95,19.25,74.95000000000005,5.388888888888889,1
S402737M-8095779,934.9,12.25,68.89999999999998,5.222222222222222,1
S306602M-8106293,934.73,0.0,0.0,0.0,1
MEA14C7DYN1351545,934.59,28.666666666666668,0.0,0.0,1
S402965M-8122186,934.4,29.958333333333332,74.39999999999998,52.111111111111114,0
S508820M-8122488,934.24,27.041666666666668,371.24,48.05555555555555,1
S509216M-8129146,934.23,23.583333333333332,74.23000000000002,75.65277777777777,0
HFJ185935-656128,934.08,29.125,74.08000000000004,22.02777777777778,0
NH10774M-002048254,934.07,31.041666666666668,74.07000000000005,62.736111111111114,0
S508970M-8123917,933.51,19.083333333333332,73.50999999999999,6.481481481481481,1
NH1693112-443790DT,932.63,27.375,0.0,0.0,1
NKJ575SVLRKH40702,932.41,29.333333333333332,72.40999999999997,6.703703703703703,1
S306798M-8114106,932.34,44.0,372.34000000000003,12.555555555555555,1
S306712M-8107271,932.3,2.9583333333333335,162.29999999999995,19.5,1
S306476M-8097601,931.93,17.625,71.92999999999995,4.888888888888889,1
S509107M-8128255,931.66,26.75,71.65999999999997,27.61111111111111,0
NKJ0B80CVNKH30836,931.51,3.0833333333333335,4.509999999999991,3.0,1
S509302M-8130051,931.29,32.125,71.28999999999996,4.486111111111111,0
S307090M-6306371,931.06,39.0,357.05999999999995,4.666666666666667,1
S509012M-8126636,930.68,29.625,70.67999999999995,87.44444444444444,0
S507918M,930.58,26.875,70.58000000000004,5.481481481481482,1
S402820M-8101768,930.47,18.25,70.47000000000003,2.555555555555556,1
S508512M-8108227,930.4,24.208333333333332,70.39999999999998,13.537037037037038,1
S508720M-8117879,930.08,28.416666666666668,0.0,0.0,1
5800430M,930.08,4.333333333333333,33.08000000000004,0.33333333333333337,1
S508094M-8101281,929.83,24.541666666666668,32.83000000000004,5.0,1
NH10935M-002053768,929.63,28.0,335.63,26.777777777777775,1
S508672M-8114101,929.59,31.291666666666668,355.59000000000003,92.22222222222221,1
4100346M-002035527,929.26,26.875,723.26,161.0,1
S508430M-8107430,928.62,9.458333333333334,0.0,11.291666666666666,1
HFJ182781,928.41,12.5,61.40999999999997,5.0,1
S507757M-8088733,928.38,30.583333333333332,20.379999999999995,6.851851851851852,1
4100532M-002149797,928.28,32.541666666666664,0.0,0.0,1
S507907M-8095778,928.24,19.208333333333332,68.24000000000001,6.703703703703703,1
5801404M-727376329,928.15,21.083333333333332,68.14999999999998,27.925925925925927,1
S508912M-8123298,926.84,32.083333333333336,345.84000000000003,91.05555555555556,1
5801657M-727427927,926.55,21.333333333333332,366.54999999999995,33.333333333333336,1
HFJ184357,926.44,19.458333333333332,63.440000000000055,6.9259259259259265,1
5801352M-728359209,926.44,27.791666666666668,66.44000000000005,95.98611111111111,0
HFJ185756-649748,926.32,27.541666666666668,66.32000000000005,22.98611111111111,0
S402825M-8102702,925.91,29.958333333333332,63.90999999999997,5.444444444444445,1
S402853M-8101767,925.88,4.125,54.879999999999995,7.12962962962963,1
HFJ185319-632479,925.53,26.75,65.52999999999997,42.81944444444444,0
S507711M-8089506,925.47,26.416666666666668,0.0,0.0,1
S402887M-8110216,925.28,28.333333333333332,12.279999999999973,3.2592592592592595,1
S402693M-8089515,925.07,12.0,54.07000000000005,4.944444444444445,1
S507564M,924.92,17.291666666666668,309.91999999999996,2.5,1
S508079M-8099866,924.29,6.333333333333333,64.28999999999996,7.972222222222222,1
S508070M-8099736,924.25,21.791666666666668,64.25,4.472222222222222,1
HFJ184072-594391,924.18,18.958333333333332,64.17999999999995,4.7592592592592595,1
NKJ575SVERKH40721,923.92,34.125,0.0,0.0,1
5801477M,923.67,30.166666666666668,48.66999999999996,25.73611111111111,0
S509633M-6307882,923.58,24.958333333333332,623.58,0.0,1
S402688M-8089808,923.4,20.25,16.399999999999977,3.638888888888889,1
5801021M,923.37,13.083333333333334,25.370000000000005,1.4444444444444446,1
NH10027M-001924481,923.21,17.416666666666668,62.210000000000036,2.166666666666667,1
HFJ185598-644032,923.0,27.958333333333332,362.0,37.5,1
S204564M-8088644,922.93,14.333333333333334,56.92999999999995,5.222222222222222,1
FNHB110CNZHH11514-002068741,922.39,24.041666666666668,0.0,0.0,1
5801837M-727449240,920.95,28.083333333333332,294.95000000000005,18.555555555555557,1
S402892M-8112802,920.67,26.958333333333332,60.66999999999996,3.7037037037037037,1
NH10735M-002048430,920.31,24.458333333333332,60.309999999999945,4.37037037037037,1
H101253M-8102103,920.11,24.083333333333332,60.110000000000014,4.592592592592593,1
S402715M-8093788,919.09,8.791666666666666,49.09000000000003,3.3333333333333335,1
4100414M-002051517,919.08,28.458333333333332,51.08000000000004,5.407407407407407,1
4100569M-002165184,919.05,31.416666666666668,0.0,0.0,1
S306188M-8084443,918.56,13.916666666666666,42.559999999999945,4.666666666666667,1
S306993M-8122387,918.15,0.0,344.15,24.0,1
NH10306M-001967108,918.1,33.708333333333336,54.10000000000002,100.66666666666667,0
4100047M-001868525,917.83,16.208333333333332,56.83000000000004,3.916666666666667,1
HFJ183880,917.45,27.0,57.450000000000045,6.2592592592592595,1
5801336M-727367685,916.73,27.791666666666668,56.73000000000002,19.64814814814815,1
S508771M-8122185,915.98,28.166666666666668,55.98000000000002,3.814814814814815,1
S509330M-8130078,915.44,21.625,617.44,3.111111111111111,1
S508225M-8104598,915.37,23.208333333333332,55.370000000000005,6.2592592592592595,1
S508511M-8108248,915.25,26.0,55.25,5.037037037037037,1
S204803M-8122203,914.94,30.5,334.94000000000005,17.555555555555554,1
HFJ183975,914.45,0.0,0.0,0.0,1
4100319M-002029612,914.35,17.791666666666668,54.35000000000002,7.592592592592593,1
NH11049M-002152007,913.84,30.0,601.84,11.888888888888888,1
S509592M-6306649,913.17,29.25,863.17,10.944444444444445,1
S507959M-8097022,913.13,12.416666666666666,52.129999999999995,4.25,1
S508207M-8104589,913.02,25.291666666666668,53.01999999999998,11.88888888888889,1
ZPAF50048,913.0,23.5,0.0,0.0,1
S508800M-8123555,910.75,29.625,50.75,7.981481481481482,1
NH1685239,910.1,26.916666666666668,0.0,0.0,1
S509396M-8131390,910.03,27.083333333333332,50.02999999999997,21.86111111111111,0
HFJ182867-569711,909.67,12.75,42.66999999999996,4.916666666666667,1
S204669M-8102850,909.24,26.625,49.24000000000001,8.648148148148147,1
S508589M-8110557,908.95,27.041666666666668,48.950000000000045,3.8703703703703702,1
S509322M-8130089,908.62,28.25,346.62,5.000000000000001,1
S509016M-8126665,908.19,31.791666666666668,48.190000000000055,26.11111111111111,0
S508448M-8108232,908.01,26.5,48.00999999999999,7.314814814814816,1
HFJ185411-630431,908.0,25.958333333333332,48.0,23.870370370370367,1
S306807M-8116070,907.7,23.0,0.0,0.0,1
5801367M-728366743,907.55,28.083333333333332,47.549999999999955,88.44444444444444,0
NH1670985-421728DT,907.53,32.416666666666664,0.0,0.0,1
S509368M-8131502,906.95,25.75,346.95000000000005,11.555555555555555,1
NH10834M-002097836,906.32,30.791666666666668,46.32000000000005,64.31944444444444,0
4100556M-002156984,906.32,24.75,346.32000000000005,18.0,1
S508624M-8110422,906.26,26.041666666666668,46.25999999999999,4.37037037037037,1
4100352M-002028535,906.11,19.958333333333332,46.110000000000014,66.36111111111111,0
S508000M-8097045,906.09,24.583333333333332,523.09,13.444444444444445,1
4100242M-002031142,905.99,25.416666666666668,45.99000000000001,19.319444444444446,0
5801060M-727347430,905.93,13.5,45.92999999999995,5.472222222222222,1
S509053M-8126659,905.55,15.541666666666666,341.54999999999995,9.777777777777779,1
4100274M-002044301,905.44,1.875,345.44000000000005,10.777777777777779,1
H101284M-8114001,905.36,21.708333333333332,345.36,6.0,1
4100190M-001945144,905.21,22.333333333333332,45.210000000000036,74.52777777777777,0
S509826M-6318020,905.01,36.583333333333336,0.0,0.0,1
S508205M-8104588,904.82,14.625,33.82000000000005,2.9444444444444446,1
5801255M-727390599,904.78,0.0,0.0,0.0,1
ZPAF50046-620599,904.18,23.666666666666668,0.0,0.0,1
NKJ0B80CTPKH33490-40-393767,903.74,41.708333333333336,308.74,24.277777777777775,1
NH11139M-002151579,903.3,9.208333333333334,41.299999999999955,2.3518518518518516,1
HFJ184024-596796,903.25,12.458333333333334,10.25,2.555555555555556,1
5801343M-727367683,903.01,32.208333333333336,303.01,13.666666666666666,1
S509408M-8131490,902.79,0.4583333333333333,302.78999999999996,0.0,1
S509109M-8128207,902.77,25.833333333333332,335.77,69.06944444444444,0
NH10248M-001961066,902.63,23.375,320.63,8.0,1
H101257M-8107275,902.42,28.833333333333332,42.41999999999996,5.092592592592593,1
S306990M-8123223,902.28,29.375,302.28,0.0,1
S204605M,902.26,19.5,42.25999999999999,8.037037037037036,1
S509085M-8127564,902.12,28.666666666666668,342.12,5.777777777777779,1
NH10565M-001955943,901.78,21.458333333333332,341.78,4.777777777777778,1
NH10991M-002139998,901.6,10.166666666666666,41.60000000000002,1.1111111111111112,0
NH10132M-001865742,901.1,12.041666666666666,41.10000000000002,4.805555555555555,1
NH10532M-001990249,900.7,26.0,335.70000000000005,25.722222222222225,1
NKJ1110ECNKT06116-1-390757,900.49,28.125,0.0,0.0,1
NH10332M-001900709,900.0,0.0,0.0,0.0,1
S508919M-8121162,899.74,23.541666666666668,39.74000000000001,35.94444444444444,0
NH09978M-001854197,899.45,15.0,33.450000000000045,5.055555555555555,1
S402995M-8132038,899.21,26.875,293.21000000000004,13.11111111111111,0
S402852M-8107447,899.02,25.25,39.01999999999998,7.592592592592593,1
S509130M-8127465,898.75,32.083333333333336,281.75,59.166666666666664,0
S508728M-8117894,898.67,5.541666666666667,298.66999999999996,0.0,1
NH10894M-002076681,898.59,25.375,338.59000000000003,39.88888888888889,0
5801816M-727449242,898.53,26.166666666666668,0.0,0.0,1
4100452M-002051508,898.48,27.0,338.48,20.833333333333332,1
S307110M-6308030,898.38,24.458333333333332,0.0,0.0,1
S507660M-8087468,897.9,4.291666666666667,14.899999999999977,1.8888888888888888,1
S508900M-8122198,897.69,27.75,37.690000000000055,26.15277777777778,0
S402759M-8099741,897.53,9.25,37.52999999999997,4.638888888888889,1
NH09881M-001870219,896.82,14.25,335.82000000000005,6.5,1
S508738M-8123261,896.24,23.5,247.24,66.94444444444444,0
NH09512M,895.5,0.0,0.0,0.0,1
S508351M-8107526,895.37,19.333333333333332,333.37,9.666666666666668,1
5801640M-727425621,895.09,27.708333333333332,833.09,11.722222222222223,0
S508203M-8104578,895.0,7.916666666666667,33.0,4.222222222222222,1
HFJ183987-594694,894.48,21.583333333333332,333.48,9.75,1
HFJ185436-637991,894.25,29.208333333333332,34.25,6.694444444444445,0
S508714M-8117876,894.15,29.125,0.0,0.0,1
S509558M-6308467,893.21,28.708333333333332,293.21000000000004,0.0,0
S306644M-8106278,893.18,18.375,9.17999999999995,3.0370370370370368,1
5801335M-728361823,892.73,29.833333333333332,22.730000000000018,20.666666666666668,1
S509494M-6302878,891.82,27.833333333333332,331.82000000000005,11.444444444444445,0
S507887M-8093136,891.45,10.083333333333334,30.450000000000045,3.7500000000000004,1
S402957M-8122267,891.43,32.208333333333336,29.42999999999995,68.72222222222223,0
S509627M-6304294,891.32,29.583333333333332,0.0,0.0,1
HFJ182957-562480,891.16,15.166666666666666,16.159999999999968,4.722222222222222,1
5801405M-727376331,891.08,25.166666666666668,31.08000000000004,85.77777777777777,0
S204845M-6307854,890.31,27.25,330.30999999999995,8.166666666666666,1
HFJ184233-600503,889.42,21.041666666666668,29.41999999999996,7.814814814814816,1
HFJ185582-643903,889.38,29.25,288.38,7.388888888888889,0
5801467M-727387360,889.08,31.041666666666668,313.08000000000004,37.44444444444444,0
HFJ186077-658723,888.5,27.333333333333332,551.5,21.0,0
HFJ185355-633937,888.44,29.875,324.44000000000005,101.1111111111111,0
S402666M-8086468,888.37,12.958333333333334,26.370000000000005,2.111111111111111,1
S40974M-8007100,887.35,0.0,0.0,0.0,1
S508166M-8104690,887.28,22.291666666666668,322.28,9.416666666666666,1
NH10460M-001968477,887.01,20.166666666666668,27.00999999999999,4.638888888888889,1
NH10704M-002049280,886.88,55.333333333333336,26.879999999999995,11.361111111111112,0
ZNAB50196,886.02,0.125,0.0,0.0,1
4100443M-002050253,884.31,24.125,324.30999999999995,93.1111111111111,0
4100238M-002029634,883.98,26.0,23.980000000000018,26.11111111111111,0
4100321M-002049249,883.96,31.166666666666668,321.96000000000004,15.666666666666668,1
S306700M-8108209,883.6,24.083333333333332,291.6,7.166666666666667,1
S306821M-8113322,883.04,53.0,323.03999999999996,71.44444444444444,0
NH1688992-439676DT,882.94,24.666666666666668,0.0,0.0,1
H101232M-8097603,882.38,19.375,22.379999999999995,5.555555555555555,1
NH10822M-002073810,882.09,23.166666666666668,22.090000000000032,22.314814814814813,1
4100478M-002106011,880.66,27.416666666666668,714.66,231.99999999999997,1
HFJ185189-630065,879.2,25.583333333333332,319.20000000000005,8.0,1
4100327M-002033717,878.61,35.208333333333336,590.61,4.0,1
NH10752M-002021113,878.39,16.375,311.39,8.25,1
S509136M-8127448,878.13,16.208333333333332,226.13,15.111111111111109,0
S306514M,878.08,8.916666666666666,18.08000000000004,4.444444444444445,1
4100563M-002156988,878.03,17.583333333333332,832.03,7.0555555555555545,0
5801028M-727360493,877.92,54.791666666666664,280.91999999999996,37.94444444444444,0
S402877M-8108256,877.65,23.625,315.65,3.166666666666667,1
S507650M,877.59,3.1666666666666665,103.59000000000003,14.000000000000002,1
HFJ182789,877.54,15.25,10.539999999999964,5.166666666666667,1
S306577M-8101871,877.29,24.375,279.28999999999996,6.666666666666667,1
NH10225M-001932166,877.27,14.625,17.269999999999982,5.305555555555555,1
HFJ185057-613671,877.15,27.0,315.15,17.11111111111111,0
S508667M-8114086,877.06,27.916666666666668,301.05999999999995,102.8888888888889,0
NH1705238-456220DT,876.95,30.708333333333332,0.0,0.0,1
NH09809M-001854357,876.63,0.4166666666666667,15.629999999999995,4.333333333333334,1
S508237M,876.48,4.125,14.480000000000018,4.222222222222222,1
S306624M-8106297,875.86,0.0,15.860000000000014,3.925925925925926,1
S507706M-8089792,875.82,14.041666666666666,313.82000000000005,6.333333333333334,1
S508747M-8120661,875.8,23.625,15.799999999999955,6.805555555555555,1
S507491M,875.66,10.291666666666666,15.659999999999968,4.972222222222222,1
4100589M-002150134,875.1,30.458333333333332,0.0,0.0,1
N5D175004,874.79,16.958333333333332,0.0,0.0,1
4100125M-001894475,874.42,17.791666666666668,0.0,0.0,1
S306465M-8097590,874.36,6.291666666666667,3.3600000000000136,3.2222222222222223,1
S204618M-8097555,872.77,19.541666666666668,308.77,6.0,1
NH10908M-002109250,872.39,27.083333333333332,12.389999999999986,40.02777777777778,0
NH09888M-001891355,872.01,6.416666666666667,2.009999999999991,3.3333333333333335,1
NH11089M-002183138,871.78,26.583333333333332,311.78,16.666666666666668,0
S507402M-8083592,871.75,12.208333333333334,0.0,0.0,1
S509552M-6308113,871.72,26.791666666666668,311.72,7.111111111111112,0
S402832M-8104687,871.65,19.541666666666668,11.649999999999977,4.981481481481482,1
CF03274M-001407533,871.02,0.4583333333333333,0.0,0.0,1
S402660M-8085258,870.59,19.5,160.59000000000003,18.333333333333332,1
S204641M-8102393,870.33,9.458333333333334,5.330000000000041,3.7777777777777777,1
LSMF50BRCP0310192-RC230177,870.33,24.041666666666668,0.0,0.0,1
NH10750M-002054641,870.28,29.5,299.28,85.15277777777777,0
S306261M-8087488,870.26,3.9583333333333335,6.259999999999991,4.0,1
S508658M-8113334,869.82,20.625,307.82000000000005,138.77777777777777,0
NH10302M-001961048,869.77,0.0,301.77,8.333333333333332,1
NH1689674-440309DT,869.21,29.458333333333332,0.0,0.0,1
S306809M-8113313,869.18,22.5,160.17999999999995,18.166666666666668,1
NKJ0B80CENKH31720-48-366268,868.53,4.083333333333333,1.5299999999999727,1.8333333333333333,1
5801056M-728352216,868.33,0.0,0.0,0.0,1
4100208M-002033022,867.85,25.583333333333332,267.85,7.0,0
S306477M-8097559,867.72,13.791666666666666,293.72,4.333333333333334,1
4100370M-002051535,867.6,24.416666666666668,7.600000000000023,77.94444444444444,0
HFJ185074-626387,866.93,21.833333333333332,306.92999999999995,10.166666666666666,1
NH10133M-001871865,866.34,0.0,0.0,0.0,1
JJGN58NRERC787562,866.2,0.5,0.0,0.0,1
HFJ185553-642722,865.64,23.583333333333332,5.639999999999986,62.31944444444444,0
S507252M-8079141,865.41,6.125,0.0,0.0,1
NH09750M-001862862,865.06,14.958333333333334,1.0599999999999454,5.333333333333334,1
S509670M-6304546,864.78,17.5,0.0,0.0,1
5801470M-727387221,864.45,27.458333333333332,600.45,10.416666666666668,1
S508860M-8121278,864.23,26.041666666666668,266.23,16.666666666666668,1
4100500M-002053305,863.52,27.75,3.519999999999982,38.94444444444445,0
S306716M-8106282,863.4,24.833333333333332,258.4,1.8333333333333333,0
S509361M-8130654,863.16,28.291666666666668,3.159999999999968,75.61111111111111,0
S508204M-8104694,862.41,22.375,288.40999999999997,3.666666666666667,1
S508916M-8121165,862.24,23.0,249.24,13.055555555555555,0
S507773M-8091910,861.9,7.458333333333333,0.0,0.0,1
HFJ185205-630137,861.79,26.083333333333332,301.78999999999996,9.5,1
5801308M-727388513,861.77,26.458333333333332,301.77,18.333333333333332,1
S306542M-8105241,861.74,20.625,292.74,5.75,1
HFJ186075-658916,861.38,28.791666666666668,299.38,8.444444444444445,0
S508731M-8117886,861.3,13.791666666666666,0.0,0.0,1
S204826M-6303649,860.42,26.541666666666668,299.41999999999996,7.75,1
NH10474M-002013432,860.16,11.833333333333334,266.15999999999997,0.5,1
S507884M-8093777,859.83,7.291666666666667,295.83000000000004,4.666666666666667,1
S402757M-8097021,859.66,13.416666666666666,89.65999999999997,28.333333333333332,1
S507501M-8086269,859.52,16.5,294.52,5.833333333333333,1
NKJ0B80CKPKH33492-40-395016,859.2,24.541666666666668,291.20000000000005,8.0,1
5801322M-727366889,858.74,22.5,282.74,33.833333333333336,1
NKJ0B80CAPKH33501-48-395894,858.71,18.833333333333332,0.0,0.0,1
S508139M,858.25,0.0,0.0,0.0,1
5801589M-727415976,858.07,23.375,194.07000000000005,8.0,0
HFD208235-661810,856.99,26.125,0.0,0.0,1
5801344M-728361826,856.09,20.791666666666668,292.09000000000003,114.0,0
T050560M-715379341,855.45,21.916666666666668,293.45000000000005,9.0,1
NH11043M-002136781,855.17,26.0,295.16999999999996,18.22222222222222,0
S509089M-8126673,854.93,26.083333333333332,288.92999999999995,72.1111111111111,0
5801433M-727378051,853.85,28.291666666666668,279.85,2.0000000000000004,0
5801337M-727366891,853.83,24.416666666666668,293.83000000000004,8.166666666666666,1
4100087M-001949389,853.67,1.75,0.0,0.0,1
S509556M-6306530,853.51,29.833333333333332,289.51,9.777777777777777,0
T050256M,853.08,2.2916666666666665,0.0,0.0,1
T050529M-715379692,852.89,24.708333333333332,0.0,0.0,1
S508507M-8108268,851.45,22.458333333333332,284.45000000000005,45.75,1
HFJ185556-642759,851.36,26.166666666666668,284.36,8.583333333333332,1
NH10305M-001905426,851.2,28.791666666666668,203.20000000000005,10.5,1
NH1678156-429029DT,850.64,22.875,0.0,0.0,1
S306922M,850.24,23.125,264.24,58.88888888888889,0
4100081M-001883060,849.71,18.833333333333332,284.71000000000004,2.9166666666666665,1
S508562M-8108678,849.66,17.0,548.66,2.75,1
NKJ0B80CENKH31376-48-380389,849.53,3.1666666666666665,145.52999999999997,14.833333333333336,1
S508416M-8107453,849.39,24.291666666666668,284.39,7.916666666666666,1
4100614M-002219964,849.28,19.625,0.0,0.0,1
NH09919M-001901474,848.98,7.166666666666667,0.0,0.0,1
S402736M-8095811,848.96,9.375,284.96000000000004,6.0,1
S306664M-8105979,848.89,22.791666666666668,288.89,9.833333333333334,1
NH09754M-001862901,848.18,13.291666666666666,281.17999999999995,5.5,1
S306987M-8123746,847.64,29.166666666666668,271.64,45.77777777777778,0
HFJ185760-649438,847.55,28.5,0.0,0.0,1
4100329M-002035530,847.5,27.958333333333332,280.5,70.16666666666667,0
S508803M-8123299,847.42,25.333333333333332,287.41999999999996,5.222222222222222,0
S306928M-8119828,847.33,25.25,273.33000000000004,7.888888888888889,0
HFJ183867-591925,847.14,10.5,287.14,6.666666666666667,1
NH10416M-001968213,846.97,27.583333333333332,279.97,9.25,1
S307036M-8123667,846.55,24.291666666666668,240.54999999999995,5.888888888888889,0
5800411M-727324587,846.45,14.791666666666666,282.45000000000005,6.0,1
4100298M-002048994,846.36,29.458333333333332,149.36,22.5,0
HFJ184733-615303,846.23,18.125,358.23,60.77777777777778,0
S508431M-8108226,845.91,22.833333333333332,251.90999999999997,6.5,1
HFJ184518-610439,845.74,21.375,250.74,13.388888888888888,0
NH09851M-001855902,845.6,9.625,170.60000000000002,12.5,1
NH10747M-002008201,845.1,27.708333333333332,274.1,43.38888888888889,0
S508698M-8113991,844.8,20.333333333333332,281.79999999999995,126.16666666666667,0
S508716M-8117871,844.61,28.708333333333332,0.0,0.0,1
4100582M-002193925,844.52,24.25,0.0,0.0,1
S307028M-8129044,844.0,39.583333333333336,244.0,0.0,0
S508878M-8121277,843.9,25.541666666666668,243.89999999999998,0.0,0
S508696M-8113415,843.76,25.166666666666668,261.76,88.77777777777777,0
NH10243M-001959969,843.72,30.041666666666668,281.72,9.5,1
S403024M-6302459,843.3,30.333333333333332,283.29999999999995,24.222222222222225,0
S508913M-8120984,842.98,28.5,278.98,9.444444444444445,0
S402934M-8117892,842.77,26.333333333333332,0.0,0.0,1
S509686M-6304759,842.33,20.458333333333332,0.0,0.0,1
NH1680650-431909DT,842.33,25.333333333333332,0.0,0.0,1
4100004M-001721038,842.27,5.666666666666667,255.26999999999998,2.166666666666667,1
NH1644766-396386DT,842.03,26.125,0.0,0.0,1
NH10534M-001988682,841.79,19.208333333333332,273.78999999999996,9.166666666666668,1
NKJ0B80CLNKH31861-48-383230,841.26,25.083333333333332,581.26,24.666666666666668,0
S509133M-8127466,841.03,21.958333333333332,265.03,25.0,0
S306555M-8101869,840.63,20.166666666666668,278.63,9.333333333333334,1
HFJ184696-614538,839.33,23.416666666666668,272.33000000000004,6.055555555555556,0
NH7683136-433929DX,838.97,11.791666666666666,0.0,0.0,1
NH10950M-002140355,838.74,28.541666666666668,263.74,5.5,0
NKJ0B80CTNKH31719-48-368042,837.77,22.208333333333332,276.77,3.916666666666667,1
S402935M-8117907,837.53,11.541666666666666,257.53,48.555555555555564,0
S509001M-8123936,837.47,30.541666666666668,181.47000000000003,93.66666666666667,0
NH11118M-002164382,837.2,23.708333333333332,509.20000000000005,124.66666666666667,0
5801166M,837.06,27.208333333333332,268.05999999999995,5.166666666666667,1
S509401M-8131379,837.01,26.916666666666668,277.01,23.666666666666668,0
S509545M-6304991,836.79,26.5,536.79,0.0,0
T049710M-715331794,836.47,1.9166666666666667,0.0,0.0,1
NH11120M-002193098,836.4,13.666666666666666,0.0,0.0,1
S306704M-8107264,836.04,9.416666666666666,252.03999999999996,8.0,1
HFJ183182-574058,835.93,16.166666666666668,235.92999999999995,0.0,1
S509287M-8130088,835.42,26.75,258.41999999999996,13.166666666666666,0
S509573M-6306565,835.29,14.458333333333334,0.0,0.0,1
S307048M-8123683,834.89,28.666666666666668,274.89,58.0,0
5800839M,834.46,18.25,529.46,1.25,1
4100616M-002219626,834.33,14.416666666666666,0.0,0.0,1
S508534M-8110410,833.74,24.5,273.74,11.0,1
P06415X002063,833.72,23.208333333333332,0.0,0.0,1
S306251M-8089620,833.69,0.0,0.0,0.0,1
S509580M-6304949,833.48,18.875,0.0,0.0,1
5801416M-727375070,832.92,27.0,443.91999999999996,22.583333333333336,1
NH10171M-001955573,832.83,7.666666666666667,175.83000000000004,9.5,1
S509360M-8131476,832.51,17.25,217.51,11.5,0
S402784M-8099484,832.5,14.375,234.5,0.33333333333333337,1
S507916M-8099672,831.78,2.125,0.0,0.0,1
NH10903M-002055041,831.2,18.916666666666668,508.20000000000005,112.77777777777777,0
NH09936M-001900480,831.18,8.458333333333334,160.17999999999995,11.833333333333334,1
S306259M-8087486,831.08,19.5,0.0,0.0,1
5801098M,831.03,15.958333333333334,271.03,6.666666666666667,1
HFJ185824-650983,830.51,3.875,230.51,0.0,0
S306742M-8109798,830.17,10.625,102.16999999999996,21.333333333333336,1
NH10186M-001941461,830.09,16.875,146.09000000000003,14.000000000000002,1
NH09780M-001871626,829.91,2.625,0.0,0.0,1
S402917M-8113428,829.77,25.666666666666668,262.77,101.83333333333333,0
NH10475M-001989890,829.67,16.25,269.66999999999996,6.666666666666667,1
HFJ183370-579570,829.43,19.541666666666668,267.42999999999995,3.166666666666667,1
HFJ184471-610378,829.0,26.333333333333332,218.0,2.1666666666666665,0
S509593M-6306651,828.91,28.5,0.0,0.0,1
S306450M-8099638,828.9,21.5,171.89999999999998,10.416666666666666,1
S508648M-8110577,828.86,38.625,266.86,96.66666666666667,0
S402981M-8126678,828.6,21.875,268.6,61.55555555555555,0
4100341M-002035501,828.49,19.541666666666668,0.0,0.0,1
T050292M-715366898,828.18,0.0,0.0,0.0,1
NH1672304-422587DT,828.12,29.083333333333332,0.0,0.0,1
S204668M-8097611,827.97,29.625,241.97000000000003,17.22222222222222,0
S507713M-8089519,826.98,15.5,266.98,6.666666666666667,1
4100291M-002028551,826.97,4.958333333333333,451.97,25.0,1
5800929M-727354757,826.59,2.4583333333333335,0.0,0.0,1
NH10299M-001965111,826.09,27.125,523.09,1.1666666666666667,1
HFJ186166-666244,826.02,24.291666666666668,266.02,5.0,0
S508852M-8121274,824.8,23.666666666666668,133.79999999999995,15.166666666666668,1
5801620M-727427933,824.58,25.958333333333332,249.58000000000004,15.5,0
S509454M-8131385,824.28,27.958333333333332,264.28,6.888888888888889,0
S507579M-8088319,823.72,0.625,0.0,0.0,1
S508350M-8107477,822.93,19.875,222.92999999999995,0.0,1
S508438M-8108231,822.87,27.5,237.87,134.61111111111111,0
H101285M-8113996,822.85,20.791666666666668,143.85000000000002,101.83333333333333,0
NKJ0B80CCPKH34430,822.84,6.041666666666667,69.84000000000003,25.5,1
S306852M-8119220,822.11,28.708333333333332,562.11,19.944444444444446,0
5800390M-727318384,822.04,4.375,0.0,0.0,1
5801523M-728383437,821.36,27.458333333333332,222.36,13.611111111111112,0
S306211M-8085863,820.9,10.416666666666666,260.9,6.666666666666667,1
5801438M-727385487,820.58,29.0,260.58000000000004,48.55555555555555,0
NH10773M-002048253,820.32,24.708333333333332,184.32000000000005,93.0,0
NH10734M-002055510,819.46,23.916666666666668,259.46000000000004,14.444444444444443,0
S306662M-8105982,819.13,72.5,255.13,8.666666666666666,1
5801172M,819.06,19.0,217.05999999999995,6.166666666666667,1
S306687M-8108191,818.97,14.375,256.97,9.5,1
S509470M-6302389,818.92,23.958333333333332,443.91999999999996,20.555555555555557,0
JXT1644059-395426DT,818.86,17.208333333333332,0.0,0.0,1
4100270M-002028552,818.6,24.0,249.60000000000002,32.05555555555556,0
HFJ182917,818.46,16.833333333333332,245.46000000000004,4.5,1
S509608M-6304346,818.11,17.916666666666668,0.0,0.0,1
S508818M-8122490,817.81,26.25,221.80999999999995,134.66666666666666,0
S508471M-8107866,817.57,12.541666666666666,257.57000000000005,8.555555555555555,0
S509541M-6306448,817.45,27.625,551.45,16.666666666666668,0
JAF0L318TPM424418,816.45,13.333333333333334,0.0,0.0,1
S508767M-8120985,816.35,25.333333333333332,256.35,6.222222222222222,0
S402762M-8099491,816.29,23.625,229.28999999999996,7.583333333333334,1
HFJ182821-558197,815.92,28.166666666666668,0.0,0.0,1
5801561M-727392922,815.91,24.333333333333332,254.90999999999997,6.722222222222221,0
4100526M-002145050,815.82,24.125,255.82000000000005,6.333333333333333,0
S204535M,815.75,10.625,198.75,2.833333333333333,1
S306460M-8097584,815.42,10.333333333333334,252.41999999999996,6.166666666666667,1
S306569M-8101867,814.66,22.791666666666668,227.65999999999997,4.083333333333334,1
HFJ185688-647825,814.02,18.541666666666668,213.01999999999998,2.611111111111111,0
HFJ184659-614318,813.78,9.625,251.77999999999997,35.99999999999999,1
4100089M-001882518,813.32,2.25,250.32000000000005,9.416666666666668,1
S508917M-8121158,813.02,24.25,253.01999999999998,21.333333333333332,0
5801598M-727415604,812.86,25.25,226.86,89.44444444444444,0
S306563M-8102842,812.37,19.041666666666668,246.37,4.0,1
S204687M-8102106,812.3,19.166666666666668,236.29999999999995,8.5,1
NH10030M,812.11,14.875,72.11000000000001,23.333333333333332,1
S402991M-8131498,812.04,25.541666666666668,252.03999999999996,4.666666666666667,0
T050554M-715379342,811.61,11.875,251.61,4.333333333333334,1
NKJ575SVHRKH40703,811.59,13.708333333333334,0.0,0.0,1
S508376M-8107802,811.22,10.416666666666666,177.22000000000003,5.666666666666666,1
S508893M-8122196,811.2,24.583333333333332,250.20000000000005,98.16666666666667,0
NKJ1107EHNKT05862-747-374016,811.09,20.666666666666668,0.0,0.0,1
S509284M-8129685,809.56,21.208333333333332,249.55999999999995,6.888888888888889,0
NH10165M-001957395,809.44,19.666666666666668,241.44000000000005,9.333333333333334,1
HFJ185972-658717,809.39,23.333333333333332,0.0,0.0,1
S508756M-8120667,808.75,20.583333333333332,248.75,20.11111111111111,0
S508433M-8107490,808.49,29.375,241.49,6.833333333333333,0
NH1631554-384977DT,807.66,9.833333333333334,0.0,0.0,1
S507503M,807.18,12.333333333333334,237.17999999999995,5.0,1
NH10915M-002090201,806.89,30.833333333333332,246.89,19.0,0
S306677M-8107274,806.78,25.0,546.78,9.666666666666668,1
S509638M-6307869,806.66,22.625,0.0,0.0,1
HFJ183848-586656,806.56,0.0,0.0,0.0,1
HFJ185400-636277,806.5,7.375,206.5,0.0,0
S204738M-8109780,806.16,24.875,182.15999999999997,28.0,0
NH11035M-002151500,805.87,25.041666666666668,245.87,34.55555555555556,0
S509240M-8130080,805.78,13.0,221.77999999999997,50.888888888888886,0
S508045M-8099770,805.72,24.166666666666668,228.72000000000003,14.833333333333334,0
JJGN58SRPRC781821,805.36,19.041666666666668,0.0,0.0,1
S306920M-8120670,805.32,21.375,230.32000000000005,50.166666666666664,0
T049491M-715307458,805.31,14.0,241.30999999999995,6.0,1
4100107M-001887771,805.22,18.916666666666668,245.22000000000003,9.0,1
4100382M-002051534,804.72,25.333333333333332,714.72,80.0,1
S508774M-8121283,804.62,31.291666666666668,215.62,15.055555555555555,0
S509616M-6304454,803.95,21.583333333333332,0.0,0.0,1
NH10035M,803.42,3.25,148.41999999999996,9.166666666666666,1
S306744M-8113304,803.4,14.458333333333334,0.0,0.0,1
HFJ183338-576498,803.23,19.75,239.23000000000002,9.5,1
S306793M,803.23,7.833333333333333,0.0,0.0,1
NH10840M-002085699,803.16,0.0,176.15999999999997,60.05555555555555,0
NH10216M-001933082,803.1,0.0,215.10000000000002,2.0,1
S509715M-6315418,802.73,25.083333333333332,0.0,0.0,1
S307142M-6310343,802.23,7.625,0.0,0.0,1
HFJ184005-592863,802.04,20.583333333333332,0.0,0.0,1
S509113M-8128268,801.61,23.0,241.61,16.333333333333332,0
S204732M-8113309,800.95,11.458333333333334,200.95000000000005,0.0,1
NH1704461-455207DT,800.89,24.291666666666668,0.0,0.0,1
HFJ183604-585443,800.39,17.375,200.39,0.0,1
S509585M-6305165,800.38,21.958333333333332,458.38,27.555555555555557,0
NH11041M-002134683,800.3,25.791666666666668,478.29999999999995,8.0,0
S508217M,799.74,10.25,237.74,6.333333333333334,1
5800998M-727355443,799.62,11.791666666666666,229.62,5.0,1
S508807M-8122265,799.18,25.541666666666668,225.17999999999995,29.555555555555557,0
5801634M-728419811,799.16,25.375,224.15999999999997,17.61111111111111,0
S306817M-8114334,798.78,22.458333333333332,206.77999999999997,84.0,0
NH10522M-002024159,798.53,18.583333333333332,231.52999999999997,4.416666666666667,1
S509506M-6302799,798.48,25.375,234.48000000000002,9.666666666666666,0
S508490M-8107467,798.37,27.166666666666668,224.37,48.88888888888889,0
NH10867M-002092932,798.07,3.5,62.07000000000005,22.666666666666664,1
S306368M-8089889,798.0,0.0,0.0,0.0,1
HFJ182826,797.74,14.458333333333334,236.74,6.5,1
S508555M-8110403,797.61,30.458333333333332,237.61,4.111111111111112,0
5800769M,797.58,16.875,72.58000000000004,13.583333333333336,1
HFJ183297,797.05,0.0,0.0,0.0,1
S306643M-8106286,796.52,12.666666666666666,196.51999999999998,0.0,1
5801392M-727370269,795.1,24.708333333333332,235.10000000000002,17.77777777777778,0
S204734M-8113311,795.1,12.958333333333334,233.10000000000002,6.333333333333334,1
NH10533M-001988665,795.05,21.75,235.04999999999995,10.0,1
S509059M-8126646,794.82,21.75,234.82000000000005,7.666666666666667,0
4100501M-002052365,794.3,25.333333333333332,187.29999999999995,21.5,0
S402972M-8127462,794.17,0.8333333333333334,176.16999999999996,143.55555555555557,0
HFJ183539-583325,793.63,10.333333333333334,220.63,4.5,1
S508175M-8104688,793.45,16.958333333333332,191.45000000000005,5.166666666666667,1
4100220M-002033535,793.37,21.833333333333332,226.37,19.75,1
HFJ185544-642958,793.26,24.666666666666668,232.26,76.5,0
S402676M-8088345,793.25,14.208333333333334,231.25,6.333333333333334,1
S509669M-6304543,793.17,24.666666666666668,0.0,0.0,1
HFJ185348-630479,793.0,25.625,0.0,0.0,1
S508904M-8122505,792.62,20.625,209.62,35.166666666666664,0
NKJ575SVVRKH40390,792.24,21.041666666666668,0.0,0.0,1
S508897M-8122258,792.14,25.333333333333332,183.14,36.94444444444444,0
S508609M-8110609,792.01,26.0,232.01,98.11111111111113,0
S508568M-8108676,791.87,42.0,197.87,6.666666666666667,0
S507709M-8089807,791.84,13.875,221.84000000000003,5.0,1
NH10393M-001950060,791.46,30.916666666666668,231.46000000000004,6.666666666666667,0
LSM0W40RHP0310798-GB230188,790.82,24.875,0.0,0.0,1
S507988M-8097227,790.82,79.375,212.82000000000005,52.333333333333336,0
NH11158M-002208531,790.8,33.083333333333336,0.0,0.0,1
5800825M,790.49,10.5,230.49,6.666666666666667,1
S402902M-8110582,790.46,35.875,230.46000000000004,70.33333333333333,0
S508060M-8099490,789.88,17.375,223.88,8.0,1
NH10816M-002056729,788.33,26.083333333333332,226.33000000000004,31.888888888888886,0
S508713M-8119379,788.17,23.583333333333332,0.0,0.0,1
S507312M-8081064,788.15,0.0,0.0,0.0,1
S508930M-8122189,788.09,22.541666666666668,221.09000000000003,6.722222222222221,0
4100051M,786.91,16.416666666666668,224.90999999999997,7.500000000000001,1
T051245M-715468455,786.39,24.541666666666668,0.0,0.0,1
HFJ184520-611004,786.25,9.541666666666666,227.25,45.58333333333333,1
ZNAB50019,785.3,0.7083333333333334,0.0,0.0,1
HFJ182856-557056,785.28,13.666666666666666,176.27999999999997,1.5,1
NH10651M-002008204,785.2,22.958333333333332,219.20000000000005,12.666666666666664,1
S508778M-8122503,784.42,25.041666666666668,195.41999999999996,25.166666666666668,0
S509189M-8128203,783.91,24.583333333333332,223.90999999999997,59.333333333333336,0
HFJ185435-636214,783.79,14.416666666666666,223.78999999999996,8.166666666666666,0
NH09964M-001904521,783.68,12.75,43.67999999999995,23.333333333333332,1
5800890M-727355441,783.6,3.4583333333333335,194.60000000000002,1.8333333333333333,1
HFJ184490-610444,783.56,17.416666666666668,223.55999999999995,28.999999999999996,1
4100328M-002034709,783.51,2.0416666666666665,223.51,2.2222222222222223,0
S306287M,782.87,16.791666666666668,174.87,6.833333333333334,1
5800463M-727327574,782.82,7.875,177.82000000000005,0.8333333333333334,1
NH1613748-370131DT,782.39,2.7083333333333335,0.0,0.0,1
S508933M-8122476,782.09,22.041666666666668,222.09000000000003,29.666666666666668,0
S507593M-8089722,781.97,8.5,219.97000000000003,6.333333333333334,1
NKJ1107ECNKT05864-747-385046,781.79,11.166666666666666,0.0,0.0,1
4100315M-002033682,780.36,24.416666666666668,195.36,2.9444444444444446,0
S306964M-8122204,780.19,24.583333333333332,207.19000000000005,75.83333333333333,0
S509320M-8130015,779.81,27.625,219.80999999999995,7.888888888888889,0
NH10583M-002033019,779.67,19.541666666666668,202.66999999999996,8.583333333333334,1
NH11144M-002189330,779.38,6.833333333333333,0.0,0.0,1
S509529M-6306429,779.36,32.541666666666664,514.36,24.11111111111111,0
T050430M-715379338,779.11,5.833333333333333,116.11000000000001,37.75,1
S508665M-8110562,779.11,24.291666666666668,218.11,107.72222222222223,0
S509649M-6307860,778.79,20.0,0.0,0.0,1
S508724M-8117885,778.78,18.916666666666668,424.78,18.0,1
4100198M-001950456,778.78,14.791666666666666,108.77999999999997,46.22222222222222,0
S306755M-8109804,778.25,4.041666666666667,218.25,6.666666666666667,1
S508914M-8123259,778.24,24.416666666666668,218.24,61.11111111111111,0
5801454M-727387514,778.17,23.625,130.16999999999996,7.555555555555556,0
HFJ184458-610085,777.88,26.291666666666668,180.88,2.416666666666667,1
S402932M-8117877,777.84,26.041666666666668,205.84000000000003,142.11111111111111,0
5801622M-727415515,777.66,25.583333333333332,216.65999999999997,12.166666666666666,0
HFJ185568-643594,777.57,23.875,183.57000000000005,134.66666666666666,0
S507641M-8088327,777.26,15.541666666666666,177.26,0.0,1
S508830M-8122222,777.2,23.208333333333332,152.20000000000005,8.083333333333332,1
NH10154M-001955569,777.17,24.958333333333332,216.16999999999996,5.388888888888888,0
5801168M-727351115,777.15,13.958333333333334,216.14999999999998,6.5,1
S509205M-8129055,777.06,22.041666666666668,177.05999999999995,39.333333333333336,0
S507583M-8088334,776.91,11.208333333333334,276.90999999999997,16.666666666666664,1
S508304M-8103370,776.88,12.416666666666666,212.88,6.0,1
S204620M-8095797,776.83,8.958333333333334,211.83000000000004,5.833333333333333,1
5801603M-727415513,776.44,22.541666666666668,211.44000000000005,63.833333333333336,0
NH10560M-002022642,776.33,24.666666666666668,127.33000000000004,13.055555555555555,0
T049862M-715341702,776.3,10.625,198.29999999999995,3.6666666666666665,1
NKJ0B80CJPKH34434,776.02,14.041666666666666,258.02,36.66666666666667,1
HFJ185432-635772,775.51,24.333333333333332,191.51,8.0,0
5801331M-727367101,775.13,22.833333333333332,163.13,4.0,1
NH10105M,774.64,15.041666666666666,186.64,5.666666666666667,1
NH1686980-437752DT,774.49,28.458333333333332,0.0,0.0,1
NH10459M-001970257,774.48,26.291666666666668,207.48000000000002,65.05555555555556,0
5801287M-727367851,773.8,20.5,213.79999999999995,10.0,1
S402697M-8087341,773.13,12.208333333333334,210.13,6.166666666666667,1
S507462M-8085210,772.75,12.958333333333334,168.75,0.6666666666666667,1
S402884M-8107442,771.92,17.041666666666668,183.91999999999996,1.8333333333333335,1
S508542M-8109477,771.7,2.4583333333333335,0.0,0.0,1
HFJ185563-642874,771.19,31.75,196.19000000000005,4.277777777777778,0
S508857M-8121269,770.78,23.333333333333332,194.77999999999997,88.66666666666667,0
NH10808M-002099934,770.66,21.875,147.65999999999997,9.722222222222223,0
T049517M-715307455,770.25,26.208333333333332,209.25,9.75,1
S306865M-8119324,769.99,21.875,420.99,9.333333333333332,1
4100592M-002149871,769.97,29.625,205.97000000000003,8.333333333333334,0
HFJ185206-624701,769.91,22.0,197.90999999999997,6.833333333333334,1
S508331M-8101772,769.82,3.8333333333333335,172.82000000000005,3.9166666666666665,1
S508002M-8095789,768.97,15.708333333333334,195.97000000000003,2.25,1
S402925M-8119374,768.89,22.083333333333332,355.89,37.666666666666664,1
S402918M-8113435,768.73,24.791666666666668,460.73,1.3333333333333335,1
5801165M,768.24,17.125,197.24,8.75,1
S507814M-8094578,767.77,12.083333333333334,131.76999999999998,6.0,1
S508034M-8099492,767.39,7.666666666666667,175.39,1.3333333333333335,1
S307111M-6308028,766.96,22.458333333333332,0.0,0.0,1
S507871M-8093142,766.57,10.916666666666666,194.57000000000005,4.666666666666667,1
T050626M,766.48,27.625,206.48000000000002,49.22222222222222,0
S402645M-8085212,766.15,11.083333333333334,154.14999999999998,2.0,1
S204657M-8105217,765.82,26.833333333333332,197.82000000000005,9.5,1
NH1643132-394582DT,765.77,19.875,0.0,0.0,1
5800911M-728348508,765.35,23.125,129.35000000000002,8.333333333333334,1
NH10391M-001965128,765.29,24.0,202.28999999999996,6.9444444444444455,0
4100347M-002034695,765.14,14.875,205.14,122.22222222222223,0
S507563M-8089575,764.86,11.833333333333334,180.86,2.666666666666667,1
S204526M-8085292,764.84,11.041666666666666,201.84000000000003,6.166666666666667,1
NKJ575SVKPKH34324-48-410408,764.78,15.875,0.0,0.0,1
S307059M-8130280,764.76,21.875,408.76,11.111111111111112,0
S508898M-8122202,764.43,26.125,200.42999999999995,27.0,0
4100286M-002046481,764.23,23.666666666666668,204.23000000000002,171.55555555555554,0
S509150M-8127548,764.09,26.458333333333332,152.09000000000003,31.777777777777775,0
S306940M-8122210,763.94,21.958333333333332,184.94000000000005,1.1666666666666667,0
S509364M-8131409,763.55,1.9583333333333333,203.54999999999995,42.77777777777777,0
HFJ182699,763.54,9.416666666666666,196.53999999999996,5.5,1
S508579M-8108674,762.7,19.916666666666668,202.70000000000005,8.5,1
S307011M-8122567,762.61,25.75,202.61,29.444444444444443,0
S306447M,762.45,23.708333333333332,202.45000000000005,9.0,1
T049777M,762.23,24.541666666666668,323.23,25.749999999999996,1
4100597M-002192999,762.13,12.583333333333334,0.0,0.0,1
S307094M-6308653,762.12,20.333333333333332,501.12,9.88888888888889,0
NH09914M-001902938,761.77,11.208333333333334,198.76999999999998,6.166666666666667,1
NH10944M-002053838,761.71,28.125,201.71000000000004,16.444444444444446,0
NH10530M,761.52,0.0,0.0,0.0,1
S204742M-8113299,761.51,18.333333333333332,163.51,89.0,0
S307100M-6308654,760.77,29.5,0.0,0.0,1
S509579M-6304950,760.61,23.75,160.61,0.0,0
S507527M-8086475,760.25,4.375,0.0,0.0,1
S509382M-8131977,760.1,20.5,200.10000000000002,17.77777777777778,0
NH1680653-431853DT,759.98,24.875,0.0,0.0,1
ZNAB50187,759.75,17.708333333333332,0.0,0.0,1
NH10805M-002046370,759.01,22.583333333333332,193.01,11.555555555555555,0
4100216M-002033024,759.0,22.75,192.0,9.083333333333334,1
S402636M-8084276,758.88,11.375,197.88,6.5,1
S508932M-8122197,758.69,23.958333333333332,198.69000000000005,10.777777777777779,0
HFJ186276-669327,758.58,24.708333333333332,158.58000000000004,0.0,0
NH09762M-001861234,758.53,7.583333333333333,195.52999999999997,6.166666666666667,1
5801638M-727427954,758.12,18.875,198.12,7.333333333333333,0
S509299M-8130055,757.72,24.5,497.72,6.555555555555556,0
NH1695777-446338DT,757.43,30.416666666666668,0.0,0.0,1
S306749M-8109796,757.31,22.125,170.30999999999995,108.16666666666667,0
S508335M-8102004,756.88,20.375,176.88,1.6666666666666667,1
NH1697836-448659DT,755.47,25.708333333333332,0.0,0.0,1
S204748M-8114116,755.2,24.083333333333332,103.20000000000005,26.777777777777782,0
NH10909M-002111353,755.18,24.125,195.17999999999995,28.555555555555557,0
NH09424M-001801193,755.1,15.291666666666666,191.10000000000002,3.5,1
NH8575258-340020DT,754.67,24.5,0.0,0.0,1
S509685M-6304758,754.54,21.041666666666668,0.0,0.0,1
S306351M-8089618,754.31,11.291666666666666,133.30999999999995,3.5000000000000004,1
S509177M-8129074,754.22,19.708333333333332,186.22000000000003,74.0,0
NH10292M,753.84,0.16666666666666666,0.0,0.0,1
S508052M-8099768,753.63,10.0,192.63,6.5,1
S509778M-6315334,753.34,2.3333333333333335,0.0,0.0,1
S306938M-8121005,753.32,10.916666666666666,153.32000000000005,0.0,0
S508268M-8103158,753.12,11.25,193.12,6.666666666666667,1
4100196M-001931363,752.64,19.625,152.64,0.0,1
NH10665M-002008198,752.62,11.0,176.62,125.0,1
NH10898M-002051522,752.5,22.416666666666668,192.5,9.111111111111112,0
HFJ184543-612144,752.27,23.75,190.26999999999998,6.666666666666668,1
NH1680509-431639DT,751.24,22.125,0.0,0.0,1
JXT1638084-387993DT,750.83,9.416666666666666,0.0,0.0,1
NH11140M-002152006,750.68,4.833333333333333,0.0,0.0,1
NH08175M-001574130,750.51,9.083333333333334,183.51,5.5,1
S307039M-8123670,750.44,22.958333333333332,190.44000000000005,6.222222222222222,0
S508877M-8121159,750.39,23.666666666666668,150.39,0.0,0
NH10288M-001891501,750.0,0.16666666666666666,0.0,8.333333333333332,0
NH10766M-002036253,749.93,23.291666666666668,476.92999999999995,42.555555555555564,0
NH10689M-002019055,749.68,23.0,177.67999999999995,9.0,1
HFJ185944-654586,748.92,21.625,0.0,0.0,1
S508687M-8113992,748.86,23.5,149.86,25.611111111111114,0
NH1613649-370476DT,748.78,19.083333333333332,0.0,0.0,1
5800480M-727330051,748.75,1.0833333333333333,174.75,4.333333333333334,1
S509143M-8127563,748.7,23.25,173.70000000000005,28.055555555555557,0
HFJ183491-583049,748.22,20.166666666666668,150.22000000000003,4.500000000000001,1
S509884M-6320418,747.94,20.5,0.0,0.0,1
S509473M-6302627,747.36,29.041666666666668,187.36,6.111111111111111,0
5801441M-727385481,747.21,25.666666666666668,187.21000000000004,8.333333333333334,0
4100566M-002165720,747.2,26.875,447.20000000000005,2.2222222222222223,0
S402883M-8107537,747.07,22.708333333333332,184.07000000000005,72.16666666666667,0
KBUU4BDRCRCG20100,747.07,10.625,0.0,0.0,1
5801713M-727431755,746.92,2.4166666666666665,115.91999999999996,1.7222222222222223,0
H101215M-8094020,746.83,10.208333333333334,165.83000000000004,3.166666666666667,1
S508040M-8099734,746.72,14.208333333333334,186.72000000000003,8.833333333333334,1
5801192M-727351261,746.5,11.75,186.5,6.666666666666667,1
S307092M-6306244,746.13,28.416666666666668,186.13,33.333333333333336,0
4100551M-002054645,745.96,29.125,419.96000000000004,78.50000000000001,0
4100229M-002021114,745.84,8.958333333333334,169.84000000000003,4.0,1
4100322M,745.63,2.75,21.629999999999995,22.166666666666668,1
S508775M-8121160,745.51,25.25,184.51,3.9444444444444446,0
NH10179M-001956069,745.5,16.833333333333332,179.5,5.666666666666666,1
S509412M-8131406,745.38,23.375,185.38,14.0,0
S402568M-8076371,745.03,2.6666666666666665,0.0,0.0,1
S507976M-8097228,745.02,27.333333333333332,485.02,86.66666666666667,0
S508711M-8119376,744.99,23.041666666666668,0.0,0.0,1
S402728M-8093144,744.43,13.583333333333334,170.42999999999995,4.333333333333334,1
HFJ184435-608737,744.23,26.333333333333332,143.23000000000002,6.75,1
5801328M,743.98,21.291666666666668,483.98,129.44444444444443,0
S204805M-8123655,743.39,2.4583333333333335,143.39,0.0,0
S402903M-8110572,742.94,20.708333333333332,138.94000000000005,125.33333333333333,0
NH10731M-002048256,742.39,23.875,145.39,6.166666666666667,0
NH1684553-435589DT,742.34,21.208333333333332,0.0,0.0,1
JAFSR150HMM492984,742.08,28.416666666666668,0.0,0.0,1
H101290M-8114351,742.0,24.041666666666668,182.0,129.33333333333334,0
4100378M-002051539,741.61,8.958333333333334,0.0,0.0,1
S507767M-8091417,741.31,15.166666666666666,167.30999999999995,4.333333333333334,1
S306566M-8103423,741.22,14.083333333333334,181.22000000000003,6.666666666666667,1
NH1698329-449192DT,741.04,29.208333333333332,0.0,0.0,1
S204704M-8106005,740.89,16.0,169.89,2.4166666666666665,1
S509409M-8131500,740.31,19.041666666666668,432.30999999999995,10.444444444444445,0
NH10403M,740.27,16.416666666666668,121.26999999999998,8.083333333333334,1
S508885M,739.91,24.541666666666668,144.90999999999997,5.583333333333334,1
NH10336M-001965133,739.77,8.5,171.76999999999998,5.333333333333334,1
H101242M-8101699,739.46,17.75,156.46000000000004,1.9166666666666665,1
S507772M-8091923,738.67,7.583333333333333,176.66999999999996,6.333333333333334,1
S306767M-8114112,738.66,21.125,117.65999999999997,133.38888888888889,0
4100416M-002050112,738.48,22.208333333333332,178.48000000000002,24.11111111111111,0
S509036M-8125811,738.36,23.916666666666668,178.36,5.333333333333333,0
4100366M-002050016,738.03,14.125,0.0,0.0,1
4100519M-002153699,737.91,17.625,177.90999999999997,56.666666666666664,0
HFJ183423-580973,737.17,12.25,177.16999999999996,6.666666666666667,1
S508274M-8103366,737.04,0.0,0.0,0.0,1
S306989M-8123758,736.37,21.958333333333332,172.37,17.555555555555554,0
S508888M,736.35,24.416666666666668,168.35000000000002,1.777777777777778,0
S508649M-8110884,735.9,14.416666666666666,171.89999999999998,5.666666666666667,1
NH09847M-001850226,735.57,22.708333333333332,91.57000000000005,109.22222222222223,0
S509594M-6306463,735.44,14.416666666666666,0.0,0.0,1
NH11025M-002133820,735.18,21.166666666666668,175.17999999999995,71.22222222222221,0
H101315M-8124461,734.17,26.166666666666668,174.16999999999996,7.444444444444444,0
S509329M-8130098,734.03,21.916666666666668,174.02999999999997,19.333333333333332,0
S509218M-8129152,733.74,23.0,172.74,31.277777777777775,0
NH1676471-427642DT,732.78,21.625,0.0,0.0,1
NH1648651-400081DT,732.56,13.25,0.0,0.0,1
S307009M-8122382,732.46,27.208333333333332,171.46000000000004,24.055555555555557,0
S508736M-8123260,732.27,21.458333333333332,141.26999999999998,27.944444444444443,0
HFJ183871,731.52,11.625,171.51999999999998,7.5,1
S204617M-8097547,731.5,16.791666666666668,171.5,3.8333333333333335,1
S509026M-8125814,730.55,26.375,170.54999999999995,6.4444444444444455,0
S307046M-8124459,730.15,19.0,170.14999999999998,4.555555555555556,0
HFJ185811-652653,729.82,21.375,169.82000000000005,11.777777777777779,0
S509721M-6315610,729.73,20.25,0.0,0.0,1
H000391M-8123837,729.71,21.166666666666668,457.71000000000004,24.0,0
S509236M-8130062,729.68,21.666666666666668,169.67999999999995,41.88888888888889,0
NH10259M-001957392,729.61,22.583333333333332,140.61,9.722222222222223,0
S507875M,729.58,17.708333333333332,121.58000000000004,2.5,1
S306692M,729.31,15.416666666666666,127.30999999999995,4.166666666666667,1
S306710M-8108187,729.13,16.0,129.13,0.0,1
S306452M-8097587,728.52,14.125,0.0,0.0,1
HFJ185600-644234,728.42,22.5,121.41999999999996,126.94444444444446,0
S306550M-8105222,728.25,17.625,128.25,6.666666666666667,1
S306924M-8120676,728.25,13.333333333333334,11.25,19.5,1
S307040M-8122576,728.21,22.833333333333332,168.21000000000004,33.55555555555556,0
S509298M-8130060,728.03,19.041666666666668,392.03,20.222222222222225,0
HFJ185375-634379,727.8,20.583333333333332,115.79999999999995,2.0,1
S204741M,727.52,0.0,0.0,0.0,1
S306948M-8122003,727.17,20.958333333333332,167.16999999999996,16.555555555555554,0
S508884M,727.12,1.6666666666666667,1.1200000000000045,21.0,1
HFJ186146-664728,726.92,20.875,679.92,4.777777777777778,0
S204827M-6303650,726.71,20.75,166.71000000000004,6.4444444444444455,0
S508121M,726.65,18.083333333333332,166.64999999999998,6.666666666666667,1
ZPAB50055-613585,726.08,15.333333333333334,0.0,0.0,1
5801806M-727444441,725.92,16.833333333333332,0.0,0.0,1
NH1671192-421911DT,725.64,29.833333333333332,0.0,0.0,1
4100430M-002046512,725.4,22.208333333333332,157.39999999999998,110.33333333333333,0
HFJ183575-584830,725.31,10.666666666666666,125.30999999999995,0.0,1
ZNAB50169,725.24,11.375,0.0,0.0,1
HFJ185484-638505,724.12,22.041666666666668,155.12,6.722222222222222,0
NH10283M-001898892,723.74,64.45833333333333,388.74,15.166666666666666,0
S509698M-6308765,723.67,21.625,0.0,0.0,1
H101282M-8113301,723.58,24.791666666666668,152.58000000000004,77.61111111111113,0
S306816M-8116069,723.3,15.708333333333334,140.29999999999995,100.6111111111111,0
HFJ184735-614988,723.12,29.75,103.12,4.666666666666667,1
S508991M-8124206,722.63,21.291666666666668,115.63,35.72222222222222,0
S204660M-8103420,722.52,17.041666666666668,161.51999999999998,8.583333333333334,1
S306971M-8122214,722.12,23.25,148.12,76.11111111111111,0
S307083M-6306236,721.94,28.916666666666668,161.94000000000005,7.333333333333333,0
HFJ184549-612485,721.63,14.916666666666666,0.0,0.0,1
S508926M-8123912,721.08,25.541666666666668,121.08000000000004,0.0,0
HFJ185562-643209,720.15,20.208333333333332,134.14999999999998,27.333333333333332,0
HFJ183429-581226,719.91,13.083333333333334,159.90999999999997,8.0,1
S306802M-8116084,719.88,13.166666666666666,157.88,6.666666666666668,1
S402714M-8093493,719.83,8.958333333333334,109.83000000000004,1.6666666666666667,1
N7AF04414,719.79,19.375,0.0,0.0,1
LSMF50BRVP0310153-RC230123,719.65,16.083333333333332,0.0,0.0,1
HCCZ3803ARCG78946-8136090,719.43,5.875,0.0,0.0,1
NH10996M-002048020,719.1,27.375,159.10000000000002,9.0,0
NH1661307-412412DT,718.83,19.625,0.0,0.0,1
4100473M-002105898,718.8,24.791666666666668,674.8,10.5,0
S507128M,718.65,12.75,157.64999999999998,6.5,1
S509406M-8131365,718.53,1.6666666666666667,118.52999999999997,0.0,0
5801560M-727390692,718.49,23.208333333333332,151.49,15.944444444444443,0
S509038M-8125657,718.23,20.208333333333332,158.23000000000002,36.666666666666664,0
S204542M-8086384,718.17,9.625,158.16999999999996,6.666666666666667,1
S306486M,717.82,15.666666666666666,122.82000000000005,5.416666666666667,1
HFJ183845,716.96,15.25,97.96000000000004,4.75,1
S509230M-8130094,716.87,22.166666666666668,434.87,8.166666666666666,0
S402961M-8122279,716.67,22.375,135.66999999999996,43.05555555555555,0
S507909M,716.62,1.625,0.0,0.0,1
5801617M-728420520,716.16,25.875,156.15999999999997,108.55555555555556,0
S306305M,716.01,8.541666666666666,119.00999999999999,0.5,1
HFJ185783-651327,715.98,23.833333333333332,110.98000000000002,11.388888888888888,0
5801654M-727427931,715.94,28.166666666666668,155.94000000000005,6.555555555555556,0
S306349M-8089601,715.77,11.958333333333334,148.76999999999998,5.5,1
S306728M-8109010,715.59,19.916666666666668,151.59000000000003,9.5,1
4100162M-001933059,715.23,17.25,155.23000000000002,9.0,1
5801481M-727390937,714.78,24.25,114.77999999999997,54.0,0
S402874M-8107543,714.33,15.583333333333334,153.33000000000004,3.25,1
S508808M-8122180,714.24,21.541666666666668,150.24,67.22222222222221,0
NH10707M-002020204,714.04,15.0,150.03999999999996,285.0,1
S509400M-8131411,714.03,17.25,154.02999999999997,10.0,0
ZNAB50164,714.0,12.041666666666666,0.0,0.0,1
4100468M-002092398,713.67,19.791666666666668,66.66999999999996,11.5,0
NH11168M-2203323,713.11,31.458333333333332,0.0,0.0,1
5801439M-727385345,712.81,0.875,147.80999999999995,7.583333333333334,1
HFJ185492-640050,712.8,24.625,131.79999999999995,5.5,0
HFJ182988-566753,712.34,7.666666666666667,99.34000000000003,2.166666666666667,1
NH1701882-452920DT,712.2,23.708333333333332,0.0,0.0,1
5801823M-727450083,712.01,2.2916666666666665,451.01,13.5,1
5801437M-727385488,711.15,21.666666666666668,151.14999999999998,49.55555555555555,0
NKJ0B80CCPKH33513-48-394659,711.1,29.333333333333332,151.10000000000002,97.55555555555556,0
S509098M-8127467,710.33,21.208333333333332,150.33000000000004,20.11111111111111,0
T050429M-715379339,708.97,8.333333333333334,105.97000000000003,0.5,1
S306645M-8106351,708.65,18.25,90.64999999999998,2.5,1
4100381M-002051541,708.21,11.166666666666666,144.21000000000004,73.22222222222221,0
5801604M-728419330,708.19,25.041666666666668,144.19000000000005,7.777777777777779,0
LSM0W40RLP0310704-GB230065,707.38,24.416666666666668,0.0,0.0,1
4100330M-002033681,707.27,16.875,147.26999999999998,80.88888888888887,0
S509273M-8130110,707.15,20.833333333333332,147.14999999999998,73.11111111111111,0
S507656M,707.02,15.208333333333334,146.01999999999998,9.583333333333334,1
S508234M-8103161,706.56,16.25,144.55999999999995,9.5,1
NH09879M-001891321,706.4,18.125,79.39999999999998,28.61111111111111,0
S507935M-8097054,706.26,14.25,146.26,6.333333333333334,1
5801306M-727387903,704.57,20.875,320.57000000000005,17.333333333333336,1
S402974M-8126616,703.77,23.708333333333332,122.76999999999998,61.61111111111111,0
NH1686140-436872DT,703.29,15.458333333333334,0.0,0.0,1
S508915M-8120977,703.16,22.541666666666668,143.15999999999997,26.777777777777782,0
S507638M-8089799,702.79,23.625,0.0,0.0,1
5801631M-727427959,701.53,21.5,141.52999999999997,49.55555555555555,0
NH09992M,701.48,7.708333333333333,84.48000000000002,2.833333333333333,1
NH10785M-002055026,701.34,23.583333333333332,141.34000000000003,11.888888888888888,0
5800838M,701.32,10.166666666666666,127.32000000000005,4.333333333333334,1
5801399M-727371718,700.88,23.083333333333332,125.88,5.083333333333333,1
HFJ184774-613104,700.63,9.958333333333334,134.63,11.833333333333332,1
HFJ186224-665991,700.0,18.291666666666668,434.0,29.333333333333332,0
S306468M-8097557,699.98,11.666666666666666,108.98000000000002,1.5,1
S307093M-6306246,699.91,22.458333333333332,423.90999999999997,6.888888888888889,0
S307025M-8123680,699.8,16.208333333333332,139.79999999999995,20.11111111111111,0
5801650M-727427955,699.46,12.0,127.46000000000004,91.44444444444444,0
368928M,699.05,21.166666666666668,91.04999999999995,23.833333333333332,1
T049653M,698.59,16.375,138.59000000000003,12.000000000000002,1
S509138M-8127447,698.57,14.583333333333334,103.57000000000005,12.944444444444445,0
S306794M-8114335,698.31,19.125,156.30999999999995,44.49999999999999,1
S508401M-8107539,698.3,17.791666666666668,130.29999999999995,9.166666666666668,1
JX1685207-436144DT,698.29,27.125,0.0,0.0,1
S508581M-8108766,698.02,22.625,129.01999999999998,4.083333333333334,1
S204644M,698.01,18.208333333333332,113.00999999999999,7.916666666666667,1
NH10759M-002046503,697.98,18.0,75.98000000000002,8.166666666666668,1
NH10992M-002135758,697.9,18.833333333333332,137.89999999999998,130.44444444444443,0
NH10073M-001932362,697.82,5.791666666666667,126.82000000000005,4.833333333333333,1
S508518M-8108169,697.79,27.166666666666668,137.78999999999996,89.8888888888889,0
4100090M-001966579,697.36,0.0,0.0,0.0,1
S509462M-6302476,697.31,13.541666666666666,67.30999999999995,7.5555555555555545,0
S204775M-8118078,697.03,35.25,137.02999999999997,26.0,0
5801629M-727427958,696.7,20.458333333333332,130.70000000000005,63.666666666666664,0
NH10480M-002050043,696.2,18.0,136.20000000000005,34.55555555555556,0
S508434M-8107481,696.13,9.0,130.13,5.666666666666666,1
S306444M-8097577,695.96,18.208333333333332,135.96000000000004,7.333333333333334,1
H101224M-8094014,695.6,9.125,133.60000000000002,6.333333333333334,1
NH1695985-446684DT,695.12,26.041666666666668,0.0,0.0,1
S507851M,694.59,12.166666666666666,134.59000000000003,6.666666666666667,1
5801557M-727414172,694.51,21.625,134.51,24.0,0
JXT1668199-418790DT,694.43,19.333333333333332,348.42999999999995,9.0,1
HFJ183995-595816,693.09,13.416666666666666,126.09000000000003,9.416666666666668,1
NH10862M-002076384,692.82,20.791666666666668,376.82000000000005,17.333333333333332,0
NH09896M-001902940,692.57,12.291666666666666,130.57000000000005,6.333333333333334,1
NH10221M-001900713,692.05,26.833333333333332,104.04999999999995,5.222222222222222,0
NH10427M,691.96,5.5,131.96000000000004,6.666666666666667,1
5801346M-728361821,691.92,20.791666666666668,131.91999999999996,4.166666666666667,1
S306564M-8103409,691.92,19.208333333333332,104.91999999999996,2.0833333333333335,1
S306868M-8119188,691.11,21.75,124.11000000000001,138.49999999999997,0
NH1645026-396378DT,690.93,5.75,0.0,0.0,1
S508015M-8097036,690.89,2.3333333333333335,0.0,0.0,1
S307014M-8122561,690.79,27.875,130.78999999999996,17.666666666666668,0
S402855M-8107858,690.38,19.416666666666668,126.38,9.666666666666668,1
5801610M-728420516,690.04,19.083333333333332,130.03999999999996,112.0,0
S306829M-8114343,689.7,22.083333333333332,129.70000000000005,12.0,0
5801656M-727427953,689.53,23.166666666666668,122.52999999999997,105.6111111111111,0
NH10897M-002099935,688.92,21.625,120.91999999999996,6.4444444444444455,0
S402879M-8108270,688.22,15.5,124.22000000000003,9.666666666666668,1
S508918M-8121167,688.1,17.791666666666668,128.10000000000002,107.22222222222223,0
S402851M-8107504,688.04,15.333333333333334,128.03999999999996,10.0,1
ZPJF01727-002080875,688.02,17.25,0.0,0.0,1
NH09986M-001928352,687.31,17.916666666666668,90.30999999999995,5.25,1
4100226M-002029869,687.15,21.333333333333332,127.14999999999998,4.555555555555556,0
4100180M-001989718,685.65,8.541666666666666,105.64999999999998,3.3333333333333335,1
5800651M,685.18,13.791666666666666,124.17999999999995,6.5,1
HFJ184493-610495,684.97,22.208333333333332,114.97000000000003,8.555555555555555,0
LSM0W40RVP0310702-GB230073,684.75,14.5,0.0,0.0,1
HFJ182865-559744,684.45,17.458333333333332,123.45000000000005,3.25,1
S508124M,684.29,1.125,118.28999999999996,9.5,1
S306415M-8094830,684.12,27.416666666666668,70.12,120.22222222222223,0
S402829M,683.77,0.0,0.0,0.0,1
5801036M-728348076,683.49,11.666666666666666,96.49000000000001,2.166666666666667,1
HFJ183940-593766,683.48,13.583333333333334,123.48000000000002,8.5,1
4100510M-002132145,683.35,17.583333333333332,123.35000000000002,32.0,0
S403005M-8132052,683.13,14.5,667.13,40.666666666666664,1
HFJ184003-594331,682.81,12.791666666666666,122.80999999999995,10.0,1
S509602M-6304440,682.11,25.166666666666668,376.11,5.555555555555556,0
S403007M-8131484,681.9,23.416666666666668,116.89999999999998,16.166666666666668,0
S204702M-8106006,681.2,19.375,48.200000000000045,11.055555555555555,0
5801606M-728419159,680.76,21.125,120.75999999999999,21.777777777777775,0
S509375M-8131505,680.71,23.625,120.71000000000004,25.222222222222225,0
S509336M-8131369,680.65,24.125,106.64999999999998,28.444444444444443,0
4100623M-002219389,680.48,11.916666666666666,0.0,0.0,1
S403019M-8133164,680.34,15.916666666666666,120.34000000000003,18.11111111111111,0
NKJ0B80CPPKH33491,679.86,18.458333333333332,118.86000000000001,7.583333333333334,1
4100493M-002136025,679.83,17.708333333333332,69.83000000000004,85.33333333333333,0
5801100M,679.17,15.041666666666666,109.16999999999996,5.0,1
NH10280M-001882698,679.09,29.416666666666668,118.09000000000003,23.722222222222225,0
S508236M-8103399,678.85,16.416666666666668,93.85000000000002,6.083333333333333,1
S508333M-8101859,678.77,13.208333333333334,118.76999999999998,4.833333333333334,1
T049994M,678.53,9.958333333333334,85.52999999999997,0.5833333333333334,1
4100102M-001963632,678.16,18.458333333333332,0.0,0.0,1
4100386M-002054640,677.97,14.916666666666666,117.97000000000003,39.333333333333336,0
S508036M-8099485,677.45,17.291666666666668,91.45000000000005,2.2222222222222228,0
S306768M-8114344,677.32,18.958333333333332,407.32000000000005,40.22222222222222,0
5801409M-727371896,677.14,21.166666666666668,117.13999999999999,140.88888888888889,0
T050293M-715367781,676.64,18.708333333333332,116.63999999999999,5.333333333333334,1
S508823M-8122193,675.84,18.333333333333332,115.84000000000003,64.66666666666667,0
S509271M-8130064,675.45,22.0,115.45000000000005,9.333333333333334,0
T050483M-715377399,675.37,9.208333333333334,110.37,113.5,0
S307114M-6307805,675.28,18.375,318.28,20.555555555555554,0
5801101M-727359406,675.25,0.0,0.0,0.0,1
S508921M-8123915,674.96,21.666666666666668,112.96000000000004,133.88888888888889,0
5801839M-727452815,674.53,20.0,0.0,0.0,1
S509510M-6302880,674.44,16.666666666666668,291.44000000000005,12.666666666666666,0
H101199M-8088369,674.07,12.041666666666666,114.07000000000005,6.666666666666667,1
S508845M-8121281,673.14,22.5,111.13999999999999,51.888888888888886,0
S306853M-8119224,672.86,17.458333333333332,104.86000000000001,140.55555555555554,0
S508158M-8104586,672.84,18.083333333333332,112.84000000000003,9.666666666666668,1
HFJ185499-640400,672.76,23.0,112.75999999999999,93.0,0
NH10916M-002094269,672.39,18.541666666666668,112.38999999999999,28.88888888888889,0
NH09728M-001863146,671.98,0.9166666666666666,111.98000000000002,6.666666666666667,1
S508578M-8108672,671.7,23.166666666666668,91.70000000000005,43.77777777777778,0
S508719M-8117872,671.52,13.625,0.0,0.0,1
S507562M-8089514,671.42,7.708333333333333,111.41999999999996,6.666666666666667,1
5801714M-727430968,670.86,12.041666666666666,390.86,3.2222222222222228,0
NH10732M-002048428,670.54,15.583333333333334,380.53999999999996,22.000000000000004,0
S204525M-8085282,670.47,6.375,110.47000000000003,6.666666666666667,1
S402758M-8097044,670.41,0.125,0.0,0.0,1
4100610M-002169330,670.3,15.125,0.0,0.0,1
S204831M-6304585,670.3,21.791666666666668,110.29999999999995,5.833333333333334,1
NH11160M-002208529,670.25,16.541666666666668,75.25,34.72222222222222,0
S204570M-8089893,669.98,12.5,108.98000000000002,3.25,1
S509327M-8130043,669.74,25.291666666666668,358.74,8.111111111111112,0
S306424M-8094673,669.19,11.416666666666666,105.19000000000005,6.0,1
H101316M-8124462,668.47,20.791666666666668,108.47000000000003,4.888888888888889,0
S306316M-8089758,667.95,9.458333333333334,38.950000000000045,4.833333333333333,1
NKJ1107EHPKT06349-47-358012,667.84,0.0,0.0,0.0,1
HFJ184519-609402,667.81,20.333333333333332,95.80999999999995,120.66666666666667,0
HFJ182701-552539,667.4,10.166666666666666,106.39999999999998,6.5,1
HFJ182898,667.14,8.791666666666666,73.13999999999999,1.0,1
S306961M-8122212,666.94,20.916666666666668,106.94000000000005,55.666666666666664,0
S508265M-8103393,666.38,18.208333333333332,89.38,7.75,1
5801196M-728351896,666.04,18.291666666666668,58.039999999999964,5.444444444444444,0
NH1644918-396383DT,665.95,17.75,0.0,0.0,1
HFJ182844-558821,665.83,6.75,99.83000000000004,5.666666666666666,1
4100271M-002028547,665.45,18.916666666666668,397.45000000000005,24.444444444444446,0
S306437M,665.17,15.375,68.16999999999996,6.75,1
5801465M,665.03,20.166666666666668,405.03,188.66666666666666,1
5800735M,664.77,0.0,0.0,0.0,1
T049618M-715319649,664.56,11.083333333333334,103.55999999999995,6.5,1
5800732M-728333940,664.48,18.416666666666668,73.48000000000002,7.416666666666667,1
S509647M-6307980,664.42,16.833333333333332,0.0,0.0,1
5800406M,664.35,1.7083333333333333,36.35000000000002,4.666666666666667,1
J27ARF000167,662.91,0.0,0.0,0.0,1
S402911M-8113985,662.21,18.125,99.21000000000004,2.055555555555556,0
NH10383M-001950457,662.18,13.5,98.17999999999995,6.833333333333333,1
S306467M-8097597,662.08,11.833333333333334,62.08000000000004,4.666666666666667,1
S507941M,661.96,14.416666666666666,74.96000000000004,7.25,1
S509414M-8131477,661.91,17.083333333333332,99.90999999999997,6.555555555555556,0
S509269M-8129062,661.79,18.875,101.78999999999996,142.66666666666666,0
S509203M-8129048,661.75,13.333333333333334,323.75,9.333333333333334,1
NH10240M-001901660,661.71,17.75,101.71000000000004,9.666666666666668,1
NH09996M-001870306,660.78,20.25,82.77999999999997,44.55555555555555,0
HFJ185815-652950,660.6,20.041666666666668,100.60000000000002,13.555555555555555,0
S509402M-8131471,660.54,24.958333333333332,100.53999999999996,4.777777777777778,0
NH10182M-001941768,660.49,10.541666666666666,93.49000000000001,5.5,1
S509301M-8130009,660.48,12.458333333333334,100.48000000000002,6.666666666666667,0
5801141M-728355445,660.23,1.2083333333333333,0.0,0.0,1
S507744M-8089727,659.64,22.291666666666668,85.63999999999999,6.777777777777779,0
S508419M-8107434,658.45,10.375,98.45000000000005,8.833333333333334,1
S508102M-8105350,658.27,13.625,98.26999999999998,3.3333333333333335,1
S509650M-6307844,658.19,12.708333333333334,0.0,0.0,1
S508467M-8107454,658.07,7.458333333333333,0.07000000000005002,18.27777777777778,1
LSM0W40RPP0310841-GB230232,657.9,20.166666666666668,0.0,0.0,1
NH10753M-002048937,657.83,23.166666666666668,79.83000000000004,61.0,0
NH10584M-001988663,657.75,15.75,609.75,5.166666666666667,0
NKJ1107ECNKT05855-747-364172,657.75,9.583333333333334,0.0,0.0,1
S509101M-8127620,657.71,17.958333333333332,97.71000000000004,20.333333333333332,0
S402914M-8113328,657.63,20.291666666666668,96.63,19.055555555555557,0
S306762M-8109800,657.49,18.5,97.49000000000001,115.66666666666667,0
5800556M-727334531,657.38,9.833333333333334,97.38,3.3333333333333335,1
5800727M,657.12,4.958333333333333,97.12,6.666666666666667,1
S508083M-8101285,657.0,2.0833333333333335,88.0,5.166666666666667,1
S508929M-8123928,656.93,18.416666666666668,96.92999999999995,21.777777777777782,0
S508901M-8122500,656.13,23.583333333333332,70.13,87.1111111111111,0
NH10005M-001929118,656.12,3.0416666666666665,0.0,0.0,1
S509030M-8125756,656.09,17.25,96.09000000000003,7.0,0
HFJ183959-594892,655.87,18.666666666666668,94.87,9.083333333333332,1
5801320M,655.77,15.083333333333334,95.76999999999998,6.833333333333334,1
S306769M-8114113,655.36,18.833333333333332,95.36000000000001,127.0,0
S509296M-8130024,655.28,35.25,365.28,14.666666666666666,0
S204758M-8116087,655.27,28.583333333333332,95.26999999999998,85.22222222222221,0
HFJ185719-648723,654.94,19.416666666666668,94.94000000000005,41.22222222222223,0
S306502M-8102839,654.52,8.708333333333334,93.51999999999998,6.5,1
5801482M-727390936,654.01,19.75,94.00999999999999,40.44444444444444,0
5801773M-727439655,653.92,22.833333333333332,93.91999999999996,7.444444444444444,0
5801612M-728419162,653.88,28.333333333333332,93.88,19.11111111111111,0
NH10528M-002026269,653.87,5.166666666666667,49.870000000000005,0.6666666666666667,1
5801391M-727371717,653.64,17.5,93.63999999999999,122.0,0
S508520M-8108262,653.59,21.083333333333332,90.59000000000003,98.27777777777779,0
S508880M-8121288,653.17,20.666666666666668,93.16999999999996,3.3333333333333335,0
4100598M-002192994,653.12,14.375,0.0,0.0,1
S204529M-8085280,651.55,13.583333333333334,60.549999999999955,2.0833333333333335,1
S508337M-8101854,651.47,16.541666666666668,83.47000000000003,6.333333333333334,1
S509072M-8125752,651.32,23.875,91.32000000000005,7.333333333333333,0
S508936M-8122489,651.23,21.875,50.23000000000002,45.27777777777778,0
NH10236M-001928358,651.19,15.875,51.190000000000055,0.0,1
HFJ184732-615358,651.01,7.291666666666667,48.00999999999999,26.083333333333336,1
S307072M-6303651,650.73,17.875,390.73,33.333333333333336,0
S508620M-8112797,650.32,15.166666666666666,265.32000000000005,16.166666666666664,1
NH1696437-447064DT,650.26,22.166666666666668,0.0,0.0,1
5800901M-727354758,650.2,2.5833333333333335,83.20000000000005,13.833333333333334,0
S508014M-8097052,649.58,0.0,0.0,0.0,1
5801602M-727415603,648.55,21.041666666666668,88.54999999999995,37.333333333333336,0
S204582M-8088574,648.3,8.791666666666666,55.299999999999955,1.1666666666666667,1
4100596M-002193000,648.24,12.708333333333334,0.0,0.0,1
NH10847M-002076387,648.21,21.458333333333332,88.21000000000004,29.333333333333332,0
S509526M-6306451,647.91,20.666666666666668,356.90999999999997,5.166666666666667,0
HFJ185554-642687,647.7,20.041666666666668,78.70000000000005,6.083333333333334,1
S509180M-8129061,647.66,20.333333333333332,87.65999999999997,5.555555555555556,0
NH10705M-001993135,647.46,8.875,216.46000000000004,25.166666666666664,1
NH10888M-002084977,647.2,20.166666666666668,87.20000000000005,129.77777777777777,0
NH1686996-437910DT,647.13,13.875,0.0,0.0,1
S306805M-8116081,647.07,20.25,87.07000000000005,9.833333333333334,1
S306739M-8108700,647.0,15.125,492.0,109.83333333333333,1
S306600M-8106285,646.74,12.958333333333334,0.0,0.0,1
S509044M-8126652,646.47,20.291666666666668,384.47,47.77777777777778,0
S35471M-8054235,646.26,0.0,0.0,0.0,1
S508593M-8110417,646.17,20.5,86.16999999999996,56.11111111111111,0
NH10910M-002111693,645.93,22.708333333333332,85.92999999999995,71.66666666666667,0
S508151M-8105966,645.87,22.791666666666668,85.87,63.333333333333336,0
S509248M-8130034,645.22,19.416666666666668,85.22000000000003,39.55555555555556,0
HFJ182889-560521,644.64,9.5,53.639999999999986,1.5,1
S306265M-8089750,644.64,13.541666666666666,0.0,0.0,1
S508855M-8121266,644.19,16.166666666666668,84.19000000000005,61.11111111111111,0
S508200M-8103350,644.05,1.3333333333333333,0.0,0.0,1
NH1690977-B000009663,643.57,23.541666666666668,0.0,0.0,1
H101255M-8105993,643.55,11.833333333333334,83.54999999999995,10.0,1
S508524M-8108257,643.45,13.0,83.45000000000005,2.2222222222222223,0
5802010M-728483214,643.03,15.458333333333334,0.0,0.0,1
5801667M-728420257,642.54,14.166666666666666,367.53999999999996,19.166666666666664,1
NH10013M-001859122,642.34,5.458333333333333,78.34000000000003,6.0,1
S204849M-6307803,641.99,17.375,0.0,0.0,1
5801601M-727415697,641.72,19.0,81.72000000000003,11.555555555555557,0
JXT1633753-384921DT,641.61,16.416666666666668,0.0,0.0,1
S508393M-8107809,641.59,2.7916666666666665,73.59000000000003,9.166666666666668,1
HFJ185434-636144,641.44,18.958333333333332,81.44000000000005,7.111111111111112,0
NH1684820-435836DT,640.65,17.708333333333332,0.0,0.0,1
HFJ183544-584073,640.34,18.125,380.34000000000003,10.0,1
ZPJF01672-002059697,640.07,12.166666666666666,0.0,0.0,1
S508515M-8108172,639.82,0.7916666666666666,172.82000000000005,30.240740740740744,1
XLL1794241,639.8,11.291666666666666,0.0,0.0,1
NH10933M-002140716,639.4,0.0,79.39999999999998,3.3333333333333335,1
S306501M-8102826,638.88,13.666666666666666,78.88,3.3333333333333335,1
LSMF50BRLP0310236-RC230221,638.35,0.0,0.0,0.0,1
NH10849M-002076367,637.84,17.208333333333332,77.84000000000003,89.77777777777779,0
HFJ185635-646526,637.76,10.458333333333334,37.75999999999999,0.33333333333333337,1
S402724M,637.36,12.958333333333334,77.36000000000001,10.0,1
S507853M-8094010,636.96,19.291666666666668,1.9600000000000364,8.083333333333334,1
S508127M-8105341,636.89,8.833333333333334,57.889999999999986,7.25,1
4100516M-002150951,636.61,16.333333333333332,76.61000000000001,69.66666666666667,0
HFJ182907-560277,636.41,19.541666666666668,66.40999999999997,7.333333333333333,0
S509137M-8127458,636.16,20.5,76.15999999999997,41.44444444444444,0
S509166M-8127450,635.67,3.125,75.66999999999996,2.2222222222222223,0
S509664M-6304926,635.6,21.416666666666668,72.60000000000002,10.833333333333334,0
S509091M-8126649,635.53,21.916666666666668,75.52999999999997,37.22222222222222,0
S509456M-8131392,635.42,21.125,75.41999999999996,5.666666666666667,0
NH10745M-002048431,635.39,22.5,75.38999999999999,50.666666666666664,0
NH10036M,635.33,12.541666666666666,54.33000000000004,7.916666666666668,1
S508113M-8105342,634.8,25.833333333333332,74.79999999999995,9.0,1
S509488M-6302732,634.22,15.208333333333334,374.22,42.666666666666664,1
NKJ0B80CKNKH31707-48-381969,633.14,13.791666666666666,516.14,72.66666666666667,1
S509415M-8132046,632.44,16.5,53.440000000000055,39.5,0
4100481M-002110733,632.39,18.875,197.39,22.5,1
HFJ183044-563754,632.29,5.708333333333333,52.289999999999964,3.3333333333333335,1
S306969M-8120669,631.92,20.458333333333332,71.91999999999996,15.666666666666666,0
NH10755M-002008759,631.85,13.833333333333334,71.85000000000002,96.33333333333333,0
4100377M-002049465,631.7,36.375,71.70000000000005,82.55555555555554,0
S509461M-6302477,631.16,19.166666666666668,71.15999999999997,5.777777777777779,0
HFJ183592-578826,631.04,19.791666666666668,71.03999999999996,8.333333333333334,1
S509096M-8127444,630.92,19.916666666666668,69.91999999999996,15.277777777777779,0
HFJ186040-662676,630.74,15.25,0.0,0.0,1
NH10733M-002055509,630.65,20.541666666666668,59.64999999999998,6.0555555555555545,0
HFJ185965-658594,629.92,22.583333333333332,336.91999999999996,4.333333333333333,0
5800887M-727354906,629.77,1.625,50.76999999999998,3.5000000000000004,1
S204709M-8107256,629.69,4.875,69.69000000000005,6.666666666666667,1
5801529M-727390934,629.68,23.958333333333332,67.67999999999995,49.555555555555564,0
NH11032M-002143440,629.48,19.125,69.48000000000002,7.222222222222222,0
HFJ186041-662695,629.42,18.5,69.41999999999996,6.777777777777778,0
S508206M-8104593,628.99,10.375,55.99000000000001,4.5,1
S307078M-6306360,628.88,17.083333333333332,538.88,46.666666666666664,1
S204654M-8105234,628.78,13.416666666666666,68.77999999999997,9.5,1
NH11129M-002189283,628.72,18.5,0.0,0.0,1
NH10520M-002018874,628.34,11.75,343.34000000000003,5.0,1
S508447M-8108178,628.25,4.5,68.25,6.666666666666667,1
NH8683127-434216DT,628.2,21.25,0.0,0.0,1
S508391M-8107529,628.05,21.166666666666668,68.04999999999995,54.666666666666664,0
S306913M-8120672,628.01,24.833333333333332,54.00999999999999,10.666666666666666,0
S509225M-8129071,627.89,22.0,365.89,7.111111111111112,0
S509064M-8126672,627.8,20.458333333333332,356.79999999999995,5.833333333333333,1
HFJ186293-669890,627.11,17.083333333333332,0.0,0.0,1
HFJ186174-666370,626.98,21.041666666666668,66.98000000000002,11.888888888888891,0
S508456M-8107521,626.89,14.458333333333334,52.889999999999986,2.166666666666667,1
S508523M-8108259,626.21,22.916666666666668,66.21000000000004,75.44444444444444,0
5800821M,625.6,0.0,0.0,0.0,1
HFJ184550-612670,625.34,14.958333333333334,63.34000000000003,6.833333333333334,1
HFJ185888-657077,625.14,16.666666666666668,235.14,55.0,1
NH1648410-399905DT,625.08,21.75,0.0,0.0,1
4100083M-001883261,624.67,14.333333333333334,64.66999999999996,9.833333333333334,1
NH1688177-438633DT,624.67,18.125,0.0,0.0,1
S509522M-6306337,623.91,22.0,289.90999999999997,6.0,0
S402886M,623.67,20.083333333333332,50.66999999999996,2.75,1
LSM0W40RHN0310569-GB220267,623.25,24.25,0.0,0.0,1
S509025M-8126635,622.77,17.833333333333332,62.76999999999998,5.777777777777779,0
HFJ184610-612317,622.56,19.583333333333332,359.55999999999995,62.16666666666667,1
S509684M-6304760,622.54,21.875,0.0,0.0,1
5801765M-727439853,622.54,14.25,62.539999999999964,16.555555555555557,0
4100223M-002033378,622.38,22.791666666666668,62.379999999999995,137.55555555555557,0
S204531M-8085693,622.06,7.583333333333333,49.059999999999945,4.5,1
NH10558M-002024158,621.92,13.708333333333334,37.91999999999996,6.0,1
S403004M-8132042,621.89,19.041666666666668,61.889999999999986,10.333333333333334,0
S204750M-8114139,621.67,7.416666666666667,0.0,0.0,1
HFJ185365-635355,621.57,19.333333333333332,42.57000000000005,2.75,1
HFJ185584-643736,621.13,19.875,55.129999999999995,81.00000000000001,0
S306611M-8105975,621.03,14.125,59.02999999999997,3.166666666666667,1
5800869M,620.92,1.3333333333333333,39.91999999999996,3.166666666666667,1
NH8619569,620.6,3.0833333333333335,0.0,0.0,1
4100513M-002133783,620.55,12.958333333333334,60.549999999999955,28.444444444444443,0
4100376M-002051520,620.51,18.125,60.50999999999999,78.0,0
S509290M-8130028,620.2,20.083333333333332,60.200000000000045,11.666666666666666,0
HFJ186042-662890,619.98,17.125,59.98000000000002,33.333333333333336,0
NH10769M-002051536,619.87,15.833333333333334,28.870000000000005,109.72222222222223,0
LSMF50BRVP0310170-RC230118,619.54,15.583333333333334,0.0,0.0,1
S306693M-8108185,619.39,18.5,58.389999999999986,9.583333333333334,1
H101292M-8114133,619.39,3.7083333333333335,52.389999999999986,49.166666666666664,0
S508685M-8113989,619.33,16.916666666666668,59.33000000000004,65.22222222222221,0
NH1658763-409868DT,618.94,14.416666666666666,0.0,0.0,1
NH1685893-436645DT,618.94,21.375,0.0,0.0,1
S306862M-8119322,618.84,1.75,18.840000000000032,0.0,1
S508949M-8124197,618.68,20.541666666666668,58.67999999999995,108.0,0
5801284M-728358984,618.53,12.166666666666666,44.52999999999997,8.833333333333334,1
S509493M-6302825,618.34,21.958333333333332,1.3400000000000318,18.5,0
S509466M-6302373,618.14,20.333333333333332,568.14,7.555555555555556,0
S507553M,617.55,14.75,24.549999999999955,5.083333333333333,1
HFJ185293-631956,617.4,16.083333333333332,57.39999999999998,114.11111111111113,0
4100143M-001926003,616.49,11.583333333333334,56.49000000000001,3.3333333333333335,1
S508170M-8104545,616.27,0.0,0.0,0.0,1
T41421M-4848604,616.18,17.208333333333332,353.17999999999995,7.777777777777779,0
5800681M,616.18,17.666666666666668,43.17999999999995,110.72222222222223,0
HFJ186008-660240,615.99,15.708333333333334,265.99,9.11111111111111,0
T051067M-715439506,615.86,23.583333333333332,55.860000000000014,16.666666666666668,0
HFJ185215-630439,615.58,20.125,51.58000000000004,131.44444444444443,0
NKJ0B80CKPKH33315-48-390524,614.98,16.333333333333332,44.98000000000002,3.166666666666667,1
S509397M-6302458,614.98,16.75,54.98000000000002,54.0,0
S507780M-8091940,614.52,6.5,45.51999999999998,5.166666666666667,1
S508521M-8108162,614.17,22.375,54.16999999999996,6.555555555555556,0
4100266M-002045803,613.23,18.583333333333332,53.23000000000002,4.666666666666667,1
NH1644920-396380DT,613.18,18.791666666666668,0.0,0.0,1
5801280M-727366890,612.9,8.833333333333334,0.0,2.1666666666666665,1
S204632M-8094836,612.81,13.875,52.809999999999945,9.833333333333334,1
LSM0W40REP0310706-GB230076,612.51,16.5,0.0,0.0,1
HFJ183363,612.29,18.041666666666668,51.289999999999964,7.25,1
4100559M-002143829,611.86,18.458333333333332,346.86,15.833333333333332,1
4100581M-002194048,611.5,17.666666666666668,0.0,0.0,1
LSM0W40RTP0310840-GB230214,611.39,20.458333333333332,0.0,0.0,1
HFJ186195-666792,611.35,14.291666666666666,343.35,11.333333333333334,1
S402963M-8122281,611.33,14.875,51.33000000000004,25.222222222222225,0
NH10009M-001900715,610.82,13.416666666666666,25.82000000000005,5.416666666666666,1
S508883M-8121155,610.57,6.791666666666667,50.57000000000005,13.0,1
5801434M-727385490,610.3,18.583333333333332,50.299999999999955,91.11111111111113,0
5800891M,609.55,0.0,0.0,0.0,1
S509607M-6304527,609.33,15.125,0.0,0.0,1
HFJ185846-654400,609.3,2.75,49.299999999999955,95.44444444444444,0
S307089M-6306437,609.21,13.833333333333334,349.21000000000004,14.666666666666668,1
HFJ186062-663436,608.12,15.041666666666666,0.0,0.0,1
S508832M-8122215,607.91,8.875,322.90999999999997,62.55555555555555,0
5801023M-727362260,607.88,18.833333333333332,47.879999999999995,6.222222222222222,0
4100303M-002034711,607.38,21.541666666666668,42.379999999999995,137.61111111111111,0
HFJ184607-610596,607.11,8.583333333333334,344.11,157.16666666666666,1
S509482M-6302731,607.08,21.791666666666668,47.08000000000004,10.0,0
S508675M-8110575,606.48,17.958333333333332,46.48000000000002,82.0,0
HFJ185813-652662,606.15,16.583333333333332,345.15,58.5,1
S509332M-8130093,606.0,21.458333333333332,306.0,0.0,1
S306851M-8119311,605.65,14.583333333333334,0.0,0.0,1
5801281M-728359317,605.63,17.458333333333332,45.629999999999995,93.55555555555556,0
4100421M-002046500,605.13,15.875,45.129999999999995,24.666666666666668,0
S507794M-8091413,603.99,0.9583333333333334,31.99000000000001,4.666666666666667,1
S509359M-8130648,603.41,19.458333333333332,340.40999999999997,8.333333333333334,0
HFJ185090-626993,602.96,19.083333333333332,338.96000000000004,12.0,1
5801616M-728420519,602.93,18.125,32.92999999999995,2.5,1
HFJ185839-653825,602.53,13.625,296.53,41.0,1
S508597M-8110556,601.97,14.958333333333334,41.97000000000003,46.666666666666664,0
S507931M-8094824,601.88,0.0,1.8799999999999955,0.0,0
S508895M-8122259,601.31,15.791666666666666,41.309999999999945,78.0,0
NH10169M-001933115,600.57,0.0,0.0,0.0,1
S509833M-6318369,600.18,35.375,0.0,0.0,1
S507942M-809728,600.0,0.16666666666666666,0.0,0.0,0
S507738M-8089589,600.0,0.0,0.0,0.0,0
S402842M-8101770,600.0,0.0,0.0,0.0,0
NH10874M-002109264,600.0,4.833333333333333,404.0,34.0,0
S509090M-8127625,600.0,0.0,577.0,80.83333333333333,0
S509706M-6308566,599.76,15.791666666666666,0.0,0.0,1
S508628M-8110576,599.73,17.875,27.730000000000018,8.0,1
S508310M-8099764,599.24,13.583333333333334,39.24000000000001,6.0,1
S509250M-8130063,599.21,15.458333333333334,339.21000000000004,6.666666666666667,0
S306776M-8113995,598.68,14.166666666666666,298.67999999999995,0.0,0
NH09383M-001798208,598.52,18.75,37.51999999999998,13.529761904761905,0
NH1682024-431896DT,598.03,16.083333333333332,0.0,0.0,1
S402969M-8122483,598.0,21.875,334.0,38.0,0
NH10244M-001928703,598.0,0.0,0.0,0.0,1
4100621M-002222317,597.78,8.666666666666666,0.0,0.0,1
S306906M-8122397,597.58,19.375,37.58000000000004,7.333333333333333,0
S509115M-8127546,597.5,15.666666666666666,337.5,43.666666666666664,0
S509562M-6308115,596.59,20.375,296.59000000000003,0.0,0
S402857M-8107436,596.36,17.25,335.36,13.0,1
4100152M-001986571,595.85,15.458333333333334,542.85,6.0,1
LSM0W40RTR0310873,595.81,20.625,595.81,7.5,1
S306482M-8099632,595.76,12.583333333333334,35.75999999999999,5.166666666666667,1
S509588M-6306529,595.7,13.916666666666666,35.700000000000045,24.666666666666668,0
HFJ182767,595.59,9.333333333333334,0.5900000000000318,0.8333333333333334,1
NH11145M-002219615,595.31,3.4583333333333335,222.30999999999995,24.333333333333336,1
HFJ186361-672214,594.96,13.583333333333334,0.0,0.0,1
S204842M-6308075,594.89,18.25,0.0,0.0,1
S307156M-6317317,593.85,41.833333333333336,0.0,0.0,1
NH1705456-455205DT,593.46,21.125,0.0,0.0,1
4100454M-002049926,593.01,19.541666666666668,0.0,0.0,1
S509646M-6307979,592.28,12.416666666666666,0.0,0.0,1
S508353M-8107435,592.25,8.75,31.25,4.916666666666667,1
5801421M-727375069,592.1,17.916666666666668,31.100000000000023,86.38888888888887,0
S204769M-8117798,592.0,22.958333333333332,32.0,6.166666666666666,1
5801466M-727387044,591.8,9.125,303.79999999999995,68.22222222222221,0
5800828M-727353555,591.64,11.125,31.639999999999986,8.833333333333334,1
S509525M-6306449,591.45,19.041666666666668,331.45000000000005,14.666666666666668,0
T051242M-715468298,591.19,18.083333333333332,0.0,0.0,1
S508088M-8101275,590.97,13.208333333333334,29.970000000000027,9.75,1
S306976M-8122394,590.94,19.083333333333332,321.94000000000005,6.166666666666667,0
S508853M-8121284,590.78,12.333333333333334,328.78,121.33333333333331,0
S307127M-6307833,590.74,37.083333333333336,0.0,0.0,1
S508284M-8103155,590.57,13.5,330.57000000000005,13.333333333333334,1
4100323M-002056672,590.54,19.5,22.539999999999964,102.44444444444444,0
S508024M-8099680,590.23,12.666666666666666,27.230000000000018,8.75,1
5801167M,590.04,6.625,30.039999999999964,6.666666666666667,1
NH10461M-001965114,590.0,17.125,320.0,8.0,0
5801870M-727453079,589.76,16.083333333333332,0.0,0.0,1
S508934M-8122272,589.76,12.041666666666666,238.76,77.88888888888889,0
S509106M-8128261,589.69,17.708333333333332,329.69000000000005,85.66666666666667,0
S204692M-8101864,589.61,9.083333333333334,29.610000000000014,6.666666666666667,1
S306186M-8084448,589.51,20.25,26.50999999999999,4.916666666666667,1
ZPAB50203-622233,589.19,15.666666666666666,0.0,0.0,1
5800478M-727330264,589.15,7.666666666666667,13.149999999999977,4.0,1
S508143M-8105965,588.89,11.208333333333334,28.889999999999986,10.0,1
S402882M-8108261,588.23,15.291666666666666,28.230000000000018,4.0,0
HFJ185593-643494,588.21,16.833333333333332,328.21000000000004,65.66666666666667,0
S306814M-8116068,586.82,8.75,20.82000000000005,11.333333333333332,1
HFJ183081-570850,586.27,8.25,286.27,0.0,1
S306826M-8113997,586.25,18.291666666666668,26.25,62.444444444444436,0
HFJ186197-666975,585.96,0.041666666666666664,325.96000000000004,6.666666666666667,0
AIN16358PN3030834,585.61,0.0,0.0,0.0,1
S509154M-8127624,585.55,18.25,25.549999999999955,9.777777777777779,0
S306754M-8109779,585.43,14.583333333333334,25.42999999999995,5.666666666666667,1
S509898M-6319520,585.4,15.625,69.39999999999998,36.0,0
5801642M-727426246,585.16,14.041666666666666,279.15999999999997,2.0,0
S508334M-8101850,584.58,21.166666666666668,24.58000000000004,5.444444444444444,0
HFJ184015-596098,584.42,11.75,298.41999999999996,4.666666666666667,1
S509784M-6315186,584.18,5.541666666666667,0.0,0.0,1
NH09871M,584.16,0.0,18.159999999999968,5.666666666666666,1
S508841M-8122284,584.14,16.5,0.0,0.0,1
HFJ184538-611825,584.09,10.958333333333334,24.090000000000032,7.666666666666668,1
4100491M-002108322,583.99,17.666666666666668,23.99000000000001,5.777777777777779,0
S402833M-8105087,583.99,14.791666666666666,23.99000000000001,3.3333333333333335,1
S508485M-8107794,583.14,2.0416666666666665,14.139999999999986,5.166666666666667,1
4100489M-002107484,582.64,13.416666666666666,295.64,94.16666666666667,0
S508671M-8114087,582.61,15.375,426.61,112.16666666666667,0
HFJ186328-669224,582.06,12.375,0.0,0.0,1
HFJ182765,581.73,16.083333333333332,21.730000000000018,9.833333333333334,1
S204730M-8108699,581.16,14.291666666666666,281.15999999999997,0.0,1
S509354M-8131367,580.73,16.708333333333332,0.0,0.0,0
S509475M-6302697,580.39,17.833333333333332,20.389999999999986,15.222222222222221,0
NH11146M-002219966,580.24,11.416666666666666,0.0,0.0,1
H101304M-8122575,579.89,19.625,306.89,28.5,0
S508924M-8123913,579.55,16.958333333333332,19.549999999999955,75.1111111111111,0
HFJ184598-613357,579.47,15.541666666666666,19.470000000000027,4.833333333333334,1
ZNJF01592,579.24,21.666666666666668,0.0,0.0,1
S306592M-8108486,579.0,9.708333333333334,19.0,3.3333333333333335,1
S403028M-6304951,578.91,20.541666666666668,18.909999999999968,5.555555555555556,0
S508145M-8105958,578.49,7.333333333333333,18.49000000000001,6.333333333333334,1
S508318M-8101856,578.38,13.083333333333334,18.379999999999995,7.833333333333334,1
S402931M-8117888,578.17,19.5,0.0,0.0,1
S204733M-8113300,578.0,6.625,18.0,8.333333333333334,1
S402709M-8091415,577.98,9.291666666666666,0.0,0.0,1
S508529M-8108253,577.88,12.916666666666666,8.879999999999995,101.94444444444446,0
T050996M-715405511,577.87,17.75,292.87,60.49999999999999,0
S204645M-8101299,577.51,12.291666666666666,17.50999999999999,3.3333333333333335,1
S306496M-8102117,576.91,12.75,16.909999999999968,9.5,1
NH10860M-002085701,576.85,19.625,294.85,21.0,0
S508531M-8108167,576.78,0.0,0.0,0.0,1
S508642M-8110886,576.3,9.458333333333334,262.29999999999995,95.33333333333333,0
T051078M-715441868,576.11,19.166666666666668,295.11,6.166666666666667,0
S204806M-8123671,576.0,16.25,316.0,55.666666666666664,0
5801008M-727362265,576.0,17.333333333333332,15.0,9.416666666666668,1
H101258M-8108195,575.71,15.416666666666666,313.71000000000004,12.666666666666668,1
S402752M-8095786,575.39,10.5,275.39,0.0,1
S509325M-8130071,575.05,18.458333333333332,286.04999999999995,95.83333333333333,0
5801653M-727427962,574.7,15.791666666666666,296.70000000000005,15.666666666666666,0
S306264M-8086519,574.55,10.0,0.0,0.0,1
S508651M-8110892,574.0,16.416666666666668,14.0,5.777777777777779,0
NH10852M-002086942,573.55,22.916666666666668,313.54999999999995,62.66666666666667,0
NH10986M-002134434,573.53,16.583333333333332,310.53,184.16666666666666,0
S402836M-8103289,573.48,7.583333333333333,0.0,0.0,1
4100155M-001985952,573.24,12.416666666666666,0.0,0.0,1
S509226M-8129072,573.24,18.875,310.24,118.16666666666669,0
S509450M-8130651,572.69,17.625,263.69000000000005,2.5,0
S508214M-8105168,571.66,11.208333333333334,311.65999999999997,13.333333333333334,1
5801715M-727430875,571.54,18.541666666666668,299.53999999999996,15.666666666666668,0
NH09941M,571.46,3.125,11.460000000000036,6.666666666666667,1
S204770M-8117608,570.92,18.833333333333332,310.91999999999996,23.666666666666668,0
H101311M-8124449,570.91,15.5,263.90999999999997,24.166666666666668,0
NH1677128-427429DT,570.19,26.125,0.0,0.0,1
HFJ185788-651191,570.0,18.416666666666668,310.0,193.66666666666666,0
NH10844M-002076737,569.43,20.833333333333332,9.42999999999995,8.555555555555555,0
NH10978M-002135118,569.27,18.125,276.27,29.16666666666667,0
5800247M-727268046,568.91,8.208333333333334,6.909999999999968,6.333333333333334,1
HFJ184436-608670,568.53,9.958333333333334,266.53,0.6666666666666667,1
S509023M-8127621,567.74,21.041666666666668,303.74,6.0,0
S507846M-8094658,567.72,19.375,265.72,16.333333333333332,0
S306296M-8089784,567.66,7.458333333333333,5.659999999999968,6.333333333333334,1
S508707M-8119370,567.65,16.791666666666668,0.0,0.0,1
S402718M-8093770,567.54,10.166666666666666,7.539999999999964,3.3333333333333335,1
S509486M-6302754,567.2,12.916666666666666,307.20000000000005,46.666666666666664,0
S508784M-8123908,566.23,21.416666666666668,266.23,0.0,0
HFJ185755-648823,565.99,19.125,258.99,103.16666666666667,0
S306399M-8094669,565.94,5.083333333333333,0.9400000000000546,5.833333333333333,1
S307095M-6306245,565.93,16.083333333333332,501.92999999999995,20.666666666666668,0
S509183M-8129077,565.71,19.125,295.71000000000004,13.0,0
HFJ183473-581031,565.41,10.708333333333334,5.409999999999968,6.0,1
H101295M-8123673,565.08,17.0,305.08000000000004,7.666666666666667,0
5801385M-727367622,564.86,9.958333333333334,0.0,0.0,1
S402894M-8112812,564.82,13.0,297.82000000000005,11.0,1
HFJ184248-601004,564.63,14.083333333333334,304.63,13.333333333333334,1
HFJ185602-643986,564.4,20.0,4.399999999999977,32.0,0
S307084M-6306235,564.37,15.333333333333334,304.37,42.666666666666664,0
S204797M-8117791,564.12,16.583333333333332,292.12,48.666666666666664,0
S509170M-6298730,564.03,34.166666666666664,0.0,0.0,1
HFJ185247-631095,563.89,18.916666666666668,1.8899999999999864,131.88888888888889,0
S402896M-8110877,563.87,16.25,303.87,215.66666666666666,0
S509356M-8131501,563.74,15.541666666666666,303.74,193.66666666666666,0
S508439M-8108176,563.51,13.416666666666666,3.509999999999991,8.0,1
NH09942M-001859923,563.11,18.041666666666668,255.11,41.333333333333336,0
S306648M-8105360,562.97,7.541666666666667,0.0,0.0,1
HFJ182887-557150,562.77,7.083333333333333,0.0,0.0,1
5801830M-728436495,562.65,8.875,490.65,22.0,0
HFJ185299-632275,562.63,18.041666666666668,297.63,124.83333333333333,0
S509210M-8129054,562.34,10.333333333333334,264.34000000000003,61.333333333333336,0
HFJ183946-594642,562.33,10.75,296.33000000000004,11.333333333333332,1
S509024M-8126631,562.26,18.041666666666668,509.26,8.333333333333334,0
NH11022M-002150013,562.23,17.875,298.23,35.0,0
S509534M-6306186,561.78,16.916666666666668,291.78,14.0,0
NH10320M,560.98,15.125,299.98,13.0,1
S402778M,560.91,0.0,0.0,0.0,1
S508943M-8125659,560.75,16.25,510.75,4.5,0
S508012M-8097127,560.55,2.5416666666666665,0.0,0.0,1
HFJ185886-656336,560.5,16.125,300.5,40.666666666666664,0
4100185M-001931365,560.35,8.25,0.35000000000002274,7.333333333333334,1
S509677M-6304782,560.28,12.708333333333334,0.0,0.0,1
HFJ184597-613370,559.9,3.8333333333333335,0.0,0.0,1
ZPAB50021,559.66,12.125,0.0,0.0,1
NH10467M-001970275,559.13,11.25,299.13,13.333333333333334,1
S508780M-8121276,559.1,5.333333333333333,209.10000000000002,16.666666666666664,1
4100036M,559.03,0.0,0.0,0.0,1
5801296M-727358610,558.99,16.375,279.99,7.000000000000001,1
S509665M-6304924,558.99,2.0833333333333335,258.99,0.0,0
NH10872M-002109262,558.91,17.875,258.90999999999997,97.0,0
4100617M-002220036,558.74,6.041666666666667,0.0,0.0,1
HFJ183387,558.67,6.041666666666667,0.0,0.0,1
S306855M-8119316,558.3,17.458333333333332,432.29999999999995,82.33333333333333,0
5801871M-727452911,558.12,8.625,0.0,0.0,1
S509120M-8127545,558.0,20.166666666666668,209.0,21.166666666666664,0
NH1695001-445308DT,557.94,18.333333333333332,0.0,0.0,1
5801621M-727415509,557.45,16.125,268.45000000000005,32.833333333333336,0
S508871M-8123310,556.51,10.916666666666666,271.51,188.5,0
S307085M-6306234,556.08,13.625,486.08000000000004,26.666666666666668,0
S306658M,555.83,0.0,0.0,0.0,1
S509188M-8129068,555.73,9.791666666666666,294.73,89.5,0
5800845M,555.72,9.625,258.72,1.0,1
S509105M-8128258,555.15,15.916666666666666,287.15,17.333333333333336,0
NH09875M,555.11,5.958333333333333,0.0,0.0,1
5801483M-727390933,554.99,15.375,278.99,26.0,0
S509662M-6305004,554.91,11.083333333333334,544.91,46.666666666666664,0
HFJ185948-657860,554.5,15.333333333333334,450.5,60.666666666666664,0
S306571M-8099647,554.43,18.375,248.42999999999995,2.0,1
S204771M-8117797,554.38,18.541666666666668,393.38,111.16666666666669,0
HFJ182858,553.64,10.333333333333334,289.64,12.0,1
S508498M-8108171,553.43,17.291666666666668,253.42999999999995,50.0,0
5800779M,553.27,18.583333333333332,503.27,6.666666666666667,0
HFJ186053-660420,553.16,17.541666666666668,210.15999999999997,42.166666666666664,0
ZNAB50135,552.97,8.625,0.0,0.0,1
5801524M-728382884,552.96,19.75,291.96000000000004,22.5,0
S507692M-8089731,552.83,5.125,0.0,0.0,1
S509683M-6304702,552.67,12.291666666666666,0.0,0.0,1
S509252M-8130070,552.63,15.083333333333334,502.63,5.0,0
S307043M-8123656,552.42,16.0,292.41999999999996,13.666666666666668,0
5801476M-727387046,552.39,13.541666666666666,254.39,32.333333333333336,0
4100411M-002051537,552.06,15.541666666666666,263.05999999999995,3.6666666666666665,1
NH10580M-002020825,551.54,13.833333333333334,282.53999999999996,10.333333333333334,1
5801774M-727440164,551.16,20.75,0.0,0.0,1
5801501M,551.1,15.625,288.1,91.16666666666667,0
S306374M-8085867,551.05,13.708333333333334,251.04999999999995,0.0,1
S509173M-8129058,550.0,19.25,288.0,11.333333333333334,0
NKJ0B80CENKH31717-48-372595,549.53,1.4583333333333333,233.52999999999997,5.333333333333334,1
S509162M-8127468,549.44,15.375,249.44000000000005,0.0,0
S508948M-8124201,548.91,17.791666666666668,355.90999999999997,148.5,0
S509641M-6307826,548.82,18.291666666666668,0.0,0.0,1
S509606M-6304528,548.75,17.75,0.0,0.0,1
4100396M-002051532,548.66,12.416666666666666,288.65999999999997,38.666666666666664,0
NH10091M-001865724,548.63,5.625,0.0,0.0,1
S509644M-6307977,548.37,17.166666666666668,0.0,0.0,1
S402819M-8101771,548.37,15.041666666666666,286.37,12.666666666666668,1
S204858M-6310082,548.3,9.375,0.0,0.0,1
HFJ184652-614157,548.3,16.375,287.29999999999995,128.5,0
S509546M-6305023,547.83,17.958333333333332,247.83000000000004,0.0,0
NH11198M-002238795,547.62,3.5,0.0,0.0,1
5800938M,547.59,0.0,0.0,0.0,1
S507416M-8083730,547.45,13.0,287.45000000000005,13.333333333333334,1
S509697M-6308767,547.32,7.166666666666667,0.0,0.0,1
S306410M,547.29,4.5,0.0,0.0,1
S509690M-6304682,547.05,17.583333333333332,0.0,0.0,1
5801356M-727367623,547.03,14.958333333333334,286.03,88.5,0
NKJ1107EPPKT06356-47-395187,546.95,15.791666666666666,0.0,0.0,1
S508504M-8108266,546.9,16.041666666666668,392.9,109.33333333333333,0
5801897M-727473463,546.87,26.958333333333332,0.0,0.0,1
4100095M-001887774,546.69,4.5,0.0,0.0,1
4100135M,546.62,8.833333333333334,279.62,11.0,1
S507443M-8084306,546.4,3.0416666666666665,0.0,0.0,1
5800698M-727338029,546.38,6.166666666666667,0.0,0.0,1
S403070M-6318058,546.16,10.541666666666666,0.0,0.0,1
NH11033M-002135090,545.93,9.416666666666666,495.92999999999995,0.0,0
S402949M-8120995,545.84,17.583333333333332,285.84000000000003,10.666666666666668,0
HFJ186082-664724,545.81,9.5,285.80999999999995,60.666666666666664,0
H101191M-8089783,545.79,11.166666666666666,281.78999999999996,12.0,1
S307087M-6306370,545.43,16.291666666666668,479.42999999999995,22.666666666666668,0
S509282M-8129586,545.39,19.166666666666668,245.39,43.0,0
5801472M-727382377,545.34,17.375,382.34000000000003,113.33333333333331,0
S509653M-6308012,544.84,14.0,0.0,0.0,1
5801050M-727362156,544.69,10.25,278.69000000000005,11.333333333333332,1
S509547M-6305002,544.6,16.0,488.6,12.666666666666668,0
ZPBE20773,544.54,22.958333333333332,0.0,0.0,1
S306248M,544.46,0.0,0.0,0.0,1
4100550M-002145239,544.02,16.25,283.02,57.5,0
S507426M,543.97,9.75,242.97000000000003,0.33333333333333337,1
S508706M-8119230,543.62,15.5,0.0,0.0,1
HFJ183584-582578,543.48,11.583333333333334,280.48,12.333333333333334,1
HFJ185374-634396,543.35,23.375,283.35,121.66666666666666,0
5801802M-727444136,543.33,13.666666666666666,283.33000000000004,10.666666666666668,0
S508858M-8121286,543.31,16.625,283.30999999999995,75.66666666666667,0
HFJ185513-640386,542.83,16.833333333333332,276.83000000000004,5.666666666666666,0
S204553M-8089755,542.53,7.791666666666667,0.0,0.0,1
S204856M-6309936,542.48,2.9583333333333335,0.0,0.0,1
S509694M-6308832,542.42,16.75,0.0,0.0,1
S509253M-8130027,541.86,14.25,278.86,6.166666666666667,0
ZPJF00286-002039854,541.74,17.708333333333332,0.0,0.0,1
5801903M-727473766,541.39,5.833333333333333,0.0,0.0,1
S306553M-8105216,541.38,9.291666666666666,276.38,11.666666666666666,1
S508488M-8107854,541.36,10.083333333333334,90.36000000000001,50.33333333333333,1
HFJ185599-644548,541.23,17.666666666666668,276.23,34.83333333333333,0
S509027M-8126634,541.12,16.166666666666668,292.12,202.33333333333334,0
S509452M-8130650,541.07,18.833333333333332,490.07000000000005,5.833333333333333,0
HFJ185885-657004,540.75,16.041666666666668,201.75,36.5,0
5801154M-728354764,540.52,17.75,217.51999999999998,7.666666666666666,1
H101269M-8113319,540.47,16.291666666666668,238.47000000000003,0.6666666666666667,1
S508951M-8124246,540.31,15.666666666666666,280.30999999999995,16.666666666666668,0
HFJ185297-631478,540.25,15.625,308.25,182.66666666666666,0
5801390M-728367628,539.69,16.833333333333332,271.69000000000005,77.33333333333333,0
S507881M,539.69,13.0,279.69000000000005,13.333333333333334,1
S509185M-8129148,539.51,15.0,228.51,1.8333333333333333,0
5800932M-727354094,539.42,0.5,0.0,0.0,1
NH10185M-001957391,539.17,10.5,230.16999999999996,3.0,1
4100544M-002145526,539.1,13.125,279.1,46.666666666666664,0
S508846M-8121275,539.03,18.916666666666668,276.03,6.166666666666667,0
NH10252M-001955576,538.93,9.708333333333334,277.92999999999995,13.0,1
4100681M-002231289,538.8,9.5,0.0,0.0,1
S509006M-8126666,538.68,15.833333333333334,488.67999999999995,5.5,0
HFJ186068-663253,538.62,16.916666666666668,519.62,35.5,0
NH10111M-001956095,538.33,14.041666666666666,277.33000000000004,46.5,0
4100570M-002166306,537.95,0.0,143.95000000000005,19.666666666666668,0
NH10936M-002053949,537.94,22.291666666666668,277.94000000000005,6.666666666666667,0
S509020M-8123934,537.87,22.875,261.87,51.0,0
HFJ182980,537.79,9.375,251.78999999999996,4.666666666666667,1
S508604M-8110579,537.79,12.458333333333334,79.78999999999996,52.666666666666664,1
S509261M-8130075,537.54,16.916666666666668,276.53999999999996,27.5,0
S509094M-8127453,537.36,15.208333333333334,277.36,71.66666666666667,0
58013668M-728366591,537.08,4.666666666666667,0.0,0.0,1
S508770M-8122188,536.52,12.291666666666666,172.51999999999998,183.66666666666666,0
5801332M-727367102,536.49,10.25,0.0,0.0,1
NH09934M,536.26,15.583333333333334,276.26,13.333333333333334,1
HFJ185963-658757,535.25,11.5,0.0,0.0,1
NH11117M-002165601,534.51,18.958333333333332,0.0,0.0,1
S509548M-6308116,534.06,13.708333333333334,524.06,46.666666666666664,0
5801182M-728366588,533.94,13.291666666666666,263.94000000000005,10.0,1
4100601M-002193100,533.9,15.25,0.0,0.0,1
NKJ0B80CTRKH41284,533.74,14.25,0.0,0.0,1
HFJ183372-579543,533.65,0.0,0.0,0.0,1
NH10147M-001944718,533.35,13.25,233.35000000000002,0.0,1
5800748M,533.26,10.583333333333334,257.26,8.0,1
S306898M-8117611,533.03,16.875,345.03,141.66666666666666,0
HFJ184525-611181,532.98,16.708333333333332,243.98000000000002,3.6666666666666665,1
S402928M-8114100,532.94,15.583333333333334,339.94000000000005,148.5,0
S402800M-8101273,532.39,11.291666666666666,196.39,12.0,1
S509901M-6319677,532.37,24.625,0.0,0.0,1
HFJ183106-571251,532.11,0.0,0.0,0.0,1
ZPAF50057-621086,532.02,11.625,0.0,0.0,1
NH11044M-002132223,531.96,17.333333333333332,175.96000000000004,29.333333333333336,0
T050579M-715389560,531.94,20.041666666666668,269.94000000000005,51.333333333333336,0
NH11063M-002145496,531.76,0.125,231.76,48.0,0
HFJ183716-584050,531.49,14.791666666666666,0.0,0.0,1
S508810M-8122195,530.97,11.166666666666666,270.97,45.666666666666664,0
S306431M-8093810,530.86,0.0,0.0,0.0,1
S508247M-8102808,530.81,10.25,263.80999999999995,11.0,1
NKJ575SVCPKH35170-48-410784,530.0,16.791666666666668,0.0,0.0,1
S508377M-8107805,529.84,10.5,249.84000000000003,6.666666666666667,1
S508591M-8110404,529.6,14.625,268.6,13.0,1
HFJ186196-666705,529.33,11.375,248.33000000000004,17.166666666666668,0
S508221M-8105169,528.94,0.4583333333333333,0.0,0.0,1
5801772M-727439855,528.84,13.416666666666666,0.0,0.0,1
ZNBE21056,528.75,1.4583333333333333,0.0,0.0,1
HFJ185039-624461,528.04,13.625,213.03999999999996,67.5,0
NH10409M-001928586,527.1,0.75,267.1,13.333333333333334,1
4100444M-002049927,526.88,12.75,259.88,5.5,0
HFJ185689-643830,526.65,2.125,265.65,38.5,0
S306446M-8097560,526.36,10.625,265.36,13.0,1
5800874M-727352213,525.38,10.875,265.38,13.333333333333334,1
S204753M-8116076,525.28,20.416666666666668,253.27999999999997,9.666666666666668,0
4100191M-001950439,525.2,14.041666666666666,259.20000000000005,11.333333333333332,1
HFJ183124,524.94,8.791666666666666,247.94000000000005,7.666666666666666,1
NH11020M-002151503,524.9,17.583333333333332,232.89999999999998,1.3333333333333335,0
LSMF50BRAP0310199-RC230166,524.85,11.708333333333334,0.0,0.0,1
JX1730225-4811790T,524.79,10.125,405.78999999999996,75.66666666666667,0
S509319M-8130017,524.71,17.541666666666668,264.71000000000004,21.666666666666668,0
S204828M-6304482,524.71,15.291666666666666,0.0,0.0,1
S509220M-8129579,524.33,15.25,264.33000000000004,70.66666666666667,0
S509674M-6304556,524.31,15.958333333333334,250.30999999999995,40.333333333333336,0
S307122M-6307835,524.13,25.166666666666668,0.0,0.0,1
5801800M-727444076,523.85,15.291666666666666,258.85,12.833333333333334,0
S307023M-8122560,523.43,14.75,212.42999999999995,155.83333333333334,0
5801808M-727443515,523.39,10.916666666666666,0.0,0.0,1
S307088M-6306372,523.33,15.208333333333334,491.33000000000004,24.666666666666668,0
NH10994M-002151555,522.96,19.0,476.96000000000004,5.166666666666667,0
S508147M-8105962,522.44,12.041666666666666,256.44000000000005,11.333333333333332,1
S204751M-8114345,522.4,12.916666666666666,241.39999999999998,20.166666666666668,0
HFJ183862-591579,522.21,10.25,260.21000000000004,12.666666666666668,1
S508373M,521.99,2.9166666666666665,196.99,8.333333333333332,1
S508647M-8113331,521.83,22.5,391.83000000000004,82.5,0
S307016M-8122559,521.65,13.708333333333334,260.65,18.5,0
S204786M-8117605,521.17,18.166666666666668,238.16999999999996,8.833333333333332,0
S509202M-8129147,521.09,17.208333333333332,259.09000000000003,12.333333333333334,0
S306373M,521.08,11.041666666666666,261.08000000000004,13.333333333333334,1
5801464M-727387220,521.0,0.5833333333333334,0.0,0.0,1
HFJ185590-644237,520.95,16.0,360.95000000000005,117.83333333333334,0
5801345M-728359212,520.77,9.583333333333334,212.76999999999998,2.666666666666667,1
S509323M-8130031,520.62,19.875,229.62,11.5,0
4100277M-002028546,520.34,13.666666666666666,260.34000000000003,71.66666666666667,0
S508178M-8104594,520.27,6.958333333333333,0.0,0.0,1
S204723M,519.17,4.291666666666667,0.0,0.0,1
S402717M-8093784,519.12,7.791666666666667,259.12,13.333333333333334,1
HFJ185591-644101,518.71,16.541666666666668,258.71000000000004,137.66666666666666,0
NH10775M-002048265,518.68,14.25,405.67999999999995,67.83333333333333,0
4100538M-002146136,518.45,12.958333333333334,258.45000000000005,42.666666666666664,0
5800819M-727348221,518.07,8.583333333333334,258.07000000000005,13.333333333333334,1
S307129M-6310155,518.04,28.583333333333332,0.0,0.0,1
S306698M-8107284,518.04,11.25,253.03999999999996,11.666666666666666,1
S508324M-8101781,517.93,5.875,0.0,0.0,1
S508592M-8110558,517.7,12.0,346.70000000000005,125.33333333333333,0
S509895M-6319523,516.85,29.166666666666668,0.0,0.0,1
NH10809M-002073808,516.39,17.416666666666668,466.39,1.3333333333333335,0
5801002M,516.34,10.291666666666666,237.34000000000003,7.000000000000001,1
4100485M-002108323,516.33,15.583333333333334,252.33000000000004,6.0,0
S306955M-8122208,516.3,9.916666666666666,256.29999999999995,30.666666666666668,0
HFJ185292-631559,515.58,14.291666666666666,465.58000000000004,0.0,0
5800695M-727348062,515.55,10.0,215.54999999999995,0.0,1
S306927M-8119323,515.44,13.25,255.44000000000005,30.666666666666668,0
S508844M-8121272,515.38,16.125,255.38,98.66666666666667,0
S509383M-8132043,514.77,16.041666666666668,179.76999999999998,10.833333333333332,0
S509247M-8130042,514.64,14.333333333333334,251.64,29.166666666666668,0
4100394M-002050045,514.56,12.958333333333334,254.55999999999995,26.666666666666668,0
S509061M-8126676,514.34,14.625,249.34000000000003,5.833333333333333,0
S509348M-8131364,514.32,18.458333333333332,214.32000000000005,0.0,0
S509249M-8130052,514.24,15.5,245.24,19.166666666666668,0
NH10821M-002075253,514.17,13.875,416.16999999999996,49.166666666666664,0
S507604M-8089580,514.17,6.25,0.0,0.0,1
S306606M-8108192,513.48,9.0,253.48000000000002,13.333333333333334,1
5801382M-727370433,512.94,10.916666666666666,0.0,0.0,1
NH10617M-002028507,512.82,18.625,252.82000000000005,41.666666666666664,0
5801712M-727430768,512.78,17.333333333333332,212.77999999999997,0.0,0
5801289M-727385648,512.56,3.5,242.55999999999995,10.0,1
HFJ186123-665416,512.5,8.666666666666666,252.5,43.666666666666664,0
S306970M-8120999,512.22,13.375,252.22000000000003,7.666666666666667,0
HFJ183601-583213,512.05,12.291666666666666,249.04999999999995,12.333333333333334,1
S508383M-8107528,511.65,14.5,236.64999999999998,8.333333333333332,1
HFJ186350-671954,511.13,7.666666666666667,0.0,0.0,1
NH10955M-002140006,511.02,19.291666666666668,218.01999999999998,1.1666666666666667,0
S509993M-6320391,510.86,26.833333333333332,216.86,41.0,0
4100336M-002035529,510.59,11.625,233.58999999999997,136.83333333333334,0
S509392M-8132040,510.46,16.416666666666668,230.45999999999998,128.33333333333334,0
S306590M-8108482,510.38,11.916666666666666,239.38,9.666666666666666,1
S509046M-8125813,510.26,13.833333333333334,465.26,7.0,0
S306651M-8105221,509.92,14.875,179.92000000000002,10.0,1
S307051M-8130291,509.88,18.666666666666668,176.88,27.5,0
HFJ186334-670843,509.15,15.916666666666666,0.0,0.0,1
5801183M-728359320,508.97,0.0,0.0,0.0,1
NH11177M-002229409,508.75,37.416666666666664,0.0,0.0,1
S306894M-8117609,508.68,7.833333333333333,226.68,6.0,1
HFJ186177-666015,508.67,15.25,187.67000000000002,3.5000000000000004,0
5801643M-727425625,508.54,17.0,186.54000000000002,7.666666666666666,0
S307020M-8122557,508.28,16.875,248.27999999999997,21.666666666666668,0
LSM0W40RCP0310813,507.67,17.5,0.0,0.0,1
S509157M-8127464,507.52,19.541666666666668,233.51999999999998,4.333333333333334,0
S508487M-8107798,507.51,14.125,244.51,12.333333333333334,1
HFJ185809-652729,507.42,16.375,235.42000000000002,21.666666666666668,0
5801865M-727452514,506.49,13.083333333333334,0.0,0.0,1
NH10831M-002086941,506.46,14.5,236.45999999999998,108.0,0
JX1730254,506.36,10.625,246.36,70.66666666666667,0
ZNAB50133,506.04,7.25,0.0,0.0,1
HFJ182805-556695,505.29,8.5,210.29000000000002,1.6666666666666667,1
S306469M-8097578,505.27,10.5,245.26999999999998,13.333333333333334,1
S402813M-8103382,504.98,14.291666666666666,230.98000000000002,28.333333333333336,0
5801645M-727425964,504.73,13.666666666666666,178.73000000000002,10.333333333333334,0
HFJ185425-637728,504.68,14.125,160.68,9.333333333333332,0
S306628M-8105991,504.36,5.708333333333333,0.0,0.0,1
HFJ185381-634274,503.94,18.375,237.94,96.66666666666667,0
S402868M-8107542,503.68,11.583333333333334,243.68,13.333333333333334,1
HFJ185686-647837,503.46,14.583333333333334,243.45999999999998,10.666666666666668,0
S403031M-6305086,503.44,16.416666666666668,196.44,7.166666666666667,0
S509399M-6302505,503.23,18.291666666666668,237.23000000000002,5.666666666666666,0
HFJ183158-565116,502.38,6.458333333333333,0.0,0.0,1
HFJ185561-643024,502.14,17.166666666666668,240.14,53.333333333333336,0
HFJ185825-652359,502.03,14.208333333333334,228.02999999999997,27.333333333333336,0
S509381M-8131389,502.01,20.291666666666668,242.01,10.666666666666668,0
S306722M-8108776,501.82,13.208333333333334,212.82,27.833333333333332,0
5800666M-727335523,501.78,5.25,0.0,0.0,1
4100389M-002064702,501.65,16.291666666666668,447.65,8.0,1
4100494M-002138364,501.11,16.375,237.11,75.0,0
DDD0DV26NJNTU1571,500.82,6.208333333333333,0.0,0.0,1
LSMF50BRHP0310156-RC230110,500.77,7.458333333333333,0.0,0.0,1
4100280M-002028506,500.52,16.625,222.51999999999998,107.66666666666667,0
ZNAB50174,500.21,14.375,0.0,0.0,1
4100599M-002192797,500.03,7.958333333333333,0.0,0.0,1
S204708M-8107281,499.95,15.625,239.95,7.666666666666667,0
S509505M-6302781,498.74,14.291666666666666,238.74,10.666666666666668,0
S509603M-6304441,498.52,15.541666666666666,238.51999999999998,32.666666666666664,0
H101308M-8124455,498.37,17.208333333333332,238.37,86.66666666666667,0
S508788M-8120725,498.25,19.833333333333332,371.25,81.83333333333333,0
NH10591M-002033021,498.21,15.666666666666666,144.20999999999998,20.0,0
S507999M-8097053,498.11,6.791666666666667,231.11,11.0,1
HFJ185397-636178,498.07,15.291666666666666,198.07,0.0,0
S509385M-8131695,497.8,12.583333333333334,237.8,73.66666666666667,0
S509229M-8130081,497.48,15.583333333333334,227.48000000000002,18.0,0
4100562M-002156987,497.36,13.291666666666666,237.36,11.666666666666668,0
S507715M,497.23,11.166666666666666,234.23000000000002,12.333333333333334,1
S509377M-8131395,497.09,16.958333333333332,232.08999999999997,13.833333333333332,0
S204598M-8088667,496.8,11.458333333333334,236.8,13.333333333333334,1
S306179M,496.78,6.541666666666667,0.0,0.0,1
HFJ185995-659734,496.13,13.541666666666666,0.0,0.0,1
4100410M-002050114,495.74,13.0,208.74,190.16666666666666,0
S204804M-8123650,495.42,6.083333333333333,234.42000000000002,21.5,0
HFJ184021-596788,495.09,10.708333333333334,235.08999999999997,13.333333333333334,1
4100260M-002028496,494.88,14.416666666666666,230.88,8.0,0
S508839M-8122181,494.66,15.666666666666666,0.0,0.0,1
S509058M-8126650,494.58,15.458333333333334,233.57999999999998,6.5,0
5800726M,494.54,11.583333333333334,202.54000000000002,2.666666666666667,1
S306953M-8122000,494.2,13.583333333333334,234.2,37.666666666666664,0
HFJ183436-577005,494.09,13.041666666666666,196.08999999999997,0.6666666666666667,1
S402634M-8084287,493.98,0.0,0.0,0.0,1
S307022M-8122566,493.78,12.208333333333334,170.77999999999997,39.833333333333336,0
S508489M-8107463,493.33,14.291666666666666,232.32999999999998,13.0,1
S204810M-8123233,492.47,12.833333333333334,232.47000000000003,29.666666666666668,0
NH11151M-002222320,492.26,11.541666666666666,0.0,0.0,1
NH10357M-001930617,492.09,11.791666666666666,219.08999999999997,5.5,0
NH1688725-439314DT,492.02,15.208333333333334,0.0,0.0,1
S306291M,491.83,8.166666666666666,229.82999999999998,12.666666666666668,1
S509387M-8131372,491.07,12.916666666666666,458.07,23.666666666666668,0
S508249M,491.02,0.0,0.0,0.0,1
S204591M-8089892,490.49,12.75,175.49,5.0,1
NH1698504-449012DT,490.4,15.375,0.0,0.0,1
4100134M-001925908,490.1,5.375,135.10000000000002,18.333333333333332,1
S507548M,490.08,0.0,0.0,0.0,1
S306877M-8119226,489.41,14.541666666666666,214.41000000000003,38.166666666666664,0
5801607M-728419327,489.37,14.333333333333334,443.37,7.0,0
T050476M-715374126,489.34,12.75,195.33999999999997,2.0,1
LSM0W40RER0310899,488.8,0.8333333333333334,0.0,0.0,1
S306845M-8119313,488.79,14.333333333333334,228.79000000000002,43.666666666666664,0
ZNJF01768,488.66,20.083333333333332,0.0,0.0,1
S204665M-8103418,488.44,6.708333333333333,221.44,11.0,1
S306192M-8084313,488.28,10.541666666666666,226.27999999999997,12.666666666666668,1
NH1644490-395930DT,488.2,4.75,0.0,0.0,1
S509654M-6307827,487.97,0.16666666666666666,187.97000000000003,0.0,0
S509899M-6319678,487.02,21.541666666666668,0.0,0.0,1
5801487M-728372402,486.92,18.375,226.92000000000002,66.66666666666667,0
S508349M-8107868,485.39,12.416666666666666,184.39,0.33333333333333337,1
LSM0W40RAP0310815-GB230192,485.12,5.875,0.0,0.0,1
4100428M-002047931,484.94,15.583333333333334,215.94,10.333333333333334,1
5801662M-727427961,484.54,16.0,221.54000000000002,11.166666666666668,0
NH10723M-002008195,484.39,12.166666666666666,354.39,160.0,1
S509340M-8130067,484.28,9.333333333333334,422.28,24.0,1
5800686M,484.13,6.791666666666667,198.13,4.666666666666667,1
S306598M-8108490,484.09,11.375,222.08999999999997,12.666666666666668,1
5801805M-727444438,484.01,14.875,0.0,0.0,1
NH10253M-001961050,483.86,8.416666666666666,223.86,13.333333333333334,1
5801664M-727426027,483.81,13.375,215.81,121.33333333333331,0
S306629M-8105986,483.23,13.666666666666666,221.23000000000002,12.666666666666668,1
S507388M-8083535,483.03,15.916666666666666,183.02999999999997,0.0,0
NH1680652-431910DT,482.87,15.041666666666666,0.0,0.0,1
S306753M-8109802,482.78,15.375,222.77999999999997,9.666666666666668,0
S509595M-6306650,482.39,19.166666666666668,220.39,20.333333333333336,0
H101266M-8108768,481.74,7.916666666666667,181.74,0.0,0
S307062M-8130279,481.65,15.041666666666666,113.64999999999998,48.33333333333333,0
S509292M-8130022,481.37,11.708333333333334,429.37,8.666666666666668,0
4100484M-002132148,481.36,17.083333333333332,219.36,75.33333333333333,0
S403035M-6307825,480.9,14.791666666666666,169.89999999999998,11.833333333333334,0
HFJ186115-665608,480.79,12.583333333333334,448.79,24.666666666666668,0
S306873M-8119215,480.72,15.5,220.72000000000003,54.666666666666664,0
S306660M-8106277,480.38,17.458333333333332,219.38,144.5,0
T050606M-715405684,480.26,14.833333333333334,220.26,58.666666666666664,0
S307058M-8130293,480.22,16.041666666666668,430.22,1.5,0
HFJ185265-631684,480.04,10.125,201.04000000000002,78.5,0
HFJ186061-663513,479.69,14.166666666666666,0.0,0.0,1
NH11201M-002167323,479.35,2.5833333333333335,0.0,0.0,1
S402779M-8094031,479.23,2.5833333333333335,0.0,0.0,1
5801831M-728437376,478.93,15.083333333333334,0.0,0.0,1
S508522M-8108246,478.75,8.5,0.0,17.916666666666664,1
S402895M-8110878,478.68,17.75,211.68,18.5,0
S306348M-8091404,478.03,5.916666666666667,0.0,0.0,1
FR8709655-460664DT,477.77,8.75,0.0,0.0,1
NH10744M-002047199,477.66,7.083333333333333,165.66000000000003,4.0,1
4100188M,477.5,8.458333333333334,180.5,1.0,1
S508227M-8105094,477.22,0.0,0.0,0.0,1
5800405M-727324589,477.22,7.25,196.22000000000003,6.333333333333334,1
HFJ185880-656979,477.03,20.916666666666668,372.03,61.66666666666667,0
NH1662087-413269DT,476.99,8.458333333333334,0.0,0.0,1
H101219M,476.9,17.125,206.89999999999998,10.0,1
HFJ185260-631542,476.85,14.375,213.85000000000002,196.16666666666666,0
5801624M-727428193,476.66,19.083333333333332,216.66000000000003,13.666666666666668,0
S508115M-8105336,476.64,9.958333333333334,417.64,15.666666666666668,0
S507528M-8086481,476.5,0.0,0.0,0.0,1
HFJ185581-642938,475.79,14.666666666666666,210.79000000000002,137.83333333333334,0
S508111M-8105339,475.09,14.083333333333334,214.08999999999997,11.5,0
HFJ182984,475.06,8.708333333333334,212.06,12.333333333333334,1
S509433M-8133163,474.92,12.708333333333334,213.92000000000002,11.5,0
4100253M-002028488,474.61,10.041666666666666,163.61,54.833333333333336,0
S508481M-8107860,474.51,10.208333333333334,214.51,13.333333333333334,1
S509079M-8125820,474.47,23.5,214.47000000000003,22.666666666666668,0
4100209M-002031852,474.4,0.041666666666666664,174.39999999999998,0.0,1
JXT1654106-405446DT,474.37,7.458333333333333,0.0,0.0,1
S204820M-8122578,474.22,17.833333333333332,191.22000000000003,4.833333333333333,0
S509781M-6315333,473.74,1.875,0.0,0.0,1
S509537M-6306362,473.53,13.791666666666666,185.52999999999997,95.0,0
HFJ182822-557650,473.24,2.0833333333333335,0.0,0.0,1
S402971M-8122257,473.06,14.291666666666666,212.06,20.5,0
S508187M-8104532,472.31,0.0,0.0,0.0,1
S306719M-8108775,472.29,10.541666666666666,176.29000000000002,5.666666666666667,0
NH10717M-002049455,472.12,18.375,138.12,171.66666666666666,0
4100548M-002145524,471.9,13.458333333333334,211.89999999999998,111.66666666666667,0
S508967M-8123925,471.76,15.875,209.76,114.33333333333333,0
HFJ184539-611663,471.59,13.916666666666666,184.58999999999997,4.333333333333334,1
HFJ186220-666501,471.51,7.958333333333333,210.51,34.5,0
S204686M-8101705,471.51,2.4583333333333335,0.0,0.0,1
S306416M,471.05,0.5,0.0,0.0,1
H101294M-8123681,470.63,18.125,204.63,83.66666666666667,0
S509575M-6305188,470.49,13.791666666666666,420.49,5.5,0
4100393M-002055636,469.58,13.708333333333334,208.57999999999998,136.5,0
S402960M-8122285,469.54,12.625,194.54000000000002,70.16666666666667,0
S403058M-6316086,469.45,9.375,0.0,0.0,1
NKJ1107ECPKT06354-47-395189,469.27,11.833333333333334,0.0,0.0,1
5800783M,469.22,11.166666666666666,193.22000000000003,8.0,1
5800774M-727348228,469.1,3.6666666666666665,0.0,0.0,1
5800682M-728343642,468.67,10.166666666666666,168.67000000000002,0.0,1
S509206M-8129143,468.54,12.916666666666666,168.54000000000002,0.0,0
HFJ185588-642867,468.25,15.583333333333334,167.25,50.166666666666664,0
S509303M-8130014,467.65,13.416666666666666,207.64999999999998,76.66666666666667,0
5801826M-728436492,467.59,15.708333333333334,207.58999999999997,189.66666666666666,0
S509099M-8127457,467.4,15.625,194.39999999999998,64.5,0
NKJ0B80CTPKH33487-48-394089,466.95,39.5,197.95,40.166666666666664,0
S509343M-8131400,466.81,16.416666666666668,206.81,8.666666666666668,0
S509062M-8126619,466.75,15.333333333333334,416.75,1.3333333333333335,0
S306358M-8089739,466.47,6.583333333333333,206.47000000000003,13.333333333333334,1
S306554M-8105220,466.38,17.666666666666668,175.38,3.0,1
S509587M-6306547,466.19,16.416666666666668,205.19,9.5,0
HFJ183610-585510,465.59,10.5,205.58999999999997,13.333333333333334,1
S507866M-8093778,465.48,8.291666666666666,205.48000000000002,13.333333333333334,1
NH1675391-426253DT,465.09,17.916666666666668,0.0,0.0,1
NH10517M-001990251,464.61,10.125,204.61,35.666666666666664,0
JX1690876-441463DT,464.59,15.0,204.58999999999997,76.66666666666667,0
T051025M-715433690,464.5,13.958333333333334,204.5,7.666666666666667,0
S509281M-8129577,464.47,0.75,164.47000000000003,0.0,0
S402845M-8107881,463.62,4.833333333333333,160.62,1.0,1
NH10428M-001968216,463.57,10.541666666666666,184.57,7.000000000000001,1
NH10555M-001989167,463.19,12.166666666666666,414.19,2.0,1
HFJ185169-627348,463.11,11.541666666666666,282.11,133.83333333333334,0
5801432M-727381609,463.08,13.625,0.0,0.0,1
S508098M-8102701,463.03,0.0,0.0,0.0,1
ZNBE02232,462.99,16.375,0.0,0.0,1
S509373M-8131481,462.77,14.333333333333334,124.76999999999998,9.333333333333334,0
HFJ182816-557896,462.4,0.5,0.0,0.0,1
S509875M-6319592,462.12,13.916666666666666,0.0,0.0,1
NH1696514-447063DT,461.95,11.791666666666666,0.0,0.0,1
5801666M-728419814,461.78,17.791666666666668,185.77999999999997,126.0,0
S306763M-8109787,461.41,23.5,197.41000000000003,123.0,0
S306867M-8119192,461.25,13.333333333333334,201.25,6.666666666666667,0
S508322M-8101786,461.24,11.208333333333334,0.0,0.0,1
S509172M-8129063,461.18,10.75,201.18,10.666666666666668,0
S507586M,460.95,0.0,0.0,0.0,1
S509444M-8131393,460.7,16.666666666666668,200.7,20.666666666666668,0
S306640M-8106349,460.7,0.0,200.7,6.666666666666667,0
5801298M,460.61,11.125,183.61,7.666666666666666,1
JX1730013-481178DT,460.56,10.291666666666666,200.56,11.666666666666668,0
NH10957M-002135358,460.4,12.666666666666666,200.39999999999998,34.66666666666667,0
S507723M,460.06,10.5,199.06,13.0,1
NH8613473-370233DT,459.8,14.583333333333334,0.0,0.0,1
S507800M-8091942,459.7,7.708333333333333,199.7,13.333333333333334,1
S508570M-8108675,459.42,19.541666666666668,199.42000000000002,6.666666666666667,0
JX1682231-433165DT,459.26,12.208333333333334,0.0,0.0,1
S307086M-8131487,459.12,13.583333333333334,199.12,9.666666666666668,0
NH09983M-001932248,458.98,7.166666666666667,185.98000000000002,9.0,1
NH1705483-456304DT,458.96,17.333333333333332,0.0,0.0,1
4100354M-002035510,458.58,14.583333333333334,198.57999999999998,87.66666666666667,0
HFJ183984-595802,458.57,0.0,0.0,0.0,1
S204636M-8099639,458.08,11.958333333333334,198.07999999999998,13.333333333333334,1
5801744M-727430853,458.07,7.833333333333333,164.07,1.0,0
4100499M-002136023,457.74,3.7916666666666665,407.74,0.0,1
JXT1676482-427665DT,457.34,13.75,0.0,0.0,1
4100595M-002192873,457.09,23.25,0.0,0.0,1
S509981M-6321453,456.69,15.583333333333334,0.0,0.0,1
4100668M-002231846,456.67,16.666666666666668,0.0,0.0,1
S509634M-6307872,456.42,14.0,156.42000000000002,0.0,0
NH10194M-001961064,456.04,17.375,410.04,8.333333333333334,0
S307045M-8123228,455.77,4.791666666666667,0.0,0.0,1
S509371M-8131489,455.54,11.041666666666666,189.54000000000002,19.666666666666668,0
NKJ22CLRVPKA00892,455.03,1.6666666666666667,0.0,0.0,1
5801833M-727448706,454.93,11.666666666666666,194.93,25.666666666666668,0
4100217M-002033728,454.37,15.333333333333334,186.37,70.33333333333333,0
S306721M-8108773,454.34,14.625,190.33999999999997,12.0,0
NH11130M-002189284,453.91,19.375,0.0,0.0,1
S508935M-8122494,453.73,15.25,143.73000000000002,14.666666666666666,0
S507542M-8086277,453.72,6.791666666666667,0.0,0.0,1
NH09960M-001904505,453.6,7.291666666666667,193.60000000000002,13.333333333333334,1
ZPJF02508-002089507,453.2,9.333333333333334,0.0,0.0,1
S508927M-8122485,453.14,10.625,149.14,21.666666666666668,0
S402966M-8122480,453.07,14.166666666666666,145.07,3.3333333333333335,0
S509335M-8131377,452.8,12.0,161.8,21.5,0
JXT1643778-395401DT,452.52,2.0416666666666665,0.0,0.0,1
4100567M-002163638,452.5,15.916666666666666,181.5,6.833333333333333,0
HFJ184473-610395,452.4,11.208333333333334,402.4,6.666666666666667,0
S402982M-8127455,452.19,12.25,188.19,63.99999999999999,0
S509658M-6305087,451.91,15.458333333333334,0.0,0.0,1
5801351M-728361822,451.6,11.958333333333334,181.60000000000002,110.0,0
S306672M-8107278,451.1,12.541666666666666,187.10000000000002,12.0,1
NH10828M-002042416,450.98,13.291666666666666,189.98000000000002,83.5,0
JXT1633584-385119DT,450.75,20.708333333333332,0.0,0.0,1
S507843M,450.51,12.916666666666666,177.51,9.0,1
S508198M-8103380,450.44,0.0,0.0,0.0,1
S509161M-8127543,450.31,0.25,400.31,6.666666666666667,0
S509950M-6319760,450.19,9.083333333333334,0.0,0.0,1
5801444M-727381754,450.06,14.083333333333334,176.06,106.33333333333333,0
HFJ183414,449.57,7.333333333333333,188.57,13.0,1
HFJ183952-594136,449.39,0.0,0.0,0.0,1
HFJ183554-584603,449.39,8.5,129.39,6.666666666666667,1
HFJ185910-657457,448.56,14.541666666666666,188.56,75.66666666666667,0
S204772M-8119184,448.52,9.5,366.52,36.5,0
S402881M-8108264,448.32,13.416666666666666,150.32,51.333333333333336,0
4100503M-002048023,447.49,16.208333333333332,176.49,75.83333333333333,0
S509712M-6316035,447.47,9.083333333333334,0.0,0.0,1
NKJ0B80CKNKH30833-40-372941,446.23,3.0,0.0,0.0,1
JX1716023-467113DT,446.0,0.0,0.0,0.0,1
LSMF35BRAP0310075-233798,445.3,15.041666666666666,0.0,0.0,1
S508962M-8124204,444.9,12.333333333333334,178.89999999999998,79.66666666666667,0
S402944M-8123307,444.75,5.625,174.75,25.0,0
5801527M-728383435,444.52,15.5,182.51999999999998,30.333333333333336,0
S307049M-8123682,444.21,10.291666666666666,184.20999999999998,7.666666666666667,0
S509199M-8129684,444.13,14.75,171.13,25.5,0
S509167M-8129053,443.91,3.3333333333333335,163.91000000000003,3.3333333333333335,0
S306285M,443.7,12.583333333333334,159.7,5.333333333333334,1
S306771M-8114136,443.39,13.25,260.39,136.33333333333334,0
NH11125M-002190134,443.27,4.875,0.0,0.0,1
S508343M-8107482,443.15,3.75,0.0,0.0,1
NH09849M-001852979,443.02,5.5,182.01999999999998,13.0,1
4100584M-002193924,442.28,38.25,0.0,0.0,1
NH11083M-002176756,441.93,12.875,252.93,278.0,1
S508329M-8102003,441.7,0.0,0.0,0.0,1
S403054M-6315971,441.7,17.791666666666668,0.0,0.0,1
5801665M-727426028,441.31,14.916666666666666,171.31,8.0,0
HFJ185294-613716,441.31,13.458333333333334,176.31,24.833333333333332,0
NH1689547-439723DT,440.96,16.708333333333332,0.0,0.0,1
5801430M-727382376,440.94,14.333333333333334,175.94,8.833333333333332,0
S508717M-8114091,440.63,13.166666666666666,0.0,0.0,1
S403030M-6305003,440.28,15.541666666666666,165.27999999999997,6.166666666666666,0
S507435M,440.25,0.0,148.25,2.666666666666667,1
S509405M-8131475,439.82,14.0,161.82,4.666666666666666,0
5801635M-728420521,439.79,12.5,167.79000000000002,9.666666666666668,0
NH10519M-002018867,439.78,14.25,177.77999999999997,6.333333333333334,0
S403080M-6320626,439.64,21.583333333333332,0.0,0.0,1
S509490M-6302827,439.52,6.916666666666667,429.52,80.0,1
ZNAF50048,439.05,13.166666666666666,0.0,0.0,1
S306910M,439.01,10.0,138.01,54.166666666666664,0
5801832M-728437377,438.72,10.375,0.0,0.0,1
LSMF50BRCP0310161-RC230114,438.65,8.375,0.0,0.0,1
NH10848M-002086608,438.43,14.875,178.43,73.66666666666667,0
H101226M-8097576,437.93,9.458333333333334,161.93,8.0,1
HFJ184369-607243,437.76,12.0,42.75999999999999,31.666666666666664,1
NH1680701-431911DT,437.58,16.625,0.0,0.0,1
S307035M-8123659,437.55,14.375,388.55,7.0,0
S507568M-8089570,437.38,9.625,137.38,0.0,1
S306866M-8119190,437.28,16.333333333333332,175.27999999999997,36.333333333333336,0
5801455M-728351409,437.1,1.6666666666666667,68.10000000000002,23.0,1
S403020M-8131387,436.96,14.375,148.95999999999998,7.0,0
ZPJF02754-002112118,436.91,8.333333333333334,0.0,0.0,1
S509476M-6302696,436.84,17.125,176.83999999999997,56.666666666666664,0
4100189M-001945149,436.79,6.083333333333333,175.79000000000002,13.0,1
NH1670679-421638DT,436.74,12.041666666666666,0.0,0.0,1
H101312M-8124456,436.51,16.291666666666668,176.51,44.666666666666664,0
4100418M-002053771,435.82,10.333333333333334,412.82,33.666666666666664,0
S508763M-8120979,435.7,11.166666666666666,175.7,46.666666666666664,0
S508812M-8122191,435.52,11.625,175.51999999999998,33.666666666666664,0
4100613M-002219391,435.32,6.166666666666667,0.0,0.0,1
HFJ185923-657577,435.13,17.125,166.13,30.166666666666668,0
S509699M-6308768,434.69,10.333333333333334,0.0,0.0,1
NH10494M-001988668,434.37,14.458333333333334,174.37,17.666666666666668,0
NH1665577-416650DT,434.35,12.708333333333334,0.0,0.0,1
S306270M-8086845,434.11,12.875,173.11,13.0,1
HFJ185876-655738,434.07,11.958333333333334,174.07,9.666666666666668,0
HFJ183432-580185,433.96,1.875,0.0,0.0,1
HFJ183310-576456,433.84,9.208333333333334,170.83999999999997,12.333333333333334,1
S508372M-8107445,433.69,9.708333333333334,145.69,4.0,1
S508484M-8107455,433.2,13.083333333333334,153.2,12.333333333333334,0
HFJ186223-666965,433.09,11.708333333333334,396.09,19.666666666666668,0
S204712M-8107262,432.63,10.0,164.63,10.666666666666668,1
S508650M-8110895,432.28,10.291666666666666,161.27999999999997,108.83333333333333,0
5801901M-727473609,432.04,17.5,0.0,0.0,1
S507838M-8094822,431.96,4.583333333333333,137.95999999999998,2.0,1
T049958M-715348201,431.88,14.958333333333334,162.88,6.166666666666667,0
S508792M-8123513,431.66,13.625,142.66000000000003,20.833333333333332,0
NH10247M-001955550,431.56,11.458333333333334,169.56,12.666666666666668,1
S509707M-6308569,431.46,13.5,0.0,0.0,1
S508863M-8124061,430.9,11.041666666666666,170.89999999999998,18.666666666666668,0
HFJ183607-585251,430.63,8.5,0.0,0.0,1
HFJ185517-641886,430.42,14.416666666666666,167.42000000000002,15.166666666666668,0
S508688M-8113421,430.19,14.208333333333334,309.19,78.5,0
S307132M-6309870,429.92,6.75,0.0,0.0,1
ZPAF50083-621153,429.87,12.25,0.0,0.0,1
S307050M-6304389,429.67,12.583333333333334,169.67000000000002,12.666666666666668,0
S509550M-6308134,429.66,10.125,169.66000000000003,20.666666666666668,0
S204536M-8085643,429.43,0.625,169.43,13.333333333333334,1
NH1648424-399908DT,429.31,12.583333333333334,0.0,0.0,1
HFJ185277-631243,429.09,9.125,163.08999999999997,177.66666666666666,0
S508321M-8101783,428.89,5.541666666666667,89.88999999999999,13.0,1
5801658M-728419328,428.86,10.041666666666666,83.86000000000001,36.5,0
NH10164M-001928697,428.71,6.125,161.70999999999998,11.0,1
HFJ186081-664677,428.56,9.583333333333334,417.56,45.666666666666664,0
H000385M-8081189,427.87,7.041666666666667,167.87,13.333333333333334,1
S204808M-8123669,427.75,12.291666666666666,167.75,40.666666666666664,0
HFJ183632-586707,427.29,0.0,0.0,0.0,1
HFJ183603-585528,427.25,10.666666666666666,148.25,7.000000000000001,1
S509599M-6304822,427.03,15.791666666666666,167.02999999999997,11.666666666666668,0
S204548M-8085866,426.94,7.083333333333333,0.0,0.0,1
S508802M-8123304,426.85,12.25,117.85000000000002,3.0,1
NH10205M-001928711,426.66,11.166666666666666,141.66000000000003,15.5,0
S306926M-8119817,426.52,12.291666666666666,162.51999999999998,12.0,1
S403050M-6308567,426.48,17.583333333333332,0.0,0.0,1
S508224M-8104600,426.43,6.916666666666667,131.43,1.6666666666666667,1
ZNBE20753-002000377,425.6,9.083333333333334,0.0,0.0,1
S508527M-8108254,425.54,15.0,125.54000000000002,0.0,0
S307081M-6306361,425.49,13.708333333333334,165.49,30.666666666666668,0
S508339M,425.48,4.083333333333333,161.48000000000002,12.0,1
422NN9R34A10001-NH1675688,425.39,12.541666666666666,0.0,0.0,1
S306726M-8102105,425.08,14.708333333333334,155.07999999999998,7.0,0
S306603M-8106283,424.74,0.0,0.0,0.0,1
HFJ184472-610449,424.47,10.166666666666666,158.47000000000003,11.333333333333332,1
T051186M-715445601,424.37,9.416666666666666,164.37,27.666666666666668,0
S508622M-8112801,424.19,16.0,164.19,9.666666666666668,0
HFJ184725-615163,423.66,3.75,0.0,0.0,1
HFJ185272-631842,423.34,7.5,59.339999999999975,13.666666666666668,0
S509614M-6304681,423.33,11.583333333333334,0.0,0.0,1
HFJ183852-591091,422.92,12.083333333333334,162.92000000000002,13.333333333333334,1
S509334M-8130092,422.81,14.833333333333334,152.81,24.0,0
4100335M-002033719,422.72,11.291666666666666,157.72000000000003,10.833333333333332,0
4100194M-001931399,422.59,9.875,161.58999999999997,13.0,1
S509866M-6319663,422.54,10.083333333333334,0.0,0.0,1
S403042M-6304705,422.03,7.916666666666667,372.03,0.0,1
S508600M-8110578,422.0,15.875,122.0,0.0,0
NH8612955-370083DT,421.45,12.166666666666666,0.0,0.0,1
S509077M-8125859,421.31,14.541666666666666,161.31,60.666666666666664,0
S306222M,421.07,3.75,0.0,0.0,1
T049658M-715330245,420.75,6.5,160.75,13.333333333333334,1
S508222M-8104695,420.37,7.333333333333333,160.37,13.333333333333334,1
T050335M-715371723,420.21,8.083333333333334,160.20999999999998,13.333333333333334,1
HFJ182927-562655,420.09,9.166666666666666,146.08999999999997,8.666666666666668,1
S508994M-8124199,419.35,15.0,157.35000000000002,11.333333333333334,0
S509687M-6304821,419.34,15.916666666666666,0.0,0.0,1
S508215M-8105092,419.25,10.041666666666666,114.25,1.6666666666666667,1
S509771M-6315316,419.18,4.708333333333333,0.0,0.0,1
5801468M-727385486,419.14,12.75,156.14,18.166666666666668,0
S509889M-6321687,418.83,27.083333333333332,0.0,0.0,1
S507609M,418.78,6.208333333333333,149.77999999999997,10.333333333333334,1
HFJ186128-665671,418.71,14.166666666666666,158.70999999999998,8.666666666666668,0
S204777M-8117789,418.65,11.708333333333334,157.64999999999998,13.0,1
S307179M-6317180,418.09,12.333333333333334,0.0,0.0,1
S509795M-6318055,418.04,2.375,0.0,0.0,1
NH1671744-422629DT,417.74,14.625,0.0,0.0,1
S306921M,417.71,15.25,129.70999999999998,16.0,0
HFJ184476-610418,417.63,11.083333333333334,136.63,32.166666666666664,0
S508051M-8099745,417.58,9.125,155.57999999999998,12.666666666666668,1
S403037M-6304923,416.92,13.0,0.0,0.0,1
S509605M-6304526,416.87,11.833333333333334,0.0,0.0,1
S507419M-8084301,416.66,12.125,0.0,0.0,1
S509679M-6304629,416.2,13.125,0.0,0.0,1
S509029M-8125816,416.06,13.416666666666666,125.06,36.5,0
S306895M-8117793,416.0,12.416666666666666,156.0,12.666666666666668,0
HFJ186316-670551,415.65,7.875,0.0,0.0,1
4100605M-002164385,415.53,5.791666666666667,0.0,0.0,1
HFJ183547-584155,415.28,7.916666666666667,155.27999999999997,13.333333333333334,1
S204719M-8108687,415.24,13.5,352.24,19.666666666666668,0
S509129M-8126644,415.14,14.416666666666666,76.13999999999999,9.5,0
NH09837M-001881990,414.96,5.833333333333333,146.95999999999998,10.666666666666668,1
S509233M-8130104,414.94,12.666666666666666,153.94,133.5,0
HFJ186007-659524,414.74,7.375,152.74,9.333333333333334,0
S306636M,414.39,0.0,0.0,0.0,1
HFJ186182-666598,414.39,11.458333333333334,117.38999999999999,12.5,0
NH11059M-002145493,414.1,11.541666666666666,154.10000000000002,7.666666666666667,0
S509071M-8125817,413.98,15.833333333333334,121.98000000000002,16.333333333333332,0
5800818M-727347597,413.52,0.0,0.0,0.0,1
NH11060M-002145494,413.28,16.0,153.27999999999997,6.666666666666667,0
S204800M-8122385,412.93,11.333333333333334,126.93,23.333333333333332,0
NH11061M-002148974,412.91,18.583333333333332,152.91000000000003,6.666666666666667,0
5801474M-727387362,412.57,13.541666666666666,123.57,32.833333333333336,0
S306401M-8093469,412.45,0.0,0.0,0.0,1
S307135M-6309775,412.21,4.458333333333333,0.0,0.0,1
S403026M-6302374,411.94,13.75,361.94,3.5000000000000004,0
S507975M-8097229,411.71,50.458333333333336,114.70999999999998,7.500000000000001,0
S306548M-8105215,411.68,3.8333333333333335,140.68,9.666666666666666,1
S509881M-6319740,411.3,7.916666666666667,0.0,0.0,1
S306835M-8114341,411.24,14.708333333333334,137.24,99.33333333333333,0
5800396M,411.1,7.291666666666667,87.10000000000002,8.0,1
S509567M-6308239,410.99,15.708333333333334,150.99,12.666666666666668,0
NKJ0B80CAPKH33515-48-395525,410.64,8.291666666666666,139.64,131.83333333333334,0
NH11126M-002186296,410.11,14.666666666666666,0.0,0.0,1
NH10858M-002085064,410.1,11.625,149.10000000000002,48.5,0
5801623M-727428197,409.94,14.166666666666666,149.94,9.666666666666668,0
4100475M-002092930,409.71,0.041666666666666664,0.0,0.0,1
NH1697679-447945DT,409.69,11.583333333333334,0.0,0.0,1
HFJ186317-670921,409.59,6.75,0.0,0.0,1
S306824M-8114354,409.12,11.166666666666666,149.12,19.666666666666668,0
HFJ183047-566863,408.87,2.6666666666666665,0.0,0.0,1
S509935M-6320057,408.63,0.4166666666666667,0.0,0.0,1
S306733M-8108696,408.07,15.541666666666666,147.07,9.5,0
HFJ185576-643745,407.4,16.916666666666668,115.39999999999998,133.33333333333334,0
S509794M-6318057,407.19,8.25,0.0,0.0,1
NH1658768-409933DT,406.66,12.083333333333334,0.0,0.0,1
5801491M-728366894,406.65,1.4166666666666667,75.64999999999998,155.16666666666666,0
NKJ575SVHRKH40698,405.25,0.25,0.0,0.0,1
S306357M,405.18,0.0,12.180000000000007,31.0,1
S509688M-6304659,404.29,0.625,0.0,0.0,1
5801041M-728352218,404.05,9.875,104.05000000000001,0.0,1
5801189M-727349835,403.64,0.0,0.0,0.0,1
S508263M-8102816,403.44,0.4583333333333333,0.0,0.0,1
LSMF50BRAP0310221-RC230184,403.41,13.583333333333334,0.0,0.0,1
HFJ185177-629859,403.37,11.875,96.37,108.16666666666667,0
S509767M-6315574,403.22,8.166666666666666,143.22000000000003,16.666666666666668,0
T050395M-715376542,403.12,12.041666666666666,123.12,6.666666666666667,1
NH10432M-001933039,403.06,13.625,126.06,3.833333333333333,0
T050746M-715410636,402.75,12.083333333333334,142.75,10.666666666666668,0
4100552M-002145525,402.66,12.916666666666666,133.66000000000003,9.166666666666668,0
4100334M-002033729,402.45,16.666666666666668,142.45,9.666666666666668,0
JJGN58NRTRC787502,402.38,12.75,0.0,0.0,1
S508539M-8110419,401.96,3.3333333333333335,0.0,0.0,1
YJG678256,401.0,2.7083333333333335,0.0,0.0,1
S306426M,400.41,8.208333333333334,130.41000000000003,10.0,1
S509691M-6304658,400.21,12.666666666666666,0.0,0.0,1
NKJ575SVCRKH41126,400.03,16.916666666666668,0.0,0.0,1
HFJ186255-668751,399.81,6.25,139.81,16.666666666666668,0
S509209M-8128256,399.8,12.166666666666666,99.80000000000001,0.0,0
S204643M-8101303,399.63,7.541666666666667,139.63,13.333333333333334,1
S509255M-8130030,399.52,13.041666666666666,131.51999999999998,5.333333333333334,0
LSM0W40RVP0310831-GB230207,399.41,12.166666666666666,0.0,0.0,1
S306425M-8094674,399.09,9.625,137.08999999999997,12.666666666666668,1
S508957M-8125815,398.97,9.708333333333334,116.97000000000003,17.0,0
S508822M-8122176,398.72,13.916666666666666,102.72000000000003,4.666666666666667,0
5800462M,398.53,0.25,0.0,0.0,1
5801615M-727415511,398.45,12.666666666666666,138.45,23.666666666666668,0
S509478M-6302800,398.25,15.541666666666666,138.25,29.666666666666668,0
S509750M-6315813,397.89,4.333333333333333,0.0,0.0,1
4100420M-002050017,397.82,10.583333333333334,137.82,22.666666666666668,0
S306657M-8106284,397.79,3.3333333333333335,118.79000000000002,7.000000000000001,1
S306565M-8102823,397.24,5.666666666666667,136.24,13.0,1
S509451M-8130652,397.19,9.0,137.19,17.666666666666668,0
S509629M-6307899,397.16,13.583333333333334,0.0,0.0,1
NKJ0B80CKNKH31710-48-382553,396.82,12.125,172.82,178.33333333333334,0
HFJ185690-645734,396.65,12.708333333333334,87.64999999999998,1.5,0
S307143M-6310342,396.4,6.5,0.0,0.0,1
HFJ184564-607251,396.1,5.416666666666667,107.10000000000002,117.83333333333331,0
5801904M-727475794,396.0,24.0,0.0,0.0,1
S508497M-8107527,395.78,0.0,95.77999999999997,0.0,1
S509422M-8131693,395.65,12.541666666666666,114.64999999999998,36.166666666666664,0
5801803M-727444079,395.46,13.833333333333334,0.0,0.0,1
S508781M-8121273,395.37,12.375,123.37,76.66666666666667,0
S509676M-6304780,394.97,12.416666666666666,94.97000000000003,5.0,0
S508359M-8107450,394.89,9.208333333333334,81.88999999999999,4.333333333333334,1
S402815M-8103357,394.7,11.916666666666666,170.7,180.5,0
NH09732M-001869385,394.52,0.0,0.0,0.0,1
NKJ575SVERKH40704,394.5,2.375,0.0,0.0,1
S509458M-6302457,394.42,13.333333333333334,85.42000000000002,10.5,0
S509051M-8126645,394.26,17.666666666666668,92.25999999999999,0.33333333333333337,0
S402780M-8099729,393.51,7.458333333333333,107.50999999999999,4.666666666666667,1
NH1456501,393.48,9.916666666666666,0.0,0.0,1
NH10830M,393.47,13.375,341.47,3.3333333333333335,0
HFJ186029-661888,393.45,5.125,31.44999999999999,10.333333333333334,0
S509600M-6304443,393.12,10.333333333333334,133.12,32.666666666666664,0
S509487M-6302755,392.74,12.0,132.74,41.666666666666664,0
5801440M-727385484,392.69,11.583333333333334,132.69,16.666666666666668,0
4100667M-002224803,392.5,1.625,0.0,0.0,1
S509738M-6315653,392.41,7.416666666666667,0.0,0.0,1
S307141M-6310240,392.28,2.7083333333333335,0.0,0.0,1
S306299M-8088636,391.8,9.333333333333334,131.8,13.333333333333334,1
HCCZ3803ARCG78932-8134755,391.67,4.583333333333333,0.0,0.0,1
HFJ186104-658938,391.53,12.958333333333334,103.52999999999997,2.0,0
S509737M-6315611,391.46,20.208333333333332,0.0,0.0,1
5800827M-727353659,391.18,0.0,29.180000000000007,39.666666666666664,1
S508726M-8117875,390.91,8.375,49.910000000000025,13.666666666666666,1
4100427M-002054262,390.39,8.916666666666666,130.39,30.666666666666668,0
HFJ185366-635346,390.17,12.333333333333334,90.17000000000002,24.0,0
NH10777M-002047158,389.91,8.75,116.91000000000003,29.5,0
HFJ185770-646402,389.81,12.333333333333334,126.81,61.16666666666667,0
5801562M-727392544,389.04,13.458333333333334,124.04000000000002,32.833333333333336,0
S507823M-8093793,388.89,6.375,77.88999999999999,3.6666666666666665,1
HFJ186116-665488,388.72,10.625,128.72000000000003,33.666666666666664,0
HFJ185980-659202,388.7,9.875,0.0,0.0,1
S402726M-8093911,388.69,10.5,118.69,10.0,1
5801822M-727449244,388.55,10.791666666666666,128.55,31.666666666666668,0
H101277M-8109791,388.43,14.458333333333334,128.43,22.666666666666668,0
S402635M-8084275,388.41,2.6666666666666665,0.0,0.0,1
HFJ186138-664956,388.4,9.625,128.39999999999998,46.666666666666664,0
HFJ185911-657640,388.38,12.416666666666666,128.38,6.666666666666667,0
5801807M-727444737,388.31,32.791666666666664,0.0,0.0,1
4100557M-002156989,387.85,8.375,127.85000000000002,40.666666666666664,0
S509705M-6308739,387.45,7.416666666666667,0.0,0.0,1
5801769M-727439432,387.03,12.958333333333334,127.02999999999997,6.666666666666667,0
HFJ182777-555948,387.02,6.916666666666667,115.01999999999998,9.333333333333334,1
5801051M-727361991,386.85,6.375,119.85000000000002,11.0,1
S508976M-8123935,386.84,15.541666666666666,126.83999999999997,11.666666666666668,0
S508470M-8107865,386.42,12.958333333333334,0.0,0.0,1
NKJ0B80CJPKH33493-40-394882,386.4,2.3333333333333335,211.39999999999998,250.0,1
S509766M-6315576,386.39,8.625,0.0,0.0,1
NH10751M-002048485,386.35,17.875,93.35000000000002,29.16666666666667,0
S507867M-8093783,385.95,5.875,92.94999999999999,2.3333333333333335,1
5800482M-7273329954,385.76,9.583333333333334,121.75999999999999,12.0,1
NH09927M-001905834,385.15,6.083333333333333,123.14999999999998,12.666666666666668,1
NH09770M-001861238,384.97,6.458333333333333,0.0,0.0,1
4100265M-002044403,384.89,12.708333333333334,104.88999999999999,32.33333333333333,0
S507748M-8088728,384.79,7.833333333333333,0.0,0.0,1
S508829M-8122221,384.69,11.958333333333334,124.69,155.66666666666666,0
ZNAB50147,384.45,0.0,0.0,0.0,1
S402962M-8122280,384.43,13.125,119.43,5.833333333333333,0
5801592M-727415973,384.21,12.416666666666666,124.20999999999998,6.666666666666667,0
S509673M-6304558,384.2,8.083333333333334,0.0,0.0,1
NH10289M-001905424,383.9,12.458333333333334,123.89999999999998,9.666666666666668,0
S307019M-8122563,383.41,12.416666666666666,333.41,0.0,0
5801877M-728436497,383.28,11.375,123.27999999999997,6.666666666666667,0
NH7585378,382.76,8.916666666666666,0.0,0.0,1
S509757M-6316181,382.13,7.791666666666667,0.0,0.0,1
S509131M-8127565,382.05,11.375,104.05000000000001,70.66666666666667,0
4100195M-001925166,381.98,8.791666666666666,113.98000000000002,10.666666666666668,1
S508538M-8110414,381.92,7.0,120.92000000000002,74.5,0
S509148M-8126651,381.74,13.125,92.74000000000001,32.833333333333336,0
S508437M-8108177,381.65,9.583333333333334,109.64999999999998,9.333333333333334,1
5801745M-728437374,381.41,12.333333333333334,75.41000000000003,7.0,0
NH1695898-446141DT,381.1,10.208333333333334,0.0,0.0,1
HFJ186018-661500,380.83,13.458333333333334,0.0,0.0,1
S509386M-8131698,380.59,10.125,120.58999999999997,45.666666666666664,0
S509708M-6308664,380.56,9.375,0.0,0.0,1
5801873M-727453248,380.53,7.625,0.0,0.0,1
NH10354M-001905406,380.38,12.666666666666666,117.38,8.166666666666668,0
S306544M-8101710,380.33,9.208333333333334,117.32999999999998,12.333333333333334,1
S509764M-6315728,380.03,7.666666666666667,0.0,0.0,1
HFJ182835,379.68,9.458333333333334,329.68,6.333333333333334,0
4100545M-002049329,379.42,8.833333333333334,369.42,46.666666666666664,0
HFJ186102-665159,378.73,29.791666666666668,112.73000000000002,7.666666666666666,0
H101296M-8122388,378.51,4.0,78.50999999999999,0.0,0
5801037M,378.11,4.458333333333333,100.11000000000001,7.333333333333333,1
4100122M-001894419,378.01,7.083333333333333,118.00999999999999,13.333333333333334,1
4100448M-002053736,377.89,9.0,117.88999999999999,6.666666666666667,0
NH11163M-002205017,377.66,20.75,0.0,0.0,1
NH10954M-002135347,377.64,11.833333333333334,292.64,70.0,1
S306766M-8114123,377.59,10.291666666666666,323.59,9.833333333333332,0
S204823M-6304248,377.57,7.666666666666667,117.57,25.666666666666668,0
HFJ184491-610245,377.51,6.083333333333333,117.50999999999999,13.333333333333334,1
S402658M-8085979,377.44,4.375,0.0,0.0,1
5801301M-728351895,377.43,5.875,90.43,171.16666666666666,0
5801250M-727390773,377.18,7.083333333333333,70.18,2.3333333333333335,1
NH10890M-002111694,376.77,11.25,116.76999999999998,6.666666666666667,0
S204604M-8095799,376.64,3.0,91.63999999999999,5.0,1
S508505M-8108265,376.45,7.041666666666667,93.44999999999999,69.83333333333333,0
S509741M-6316088,376.34,10.916666666666666,0.0,0.0,1
LSM0B25RKP0310428-310482,376.32,10.416666666666666,102.32,39.333333333333336,0
H101303M-8122574,375.98,7.791666666666667,110.98000000000002,209.83333333333334,0
HFJ182896-560906,375.93,5.75,97.93,7.333333333333333,1
S204589M-8088377,375.92,8.208333333333334,113.92000000000002,12.666666666666668,1
5801814M-727450082,375.62,8.708333333333334,0.0,0.0,1
HFJ185601-644200,375.59,6.125,365.59,80.0,1
S306848M-8119217,374.88,10.166666666666666,113.88,71.5,0
NH10797M-002073813,374.73,0.041666666666666664,114.73000000000002,6.666666666666667,0
HFJ186124-650935,374.46,7.0,114.45999999999998,43.666666666666664,0
S204588M-8088371,374.46,7.666666666666667,105.45999999999998,10.333333333333334,1
5801767M-727439514,374.29,5.0,50.29000000000002,77.0,0
S402940M-8117908,373.89,11.75,110.88999999999999,12.166666666666668,0
S509374M-8131499,373.83,11.083333333333334,113.82999999999998,7.666666666666667,0
HFJ183836-586513,373.6,2.5833333333333335,78.60000000000002,1.6666666666666667,1
S507827M-8094665,373.58,3.0,112.57999999999998,13.0,1
ZNJF01496,373.16,8.666666666666666,0.0,0.0,1
ZPAB50057-612097,373.01,11.708333333333334,0.0,0.0,1
NH10345M-001965131,373.01,7.25,110.00999999999999,12.333333333333334,1
NH10537M,372.87,3.5416666666666665,106.87,190.66666666666666,0
4100640M-002221175,372.82,17.125,0.0,0.0,1
NH10551M,372.77,16.208333333333332,104.76999999999998,5.333333333333334,0
S402867M-8107859,372.64,9.875,91.63999999999999,5.166666666666667,0
NH10585M-001989168,372.5,16.166666666666668,102.5,10.0,1
NH1685813-436654DT,372.08,8.833333333333334,0.0,0.0,1
S509571M-6306550,371.89,14.5,321.89,4.666666666666667,0
S509407M-8131483,371.7,0.125,110.69999999999999,6.5,0
S508526M,371.62,1.25,0.0,0.0,1
HFJ186078-664761,371.37,9.291666666666666,111.37,38.666666666666664,0
ZEJL13348,371.14,4.875,0.0,0.0,1
S306797M-8116185,370.99,11.041666666666666,108.99000000000001,101.33333333333333,0
S204824M-6304215,370.93,7.416666666666667,106.93,23.0,0
NKJ0B80CLRKH40677-48-427132,370.65,4.458333333333333,0.0,0.0,1
ZPAB50093-614965,370.52,7.875,0.0,0.0,1
5801317M-728361829,370.52,12.5,31.519999999999982,9.5,0
NH10417M-001968215,370.31,14.583333333333334,78.31,16.333333333333332,0
HFJ183962-595192,369.74,0.0,0.0,0.0,1
S509689M-6304683,369.62,6.875,0.0,0.0,1
HFJ186275-669482,369.26,12.958333333333334,109.25999999999999,18.666666666666668,0
S508758M-8120990,369.23,11.25,109.23000000000002,7.666666666666667,0
5801915M-727473466,369.19,16.958333333333332,0.0,0.0,1
5801054M-728354587,369.0,1.0833333333333333,92.0,7.666666666666666,1
S403074M-6318160,368.76,53.5,0.0,0.0,1
5801984M-727476484,368.59,4.0,104.58999999999997,46.0,0
S509893M-6317807,368.44,15.916666666666666,0.0,0.0,1
NKJ1107EPNKT05852-747-364175,368.36,9.916666666666666,0.0,0.0,1
S507441M-8084298,368.31,12.0,0.0,0.0,1
HFJ184619-613989,368.31,9.916666666666666,101.31,185.5,0
S306864M-8119214,368.28,12.083333333333334,98.27999999999997,6.0,0
S509598M-6304783,368.11,6.25,0.0,0.0,1
S508196M-8104531,367.71,6.875,105.70999999999998,12.666666666666668,1
HFJ183311-576400,367.3,2.7916666666666665,183.3,38.666666666666664,1
5801024M-727362163,367.16,12.375,81.16000000000003,5.333333333333334,0
S306653M-8106007,366.43,3.3333333333333335,77.43,3.6666666666666665,1
S509155M-8127469,366.23,11.0,72.23000000000002,22.0,0
S403062M-6315416,365.85,8.666666666666666,0.0,0.0,1
HFJ183478-582949,365.71,3.2083333333333335,105.70999999999998,13.333333333333334,1
NH11034M-002134684,365.61,5.125,92.61000000000001,4.5,0
4100609M-002170244,365.35,4.916666666666667,0.0,0.0,1
NH1699012-449892DT,365.16,1.4166666666666667,0.0,0.0,1
PEND-865640063432246,364.57,12.291666666666666,0.0,0.0,1
HFJ185523-640441,364.52,10.25,104.51999999999998,11.666666666666668,0
S204864M-6318407,364.47,62.666666666666664,0.0,0.0,1
NH09876M-001893087,364.24,1.25,72.24000000000001,2.666666666666667,1
NH1671767-422631DT,364.21,11.583333333333334,353.21,0.0,1
S508682M-8113324,364.14,12.666666666666666,104.13999999999999,22.666666666666668,0
S509491M-6302826,364.13,10.666666666666666,104.13,27.666666666666668,0
5801516M-727390777,363.97,11.791666666666666,213.97000000000003,102.33333333333333,0
NH1648479-399902DT,363.63,12.041666666666666,0.0,0.0,1
S306546M-8101692,363.5,13.291666666666666,63.5,0.0,0
5801545M-728420523,363.02,13.5,102.01999999999998,9.5,0
NH1659052-410250DT,362.56,9.125,0.0,0.0,1
S306773M-8113998,362.32,11.916666666666666,102.32,11.666666666666668,0
4100350M-002034660,362.25,9.0,102.25,69.66666666666667,0
5801957M-727473124,362.23,6.875,0.0,0.0,1
S509445M-8131382,362.21,11.625,316.21,10.5,0
HFJ186231-667903,362.12,10.208333333333334,102.12,22.666666666666668,0
HFJ183157-573256,361.83,5.291666666666667,0.0,0.0,1
NH10208M-001944697,361.74,6.125,76.74000000000001,5.0,1
S306315M,361.59,6.041666666666667,101.58999999999997,13.333333333333334,1
JX1721894-472911DT,361.49,5.208333333333333,271.49,46.666666666666664,0
NH09909M-001904507,361.42,6.291666666666667,0.0,0.0,1
T050374M-715371902,361.27,4.458333333333333,0.0,0.0,1
HFJ186311-670510,361.12,7.166666666666667,0.0,0.0,1
S306815M-8116088,361.06,11.833333333333334,95.06,71.66666666666667,0
S306822M-8116073,360.91,8.416666666666666,98.91000000000003,43.333333333333336,0
S509511M-6308298,360.78,7.458333333333333,334.78,48.0,1
H101287M-8114122,360.67,10.0,98.67000000000002,6.333333333333334,0
4100534M-002149185,360.63,10.791666666666666,0.0,0.0,1
4100479M-002105899,360.37,8.541666666666666,88.37,12.666666666666668,0
S306974M-8123835,359.96,9.166666666666666,95.95999999999998,9.0,0
S509828M-6318385,359.88,10.0,0.0,0.0,1
S508436M-8107884,359.59,0.2916666666666667,0.0,0.0,1
S306907M-8122391,359.29,9.5,90.29000000000002,60.16666666666667,0
NH11137M-002196269,359.06,9.5,0.0,0.0,1
4100149M-001963537,358.51,9.041666666666666,78.50999999999999,16.333333333333332,0
HFJ182751-555247,357.87,8.666666666666666,97.87,13.333333333333334,1
4100590M-002149876,357.14,10.375,0.0,0.0,1
S307001M-8122381,357.09,10.916666666666666,95.08999999999997,20.333333333333336,0
S509574M-6306460,357.0,6.166666666666667,0.0,0.0,1
S507653M,356.47,2.0833333333333335,66.47000000000003,3.3333333333333335,1
S508835M-8122274,356.26,8.5,309.26,9.5,0
S204834M-6304584,355.43,11.458333333333334,92.43,20.166666666666668,0
HFJ186222-666642,355.43,9.875,297.43,14.666666666666668,0
S509672M-6304555,354.92,10.583333333333334,0.0,0.0,1
HFJ185346-634494,354.47,12.875,89.47000000000003,125.83333333333333,0
S508821M-8122199,354.42,12.291666666666666,94.42000000000002,43.666666666666664,0
5801500M-727390693,354.31,8.791666666666666,200.31,109.83333333333333,0
S509560M-6308468,353.96,11.0,53.95999999999998,4.444444444444445,0
HFJ183719,353.3,8.708333333333334,91.30000000000001,12.666666666666668,1
5801342M-727370816,353.15,11.25,103.14999999999998,206.5,0
4100515M-002055637,352.98,12.875,92.98000000000002,8.666666666666668,0
S403071M-6318056,352.88,34.541666666666664,0.0,0.0,1
5802005M-727480558,352.83,2.4166666666666665,0.0,0.0,1
S509589M-6306531,352.45,10.0,92.44999999999999,42.666666666666664,0
T051403M-715476118,352.31,13.583333333333334,0.0,0.0,1
5801596M-727415602,352.18,8.916666666666666,92.18,22.666666666666668,0
5801836M-727448387,351.74,10.291666666666666,0.0,0.0,1
HFJ186025-661823,351.68,10.25,91.68,37.666666666666664,0
NH1702202-453069DT,351.29,11.5,0.0,0.0,1
NH1699066-449887DT,351.09,9.875,0.0,0.0,1
S307060M-8130278,350.33,8.541666666666666,90.32999999999998,6.666666666666667,0
NH1685735-436646DT,350.07,10.125,0.0,0.0,1
S508867M-8124543,349.94,13.625,27.939999999999998,61.66666666666666,0
4100528M-002106210,349.68,9.583333333333334,89.68,9.666666666666668,0
NH1695383-445937DT,349.46,11.625,0.0,0.0,1
NH10839M-002076385,349.4,8.541666666666666,273.4,32.666666666666664,0
S509640M-6307842,349.26,10.833333333333334,0.0,0.0,1
S204791M-8118083,349.04,9.958333333333334,76.04000000000002,12.5,0
S509259M-8130111,348.97,8.041666666666666,88.97000000000003,9.666666666666668,0
HFJ184466-604576,348.95,5.541666666666667,0.0,0.0,1
S306459M-8097551,348.77,8.541666666666666,88.76999999999998,19.666666666666668,0
S204796M-8117607,348.62,12.208333333333334,87.62,10.5,0
S507545M-8087463,348.51,8.083333333333334,88.50999999999999,13.333333333333334,1
5801810M-727444738,348.28,8.208333333333334,0.0,0.0,1
S509637M-6306652,347.94,8.625,0.0,0.0,1
S508240M-8103375,347.94,9.916666666666666,87.94,8.666666666666668,0
S509965M-6319955,347.83,19.25,0.0,0.0,1
4100337M-001963912,347.79,7.458333333333333,86.79000000000002,69.5,0
HFJ185509-638672,347.42,3.375,87.42000000000002,64.66666666666666,0
S307098M-6308602,347.41,10.083333333333334,0.0,0.0,1
HFJ185076-626392,347.23,0.7083333333333334,49.23000000000002,0.6666666666666667,1
NH10266M-001900717,346.98,10.875,83.98000000000002,14.166666666666668,0
S306872M-8119213,346.92,11.416666666666666,71.92000000000002,77.16666666666667,0
S306979M-8123750,346.87,12.791666666666666,86.87,6.666666666666667,0
S509530M-6306450,346.62,12.666666666666666,86.62,8.666666666666668,0
NH09923M-001905757,346.44,8.833333333333334,86.44,45.666666666666664,0
S509883M-6320417,346.25,17.666666666666668,0.0,0.0,1
ZPBG00628,346.2,26.25,0.0,0.0,1
S508749M-8120663,346.01,12.5,41.00999999999999,52.833333333333336,0
NH1664364-415663DT,345.74,11.875,0.0,0.0,1
5801756M-727439512,345.65,8.958333333333334,85.64999999999998,8.666666666666668,0
4100358M-002034696,345.28,10.166666666666666,85.27999999999997,10.666666666666668,0
S306557M-8105235,345.26,0.0,0.0,0.0,1
5801798M-727443512,345.04,12.708333333333334,85.04000000000002,18.666666666666668,0
S509434M-8133111,344.65,12.875,44.64999999999998,0.0,0
S403059M-6315729,344.59,10.208333333333334,0.0,0.0,1
S509540M-6306428,344.36,9.791666666666666,84.36000000000001,6.666666666666667,0
HFJ184533-610069,344.31,9.75,84.31,7.666666666666667,0
T051272M-715471417,344.21,25.916666666666668,0.0,0.0,1
5801818M-728437375,344.16,9.083333333333334,0.0,0.0,1
NH10167M-001928714,344.05,7.875,84.05000000000001,13.333333333333334,1
S508101M-8105337,343.97,4.958333333333333,78.97000000000003,11.666666666666666,1
5801150M-728359318,343.58,7.416666666666667,43.579999999999984,0.0,1
S306637M-8106291,343.23,6.666666666666667,81.23000000000002,12.666666666666668,1
NH10209M-001956122,342.75,3.3333333333333335,32.75,3.3333333333333335,1
S507539M,342.7,4.75,80.69999999999999,12.666666666666668,1
NKJ0B80CKNKH32744-48-390551,342.63,10.291666666666666,102.63,196.33333333333334,0
S509892M-6317801,342.51,29.083333333333332,0.0,0.0,1
S509457M-6302506,342.49,12.0,82.49000000000001,12.666666666666668,0
S306950M-8121997,342.39,2.2083333333333335,16.389999999999986,42.333333333333336,0
HFJ185438-636756,342.35,9.125,82.35000000000002,23.666666666666668,0
S509739M-6315970,342.18,1.8333333333333333,0.0,0.0,1
S509152M-8127623,342.14,9.541666666666666,284.14,14.666666666666668,0
S509625M-6304296,342.12,9.833333333333334,0.0,0.0,1
HFJ185904-656741,342.12,12.916666666666666,64.12,16.666666666666668,0
NH11159M-002153010,342.09,17.125,0.0,0.0,1
S509701M-6308568,342.06,8.833333333333334,0.0,0.0,1
S509427M-8133117,341.78,11.875,81.77999999999997,17.666666666666668,0
H101281M-8109799,341.68,10.166666666666666,74.68,6.5,0
5800863M,341.39,4.25,81.38999999999999,13.333333333333334,1
JXT1676151-427120DT,341.39,7.875,0.0,0.0,1
5801729M-728436791,341.36,10.208333333333334,81.36000000000001,9.666666666666668,0
S509840M-6318197,340.89,23.083333333333332,0.0,0.0,1
NH10712M-002047866,340.84,10.75,80.83999999999997,49.666666666666664,0
5801880M-728437378,340.59,2.2083333333333335,0.0,0.0,1
HFJ185900-656772,340.37,8.791666666666666,80.37,31.666666666666668,0
S307076M-6304275,340.34,8.583333333333334,80.33999999999997,22.666666666666668,0
NKJ575SVTPKH34319-40-399386,340.07,8.333333333333334,0.0,0.0,1
NH10942M-002053947,340.06,9.875,80.06,15.666666666666668,0
S306871M-8119191,339.8,11.041666666666666,76.80000000000001,12.166666666666668,0
5801330M-727366677,339.38,13.541666666666666,67.38,4.666666666666667,0
5801829M-727449980,339.2,9.875,0.0,0.0,1
S509710M-6308834,338.76,10.583333333333334,0.0,0.0,1
HFJ182795-556215,337.99,5.833333333333333,77.99000000000001,13.333333333333334,1
S509379M-8131386,337.98,10.583333333333334,77.98000000000002,10.666666666666668,0
S204731M-8113310,337.9,0.0,0.0,0.0,1
5801105M-728374723,337.73,5.583333333333333,7.730000000000018,10.0,1
S509722M-6315612,337.39,18.625,0.0,0.0,1
S402948M-8122263,337.15,10.708333333333334,77.14999999999998,6.666666666666667,0
S508742M-8117895,336.88,11.583333333333334,76.88,40.666666666666664,0
NH7618137-374256DX,336.34,9.416666666666666,0.0,0.0,1
S403029M-6305005,336.08,12.25,76.07999999999998,8.666666666666668,0
S508182M-8104599,336.01,13.875,76.00999999999999,7.666666666666667,0
HFJ185992-658621,335.92,8.0,0.0,0.0,1
NH10172M-001956067,335.88,3.25,75.88,13.333333333333334,1
S307069M-6304390,335.42,9.708333333333334,75.42000000000002,6.666666666666667,0
S509502M-6298476,335.38,10.083333333333334,75.38,16.666666666666668,0
HFJ185373-632402,335.28,8.208333333333334,74.27999999999997,6.5,0
S509082M-8125857,335.19,0.9583333333333334,62.19,82.5,0
5801905M-727473615,334.91,0.0,0.0,0.0,1
HFJ186152-666000,334.59,10.416666666666666,66.58999999999997,33.333333333333336,0
5801955M-727473611,334.57,6.833333333333333,0.0,0.0,1
S307118M-6307836,334.07,6.458333333333333,0.0,0.0,1
5801859M-427453081,333.61,8.5,0.0,0.0,1
S508640M-8110893,333.6,8.708333333333334,56.60000000000002,8.833333333333332,0
S509184M-8129050,332.3,11.708333333333334,271.3,17.666666666666668,0
5801815M-727449983,332.11,14.375,0.0,0.0,1
HFJ186028-661977,332.03,8.583333333333334,68.02999999999997,16.0,0
S508459M-8107486,331.66,9.5,51.660000000000025,3.3333333333333335,0
S509744M-6316044,331.49,12.375,71.49000000000001,8.666666666666668,0
S508669M-8110574,330.84,10.541666666666666,59.839999999999975,18.833333333333336,0
B5N111299,330.76,38.416666666666664,0.0,0.0,1
S306995M-8122398,330.63,11.666666666666666,63.629999999999995,6.5,0
5801655M-728419812,330.23,11.583333333333334,64.23000000000002,53.666666666666664,0
HFJ184423-609500,330.2,5.75,69.19999999999999,13.0,1
S509716M-6315613,330.01,10.375,0.0,0.0,1
NH09769M-1861239,330.0,0.0,0.0,0.0,1
S306284M-8089747,329.71,3.4166666666666665,67.70999999999998,12.666666666666668,1
HFJ185870-656459,329.43,8.583333333333334,69.43,9.666666666666668,0
NKJ0B80CHRKH41734,329.19,0.7916666666666666,0.0,0.0,1
NH10838M-002085063,329.11,7.25,270.11,18.0,1
JXT1676948-427913DT,328.44,1.1666666666666667,301.44,27.166666666666664,0
5801641M-727425441,328.31,10.75,68.31,12.666666666666668,0
NH11047M-002152005,328.27,10.5,68.26999999999998,37.666666666666664,0
HFJ185691-644191,328.12,10.208333333333334,68.12,59.666666666666664,0
S403076M-6318382,327.97,47.666666666666664,0.0,0.0,1
HFJ183400-576625,327.69,6.0,57.69,10.0,1
HFJ184559,327.69,7.375,67.69,168.66666666666666,0
5801490M,327.44,11.416666666666666,66.44,129.5,0
4100371M-002051533,327.36,9.375,65.36000000000001,97.33333333333333,0
NH11199M-002238794,327.33,6.833333333333333,0.0,0.0,1
S509238M-8130105,327.22,10.166666666666666,67.22000000000003,18.666666666666668,0
S509668M-6304544,327.16,8.916666666666666,0.0,0.0,1
NH10237M-001928687,326.94,0.0,0.0,0.0,1
S508954M-8125852,326.56,11.666666666666666,61.56,5.833333333333333,0
S402945M-8123306,326.4,10.375,54.39999999999998,6.666666666666667,0
HFJ185831-653587,326.02,11.666666666666666,66.01999999999998,6.666666666666667,0
S403015M-8133166,325.95,11.5,65.94999999999999,15.666666666666668,0
S509874M-6319522,325.92,23.5,0.0,0.0,1
LSMF50BRHP0310187-RC230168,325.85,8.125,0.0,0.0,1
HFJ184625-614030,325.34,7.625,65.33999999999997,54.666666666666664,0
S508794M-8123554,325.28,9.041666666666666,65.27999999999997,114.66666666666667,0
5801710M-727431598,325.26,6.041666666666667,21.25999999999999,57.66666666666666,0
S508673M-8114096,325.2,10.666666666666666,62.19999999999999,94.16666666666667,0
HFJ186181-666543,325.11,10.125,65.11000000000001,12.666666666666668,0
NH1695980-446524DT,325.05,9.041666666666666,0.0,0.0,1
HFJ183582,324.81,6.208333333333333,59.81,11.666666666666666,1
H101235M-8102835,324.38,6.208333333333333,59.379999999999995,11.666666666666666,1
S509492M-6302824,324.34,7.333333333333333,212.33999999999997,124.0,1
S306337M,324.27,2.5416666666666665,64.26999999999998,13.333333333333334,1
5801401M-727378055,324.26,6.75,24.25999999999999,0.0,1
S204818M-8122571,323.93,11.958333333333334,61.93000000000001,15.333333333333334,0
5801313M-727366679,323.87,3.5416666666666665,13.870000000000005,3.3333333333333335,1
S509853M-6320603,323.83,36.666666666666664,0.0,0.0,1
S204522M-8084311,323.69,7.083333333333333,63.69,13.333333333333334,1
S306604M-8106279,323.14,7.333333333333333,39.139999999999986,5.333333333333334,1
S508169M-8104542,322.99,10.375,0.0,0.0,1
S509270M-8129580,322.91,7.083333333333333,312.91,80.0,1
4100395M-002048564,322.89,7.083333333333333,62.889999999999986,31.666666666666668,0
S509675M-6304781,322.73,10.916666666666666,0.0,0.0,1
JJGN580NKEC700165-NEDA25015,322.61,8.916666666666666,0.0,0.0,1
S509442M-8132044,322.53,10.791666666666666,62.52999999999997,52.666666666666664,0
NH10921M-002091371,322.52,9.75,50.51999999999998,14.666666666666668,0
HFJ185075-626234,321.78,5.416666666666667,61.77999999999997,47.666666666666664,0
HFJ183390-578374,321.42,4.75,52.420000000000016,10.333333333333334,1
HFD208267-664773,321.37,20.083333333333332,0.0,0.0,1
NH10471M-001990296,321.19,8.125,304.19,66.0,1
NH11135M-002151525,321.11,5.666666666666667,0.0,0.0,1
NKJ0B80CCNKH30821-40-373102,321.06,11.083333333333334,61.06,37.666666666666664,0
S204764M-8114004,320.91,14.541666666666666,6.910000000000025,33.333333333333336,0
S403000M-8131366,320.9,9.5,60.89999999999998,32.666666666666664,0
HFJ186020-661020,320.76,11.375,60.75999999999999,11.666666666666668,0
5801959M-727476960,320.74,13.666666666666666,0.0,0.0,1
S509201M-8129064,320.67,2.5833333333333335,239.67000000000002,62.0,1
S509729M-6315551,320.61,3.7083333333333335,0.0,0.0,1
S508588M-8110571,320.43,11.125,48.43000000000001,9.333333333333334,1
S509742M-6316042,320.39,9.041666666666666,0.0,0.0,1
4100160M-001991543,320.15,8.5,60.14999999999998,13.333333333333334,1
NH11240M-002236414,320.0,3.6666666666666665,0.0,0.0,1
S402979M-8127463,319.95,9.375,59.94999999999999,17.666666666666668,0
S507485M-8085206,319.91,1.9583333333333333,0.0,0.0,1
S507845M-8094818,319.71,5.208333333333333,58.70999999999998,13.0,1
HFJ185754-649739,319.27,10.666666666666666,248.26999999999998,42.0,1
4100583M-002192998,319.12,9.166666666666666,0.0,0.0,1
5801326M-727369417,319.08,10.166666666666666,50.079999999999984,66.16666666666667,0
S508270M,318.92,0.0,0.0,0.0,1
HFJ185608-644086,318.77,7.833333333333333,13.769999999999982,15.833333333333334,0
5801835M-727448575,318.72,9.625,0.0,0.0,1
5801834M-727448572,318.57,8.541666666666666,308.57,80.0,1
S307029M-8129045,317.76,0.16666666666666666,51.75999999999999,5.666666666666666,0
HFJ182909-562343,317.45,0.08333333333333333,0.0,0.0,1
S402939M-8117903,317.31,10.791666666666666,57.31,26.666666666666668,0
5801171M,317.13,6.375,41.129999999999995,8.0,1
4100345M-002035509,317.13,4.583333333333333,51.129999999999995,5.666666666666666,0
NKJ0B80CCRKH40769,317.02,2.375,0.0,0.0,1
S508643M-8110883,316.93,4.166666666666667,56.93000000000001,98.66666666666667,0
NH11193M-002224804,316.64,4.583333333333333,0.0,0.0,1
4100351M-002035500,316.61,11.416666666666666,46.610000000000014,5.0,0
5800902M-727354761,316.28,5.5,51.27999999999997,11.666666666666666,1
S507481M-8085718,316.1,5.708333333333333,0.0,0.0,1
S509896M-6319521,316.08,18.916666666666668,0.0,0.0,1
4100392M-002053944,315.57,7.625,54.56999999999999,44.5,0
S306942M-8122207,315.52,12.083333333333334,50.51999999999998,8.833333333333332,0
T050313M,315.44,7.916666666666667,54.44,13.0,1
5801898M-727473126,315.34,2.6666666666666665,0.0,0.0,1
5801755M-727439856,315.31,3.3333333333333335,305.31,80.0,1
5800693M-727346766,315.18,5.166666666666667,53.18000000000001,12.666666666666668,1
HFJ183543-583264,315.12,6.791666666666667,55.120000000000005,13.333333333333334,1
4100480M-002107509,315.06,11.041666666666666,55.06,31.666666666666668,0
S509481M-6302784,315.06,10.916666666666666,54.06,20.5,0
S403002M-8132047,315.0,10.833333333333334,55.0,9.666666666666668,0
S509519M-6306338,314.92,3.0,54.920000000000016,122.66666666666666,0
S204652M-8105225,314.65,9.083333333333334,43.64999999999998,5.833333333333333,0
S306187M-8084312,314.41,3.6666666666666665,29.410000000000025,5.0,1
S402797M-8101274,314.38,8.583333333333334,54.379999999999995,13.666666666666668,0
S306967M-8121004,314.22,4.916666666666667,50.22000000000003,6.0,0
S403063M-6315417,313.88,2.25,0.0,0.0,1
HFJ184368-606563,313.75,6.291666666666667,53.75,13.333333333333334,1
S509086M-8127557,313.66,10.916666666666666,53.660000000000025,157.66666666666666,0
HFJ186430-673405,313.64,9.583333333333334,0.0,0.0,1
S509436M-8133123,313.07,9.875,53.06999999999999,26.666666666666668,0
S307126M-6307816,312.92,11.0,0.0,0.0,1
5801484M-727387741,312.74,0.75,168.74,100.16666666666667,0
5801860M-727452513,312.58,8.666666666666666,0.0,0.0,1
S307075M-6304274,312.21,16.291666666666668,152.20999999999998,61.33333333333333,0
S509842M-6318200,311.89,12.375,0.0,0.0,1
S306318M-8089769,311.7,7.958333333333333,23.69999999999999,4.0,1
S204587M-8088583,311.47,9.625,9.470000000000027,0.6666666666666667,1
HFJ185990-658627,311.44,10.166666666666666,51.44,12.666666666666668,0
HFJ185638-646638,311.32,11.041666666666666,45.31999999999999,45.666666666666664,0
HFJ186548-682284,310.22,4.583333333333333,50.22000000000003,17.666666666666668,0
S509886M-6321656,310.21,15.958333333333334,0.0,0.0,1
5801517M-727387361,310.14,7.791666666666667,279.14,25.666666666666668,0
4100487M-002110732,309.96,10.25,258.96,2.0,1
S403012M-8133105,309.72,11.916666666666666,49.72000000000003,6.666666666666667,0
4100574M-002168456,309.58,0.4166666666666667,0.0,0.0,1
HFJ183943-593755,309.13,8.916666666666666,31.129999999999995,3.6666666666666665,0
S509735M-6315651,308.37,7.083333333333333,245.37,26.0,1
5801789M-728436489,308.13,10.083333333333334,0.0,0.0,1
S507765M,307.94,2.8333333333333335,28.939999999999998,7.000000000000001,1
NH11220M-002167172,307.89,8.25,0.0,0.0,1
JX1719314-470182DT,307.86,7.166666666666667,47.860000000000014,11.666666666666668,0
S508956M-8125650,307.57,6.25,43.56999999999999,115.00000000000001,0
4100622M-002219102,307.22,6.166666666666667,0.0,0.0,1
S509080M-8125819,306.67,16.458333333333332,46.670000000000016,6.666666666666667,0
NH10250M-001956121,305.65,0.20833333333333334,45.64999999999998,13.333333333333334,1
HFJ185382-635638,305.45,8.958333333333334,45.44999999999999,55.666666666666664,0
S507858M-8094005,305.27,7.791666666666667,45.26999999999998,13.333333333333334,1
S204790M-8114137,305.24,8.541666666666666,45.24000000000001,66.66666666666667,0
HFJ184018-596568,305.19,6.791666666666667,44.19,13.0,1
S403016M-8133120,304.7,9.083333333333334,44.69999999999999,6.666666666666667,0
S509512M-6308236,304.67,3.625,44.670000000000016,14.666666666666668,0
4100363M-002035525,304.35,8.333333333333334,42.35000000000002,34.333333333333336,0
ZPJF02323-002079966,304.13,3.9166666666666665,0.0,0.0,1
S204630M-8094839,304.06,4.375,44.06,13.333333333333334,1
S509446M-8131402,304.01,9.333333333333334,44.00999999999999,7.666666666666667,0
S509869M-6319666,303.89,17.166666666666668,0.0,0.0,1
S508989M-8125653,303.83,7.5,27.829999999999984,50.0,0
HFJ185511-640253,303.73,3.75,16.730000000000018,35.166666666666664,0
JXT1657736-408984DT,303.62,8.25,0.0,0.0,1
S509610M-6304347,302.89,8.333333333333334,42.889999999999986,30.666666666666668,0
S306892M-8117616,302.07,3.0833333333333335,231.07,42.0,1
S509416M-8132048,302.06,8.708333333333334,42.06,36.666666666666664,0
S307021M-8122556,302.03,9.75,42.02999999999997,9.666666666666668,0
5800066M,301.49,5.041666666666667,38.49000000000001,12.333333333333334,1
S508727M-8117870,301.37,8.708333333333334,41.370000000000005,62.66666666666667,0
5801997M-728483713,301.16,5.375,0.0,0.0,1
S204833M-6304586,301.13,9.416666666666666,284.13,39.666666666666664,0
HFJ185514-632442,301.04,10.75,41.04000000000002,7.666666666666667,0
HFJ186003-660181,300.69,6.958333333333333,0.0,0.0,1
NH10128M-001891499,300.58,0.125,0.5799999999999841,0.0,1
T050845M-715425632,300.36,10.0,40.360000000000014,58.666666666666664,0
4100615M-002219965,300.25,8.291666666666666,0.0,0.0,1
S509923M-6317805,300.1,7.166666666666667,0.0,0.0,1
S508998M-8123926,300.0,0.16666666666666666,0.0,45.0,0
5800188M,300.0,0.0,250.0,0.0,0
JX1721722-472749DT,300.0,0.0,0.0,0.0,1
S306255M-8087442,300.0,0.0,250.0,3.166666666666667,0
S306380M-8088646,300.0,0.0,0.0,0.0,0
S204877M-6316901,299.99,2.4166666666666665,0.0,0.0,1
S508743M-8117874,299.97,9.291666666666666,39.97000000000003,12.666666666666668,0
S508503M-8107491,299.87,4.333333333333333,109.87,143.16666666666666,0
S508680M-8114099,299.65,8.083333333333334,39.64999999999998,6.666666666666667,0
NH1693570-444270DT,299.62,11.416666666666666,0.0,0.0,1
S509807M-6318368,299.49,10.541666666666666,0.0,0.0,1
S204602M-8094033,299.39,5.166666666666667,35.389999999999986,12.0,1
4100520M-002152366,299.1,11.083333333333334,39.10000000000002,6.666666666666667,0
5801817M-727448707,298.66,8.416666666666666,0.0,0.0,1
NH10047M-001925157,298.65,0.3333333333333333,30.649999999999977,10.666666666666668,1
H101223M-8094677,298.53,5.416666666666667,38.52999999999997,13.333333333333334,1
S204563M-8088661,297.96,4.208333333333333,0.9599999999999795,1.0,1
4100348M,297.95,0.0,37.94999999999999,51.666666666666664,0
4100674M-002235214,297.7,9.25,0.0,0.0,1
4100638M-002219624,297.63,12.625,0.0,0.0,1
S402742M-8095770,297.58,6.0,6.579999999999984,3.0,1
T0500033M,297.14,9.666666666666666,35.139999999999986,12.666666666666668,1
S307027M-8123665,296.81,11.5,36.81,8.666666666666668,0
NH10937M-002135320,296.67,8.625,36.670000000000016,8.666666666666668,0
S509709M-6308831,296.49,5.333333333333333,0.0,0.0,1
NH09693M-001858052,296.34,0.16666666666666666,0.0,0.0,1
HFJ185942-657932,295.18,8.833333333333334,0.0,0.0,1
S204838M-6308501,295.0,13.291666666666666,27.0,13.333333333333334,0
S508053M-8099769,294.72,8.208333333333334,34.72000000000003,6.666666666666667,0
T051054M-715441871,294.53,9.0,246.52999999999997,4.0,0
S402970M-8122201,294.18,8.916666666666666,34.18000000000001,6.666666666666667,0
S509514M-6308297,294.13,2.7916666666666665,12.129999999999995,5.0,0
S509501M-6302626,294.05,3.4166666666666665,209.05,41.666666666666664,0
HFJ184281-601703,293.73,6.125,19.730000000000018,8.666666666666668,1
S306505M-8102831,293.63,7.666666666666667,242.63,2.0,0
S306902M-8122213,293.52,10.666666666666666,30.519999999999982,44.166666666666664,0
LSM0W40RTP0310708-GB230081,293.49,5.958333333333333,0.0,0.0,1
S306686M-8108217,293.46,0.0,0.0,10.5,1
HFJ185349-633885,293.41,11.125,33.410000000000025,23.666666666666668,0
HFJ186201-666253,293.27,7.291666666666667,33.26999999999998,34.66666666666667,0
S307173M-6317188,293.16,27.916666666666668,0.0,0.0,1
S509872M-6319526,293.05,11.333333333333334,0.0,0.0,1
S509234M-8130106,293.02,7.0,19.019999999999982,6.333333333333334,0
S509945M-6320253,292.94,7.666666666666667,0.0,0.0,1
S509191M-8129142,292.42,2.0416666666666665,32.420000000000016,6.666666666666667,0
5801418M-727376155,292.37,0.08333333333333333,0.0,0.0,1
NH11122M-002191676,292.21,10.083333333333334,14.20999999999998,38.666666666666664,0
5800931M-727354585,292.12,8.875,16.120000000000005,8.0,1
S509468M-6302438,292.1,9.458333333333334,32.10000000000002,26.666666666666668,0
S509856M-6320604,291.53,7.0,0.0,0.0,1
5801329M-727368307,291.0,8.166666666666666,241.0,0.0,0
S403018M-8133106,290.86,13.083333333333334,30.860000000000014,6.666666666666667,0
HFJ185742-641888,290.56,9.833333333333334,30.560000000000002,55.666666666666664,0
HFJ159148,290.49,16.458333333333332,0.0,0.0,1
NH1644294-395934DT,290.19,5.875,0.0,0.0,1
NH10851M-002078846,290.13,9.291666666666666,190.13,53.666666666666664,0
HFJ185570-642797,289.81,7.625,24.810000000000002,55.833333333333336,0
S509790M-6315107,289.79,9.166666666666666,0.0,0.0,1
HCCZ3803LRCG79077-8136098,289.78,16.916666666666668,0.0,0.0,1
S509868M-6319660,289.72,7.583333333333333,0.0,0.0,1
S508323M-8101773,289.66,0.0,0.0,0.0,1
S204625M-809708,289.27,5.416666666666667,29.269999999999982,13.333333333333334,1
S509839M-6318359,289.17,9.416666666666666,278.17,78.0,0
S402812M-8103362,288.82,6.458333333333333,5.819999999999993,37.833333333333336,0
S509635M-6307861,288.63,8.375,0.0,0.0,1
S402893M-8112804,288.23,8.291666666666666,28.230000000000018,42.666666666666664,0
S204567M-8088640,287.99,2.3333333333333335,18.99000000000001,10.333333333333334,1
NH10119M,287.62,5.25,0.0,0.0,1
5801632M-727427952,287.47,9.375,27.470000000000027,9.666666666666668,0
T050345M-715370434,287.41,6.833333333333333,4.410000000000025,5.666666666666666,1
S402866M-8108165,287.31,4.875,27.310000000000002,13.333333333333334,1
4100665M-002224822,287.3,4.083333333333333,0.0,0.0,1
S402777M,286.86,0.0,26.860000000000014,11.666666666666668,0
LSM0W40RER0310871-GB230233,286.79,10.125,0.0,0.0,1
S509932M-6317912,286.47,3.1666666666666665,0.0,0.0,1
HFJ185566-643593,286.34,0.2916666666666667,236.33999999999997,0.0,0
JX1716855-466763DT,286.11,6.291666666666667,191.11,90.0,0
HFJ182919-562874,286.1,3.7083333333333335,26.100000000000023,13.333333333333334,1
S509108M-8128263,285.91,7.375,13.910000000000025,8.666666666666668,0
HFJ185906-657370,285.85,6.583333333333333,25.850000000000023,46.666666666666664,0
S509439M-8133118,285.73,9.333333333333334,25.730000000000018,7.666666666666667,0
NH11169M-2229407,285.55,17.333333333333332,0.0,0.0,1
S204623M,285.5,5.375,14.5,9.666666666666666,1
HFJ183435-577975,285.35,3.6666666666666665,25.350000000000023,13.333333333333334,1
S509835M-6318158,285.35,14.166666666666666,0.0,0.0,1
NH11086M-002175105,283.92,8.833333333333334,226.92000000000002,14.000000000000002,0
S306616M-8101686,283.74,0.6666666666666666,153.74,160.0,0
S204633M-8095803,283.56,8.833333333333334,23.560000000000002,9.666666666666668,0
HFJ185518-641883,283.49,6.958333333333333,20.49000000000001,6.166666666666667,0
S509195M-8129151,283.12,8.541666666666666,233.12,0.0,0
NH10553M-001992329,283.05,7.0,224.05,18.0,0
T051194M-715448593,282.74,7.375,259.74,54.0,0
S204752M-8116086,282.6,0.4166666666666667,22.600000000000023,26.666666666666668,0
4100287M-002045619,282.05,9.833333333333334,17.05000000000001,47.833333333333336,0
S403027M-6306347,281.88,9.833333333333334,233.88,4.0,0
S509242M-8130084,281.88,7.625,249.88,24.5,0
HFJ186180-666597,281.85,8.125,0.0,0.0,1
S402950M-8123514,281.75,10.708333333333334,21.75,16.666666666666668,0
S204878M-6316900,281.67,1.5,0.0,0.0,1
S509877M-6319661,280.97,17.5,0.0,0.0,1
4100619M-002221569,280.9,6.5,0.0,0.0,1
S204728M-8108702,280.86,5.208333333333333,18.860000000000014,12.666666666666668,1
S507808M-8094657,280.56,7.083333333333333,7.560000000000002,9.0,1
5801867M-727453246,279.58,7.333333333333333,0.0,0.0,1
5801393M-727362272,279.28,7.333333333333333,213.27999999999997,32.0,0
S306656M-8106289,278.84,8.416666666666666,18.839999999999975,7.666666666666667,0
HFJ185352-634381,278.83,9.166666666666666,18.829999999999984,12.666666666666668,0
LSMF50BRHP0310190-RC230179,278.34,8.791666666666666,0.0,0.0,1
S509944M-6320337,278.2,6.25,0.0,0.0,1
S509845M-6318381,277.9,18.458333333333332,0.0,0.0,1
S204819M-8122573,277.89,7.25,227.89,0.0,0
NH10995M-002153011,277.42,7.208333333333333,228.42000000000002,2.0,0
S507569M-8089578,277.2,3.9583333333333335,0.0,0.0,1
S509809M-6318111,277.12,20.916666666666668,0.0,0.0,1
S306307M,276.97,7.625,16.970000000000027,9.666666666666668,0
NH09868M-001879970,276.94,0.5416666666666666,0.0,100.0,1
NH10136M-001893473,276.72,2.1666666666666665,16.720000000000027,13.333333333333334,1
S509661M-6304990,276.72,8.375,0.0,0.0,1
NH11070M-002167303,276.52,8.25,16.519999999999982,9.666666666666668,0
S402980M-8126662,276.31,9.125,16.310000000000002,15.666666666666668,0
S403017M-8133285,276.26,9.25,227.26,2.0,0
NH10330M-001924112,275.96,5.833333333333333,0.0,0.0,1
HFJ183847-591353,275.84,6.25,9.839999999999975,11.333333333333332,1
S508285M-8103285,275.76,2.9583333333333335,0.7599999999999909,8.333333333333332,1
HFJ184522-610603,275.56,4.666666666666667,117.56,216.0,0
S403038M-6304900,275.11,9.25,0.0,0.0,1
S508130M-8105343,274.83,8.166666666666666,234.82999999999998,20.0,0
S509453M-8130653,274.79,9.375,244.79000000000002,40.0,0
5801869M-727452512,274.33,4.708333333333333,0.0,0.0,1
HFJ186366-672374,274.09,7.958333333333333,0.0,0.0,1
S509876M-6319590,274.05,12.625,0.0,0.0,1
S306614M-8105977,274.0,9.0,223.0,2.0,0
S508109M-8105349,273.29,0.625,13.29000000000002,13.333333333333334,1
NH10443M-001968491,273.12,5.666666666666667,12.120000000000005,13.0,1
S402919M-8119375,272.96,7.5,0.0,0.0,1
S306669M-8107280,272.51,9.041666666666666,6.509999999999991,11.666666666666666,0
S509852M-6320627,272.45,12.208333333333334,0.0,0.0,1
NH10796M-002036319,272.21,7.666666666666667,12.20999999999998,22.666666666666668,0
NH10997M-002053359,271.74,11.0,221.74,0.0,0
S507663M-8089577,271.49,0.0,0.0,0.0,1
LSM0W40REP0310690-GB230035,271.44,3.6666666666666665,0.0,0.0,1
HFD208318-664957,271.29,27.083333333333332,0.0,0.0,1
HFJ186313-670861,271.26,0.3333333333333333,0.0,0.0,1
H101262M-8108219,271.15,3.0833333333333335,10.149999999999977,13.0,1
S307139M-6310080,271.07,5.25,0.0,0.0,1
NH10061M-001866422,271.06,0.0,0.0,0.0,1
S306572M-8101693,271.02,5.666666666666667,8.019999999999982,12.333333333333334,1
4100632M-002219390,270.93,12.125,0.0,0.0,1
S509394M-8131391,270.65,9.625,223.64999999999998,6.0,0
S306694M,270.62,10.583333333333334,10.620000000000005,19.666666666666668,0
S509733M-6315709,270.4,7.375,0.0,0.0,1
S509460M-6302474,270.03,8.208333333333334,0.0,500.0,0
HFJ183486-581495,270.0,0.0,0.0,0.0,1
S509681M-6304630,269.95,5.291666666666667,251.95,64.0,0
NH10472M-001988056,269.27,8.375,222.26999999999998,6.0,0
S402998M-8131401,269.12,7.833333333333333,200.12,38.0,0
S403097M-6321265,268.72,7.333333333333333,0.0,0.0,1
S56998M-8071902,268.46,5.5,3.4599999999999795,11.666666666666666,1
S509495M-6302879,268.42,11.25,218.42000000000002,0.0,0
S509520M-6306339,268.4,9.5,8.399999999999977,35.666666666666664,0
4100297M-002049283,268.14,7.375,76.13999999999999,284.0,0
T051280M-715470365,268.03,9.125,242.02999999999997,48.0,0
ZPJF01936-002085861,267.74,6.333333333333333,0.0,0.0,1
S509730M-6315552,267.16,4.833333333333333,0.0,0.0,1
S204802M-8122001,266.99,11.208333333333334,208.99,16.0,0
S509808M-6318115,266.72,8.458333333333334,0.0,0.0,1
4100289M-C,266.66,12.25,5.660000000000025,9.5,0
S509087M-8126660,266.39,6.541666666666667,214.39,4.0,0
S204816M-8130286,265.95,8.916666666666666,240.95,50.0,0
S509425M-8133113,265.68,11.25,211.68,8.0,0
T050286M,265.67,0.0,0.0,0.0,1
S509870M-6319524,265.38,17.75,0.0,0.0,1
NH10669M-002013466,265.25,7.125,5.25,57.666666666666664,0
S403055M-6315968,265.24,6.416666666666667,0.0,0.0,1
HFJ185569-643438,265.13,8.25,200.13,30.0,0
S402978M-8126674,265.02,1.7916666666666667,0.0,0.0,1
S306901M-8119820,264.6,6.541666666666667,201.60000000000002,26.0,0
S306788M-8114333,264.3,17.416666666666668,151.3,126.0,0
S508739M-8120991,264.28,7.333333333333333,187.27999999999997,54.0,0
S509803M-6318379,263.78,7.791666666666667,0.0,0.0,1
ZNJF01389,263.76,4.5,0.0,0.0,1
HFJ185490-639908,263.69,6.416666666666667,199.69,28.000000000000004,0
S306521M-8102827,263.13,3.9166666666666665,0.0,0.0,1
NH1687877-438501DT,262.47,8.958333333333334,0.0,0.0,1
S509867M-6319659,262.29,11.291666666666666,0.0,0.0,1
S204853M-6307948,262.28,7.958333333333333,226.27999999999997,28.000000000000004,0
NH09806M-001859868,262.09,0.0,0.0,0.0,1
HFJ185550-642685,261.98,7.791666666666667,0.0,0.0,1
S508699M-8113433,261.9,7.416666666666667,0.0,0.0,1
5801590M-727415975,261.63,8.916666666666666,201.63,20.0,0
5801029M-727361996,261.23,0.0,0.0,0.0,1
S509894M-6319519,261.07,2.625,220.07,18.0,0
S509321M-8130068,260.64,8.708333333333334,209.64,2.0,0
S509440M-8133122,260.6,3.5,250.60000000000002,80.0,0
S509584M-6305166,260.54,10.083333333333334,250.54000000000002,80.0,0
S509398M-8131396,260.1,8.583333333333334,217.10000000000002,14.000000000000002,0
WM20246606,260.1,26.041666666666668,0.0,0.0,1
NH10319M-001975210,259.97,5.583333333333333,0.0,0.0,1
S508710M-8119378,259.71,6.875,0.0,0.0,1
HFJ185936-657874,259.66,6.083333333333333,224.66000000000003,30.0,0
S509988M-6321593,259.58,0.4166666666666667,0.0,0.0,1
NH5419805,259.51,4.25,0.0,0.0,1
S508782M-8121279,259.45,9.0,15.449999999999989,388.0,0
NH11155M-002189328,259.22,8.208333333333334,0.0,0.0,1
S507241M,259.09,0.041666666666666664,0.0,0.0,1
S204841M-6308072,258.8,8.458333333333334,0.0,0.0,1
HFJ185605-644572,258.61,8.25,191.61,34.0,0
S307171M-6317256,258.31,16.791666666666668,0.0,0.0,1
NH10726M-002048464,258.08,8.0,144.07999999999998,128.0,0
H101247M-8101687,258.04,6.875,207.04000000000002,2.0,0
S509636M-6307870,257.93,10.5,0.0,0.0,1
S403001M-8131388,257.57,9.833333333333334,206.57,2.0,0
S509956M-6319861,257.54,0.08333333333333333,0.0,0.0,1
4100257M,256.99,0.0,204.99,4.0,0
HFJ184563-611754,256.99,6.375,89.99000000000001,234.0,0
T050963M-715435870,256.64,6.958333333333333,0.0,0.0,1
NH1698518-449319DT,256.64,2.4583333333333335,0.0,0.0,1
S509517M-6306349,256.22,8.833333333333334,231.22000000000003,50.0,0
5801875M-727452511,256.05,0.75,0.0,0.0,1
S509007M-8126622,256.0,7.75,187.0,38.0,0
S509469M-6302436,255.96,3.2916666666666665,242.96,74.0,0
LSMF50BRJP0310148-RC230066,255.94,9.958333333333334,0.0,0.0,1
ZPJF01771-002080876,255.9,3.7083333333333335,0.0,0.0,1
T051178M-715449306,255.76,6.875,0.0,0.0,1
S509532M-6306185,255.72,8.0,205.72,0.0,0
HFJ183424-581039,255.5,6.125,0.0,0.0,1
HFJ185781-650068,255.35,7.791666666666667,148.35,113.99999999999999,0
HFJ184886-614079,254.76,6.333333333333333,162.76,84.0,0
HFJ184002-594365,254.56,6.666666666666667,0.0,0.0,1
ZNJF01438,254.49,9.791666666666666,0.0,0.0,1
S509021M-8123927,254.42,8.375,202.42,4.0,0
S508931M-8122173,254.38,4.833333333333333,194.38,20.0,0
HFJ184547-612393,254.28,5.291666666666667,204.28,0.0,0
S509731M-6315712,254.04,5.875,0.0,0.0,1
S204787M-8117597,253.65,7.333333333333333,155.65,96.0,0
S402835M-8103374,253.59,3.6666666666666665,243.59,80.0,0
NH10168M-001954411,253.29,0.8333333333333334,0.0,0.0,1
HFJ185934-657676,253.17,0.0,1.1699999999999875,404.0,0
NH10947M-002053948,253.01,10.041666666666666,203.01,0.0,0
S306635M-8105984,252.57,0.0,0.0,0.0,1
HFJ182783-556264,251.98,3.9583333333333335,0.0,0.0,1
NH10535M-001990365,251.98,0.0,0.0,0.0,1
S509536M-6306346,251.86,8.375,205.86,8.0,0
HFJ183990-595045,251.39,3.0833333333333335,0.0,0.0,1
S509746M-6315892,251.37,7.416666666666667,0.0,0.0,1
NH10748M-002034679,251.15,7.875,236.15,70.0,0
S508752M-8120987,251.13,7.833333333333333,110.13,182.0,0
HFJ182866-559687,250.8,2.9166666666666665,0.0,0.0,1
S508386M,250.67,3.0833333333333335,0.0,0.0,1
S509772M-6315315,250.67,7.958333333333333,0.0,0.0,1
S307064M-8130292,250.61,8.75,199.61,2.0,0
S403061M-6315147,250.52,7.583333333333333,0.0,0.0,1
S509485M-6302730,250.49,8.25,221.49,42.0,0
S509897M-6319676,250.41,15.375,0.0,0.0,1
NH10146M-001944679,250.19,4.5,0.0,0.0,1
S307167M-6316941,249.59,17.083333333333332,0.0,0.0,1
LSM0W40RCR0310919-GB240076,249.56,2.5,0.0,0.0,1
H101252M-8102111,249.47,5.666666666666667,0.0,0.0,1
NH10260M-001955518,248.77,4.583333333333333,0.0,0.0,1
HFJ186129-665308,248.7,7.541666666666667,227.7,57.99999999999999,0
S306699M-8108200,248.35,6.541666666666667,173.35,50.0,0
NH10883M-002076600,248.06,0.25,198.06,0.0,0
S509819M-6317956,247.94,12.416666666666666,0.0,0.0,1
S509880M-6319739,247.88,28.375,0.0,0.0,1
S204850M-6307804,247.82,14.25,0.0,0.0,1
S509128M-8127554,246.75,8.708333333333334,198.75,4.0,0
5800841M-727351891,246.68,5.708333333333333,193.68,6.0,0
S508958M-8125658,246.65,9.125,137.65,118.0,0
S402858M-8107489,246.3,4.375,0.0,0.0,1
5801543M-727415978,246.25,10.75,191.25,10.0,0
S402738M-8095819,245.77,7.958333333333333,195.77,0.0,0
S509846M-6318367,245.16,15.416666666666666,0.0,0.0,1
S509384M-8131694,245.16,6.083333333333333,212.16,34.0,0
S509144M-8127570,245.04,5.375,179.04,32.0,0
FNH0B90CNZHH13378,244.46,0.8333333333333334,0.0,0.0,1
S509933M-6320047,244.3,3.4166666666666665,0.0,0.0,1
HFJ180839,243.99,6.458333333333333,0.0,0.0,1
S509366M-8131380,243.96,6.75,188.96,10.0,0
S306487M-8099644,243.85,4.333333333333333,0.0,0.0,1
S306911M-8119325,243.69,5.625,168.69,50.0,0
S509306M-8130069,243.5,7.541666666666667,185.5,16.0,0
LSMF50BRPP0310194-RC230170,243.46,8.208333333333334,0.0,0.0,1
S509538M-6306365,243.17,7.75,175.17,36.0,0
5801333M-727369233,243.14,7.583333333333333,131.14,124.0,0
S509888M-6321685,243.1,31.125,0.0,0.0,1
S509743M-6316045,243.05,4.958333333333333,0.0,0.0,1
5800940M-727353554,242.99,0.0,0.0,0.0,1
S306765M-8113314,242.95,4.958333333333333,108.94999999999999,168.0,0
S306761M-8109781,242.76,6.875,226.76,68.0,0
S508806M-8123520,242.36,8.333333333333334,0.0,0.0,1
S204794M-8117796,242.1,7.875,171.1,42.0,0
5801954M-727473461,242.09,15.166666666666666,0.0,0.0,1
5801908M-727473467,242.06,25.75,0.0,0.0,1
S509390M-8131981,241.95,7.333333333333333,210.95,38.0,0
S509639M-6307871,241.91,7.875,0.0,0.0,1
S508381M-8107533,241.58,2.3333333333333335,0.0,0.0,1
HFD208366-666592,241.56,0.9166666666666666,0.0,0.0,1
S306966M-8121996,241.23,7.708333333333333,191.23,0.0,0
S509342M-8131397,241.15,8.208333333333334,201.15,20.0,0
S508965M-8123932,241.07,7.5,195.07,8.0,0
5801540M-727414089,241.0,3.4583333333333335,191.0,0.0,0
S509711M-6308833,240.77,5.458333333333333,0.0,0.0,1
S307105M-6304361,240.69,2.5416666666666665,0.0,0.0,1
S509174M-8129066,240.68,7.916666666666667,172.68,36.0,0
S508174M-8104689,240.54,5.25,0.0,0.0,1
S307096M-6308652,240.49,6.791666666666667,229.49,78.0,0
NH1642978-393243DT,240.44,4.083333333333333,0.0,0.0,1
S509659M-6305088,240.38,6.583333333333333,182.38,16.0,0
S509617M-6304455,240.29,3.5,0.0,0.0,1
H101307M-8124460,239.94,8.583333333333334,198.94,18.0,0
5801966M-727477598,239.81,14.958333333333334,0.0,0.0,1
S204599M-8087443,239.39,4.25,0.0,0.0,1
S307107M-6304480,239.28,4.333333333333333,0.0,0.0,1
NH10946M-002140004,239.24,3.25,229.24,80.0,0
S507671M-8089812,238.99,1.125,0.0,0.0,1
ZPAF50080-621126,238.33,2.875,0.0,0.0,1
S509258M-8130039,238.28,7.125,177.28,22.0,0
S509297M-8130016,237.92,8.166666666666666,152.92,70.0,0
5801188M-727349707,237.14,6.333333333333333,192.14,10.0,0
NH11161M-002205010,237.0,37.0,0.0,0.0,1
5802004M-728483213,236.84,4.916666666666667,0.0,0.0,1
5801043M-728352452,236.8,2.0,0.0,0.0,1
T051241M-715468453,236.44,8.375,226.44,80.0,0
5801866M-727452428,236.25,5.625,0.0,0.0,1
T051353M-715473580,236.0,6.833333333333333,0.0,0.0,1
5800723M,235.78,2.4166666666666665,0.0,0.0,1
NH11170M-002200769,235.46,26.458333333333332,0.0,0.0,1
NKJ0B80CVRKH41230-48-442038,235.44,0.0,0.0,0.0,1
HFJ185353-634383,235.37,7.0,166.37,38.0,0
HFJ186130-665759,234.97,7.208333333333333,212.97,56.00000000000001,0
LSMF50BRJN0310101- RC220257,234.71,5.291666666666667,0.0,0.0,1
S509713M-6316033,234.58,5.5,0.0,0.0,1
4100325M-002049342,234.53,5.916666666666667,0.0,0.0,1
S509902M-6317676,234.41,7.416666666666667,0.0,0.0,1
S509597M-6304820,234.0,8.083333333333334,206.0,44.0,0
NH10930M-002140352,233.95,4.208333333333333,223.95,80.0,0
HFJ185417-636988,233.9,6.333333333333333,187.9,8.0,0
S509937M-6320058,233.87,2.6666666666666665,0.0,0.0,1
HFJ186355-671881,233.65,4.75,0.0,0.0,1
S509657M-6305167,233.06,8.583333333333334,0.0,0.0,1
S306427M,232.93,1.5,0.0,0.0,1
S307134M-6309933,232.71,4.958333333333333,0.0,0.0,1
S402993M-8131403,231.63,4.208333333333333,176.63,10.0,0
NH10871M-002110344,231.45,4.833333333333333,184.45,6.0,0
S509591M-6302456,230.92,8.458333333333334,174.92,12.0,0
S509994M-6320392,230.72,6.166666666666667,0.0,0.0,1
S306725M-8109009,230.35,3.5833333333333335,0.0,0.0,1
5801587M-728420645,230.23,6.666666666666667,80.22999999999999,200.0,0
S509260M-8130102,229.87,6.666666666666667,0.0,0.0,1
S509586M-6306549,229.8,3.25,218.8,78.0,0
S306567M-8103410,229.64,3.4583333333333335,0.0,0.0,1
ZLAB50455,229.45,2.625,0.0,0.0,1
NH11066M-002150019,229.39,6.333333333333333,179.39,0.0,0
4100641M-002219005,229.1,8.583333333333334,0.0,0.0,1
NH11147M-002219285,228.82,4.041666666666667,0.0,0.0,1
LSMF35BRCP0310065-233082,228.8,6.833333333333333,0.0,0.0,1
NH1662214-413357DT,228.47,6.583333333333333,0.0,0.0,1
NH10780M-002058085,228.07,4.541666666666667,178.07,0.0,0
S402983M-8126657,227.88,7.041666666666667,171.88,12.0,0
S509413M-8131491,227.77,10.166666666666666,181.77,8.0,0
S403041M-6304898,227.64,7.125,0.0,0.0,1
S509337M-8131370,226.93,6.166666666666667,171.93,10.0,0
HFJ185889-657024,226.79,5.208333333333333,213.79,74.0,0
NH10972M-002135103,226.66,9.416666666666666,174.66,4.0,0
S508260M-8102819,226.64,0.0,0.0,0.0,1
S402804M-8103400,226.53,5.875,177.53,2.0,0
S204807M-8123666,226.4,7.541666666666667,176.4,0.0,0
T051004M-715442288,226.26,22.583333333333332,0.0,0.0,1
HFJ184788-616076,226.18,6.916666666666667,139.18,74.0,0
S508375M-8107544,226.01,4.916666666666667,157.01,38.0,0
5801811M-727448571,225.82,1.1666666666666667,140.82,70.0,0
NH10202M-001883270,225.59,0.75,0.0,0.0,1
T051269M-715471576,225.3,0.375,0.0,0.0,1
HFJ184332-605489,225.23,0.2916666666666667,175.23,0.0,0
5801881M-728436491,224.73,4.291666666666667,0.0,0.0,1
HFJ186209-666601,224.67,4.583333333333333,206.67,64.0,0
S204524M-8084446,223.84,0.0,0.0,0.0,1
S306935M-8121001,222.9,6.208333333333333,169.9,6.0,0
NH10938M-002135348,222.82,7.583333333333333,199.82,54.0,0
S306946M-8122007,222.72,6.333333333333333,89.72,166.0,0
S509391M-8132045,222.62,6.041666666666667,178.62,12.0,0
T051282M-715471493,221.29,5.833333333333333,0.0,0.0,1
S509860M-6320616,221.1,9.916666666666666,0.0,0.0,1
NKJ1107ELPKT06351-47-358014,220.99,7.708333333333333,0.0,0.0,1
S204766M-8114000,220.74,6.166666666666667,120.74000000000001,100.0,0
S204528M-8085301,220.67,0.041666666666666664,0.0,0.0,1
T051130M-715443497,220.5,23.416666666666668,0.0,0.0,1
S204613M,220.35,0.5833333333333334,0.0,0.0,1
S306859M-8119218,220.13,7.5,165.13,10.0,0
HFJ185296-631539,219.9,7.416666666666667,125.9,88.0,0
4100560M-002143437,219.68,3.5833333333333335,161.68,16.0,0
S204830M-6304481,219.47,6.583333333333333,205.47,72.0,0
5802037M-727480659,219.28,4.166666666666667,0.0,0.0,1
S509028M-8126633,219.28,7.958333333333333,143.28,52.0,0
HFJ186157-665907,219.15,5.5,149.15,40.0,0
H101276M-8109784,218.94,7.75,139.94,57.99999999999999,0
S509040M-8126675,218.84,6.75,139.84,57.99999999999999,0
NH10722M-002008763,218.69,6.458333333333333,0.0,0.0,1
S204717M-8108777,218.63,6.625,0.0,0.0,1
S307037M-8123654,218.51,4.333333333333333,167.51,2.0,0
5801783M-728436493,218.24,8.208333333333334,161.24,14.000000000000002,0
S307053M-8130284,218.07,6.833333333333333,181.07,26.0,0
S509976M-63215554,217.63,0.6666666666666666,0.0,0.0,1
NH11000M-002055023,217.55,6.333333333333333,200.55,66.0,0
S509885M-6320440,217.02,8.958333333333334,0.0,0.0,1
S204778M-8118087,217.0,9.583333333333334,167.0,0.0,0
S509542M-6306431,216.87,10.375,163.87,6.0,0
S307178M-6317181,216.71,4.833333333333333,0.0,0.0,1
HFJ186687-685808,216.61,3.5833333333333335,0.0,0.0,1
LSMF50BRVP0310167-RC230112,216.58,5.083333333333333,0.0,0.0,1
NH11040M-002132310,216.36,8.0,203.36,74.0,0
S509905M-6317673,215.74,15.833333333333334,0.0,0.0,1
S402740M-8095812,214.6,4.75,0.0,0.0,1
S402806M-8102804,214.51,7.125,0.0,0.0,1
NH11185M-002231838,214.34,3.2916666666666665,0.0,0.0,1
S508089M-8101280,214.33,4.541666666666667,0.0,0.0,1
S509900M-6319679,213.64,30.916666666666668,0.0,0.0,1
S510014M-6320242,212.94,5.916666666666667,0.0,0.0,1
HFJ185970-658570,212.71,10.291666666666666,197.71,70.0,0
NKJ0B80CKPKH33508-40-396059,212.63,3.0833333333333335,92.63,140.0,0
S402719M,212.03,0.7916666666666666,0.0,0.0,1
JX1721868-472909DT,211.87,5.375,146.87,30.0,0
S508553M-8110215,211.75,0.0,0.0,0.0,1
5801519M-728383066,211.55,0.3333333333333333,201.55,80.0,0
S508759M-8120988,211.24,6.708333333333333,201.24,80.0,0
S507804M,210.87,0.0,0.0,0.0,1
ZPAB50031-610443,210.66,5.833333333333333,0.0,0.0,1
NH11181M-002148829,210.17,19.291666666666668,0.0,0.0,1
5802028M-728483650,209.82,1.8333333333333333,0.0,0.0,1
4100256M,209.68,4.708333333333333,151.68,16.0,0
S508050M-8099743,209.67,1.7916666666666667,0.0,0.0,1
S402818M-8101277,209.08,3.3333333333333335,0.0,0.0,1
S204530M.8085699,208.64,2.2916666666666665,0.0,0.0,1
5801158M-727347693,208.32,6.208333333333333,158.32,0.0,0
5801820M-728436498,208.17,7.833333333333333,0.0,0.0,1
HFJ186149-665913,207.76,12.625,173.76,32.0,0
4100700M-002240088,207.58,4.75,0.0,0.0,1
S306962M-8122206,207.35,6.416666666666667,109.35,96.0,0
NH10918M-002091369,207.32,3.7916666666666665,195.32,76.0,0
NH09844M-001881605,206.85,2.4583333333333335,0.0,0.0,1
5802078M-728496784,206.81,2.0,0.0,0.0,1
HFJ186165-666227,206.73,6.375,196.73,80.0,0
LSMF50BRKP0310231-RC230225,206.67,3.6666666666666665,0.0,0.0,1
S509331M-8130050,206.66,7.791666666666667,155.66,2.0,0
NH1658578-409754DT,206.57,6.5,0.0,0.0,1
5800476M-727330263,206.33,5.541666666666667,0.0,0.0,1
NH10827M-002073811,206.28,2.7083333333333335,51.28,210.0,0
S508928M-8122487,206.01,5.333333333333333,122.00999999999999,68.0,0
NH10100M-001870285,205.97,3.5,178.97,46.0,0
S508424M-8107431,205.87,7.416666666666667,152.87,6.0,0
4100546M-002054697,205.7,7.208333333333333,174.7,38.0,0
HFJ186304-670557,205.52,5.916666666666667,0.0,0.0,1
S508598M-8110553,205.51,7.541666666666667,152.51,6.0,0
S402807M-8102807,205.45,0.0,0.0,0.0,1
S507463M,205.39,1.0416666666666667,0.0,0.0,1
S509309M-8130026,205.31,5.458333333333333,149.31,12.0,0
NH10322M-001968458,204.21,0.7916666666666666,154.21,0.0,0
S509814M-6318019,204.06,9.958333333333334,0.0,0.0,1
HFJ183425-580829,203.5,5.416666666666667,0.0,0.0,1
S509748M-6315891,203.43,6.291666666666667,0.0,0.0,1
NH10554M-001992249,203.19,7.291666666666667,152.19,2.0,0
5800461M-728325649,203.13,3.5833333333333335,0.0,0.0,1
S402933M-8117893,202.94,6.833333333333333,152.94,0.0,0
S204880M-6317207,202.36,2.9166666666666665,0.0,0.0,1
NH10369M-001967113,201.97,4.083333333333333,0.0,0.0,1
FNH0B90BNHHH01922,201.69,3.375,0.0,0.0,1
S307097M-6308655,201.61,3.9583333333333335,186.61,70.0,0
4100038M,201.6,0.0,0.0,0.0,1
S508938M-8125655,201.57,7.041666666666667,124.57,54.0,0
NH1680336-431509DT,201.49,5.666666666666667,0.0,0.0,1
S509758M-6315483,201.36,6.0,0.0,0.0,1
NH11112M-002144644,201.34,9.916666666666666,191.34,80.0,0
5800752M-727343325,201.26,1.4166666666666667,0.0,0.0,1
S307165M-6316783,200.4,0.0,0.0,0.0,1
5801838M-727450081,200.33,3.9583333333333335,190.33,80.0,0
S509338M-8131376,200.26,6.0,119.25999999999999,62.0,0
5801406M-727376326,200.06,6.125,150.06,0.0,0
5801039M-728352455,199.93,3.1666666666666665,0.0,0.0,1
4100586M-002192993,199.54,5.791666666666667,0.0,0.0,1
S508533M-8108245,199.33,6.625,146.33,6.0,0
JX1730230-481180DT,199.2,3.4583333333333335,189.2,80.0,0
HFJ185771-650535,199.19,6.625,156.19,14.000000000000002,0
LSM0W40RTP0310823,199.05,7.541666666666667,0.0,0.0,1
NH09524M,198.99,2.125,0.0,0.0,1
4100375M-002044342,198.83,6.0,139.83,18.0,0
S509878M-6319742,198.79,5.5,0.0,0.0,1
5801628M-727427930,198.69,7.083333333333333,188.69,80.0,0
NH11184M-002229792,198.62,3.75,0.0,0.0,1
S204836M-6308500,198.6,4.916666666666667,0.0,0.0,1
S509426M-8133109,198.55,6.791666666666667,146.55,4.0,0
S306276M-8089775,198.48,1.25,0.0,0.0,1
HFJ185729-644144,198.28,3.75,184.28,72.0,0
S509745M-6316043,198.12,4.0,188.12,80.0,0
S509289M-8130086,197.94,6.458333333333333,135.94,24.0,0
5802012M-728483651,197.89,1.8333333333333333,0.0,0.0,1
HFJ186132-665530,197.77,5.208333333333333,181.77,68.0,0
NH10906M-002098679,197.72,10.166666666666666,185.72,76.0,0
S204776M-8118079,197.71,7.208333333333333,139.71,16.0,0
5800840M-727354093,197.09,3.0416666666666665,0.0,0.0,1
S307175M-6317187,197.02,26.166666666666668,0.0,0.0,1
JXT1676920-424694DT,196.98,6.333333333333333,0.0,0.0,1
NH09853M,196.93,6.125,143.93,6.0,0
S509200M-8129076,196.85,6.5,146.85,0.0,0
S306758M-8109788,196.38,0.125,0.0,0.0,1
H101248M-8102119,196.33,0.0,0.0,0.0,1
S509861M-6320615,196.06,22.0,0.0,0.0,1
S204835M-6308502,195.91,6.791666666666667,0.0,0.0,1
NH10213M-001943103,195.55,4.625,0.0,0.0,1
5802043M-727486981,195.24,2.3333333333333335,0.0,0.0,1
NH11192M-002209650,194.9,3.9166666666666665,0.0,0.0,1
S508572M-8108765,194.68,5.583333333333333,109.68,70.0,0
S509235M-8130103,194.63,6.416666666666667,122.63,44.0,0
H101278M-8109808,194.55,1.5416666666666667,49.55000000000001,190.0,0
S508677M-8110570,193.9,6.458333333333333,141.9,4.0,0
HFJ186086-663028,193.58,4.5,176.58,66.0,0
NH10927M-002107110,193.51,5.125,173.51,60.0,0
HFJ185645-645940,193.02,8.416666666666666,180.02,74.0,0
S509568M-6308238,192.91,4.416666666666667,178.91,72.0,0
1P05715XTN4037490,192.23,2.125,0.0,0.0,1
NH10843M-002075619,191.97,6.375,141.97,0.0,0
NH11132M-002192996,191.43,5.291666666666667,0.0,0.0,1
HFJ186425-673933,191.25,3.625,0.0,0.0,1
5801303M-728351405,191.1,3.875,124.1,34.0,0
S307018M-8122570,190.99,4.166666666666667,180.99,80.0,0
S509864M-6320680,190.89,9.0,0.0,0.0,1
HFJ186252-667641,190.82,7.416666666666667,0.0,0.0,1
4100527M-002145272,190.77,7.416666666666667,137.77,6.0,0
S508798M-8123301,190.43,6.583333333333333,138.43,4.0,0
NKJ0B80CHRKH41751,190.0,0.4166666666666667,0.0,0.0,1
4100422M-002054910,189.97,5.083333333333333,104.97,70.0,0
4100682M-002231875,189.78,5.583333333333333,179.78,80.0,0
4100643M-002219287,189.7,5.125,0.0,0.0,1
HFJ185915-657453,189.63,6.25,119.63,40.0,0
NH1691042-441536DT,189.54,3.0833333333333335,0.0,0.0,1
NH1680690-431837DT,189.08,6.0,0.0,0.0,1
5801878M-728437526,188.94,23.083333333333332,0.0,0.0,1
S509862M-6320612,188.38,7.125,0.0,0.0,1
S508228M,188.3,0.0,0.0,0.0,1
S306934M-8121006,188.25,5.0,166.25,56.00000000000001,0
5801697M-728420259,188.11,6.291666666666667,138.11,0.0,0
S204547M-8085865,188.06,1.2083333333333333,0.0,0.0,1
S306325M,188.0,0.0,0.0,0.0,1
S508042M-8099773,187.96,6.583333333333333,143.96,12.0,0
4100608M-002163741,187.12,6.291666666666667,0.0,0.0,1
S402827M-8105973,187.06,4.0,0.0,0.0,1
S509765M-6315573,186.97,3.2083333333333335,0.0,0.0,1
5801190M-727350195,186.87,0.0,0.0,0.0,1
NH09686M-001817480,186.72,1.2916666666666667,0.0,0.0,1
S204781M-8117601,186.69,3.7083333333333335,172.69,72.0,0
S508342M-8107835,186.32,4.791666666666667,136.32,0.0,0
S402899M-8113425,186.25,4.583333333333333,127.25,18.0,0
S509789M-6315346,185.71,4.083333333333333,0.0,0.0,1
S204768M-8117800,185.58,6.0,117.58000000000001,36.0,0
NH10275M-001896438,185.32,0.2916666666666667,0.0,0.0,1
HFJ186073-664643,184.71,4.416666666666667,95.71000000000001,78.0,0
S509479M-6302797,184.64,6.333333333333333,169.64,70.0,0
LSMF50BRCP0310208-RC230191,184.52,5.5,0.0,0.0,1
5801914M-727473610,184.31,9.0,0.0,0.0,1
4100176M-001963907,184.3,5.208333333333333,0.0,0.0,1
NH10939M-002135115,183.82,4.416666666666667,129.82,8.0,0
HFJ185955-658611,183.82,6.875,134.82,2.0,0
S509873M-6319593,183.65,5.166666666666667,0.0,0.0,1
S509194M-8129581,183.59,5.708333333333333,133.59,0.0,0
S403067M-6318372,183.58,28.791666666666668,173.58,80.0,0
S509859M-6320601,183.12,7.0,0.0,0.0,1
S204783M-8117473,183.07,6.0,111.07,44.0,0
S402663M-8086483,183.07,2.2083333333333335,0.0,0.0,1
S509865M-6320630,182.86,8.708333333333334,0.0,0.0,1
LSM0W40RKP0310825-GB230196,182.71,5.375,0.0,0.0,1
S509430M-8131469,182.31,6.083333333333333,135.31,6.0,0
S508825M-8122192,182.15,5.541666666666667,48.150000000000006,168.0,0
5801770M-727439433,181.91,5.291666666666667,135.91,8.0,0
T051237M-715468415,181.73,2.125,134.73,6.0,0
4100511M-002130867,181.7,5.625,136.7,10.0,0
S509773M-6315314,181.7,1.9583333333333333,0.0,0.0,1
S509887M-6321686,181.66,3.875,0.0,0.0,1
5801768M-727439516,181.64,6.041666666666667,131.64,0.0,0
ZPAF50093-621629,181.54,5.791666666666667,0.0,0.0,1
S306992M-8122386,181.47,3.75,171.47,80.0,0
H101297M-8122383,181.01,4.916666666666667,120.00999999999999,22.0,0
NH10481M-001945433,180.97,6.75,170.97,80.0,0
S306784M-8114338,180.95,8.0,156.95,52.0,0
S509467M-6302437,180.84,4.958333333333333,170.84,80.0,0
S307015M-8122569,180.52,7.583333333333333,170.52,80.0,0
S509882M-6320434,180.48,5.708333333333333,0.0,0.0,1
5801952M-727473613,180.25,9.791666666666666,0.0,0.0,1
S509666M-6304901,180.18,7.916666666666667,152.18,44.0,0
S509914M-6319591,180.09,0.7083333333333334,0.0,0.0,1
NH10152M-001957348,180.09,6.083333333333333,170.09,80.0,0
HFJ186362-672101,180.01,8.083333333333334,0.0,0.0,1
4100637M-002219495,179.92,9.375,0.0,0.0,1
S509946M-6320306,179.72,1.25,0.0,0.0,1
5801960M-727476481,179.68,6.625,0.0,0.0,1
HFJ185515-641503,179.55,6.708333333333333,127.55000000000001,4.0,0
S508869M-8124542,179.53,2.875,102.53,54.0,0
S508856M-8121280,179.29,7.416666666666667,100.28999999999999,57.99999999999999,0
4100553M-002156985,179.23,4.916666666666667,166.23,74.0,0
S509925M-6317803,178.93,5.5,0.0,0.0,1
S307067M-6304250,178.92,3.8333333333333335,165.92,74.0,0
4100445M-002053438,178.69,5.458333333333333,121.69,14.000000000000002,0
NH11224M-002166721,178.34,0.6666666666666666,0.0,0.0,1
S204785M-8117471,178.28,4.166666666666667,165.28,74.0,0
S306409M-8093816,178.24,1.2916666666666667,0.0,0.0,1
HFJ186084-662981,178.16,8.208333333333334,156.16,56.00000000000001,0
JX1719293-470122DT,177.97,6.75,0.0,0.0,1
4100222M-002028528,177.6,0.875,0.0,0.0,1
4100655M-002224807,177.36,10.291666666666666,0.0,0.0,1
HFJ182848-559110,177.22,2.6666666666666665,0.0,0.0,1
S508233M-8103394,177.17,0.0,0.0,0.0,1
S508344M-8108168,177.09,2.0833333333333335,0.0,0.0,1
S402958M,177.01,5.541666666666667,119.00999999999999,16.0,0
S509509M-6302898,176.87,6.208333333333333,118.87,16.0,0
HFJ186179-666039,176.76,2.5,166.76,80.0,0
S509693M-6304844,176.69,5.708333333333333,0.0,0.0,1
NH11178M-002227642,176.37,5.25,0.0,0.0,1
T050436M,176.37,3.375,0.0,0.0,1
HFJ186200-666641,176.26,4.291666666666667,144.26,36.0,0
S509601M-6304442,175.94,5.041666666666667,164.94,78.0,0
HFJ182709-542512,175.9,2.3333333333333335,0.0,0.0,1
S509734M-6315711,175.38,4.625,0.0,0.0,1
S509904M-6317671,175.37,4.583333333333333,0.0,0.0,1
S403066M-6315231,174.96,6.791666666666667,0.0,0.0,1
NH11148M-002219111,174.56,4.166666666666667,0.0,0.0,1
HFJ184544-612196,174.44,3.75,64.44,120.0,0
NH10892M-002111695,174.09,5.458333333333333,128.09,8.0,0
NH10333M-001924114,173.76,0.625,0.0,0.0,1
S204699M-8106346,172.86,0.6666666666666666,124.86000000000001,4.0,0
4100697M-002236416,172.66,0.08333333333333333,0.0,0.0,1
5801906M-727452912,172.64,16.333333333333332,0.0,0.0,1
HFJ185489-639952,172.29,3.8333333333333335,0.0,0.0,1
S306956M-8120997,172.11,4.5,140.11,36.0,0
S402912M-8114088,172.09,4.916666666666667,141.09,38.0,0
4100470M-002092926,172.05,4.208333333333333,0.0,0.0,1
NH11167M-002203324,171.97,8.041666666666666,0.0,0.0,1
NH10578M-002020824,171.6,0.9166666666666666,161.6,80.0,0
NH10819M-002038933,171.58,5.333333333333333,121.58000000000001,0.0,0
S509910M-6319662,171.54,3.2083333333333335,0.0,0.0,1
S509465M-6302406,171.48,7.25,143.48,44.0,0
S509827M-6318384,171.38,11.458333333333334,0.0,0.0,1
S509863M-6320625,171.28,11.25,0.0,0.0,1
NH1680399-431370DT,171.26,4.583333333333333,0.0,0.0,1
S509851M-6320682,171.25,2.4583333333333335,0.0,0.0,1
NH10408M-001963593,171.22,1.0,0.0,0.0,1
NH11176M-002224806,171.06,10.0,0.0,0.0,1
5801821M-727448386,171.04,15.0,0.0,0.0,1
4100360M-002035533,171.03,7.375,117.03,8.0,0
H101210M-8088649,170.87,6.875,116.87,8.0,0
JXT1645768-396964DT,170.45,4.625,0.0,0.0,1
S509836M-6318161,170.37,1.9166666666666667,0.0,0.0,1
S402907M-8113323,170.3,3.375,70.30000000000001,100.0,0
5801911M-727473614,170.15,6.541666666666667,0.0,0.0,1
S307137M-6309776,170.07,0.25,0.0,0.0,1
S402955M,170.03,3.5416666666666665,73.03,94.0,0
NH10836M-002076683,169.72,4.208333333333333,95.72,48.0,0
5801709M-727430771,169.49,5.708333333333333,114.49000000000001,10.0,0
S403082M-6320628,169.33,36.916666666666664,0.0,0.0,1
4100636M-002219025,169.26,33.375,0.0,0.0,1
S509582M-6305187,168.49,4.916666666666667,156.49,76.0,0
5802062M-728483235,168.38,9.166666666666666,0.0,0.0,1
T051074M-715441865,168.32,8.5,116.32,4.0,0
S204760M-8116192,168.31,6.041666666666667,76.31,84.0,0
5801913M-727473464,168.12,3.8333333333333335,0.0,0.0,1
S509805M-6318357,167.32,2.7916666666666665,152.32,70.0,0
4100455M-002050254,167.2,5.5,117.19999999999999,0.0,0
5800889M-727351256,166.97,0.0,0.0,0.0,1
NH1672286-422586DT,166.91,4.625,0.0,0.0,1
NH11233M-002171711,166.86,3.75,0.0,0.0,1
T051158M-715449302,166.69,5.833333333333333,0.0,0.0,1
S306994M-8122399,166.42,4.166666666666667,156.42,80.0,0
S509879M-6319741,166.23,3.25,0.0,0.0,1
T051119M-715445320,165.28,5.583333333333333,0.0,0.0,1
H101310M-8124454,165.2,8.791666666666666,103.19999999999999,24.0,0
HCCZ3803LRCG78916-8134758,165.14,4.208333333333333,0.0,0.0,1
HFJ185727-647668,165.01,6.0,104.00999999999999,22.0,0
NH10300M,165.0,0.0,0.0,0.0,1
NH10845M-00200085698,164.98,4.208333333333333,103.97999999999999,22.0,0
S508760M-8120976,164.7,6.25,117.69999999999999,6.0,0
S306304M-8088665,164.58,3.375,0.0,0.0,1
S509917M-6317674,164.24,3.0,0.0,0.0,1
S307133M-6309871,164.19,1.9166666666666667,0.0,0.0,1
T050394M-715375871,164.05,4.75,0.0,0.0,1
NH10760M-002034671,163.97,4.333333333333333,95.97,36.0,0
HFJ185814-652489,163.77,4.125,101.77000000000001,24.0,0
S509931M-6317911,163.74,4.666666666666667,0.0,0.0,1
6425,163.64,29.041666666666668,0.0,0.0,1
S306909M-8123755,163.55,3.2916666666666665,132.55,38.0,0
S306714M-8107273,163.53,0.0,0.0,0.0,1
S509645M-6307978,163.37,5.666666666666667,0.0,0.0,1
S509577M-6306461,163.33,9.75,0.0,0.0,1
HFJ186140-664961,163.32,2.6666666666666665,140.32,54.0,0
HFJ186091-663011,163.17,4.208333333333333,87.16999999999999,52.0,0
5801522M-728383067,163.12,5.791666666666667,113.12,0.0,0
4100518M-002152381,163.0,1.375,130.0,34.0,0
S509304M-8130013,162.83,4.083333333333333,150.83,76.0,0
NH10120M-001940349,162.76,1.2083333333333333,0.0,0.0,1
NKJ0B80CARKH41715,162.19,3.7083333333333335,112.19,0.0,0
S306212M-8085862,162.11,0.0,0.0,0.0,1
S510020M-6320224,161.82,0.75,0.0,0.0,1
S509953M-6319877,161.69,0.0,0.0,0.0,1
4100572M-002166305,161.49,0.0,137.49,52.0,0
NH11222M-002171037,160.83,5.833333333333333,0.0,0.0,1
5801965M-727477989,160.78,16.5,0.0,0.0,1
HFJ186253-667637,160.48,0.125,110.47999999999999,0.0,0
S509777M-6315230,160.17,9.416666666666666,0.0,0.0,1
HFJ182910,159.83,0.0,0.0,0.0,1
S306295M,159.56,1.4583333333333333,0.0,0.0,1
S204721M-8108769,159.49,5.0,57.49000000000001,104.0,0
S508212M-8105096,159.35,0.0,0.0,0.0,1
5801956M-727473769,159.12,9.0,0.0,0.0,1
S307152M-6316923,159.1,5.916666666666667,0.0,0.0,1
ZNJF01509,159.03,6.458333333333333,0.0,0.0,1
NH11227M-002243091,158.95,3.0833333333333335,0.0,0.0,1
S509141M-8127473,158.79,2.625,97.78999999999999,22.0,0
S509847M-002227643,158.58,4.166666666666667,0.0,0.0,1
NH10572M-002028076,158.14,3.25,148.14,80.0,0
S509243M-8130076,157.72,5.041666666666667,87.72,40.0,0
5801742M-728437372,157.7,3.375,131.7,48.0,0
FNH0B90BNZHH03925,157.67,1.1666666666666667,0.0,0.0,1
S508464M-8107844,157.46,4.666666666666667,77.46000000000001,60.0,0
T051081M-715442126,157.13,7.333333333333333,96.13,22.0,0
S509448M-8130643,156.96,6.75,103.96000000000001,6.0,0
NKJ1107EAPKT06350-47-395192,156.9,3.25,0.0,0.0,1
5801953M-727473125,156.88,4.666666666666667,0.0,0.0,1
HFJ185907-657340,156.76,3.25,134.76,56.00000000000001,0
5801403M-727378054,156.69,5.041666666666667,101.69,10.0,0
4100683M-002224792,156.65,8.0,0.0,0.0,1
S204875M-6317210,156.25,28.666666666666668,0.0,0.0,1
S306680M-8107277,156.16,4.333333333333333,87.16,38.0,0
5800770M-727345951,155.56,2.0416666666666665,0.0,0.0,1
S402996M-8131982,155.39,4.375,105.38999999999999,0.0,0
S509806M-6318386,155.26,6.083333333333333,0.0,0.0,1
NH11179M-002229430,155.25,5.333333333333333,145.25,80.0,0
4100573M-002163625,155.2,4.166666666666667,0.0,0.0,1
S403023M-6302475,154.49,5.375,94.49000000000001,20.0,0
S307070M-6304216,154.42,5.791666666666667,144.42,80.0,0
S307091M-6306243,153.97,0.041666666666666664,103.97,0.0,0
S509583M-6305021,153.89,4.416666666666667,136.89,66.0,0
HFJ184227-600340,153.56,5.416666666666667,104.56,2.0,0
S509341M-8131384,153.13,2.6666666666666665,106.13,6.0,0
NH11109M-002189329,153.03,5.958333333333333,139.03,72.0,0
S509912M-6319665,152.93,0.2916666666666667,0.0,0.0,1
NH10144M-001870230,152.83,1.7916666666666667,0.0,0.0,1
S306837M-8117604,152.65,3.4166666666666665,65.65,74.0,0
S403039M-6304704,152.35,4.791666666666667,110.35,16.0,0
S509820M-6317954,152.21,6.166666666666667,0.0,0.0,1
NH11197M-002231847,152.07,1.75,0.0,0.0,1
NKJ0B80CAPKH36561-48-414281,151.95,5.333333333333333,93.94999999999999,16.0,0
S509759M-6315484,151.85,0.5,0.0,0.0,1
HFJ186194-666791,151.73,6.166666666666667,133.73,64.0,0
S510016M-6320238,151.67,5.25,0.0,0.0,1
S306825M-8114142,151.53,4.291666666666667,69.53,64.0,0
S510039M-6324601,151.45,1.8333333333333333,0.0,0.0,1
S509554M-6306566,151.36,2.7083333333333335,114.36000000000001,26.0,0
4100633M-002219100,151.36,5.958333333333333,0.0,0.0,1
S307198M-6317713,151.12,3.3333333333333335,0.0,0.0,1
4100361M-002035514,150.93,7.125,100.93,0.0,0
4100692M-002236012,150.85,7.0,0.0,0.0,1
5801429M-727381249,150.62,4.541666666666667,99.62,2.0,0
NH11156M-002191677,150.37,6.333333333333333,0.0,0.0,1
4100600M-002192796,150.32,5.833333333333333,0.0,0.0,1
S509223M-8129067,150.31,4.583333333333333,9.310000000000002,182.0,0
S509972M-6319968,150.14,4.916666666666667,0.0,0.0,1
S204788M-8114120,150.1,4.166666666666667,135.1,70.0,0
S508363M-8107856,149.7,0.0,0.0,0.0,1
4100658M-002224799,149.66,16.458333333333332,0.0,0.0,1
NH1698221-449193DT,149.6,10.083333333333334,0.0,0.0,1
S508843M-8121282,149.47,5.833333333333333,132.47,66.0,0
NH1693854-444674DT,149.46,6.208333333333333,0.0,0.0,1
ZPAF50069-620889,149.4,0.0,0.0,0.0,1
5802039M-728483647,149.25,1.5833333333333333,0.0,0.0,1
HFJ184455-610250,149.15,2.25,0.0,0.0,1
S307180M-6317178,149.04,2.5833333333333335,0.0,0.0,1
4100653M-002236005,149.0,7.75,0.0,0.0,1
S403010M-8133162,148.48,2.8333333333333335,124.47999999999999,52.0,0
LSM0W40RAP0310829-GB230217,148.45,4.458333333333333,0.0,0.0,1
S306323M-8089617,148.4,1.4583333333333333,0.0,0.0,1
NH11223M-002171041,148.23,0.6666666666666666,0.0,0.0,1
5801475M,148.19,4.791666666666667,92.19,12.0,0
HFJ185921-657704,148.15,1.4166666666666667,138.15,80.0,0
S507973M-8097178,148.11,5.958333333333333,97.11000000000001,2.0,0
HFJ186052-660446,147.77,4.458333333333333,105.77000000000001,16.0,0
5801348M-727370997,147.43,4.708333333333333,83.43,28.000000000000004,0
4100587M-002192874,147.41,1.3333333333333333,137.41,80.0,0
S509002M-8123930,147.2,4.541666666666667,87.19999999999999,20.0,0
S508644M-8113330,147.2,3.875,100.19999999999999,6.0,0
S508402M-8107861,147.02,1.5833333333333333,0.0,0.0,1
S509000M-8123918,146.99,3.4166666666666665,136.99,80.0,0
S509844M-6318362,146.97,0.875,0.0,0.0,1
HFJ185946-657891,146.85,4.041666666666667,0.0,0.0,1
HFJ185656-644795,146.65,1.4583333333333333,0.0,0.0,1
HFJ186312-670710,146.64,4.75,0.0,0.0,1
LSM0W40RVP0310764-GB230129,146.59,4.458333333333333,0.0,0.0,1
S510032M-6323482,146.58,2.25,0.0,0.0,1
5801711M-727430772,146.32,6.5,97.32,2.0,0
NH11228M-002231877,146.3,1.9166666666666667,0.0,0.0,1
S508684M-8114094,146.05,2.4166666666666665,129.05,66.0,0
5801987M-727480793,145.91,1.5416666666666667,0.0,0.0,1
5801180M-728366590,145.85,0.0,0.0,0.0,1
ZNJF01511,145.71,4.583333333333333,0.0,0.0,1
5801828M-728437639,145.65,4.75,0.0,0.0,1
S307102M-6308604,145.03,4.083333333333333,0.0,0.0,1
S508009M-8095791,144.69,4.541666666666667,94.69,0.0,0
S508475M-8107855,144.68,5.291666666666667,94.68,0.0,0
S204627M-8097595,144.5,3.4166666666666665,95.5,2.0,0
NH11136M-002192997,144.33,2.5416666666666665,0.0,0.0,1
S509907M-6319755,144.08,1.3333333333333333,0.0,0.0,1
LSM0B25REP0310438-309693,144.03,5.958333333333333,52.03,84.0,0
JX1721733-471864DT,144.01,3.2083333333333335,130.01,72.0,0
S204759M-8109011,143.92,3.5833333333333335,94.91999999999999,2.0,0
S306869M-8119212,143.92,3.8333333333333335,85.91999999999999,16.0,0
HFJ186211-667092,143.68,8.166666666666666,133.68,80.0,0
H101220M-8093801,143.44,2.875,0.0,0.0,1
S204744M-8113308,143.4,4.083333333333333,75.4,36.0,0
S307158M-6316942,143.36,2.4166666666666665,0.0,0.0,1
S508686M-8114098,143.32,4.333333333333333,45.31999999999999,96.0,0
5800822M-727348220,143.26,0.2916666666666667,8.259999999999991,170.0,0
S204815M-8123229,143.17,4.25,115.16999999999999,44.0,0
S204541M-8085869,143.12,0.0,0.0,0.0,1
S508826M-8122220,142.91,3.3333333333333335,108.91,32.0,0
5800459M-728325644,142.65,1.0,0.0,0.0,1
5802038M-728483322,142.53,3.0416666666666665,0.0,0.0,1
NH11189M-002203322,142.26,3.5833333333333335,0.0,0.0,1
NH11226M-002243070,142.08,5.5,0.0,0.0,1
H101245M-8102828,142.02,2.9166666666666665,0.0,0.0,1
4100704M-002235811,141.92,0.0,0.0,0.0,1
NH10931M-002142915,141.62,1.0,131.62,80.0,0
NH10893M-002110345,141.45,4.958333333333333,112.44999999999999,42.0,0
T051359M-715473591,141.28,3.8333333333333335,0.0,0.0,1
5801958M-727477232,141.13,16.666666666666668,0.0,0.0,1
NH11116M-002164208,141.07,3.9166666666666665,0.0,0.0,1
S508590M-8110408,141.05,5.5,90.05000000000001,2.0,0
4100635M-002219006,141.05,3.0833333333333335,0.0,0.0,1
HFJ186099-658928,140.87,2.9166666666666665,130.87,80.0,0
HFJ185810-652826,140.83,3.7916666666666665,107.83000000000001,34.0,0
S509553M-6306567,140.56,4.083333333333333,126.56,72.0,0
H101302M-8122577,139.65,4.333333333333333,89.65,0.0,0
S509404M-8131473,139.45,5.208333333333333,110.44999999999999,42.0,0
S509496M-6302877,139.39,3.6666666666666665,122.38999999999999,66.0,0
H101305M-8122565,139.28,4.25,115.28,52.0,0
H101313M-8124450,139.04,4.958333333333333,117.03999999999999,56.00000000000001,0
T050577M,138.98,1.875,0.0,0.0,1
T051300M-715474297,138.69,3.5833333333333335,0.0,0.0,1
S508445M-8108180,138.57,2.4583333333333335,87.57,2.0,0
S307182M-6317189,138.27,1.0,0.0,0.0,1
S508981M-8123929,137.23,3.9166666666666665,57.22999999999999,60.0,0
5801730M-728436786,136.74,1.375,73.74000000000001,26.0,0
S307066M-6304388,136.56,5.541666666666667,43.56,86.0,0
S508482M,136.4,1.5,76.4,20.0,0
HCCZ3803CRCG79004-8134759,136.38,3.2916666666666665,0.0,0.0,1
H101286M-8114349,136.22,3.75,53.22,66.0,0
S508849M-8121154,136.09,3.5833333333333335,71.09,30.0,0
S306795M-8114353,136.04,0.0,80.03999999999999,12.0,0
S204628M-8097610,135.53,1.875,0.0,0.0,1
NH09745M-001865717,135.43,4.041666666666667,85.43,0.0,0
S306982M-8123759,134.78,3.2083333333333335,72.78,24.0,0
4100585M-002192798,134.65,0.8333333333333334,124.65,80.0,0
2255000059,134.51,0.5833333333333334,0.5099999999999909,168.0,0
5801998M-728483630,134.28,3.75,0.0,0.0,1
S403009M-8131980,134.19,4.333333333333333,113.19,57.99999999999999,0
S307068M-6304249,134.13,4.458333333333333,34.129999999999995,100.0,0
S509843M-6318199,133.94,10.666666666666666,0.0,0.0,1
NH10613M-002027913,133.6,4.583333333333333,79.6,8.0,0
H101221M-8093467,133.59,2.0833333333333335,0.0,0.0,1
S307115M-6307813,133.44,4.083333333333333,0.0,0.0,1
4100524M-002150141,133.34,4.333333333333333,0.0,0.0,1
NH10977M-002132314,133.31,3.7916666666666665,95.31,24.0,0
S402968M-8122478,133.06,4.333333333333333,79.06,8.0,0
5802082M-728495599,132.87,2.9166666666666665,0.0,0.0,1
S509333M-8130061,132.82,1.9166666666666667,122.82,80.0,0
S509916M-6317675,132.62,1.125,121.62,78.0,0
T050301M,132.54,0.0,0.0,0.0,1
S510137M-6326033,132.38,0.0,0.0,0.0,1
S508875M,132.09,4.166666666666667,47.09,70.0,0
S403078M-6320613,132.09,2.875,0.0,0.0,1
NH1644928-396341DT,131.87,3.3333333333333335,0.0,0.0,1
S509070M-8125753,131.82,4.291666666666667,81.82,0.0,0
NH7700356-451304DX,131.38,13.291666666666666,0.0,0.0,1
5801868M-727453247,131.34,4.041666666666667,0.0,0.0,1
5801824M-727450080,131.13,7.625,0.0,0.0,1
HFJ185543-642101,131.07,3.4166666666666665,81.07,0.0,0
S403014M-8133161,131.07,4.666666666666667,62.06999999999999,38.0,0
5801651M-727428194,130.72,5.958333333333333,112.72,64.0,0
H101317M-8124463,130.35,5.125,80.35,0.0,0
HFJ186137-665271,129.63,2.7916666666666665,90.63,22.0,0
S402722M-8094813,129.54,2.5,0.0,0.0,1
S509671M-6304557,129.47,3.9583333333333335,82.47,6.0,0
HFJ185808-652392,129.33,4.041666666666667,79.33000000000001,0.0,0
NH11202M-002167304,129.08,3.7083333333333335,0.0,0.0,1
S306813M-8116071,128.58,0.4166666666666667,3.5800000000000125,150.0,0
S509995M-6320394,128.44,1.0,0.0,0.0,1
H101314M-8124451,128.38,4.541666666666667,0.0,15.5,0
S507697M-8086739,128.19,2.0416666666666665,0.0,0.0,1
S509934M-6317913,127.85,3.4166666666666665,0.0,0.0,1
S509389M-8131692,127.68,4.25,71.68,12.0,0
S306625M-8106355,127.68,2.5833333333333335,71.68,12.0,0
HFJ186305-670504,127.66,3.3333333333333335,0.0,0.0,1
T051165M-715448226,127.21,5.208333333333333,93.21,32.0,0
S306696M,127.09,0.0,77.09,0.0,0
S509618M-6304457,127.02,3.6666666666666665,0.0,0.0,1
5801428M-727378050,126.76,2.7083333333333335,0.0,0.0,1
5801812M-727449245,126.72,4.083333333333333,112.72,72.0,0
5801436M-727383647,126.69,3.7916666666666665,86.69,20.0,0
S509692M-6304842,126.26,4.375,79.26,6.0,0
NH11230M-002171709,126.17,6.166666666666667,0.0,0.0,1
HFJ185512-640289,126.16,3.0,75.16,2.0,0
862407066115530,126.01,6.0,0.0,0.0,1
HFJ186429-673814,125.96,3.5,0.0,0.0,1
HFJ185816-652958,125.73,2.0,103.73,56.00000000000001,0
S509849M-6320629,125.31,5.416666666666667,0.0,0.0,1
LSM0W40RTP0310742-GB230134,124.97,4.291666666666667,0.0,0.0,1
NH11111M-002148828,124.9,2.7916666666666665,75.9,2.0,0
4100684M-002231876,124.88,2.9166666666666665,0.0,0.0,1
S509815M-6318021,124.72,0.0,0.0,0.0,1
HFJ186070-664619,124.52,4.166666666666667,114.52,80.0,0
NH1699006-449896DT,124.51,1.3333333333333333,0.0,0.0,1
S307117M-6308031,124.21,2.625,0.0,0.0,1
S509376M-8131398,124.13,5.208333333333333,43.129999999999995,62.0,0
S204767M-8116089,123.73,0.041666666666666664,104.73,62.0,0
S509791M-6315108,123.7,1.875,0.0,0.0,1
S509939M-6320324,123.59,4.25,0.0,0.0,1
4100706M-002235812,123.41,0.0,0.0,0.0,1
JX1717005-467832DT,123.21,2.7083333333333335,94.21,42.0,0
H101265M-8108203,123.07,2.9166666666666665,67.07,12.0,0
S509420M-8132037,123.02,1.5416666666666667,113.02,80.0,0
5801637M-727428195,122.99,5.25,75.99,6.0,0
HFJ186144-664711,122.71,2.25,107.71,70.0,0
S307148M-6310423,122.44,3.25,0.0,0.0,1
4100659M-002229791,122.42,6.5,0.0,0.0,1
NH11208M-002231836,122.21,4.25,0.0,0.0,1
S509788M-6315415,122.05,2.5416666666666665,0.0,0.0,1
S402906M-8113413,121.85,3.1666666666666665,71.85,0.0,0
S307063M-8130285,121.71,3.4583333333333335,73.71,4.0,0
S307184M-6316840,121.19,0.8333333333333334,0.0,0.0,1
5801983M-727476958,121.09,4.5,0.0,0.0,1
S204621M-8094833,120.79,1.4583333333333333,69.79,2.0,0
S307186M-6316842,120.69,4.583333333333333,0.0,0.0,1
S509667M-6304545,120.68,4.75,0.0,0.0,1
HFJ185978-658983,120.58,2.75,65.58,10.0,0
NH09918M-001902939,120.32,3.6666666666666665,70.32,0.0,0
S509967M-6319958,120.31,6.0,0.0,0.0,1
S509855M-6320678,120.27,8.25,0.0,0.0,1
NH1693228-443951DT,120.26,4.125,0.0,0.0,1
HFJ183988-594729,119.84,2.8333333333333335,69.84,0.0,0
NH11219M-002168305,119.75,5.75,0.0,0.0,1
S508866M-8123938,119.69,4.666666666666667,25.689999999999998,88.0,0
5802011M-728483217,119.36,1.3333333333333333,0.0,0.0,1
NKJ0B80CAPKH34437,119.25,0.7916666666666666,28.25,82.0,0
S509961M-6319956,119.24,4.416666666666667,0.0,0.0,1
T050469M-715375076,119.14,3.5416666666666665,64.14,10.0,0
S509066M-8126648,118.94,3.9166666666666665,81.94,26.0,0
H101306M-8122555,118.73,3.5,68.73,0.0,0
S307203M-6328454,118.42,0.16666666666666666,0.0,0.0,1
5801972M-727477696,118.28,6.583333333333333,0.0,0.0,1
DASSA - 862407062860162 - S509726M-6316131,117.99,2.5,0.0,0.0,1
HFJ182926,117.98,0.6666666666666666,0.0,0.0,1
S204458M-8072366,117.89,0.0,0.0,0.0,1
5800665M-727346773,117.83,0.5416666666666666,45.83,44.0,0
S508744M-8120727,117.63,5.458333333333333,58.629999999999995,18.0,0
5801148M,117.5,0.0,0.0,0.0,1
S403068M-6318360,117.27,3.0833333333333335,0.0,0.0,1
S306941M-8122211,117.21,4.041666666666667,67.21,0.0,0
HFJ185564-643566,117.12,3.4166666666666665,55.120000000000005,24.0,0
HFJ185369-635510,116.54,2.2916666666666665,71.54,10.0,0
NH10207M-001933116,116.33,1.9583333333333333,69.33,6.0,0
S509186M-8129047,116.09,9.291666666666666,67.09,2.0,0
CAT0320DTHFM00328,116.08,0.041666666666666664,0.0,0.0,1
5801489M-728372600,116.03,2.6666666666666665,62.03,8.0,0
4100577M-002168718,115.9,3.4166666666666665,52.900000000000006,26.0,0
S507505M-8086253,115.84,1.0416666666666667,0.0,0.0,1
NH10211M-001930618,115.77,2.3333333333333335,104.77,78.0,0
5802060M-728483233,115.76,5.166666666666667,0.0,0.0,1
S509930M-6317910,115.52,6.083333333333333,0.0,0.0,1
5801001M,115.21,3.8333333333333335,72.21,14.000000000000002,0
S509500M-6302625,115.1,4.125,102.1,74.0,0
S509947M-6320235,114.97,4.166666666666667,0.0,0.0,1
4100688M-002224796,114.9,3.4166666666666665,0.0,0.0,1
5801766M-728436494,114.83,4.916666666666667,66.83,4.0,0
5801985M-727477062,114.46,24.166666666666668,0.0,0.0,1
NH11069M-002167326,114.36,3.2916666666666665,97.36,66.0,0
S403021M-8131375,114.19,2.0416666666666665,104.19,80.0,0
S509929M-6317730,114.16,4.416666666666667,0.0,0.0,1
4100672M-002231160,114.06,2.4166666666666665,0.0,0.0,1
5801425M-727378245,113.94,3.0,63.94,0.0,0
5800909M-728343328,113.64,2.375,0.0,0.0,1
NH1662198-413351DT,113.53,2.5,0.0,0.0,1
S307124M-6307814,113.21,5.333333333333333,0.0,0.0,1
T051301M-715474714,113.18,7.916666666666667,103.18,80.0,0
S306880M-8118084,113.06,2.1666666666666665,0.0,0.0,1
S306931M-8119824,112.76,2.9166666666666665,0.0,0.0,1
NH1696232-446532DT,112.57,13.875,0.0,0.0,1
S508269M-8103288,112.49,0.0,0.0,0.0,1
S204883M-6317205,112.42,0.0,0.0,0.0,1
JX1719313-470181DT,112.41,1.5,102.41,80.0,0
S510046M-6322088,111.83,0.0,0.0,0.0,1
ZPBE20983,111.81,3.4583333333333335,0.0,0.0,1
S306491M-8101298,111.75,1.75,0.0,0.0,1
NH1709497-NH1709497-460125DT,111.31,4.75,0.0,0.0,1
S509122M-8128267,111.18,4.166666666666667,51.18000000000001,20.0,0
S509952M-6320237,111.03,6.833333333333333,0.0,0.0,1
NH09812M-1870198,110.98,1.6666666666666667,0.0,0.0,1
S508327M-8101784,110.74,0.0,0.0,0.0,1
HFJ184223-600524,110.47,3.0833333333333335,53.47,14.000000000000002,0
NH11068M-002167324,110.32,4.333333333333333,43.31999999999999,34.0,0
5801999M-728483627,110.24,4.916666666666667,0.0,0.0,1
HFJ186175-666297,110.21,4.75,100.21,80.0,0
T050530M-715379691,109.95,0.08333333333333333,0.0,0.0,1
S509928M-6317729,109.66,8.916666666666666,0.0,0.0,1
S509926M-6317728,109.55,5.916666666666667,0.0,0.0,1
S402746M-8097131,109.52,0.3333333333333333,0.0,0.0,1
S509927M-6317727,109.38,7.416666666666667,0.0,0.0,1
S204765M-8113317,109.29,3.4166666666666665,62.290000000000006,6.0,0
S507962M-8097224,109.17,0.125,97.17,76.0,0
NH11190M-002231161,109.08,1.3333333333333333,0.0,0.0,1
S507839M-8094821,108.9,0.0,0.0,0.0,1
S307140M-6310081,108.51,1.4166666666666667,0.0,0.0,1
HFJ186118-665414,108.47,1.4583333333333333,76.47,36.0,0
4100666M-002224808,108.14,5.75,0.0,0.0,1
NH8691496-441851DT,107.72,2.5416666666666665,0.0,0.0,1
S509127M-8127451,107.62,3.0833333333333335,63.620000000000005,12.0,0
NH11119M-002165602,107.41,4.916666666666667,97.41,80.0,0
HFJ186584-683252,107.38,2.3333333333333335,0.0,0.0,1
S204889M-6317319,107.23,3.0833333333333335,0.0,0.0,1
T051014M-715407046,107.17,3.25,91.17,68.0,0
4100568M-002163626,107.05,2.25,74.05,34.0,0
5802026M-728483714,106.95,2.7916666666666665,0.0,0.0,1
LSM0W40RHP0310705-6B230069,106.8,1.9583333333333333,0.0,0.0,1
4100080M-001901670,106.78,3.6666666666666665,58.78,4.0,0
S204774M-8119222,106.53,2.9583333333333335,63.53,14.000000000000002,0
HFJ186336-671863,106.51,0.0,0.0,0.0,1
S204855M-6309935,106.32,3.875,0.0,0.0,1
NH10934M-002135349,106.18,0.16666666666666666,0.0,0.0,1
4100384M-002053767,105.86,1.5833333333333333,55.86,0.0,0
5800776M,105.75,3.0416666666666665,65.75,20.0,0
ZNJF01731,105.16,0.041666666666666664,0.0,0.0,1
S508725M-8117906,105.08,0.041666666666666664,0.0,0.0,1
NH5419817,104.94,3.9583333333333335,0.0,0.0,1
S307196M-6317845,104.9,0.08333333333333333,0.0,0.0,1
NKJ0B80CPPKH33507-48-395670,104.47,2.9166666666666665,16.47,76.0,0
S306320M-8089614,104.43,3.25,75.43,42.0,0
S508394M-8107464,104.23,0.0,0.0,0.0,1
4100349M-002034662,103.92,2.625,50.92,6.0,0
LSM0W40RAP0310703-GB230067,103.76,1.625,0.0,0.0,1
5801876M-728436790,103.75,3.75,80.75,54.0,0
S204868M-6317206,103.67,2.4166666666666665,0.0,0.0,1
S509821M-6317955,103.03,5.666666666666667,0.0,0.0,1
S204890M-6318406,102.9,5.916666666666667,0.0,0.0,1
4100639M-002227527,102.87,1.375,0.0,0.0,1
S509042M-8126658,102.82,3.0,54.81999999999999,4.0,0
S509728M-6315550,102.5,2.3333333333333335,0.0,0.0,1
S508502M-8108170,102.49,0.0,0.0,0.0,1
S402876M-8107857,102.42,0.125,51.42,2.0,0
NH11186M-002222318,102.09,0.0,0.0,0.0,1
NH11207M-002231856,101.96,0.75,0.0,0.0,1
5802055M-727486769,101.86,0.0,0.0,0.0,1
NH09776M-001861836,101.69,0.041666666666666664,0.0,0.0,1
S306977M-8123834,101.63,1.75,59.629999999999995,16.0,0
5801902M-727473607,101.46,5.166666666666667,0.0,0.0,1
NH1699675-450575DT,101.19,0.8333333333333334,0.0,0.0,1
S510055M-6324431,101.12,5.833333333333333,0.0,0.0,1
LSM0W40RJP0310633- GB220460,101.12,3.0416666666666665,0.0,0.0,1
4100650M-002227643,101.01,6.416666666666667,0.0,0.0,1
S510051M-6324413,100.98,1.0,0.0,0.0,1
5801967M-727477233,100.73,4.333333333333333,0.0,0.0,1
S307181M-6317177,100.69,18.916666666666668,0.0,0.0,1
S509483M-6302757,99.74,1.75,89.74,80.0,0
5802014M-727480794,99.64,0.9166666666666666,0.0,0.0,1
S509102M-8127454,99.5,2.1666666666666665,49.5,0.0,0
S510021M-6320223,99.31,1.75,0.0,0.0,1
S403083M-6320684,99.29,4.583333333333333,0.0,0.0,1
T051066M-715439607,99.21,2.5833333333333335,73.21,48.0,0
S204884M-6317209,98.78,0.75,0.0,0.0,1
NH1659123-410314DT,98.75,3.9583333333333335,0.0,0.0,1
S204847M-6307990,98.6,1.125,73.6,50.0,0
S306944M-8121994,98.12,0.75,88.12,80.0,0
S509970M-6319969,97.92,1.9166666666666667,0.0,0.0,1
S508441M-8107877,97.62,0.0,0.0,0.0,1
S402946M-8123309,97.55,2.7916666666666665,0.0,0.0,1
S509987M-6321591,97.4,7.083333333333333,0.0,0.0,1
S306691M-8108189,97.24,3.4166666666666665,47.239999999999995,0.0,0
T051243M-715468297,97.13,1.7083333333333333,0.0,0.0,1
S403089M-6317841,96.84,2.4166666666666665,86.84,80.0,0
S508595M-8110569,96.48,0.08333333333333333,85.48,78.0,0
4100607M-002163322,95.9,3.875,0.0,0.0,1
HFJ185819-650892,95.88,2.625,0.0,0.0,1
4100305M-002033679,95.56,2.0416666666666665,55.56,20.0,0
NH10987M-002140315,95.48,1.6666666666666667,85.48,80.0,0
NKJ0B80CPSKH46010,95.29,2.25,0.0,0.0,1
S510227M-6328737,95.24,0.0,0.0,0.0,1
5802015M-727481387,95.12,1.25,0.0,0.0,1
HFJ184318-603566,95.11,0.0,0.0,0.0,1
4100620M-002222319,95.1,1.0833333333333333,0.0,0.0,1
HFJ185063-626152,95.07,3.875,45.06999999999999,0.0,0
5801435M-727385489,95.07,3.2916666666666665,35.06999999999999,20.0,0
S204676M-8101690,95.0,0.0,0.0,0.0,1
HFJ184272-601971,94.79,0.0,0.0,0.0,1
4100691M-002236015,94.74,0.0,0.0,0.0,1
S509890M-6317802,94.66,3.75,0.0,0.0,1
S509727M-6315553,94.57,0.0,0.0,0.0,1
HFJ186327-668954,94.3,1.1666666666666667,0.0,0.0,1
S509459M-6302503,93.95,1.7083333333333333,64.95,42.0,0
S509911M-6319664,93.54,1.5833333333333333,0.0,0.0,1
S509786M-6315185,93.13,1.6666666666666667,0.0,0.0,1
HFJ186085-663062,92.55,3.125,82.55,80.0,0
S204863M-6318408,92.23,3.1666666666666665,0.0,0.0,1
5801872M-727453077,92.12,2.3333333333333335,0.0,0.0,1
HFJ186076-664733,92.12,2.8333333333333335,82.12,80.0,0
4100711M-002231163,91.93,0.0,0.0,0.0,1
NH09778M-001856188,91.83,0.0,0.0,0.0,1
S509204M-8129585,91.76,3.1666666666666665,34.760000000000005,14.000000000000002,0
NH11275M-002266806,91.57,0.0,0.0,0.0,1
S509704M-6308665,91.31,2.9166666666666665,0.0,0.0,1
S403079M-6320614,90.92,2.6666666666666665,0.0,0.0,1
S510074M-6323697,90.9,3.1666666666666665,0.0,0.0,1
4100571M-002166276,90.46,2.5416666666666665,56.459999999999994,32.0,0
4100689M-002236002,90.29,3.0,0.0,0.0,1
S306893M-8117614,90.15,0.125,12.150000000000006,56.00000000000001,0
HCCZ3803HRCG79064-8137466,90.11,2.3333333333333335,0.0,0.0,1
4100723M-002240089,90.08,0.0,0.0,0.0,1
S306983M-8123754,90.08,2.7083333333333335,80.08,80.0,0
NH10011M-001854385,89.96,1.0833333333333333,0.0,0.0,1
S509818M-6318017,89.51,5.083333333333333,0.0,0.0,1
4100139M-001926029,89.41,1.2083333333333333,40.41,2.0,0
5801899M-727473459,89.38,2.75,0.0,0.0,1
T050997M-715433887,89.32,2.9583333333333335,40.31999999999999,2.0,0
DASSA - 862407062855428 - 4100651M-002229419,89.16,2.3333333333333335,0.0,0.0,1
S509508M-6302628,89.16,0.75,0.0,0.0,1
4100603M-002192875,88.6,1.4166666666666667,0.0,0.0,1
5802070M-728483321,88.5,2.1666666666666665,0.0,0.0,1
S508316M,88.35,0.7083333333333334,0.0,0.0,1
NH09623M-001842664,88.33,0.75,0.0,0.0,1
S307113M-6307991,88.32,0.5,0.0,0.0,1
S509797M-6318059,87.92,1.9166666666666667,0.0,0.0,1
S508681M-8113439,87.84,0.75,77.84,80.0,0
S508761M-8120981,87.79,1.125,72.79,70.0,0
S508160M-8104540,87.51,0.0,0.0,0.0,1
S509798M-6318108,87.35,1.2916666666666667,0.0,0.0,1
S306724M-8108781,87.33,1.0,0.0,0.0,1
NH10574M,87.05,0.0,0.0,0.0,1
NKJ575SVLSKH46368,86.97,0.0,0.0,0.0,1
S509339M-8131363,86.95,1.5833333333333333,76.95,80.0,0
S508218M-8105165,86.95,0.0,0.0,0.0,1
JX1716021-467100DT,86.1,0.8333333333333334,76.1,80.0,0
S509903M-6317669,86.03,2.8333333333333335,0.0,0.0,1
S306885M-8117790,85.71,2.5833333333333335,28.709999999999994,14.000000000000002,0
S508253M-8103154,85.69,2.9583333333333335,29.689999999999998,12.0,0
HFJ185615-644221,85.68,3.0416666666666665,75.68,80.0,0
NH10771M-002036318,85.45,1.875,75.45,80.0,0
S509619M-6307901,85.37,0.375,0.0,0.0,1
S509813M-6318157,85.37,0.0,0.0,0.0,1
5802023M-727481385,85.32,5.5,0.0,0.0,1
5801530M-727387217,85.2,3.2916666666666665,26.200000000000003,18.0,0
S307176M-6317190,84.93,10.916666666666666,0.0,0.0,1
5801874M-727453242,84.87,0.7083333333333334,0.0,0.0,1
NH11218M-002238815,84.71,14.083333333333334,0.0,0.0,1
T051407M-715477706,84.62,1.5833333333333333,65.62,62.0,0
4100716M-002236413,84.39,1.6666666666666667,0.0,0.0,1
5802009M-727480554,84.23,1.6666666666666667,0.0,0.0,1
HFJ186160-664859,84.06,1.625,54.06,40.0,0
S403090M-6317842,83.49,2.1666666666666665,65.49,64.0,0
ZPJF01895-002085859,83.35,2.1666666666666665,0.0,0.0,1
4100624M-002219139,83.21,3.0833333333333335,0.0,0.0,1
S510187M-6326121,83.16,0.0,0.0,0.0,1
NH11259M-002243068,83.15,0.0,0.0,0.0,1
NH1691008-441678DT,83.11,2.625,0.0,0.0,1
5801377M-727367682,82.93,2.2916666666666665,0.0,0.0,1
NH10692M-002035843,82.86,1.8333333333333333,24.86,16.0,0
S306959M-8122009,82.75,1.2916666666666667,60.75,56.00000000000001,0
5801858M-727453243,82.6,2.0416666666666665,0.0,0.0,1
NH10914M-002091370,82.57,2.3333333333333335,69.57,74.0,0
5801156M-728354586,82.51,2.5416666666666665,49.510000000000005,34.0,0
4100693M-002240090,82.47,0.6666666666666666,0.0,0.0,1
S509254M-8130033,82.47,3.7083333333333335,2.469999999999999,60.0,0
S35470M-8054234,82.06,6.333333333333333,0.0,0.0,1
S509834M-6318373,81.87,4.5,0.0,0.0,1
T051084M-715439654,81.81,2.4166666666666665,66.81,70.0,0
S510058M-6322178,81.73,0.3333333333333333,0.0,0.0,1
LSMF50BRCM0310034,81.6,0.0,0.0,0.0,1
4100695M-002236013,81.5,0.08333333333333333,0.0,0.0,1
S509959M-6319855,81.37,1.25,0.0,0.0,1
NH11188M-002224805,81.25,3.8333333333333335,0.0,0.0,1
S510073M-6323468,81.2,0.08333333333333333,0.0,0.0,1
S204857M-6309934,81.17,1.2916666666666667,0.0,0.0,1
5801964M-727477061,81.08,19.333333333333332,0.0,0.0,1
S508564M-8108682,80.88,2.2916666666666665,22.879999999999995,16.0,0
4100698M-002240087,80.6,0.8333333333333334,0.0,0.0,1
5801103M-738375071,80.52,1.875,37.519999999999996,14.000000000000002,0
4100660M-002225493,80.46,2.0,0.0,0.0,1
S510075M-6323692,80.13,0.0,0.0,0.0,1
T050044M-715348536,80.0,0.0,0.0,1.3623015873015873,1
5802008M-727481386,79.66,2.5,0.0,0.0,1
4100397M-002048565,79.44,2.25,27.439999999999998,4.0,0
S508683M-8113986,79.19,2.2083333333333335,0.0,0.0,1
5801614M-727415599,78.97,3.0416666666666665,62.97,68.0,0
S509472M-6302568,78.95,2.2916666666666665,35.95,14.000000000000002,0
S509523M-6306348,78.95,0.5,51.95,46.0,0
S403092M-6319875,78.94,1.4166666666666667,0.0,0.0,1
5802021M-727480287,78.73,3.0,0.0,0.0,1
NH11150M-002220164,78.62,0.08333333333333333,0.0,0.0,1
S402985M-8130036,78.39,2.375,26.39,4.0,0
S509857M-6320679,78.07,3.125,0.0,0.0,1
HFJ183693-588618,77.97,0.0,0.0,0.0,1
S307207M-6318201,77.78,0.0,0.0,0.0,1
NH1687737-438503DT,77.69,2.25,0.0,0.0,1
S307172M-6317266,77.38,0.16666666666666666,0.0,0.0,1
4100703M-002231155,77.29,0.0,0.0,0.0,1
4100646M-002219110,76.85,1.8333333333333333,0.0,0.0,1
S509922M-6317806,76.26,0.4166666666666667,0.0,0.0,1
4100717M-002236415,76.03,0.0,0.0,0.0,1
S204638M-8095798,75.98,1.9583333333333333,62.980000000000004,74.0,0
NH10729M-002052023,75.9,3.125,63.900000000000006,76.0,0
5801980M-727477990,75.89,0.0,0.0,0.0,1
5802003M-727480560,75.61,0.041666666666666664,0.0,0.0,1
HFJ185832-652471,75.35,4.666666666666667,64.35,78.0,0
4100359M-001931899,75.04,2.0416666666666665,25.040000000000006,0.0,0
S307174M-6317182,74.99,6.583333333333333,0.0,0.0,1
HFJ185585-643959,74.8,0.16666666666666666,62.8,76.0,0
T050823M-715426706,74.72,1.7916666666666667,49.72,50.0,0
NH11265M-002268365,74.16,0.0,0.0,0.0,1
S509747M-6315890,74.11,1.5,0.0,0.0,1
DASSA - 862407067044911 - 4100708M-002240086,73.34,1.1666666666666667,0.0,0.0,1
S509752M-6315811,73.2,0.5833333333333334,0.0,0.0,1
5801995M-727477410,72.37,0.0,0.0,0.0,1
HFJ186360-672244,72.31,1.125,0.0,0.0,1
5801971M-727477508,72.19,6.083333333333333,0.0,0.0,1
4100458M,72.06,2.5833333333333335,24.060000000000002,4.0,0
HFJ186178-665824,71.95,1.625,61.95,80.0,0
S307202M-6328521,71.9,0.0,0.0,0.0,1
S508793M-8123518,71.64,2.4166666666666665,0.0,0.0,1
4100431M-002046510,71.18,2.0,34.18000000000001,26.0,0
S510019M-6320221,70.8,0.0,0.0,0.0,1
S510078M-6323465,70.8,2.5833333333333335,0.0,0.0,1
NH11048M-002136629,70.74,2.2916666666666665,9.739999999999995,22.0,0
S307204M-6318204,70.62,0.16666666666666666,0.0,0.0,1
HFJ186346-671925,70.61,0.0,0.0,0.0,1
HFJ186359-672240,70.57,0.6666666666666666,0.0,0.0,1
5801968M-727477695,70.51,0.9166666666666666,0.0,0.0,1
S509578M-6305022,70.36,2.4166666666666665,0.0,0.0,1
S508762M-8120724,70.2,1.25,60.2,80.0,0
S307054M-8130290,70.06,1.75,48.06,56.00000000000001,0
S402904M-8113327,69.96,1.7916666666666667,38.959999999999994,38.0,0
HFJ182924-562746,69.81,1.2916666666666667,0.0,0.0,1
ZPJF02493-002089304,69.77,2.4166666666666665,0.0,0.0,1
NH11203M-002167325,69.76,0.25,0.0,0.0,1
4100625M-002219617,69.71,3.5,0.0,0.0,1
5800904M-728340031,69.66,0.0,0.0,0.0,1
NH11293M-002269209,69.57,0.0,0.0,0.0,1
LSM0W40RPP0310774-GB230142,69.41,2.4583333333333335,0.0,0.0,1
S509811M-6318156,69.36,0.0,0.0,0.0,1
5801594M-727415605,69.27,1.5833333333333333,0.0,0.0,1
4100224M-002033018,68.66,2.375,38.66,40.0,0
S510080M-6322194,68.58,0.0,0.0,0.0,1
5801977M-727477055,68.51,3.8333333333333335,0.0,0.0,1
S509714M-6316034,68.51,1.4166666666666667,0.0,0.0,1
NH1695905-446347DT,68.4,1.125,0.0,0.0,1
S509622M-6308011,68.29,2.125,0.0,0.0,1
4100702M-002231154,68.01,0.0,0.0,0.0,1
5802020M-727480653,67.96,1.0833333333333333,0.0,0.0,1
S403040M-6304899,67.94,2.8333333333333335,0.0,0.0,1
T049988M-715348553,67.72,1.2916666666666667,17.72,0.0,0
T051404M-715476001,67.56,0.16666666666666666,0.0,0.0,1
S509357M-8131503,67.39,1.0,56.39,78.0,0
S509480M-6302798,67.31,1.375,57.31,80.0,0
4100648M-002219612,67.13,1.1666666666666667,0.0,0.0,1
S510081M-6322179,66.93,0.0,0.0,0.0,1
HFJ185962-658555,66.9,2.9166666666666665,6.900000000000006,20.0,0
4100391M-002050018,66.78,1.5,16.78,0.0,0
NH8619205-374210DT,66.77,2.0,0.0,0.0,1
4100656M-002224801,66.64,1.0416666666666667,0.0,0.0,1
S508596M-8110567,66.56,1.4583333333333333,21.560000000000002,10.0,0
HFJ186114-665633,66.43,0.16666666666666666,56.43000000000001,80.0,0
5802086M-728496780,66.36,0.0,0.0,0.0,1
NH7614881,66.17,0.7916666666666666,0.0,0.0,1
S307116M-6307806,66.17,1.125,0.0,0.0,1
5801879M-728436499,66.04,3.25,10.040000000000006,12.0,0
S204852M-6307956,66.02,0.8333333333333334,0.0,0.0,1
S508969M-8123924,65.99,1.6666666666666667,50.989999999999995,70.0,0
S508890M,65.53,1.4583333333333333,0.0,32.0,0
S403064M-6315228,65.27,1.625,0.0,0.0,1
S507749M,64.88,0.4166666666666667,0.0,0.0,1
NH10923M-002101401,64.67,1.2916666666666667,54.67,80.0,0
S204879M-6316899,64.38,1.0833333333333333,0.0,0.0,1
NH10990M-002139997,64.26,2.7083333333333335,37.260000000000005,46.0,0
5801799M-727444223,64.18,1.0416666666666667,0.0,0.0,1
5801426M-727381608,64.13,0.20833333333333334,0.12999999999999545,28.000000000000004,0
S204851M-6307815,64.09,3.5833333333333335,0.0,0.0,1
5801963M-727477596,63.84,1.75,0.0,0.0,1
S509785M-6315188,63.82,2.7083333333333335,0.0,0.0,1
4100647M-002219610,63.8,0.4166666666666667,0.0,0.0,1
HFJ182802,63.71,0.08333333333333333,0.0,0.0,1
S510108M-6321998,63.57,0.0,0.0,0.0,1
S509751M-6315812,63.28,0.5,0.0,0.0,1
S509891M-6317804,63.24,1.75,0.0,0.0,1
5802030M-727480656,63.07,1.4166666666666667,0.0,0.0,1
S510040M-6324617,63.01,0.08333333333333333,0.0,0.0,1
NH1717552-467611DT,62.93,0.8333333333333334,0.0,0.0,1
S509447M-8130645,62.54,0.7916666666666666,27.54,30.0,0
HFJ185950-658263,62.3,1.7083333333333333,52.3,80.0,0
5801813M-727448385,61.83,2.3333333333333335,51.83,80.0,0
S204896M-6328153,61.71,0.08333333333333333,0.0,0.0,1
S307205M-6318038,61.55,0.0,0.0,0.0,1
HFJ184630-614020,61.52,1.2083333333333333,13.520000000000003,4.0,0
S509630M-6307883,61.45,1.625,0.0,0.0,1
S509822M-6317957,61.25,4.833333333333333,0.0,0.0,1
HFJ184729-615211,61.21,0.0,0.0,0.0,1
HFJ186713-687428,60.96,1.8333333333333333,0.0,0.0,1
S509499M-6302258,60.95,2.375,50.95,80.0,0
S510213M-6325822,60.93,0.0,0.0,0.0,1
S509718M-6315471,60.72,3.25,0.0,0.0,1
HFJ186740-689581,60.6,0.4583333333333333,0.0,0.0,1
S306904M-8123660,60.5,0.041666666666666664,0.0,0.0,1
S509222M-8129070,60.48,1.5416666666666667,1.4799999999999969,18.0,0
S509938M-6320338,60.0,1.4166666666666667,0.0,0.0,1
S509165M-8127449,59.97,2.2916666666666665,3.969999999999999,12.0,0
S509324M-8130646,59.84,1.6666666666666667,34.84,50.0,0
NH09972M-001865727,59.58,0.125,0.0,0.0,1
S510012M-6320252,59.52,0.5833333333333334,0.0,0.0,1
5801912M-727473468,59.48,0.4583333333333333,0.0,0.0,1
NH10691M-002020969,59.41,2.1666666666666665,32.41,46.0,0
NH11236M-002171562,59.31,0.0,0.0,0.0,1
S509919M-6317950,59.28,0.6666666666666666,0.0,0.0,1
S510003M-6319859,59.26,3.25,0.0,0.0,1
NH10889M-002076386,59.25,1.0833333333333333,0.0,0.0,1
S204859M-6310083,59.09,1.75,0.0,0.0,1
HFJ186183-666701,58.78,1.625,45.78,74.0,0
HFJ183078-570152,58.71,1.2916666666666667,10.71,4.0,0
5802024M-727480555,58.49,0.08333333333333333,0.0,0.0,1
S306436M,58.39,2.875,22.39,28.000000000000004,0
ZPAB50181-621632,58.29,2.0,0.0,0.0,1
4100710M-002229418,58.07,0.0,0.0,0.0,1
S509068M-8125810,58.05,1.625,4.049999999999997,8.0,0
S306918M,57.85,1.9583333333333333,0.0,0.0,1
S509775M-6308846,57.49,0.0,0.0,0.0,1
S403096M-6321264,57.47,0.16666666666666666,0.0,0.0,1
NH10873M-002109248,57.43,1.8333333333333333,46.43,78.0,0
JAFSR200HPM449828,57.34,1.5833333333333333,0.0,0.0,1
S204871M-6317211,57.08,0.125,0.0,0.0,1
S306905M-8122205,56.91,0.9166666666666666,0.0,0.0,1
T051216M-715467979,56.86,0.0,0.0,0.0,1
S509682M-6304631,56.68,2.5416666666666665,0.0,0.0,1
S509823M-6318018,56.41,0.08333333333333333,0.0,0.0,1
HFJ186186-666685,56.37,0.8333333333333334,46.37,80.0,0
S509760M-6315485,56.29,0.3333333333333333,0.0,0.0,1
HFJ186238-668212,56.25,0.08333333333333333,0.0,0.0,1
NH1699129-449895DT,56.21,0.25,0.0,0.0,1
HFJ186135-664780,55.94,0.5416666666666666,0.0,0.0,1
NH10853M-002084946,55.94,1.5,45.94,80.0,0
S509964M-6319957,55.77,0.9166666666666666,0.0,0.0,1
S510097M-6321749,55.43,0.0,0.0,0.0,1
4100606M-002163739,55.41,1.0416666666666667,0.0,0.0,1
S403087M-6317952,55.29,0.25,0.0,0.0,1
S307163M-6316785,55.16,2.0,0.0,0.0,1
S402990M-8131478,54.85,1.9583333333333333,2.8500000000000014,4.0,0
S510037M-6324405,54.81,0.0,0.0,0.0,1
S510159M-6326044,54.77,0.0,0.0,0.0,1
5802092M-728495751,54.67,0.0,0.0,0.0,1
S307187M-6317208,54.41,0.16666666666666666,0.0,0.0,1
S307215M-6328455,54.41,0.0,0.0,0.0,1
S510120M-6326045,54.35,0.0,0.0,0.0,1
S509163M-8127544,54.33,1.875,3.3299999999999983,2.0,0
S507868M-8093774,53.91,1.4166666666666667,40.91,74.0,0
S509793M-6315110,53.88,1.25,0.0,0.0,1
S508791M-8123515,53.76,0.875,0.0,0.0,1
5802002M-727480655,53.69,0.0,0.0,0.0,1
NH1699373-450367DT,53.57,0.0,0.0,0.0,1
5801809M-727444226,53.56,3.0416666666666665,43.56,80.0,0
S307120M-6307954,53.52,0.7083333333333334,0.0,0.0,1
S509774M-6315313,53.42,0.0,0.0,0.0,1
JXT1676406-427478DT,53.4,2.0833333333333335,0.0,0.0,1
NH10538M,53.34,0.125,0.0,0.0,1
HFJ183969,53.21,0.125,2.210000000000001,2.0,0
S509590M-6302439,52.97,1.8333333333333333,42.97,80.0,0
S510042M-6324404,52.91,2.5,0.0,0.0,1
S204846M-6307851,52.54,1.9583333333333333,41.54,78.0,0
HFJ186428-674803,52.28,1.4583333333333333,0.0,0.0,1
S510017M-6320243,51.97,0.0,0.0,0.0,1
5802022M-727481814,51.91,3.1666666666666665,0.0,0.0,1
HFJ182750-553876,51.87,0.625,0.0,0.0,1
S509652M-6308010,51.66,2.5416666666666665,0.0,0.0,1
NH11180M-002224793,51.66,7.291666666666667,0.0,0.0,1
HFJ186554-681861,51.59,1.1666666666666667,41.59,80.0,0
S509792M-6315109,51.3,1.1666666666666667,0.0,0.0,1
NH11210M-002221567,51.22,0.0,0.0,0.0,1
S510044M-6324403,51.2,0.5833333333333334,0.0,0.0,1
S509848M-6320611,51.05,0.4583333333333333,0.0,0.0,1
HFJ186364-672385,51.02,0.7083333333333334,0.0,0.0,1
S307169M-6317267,50.97,3.5833333333333335,0.0,0.0,1
S307146M-6310425,50.67,0.0,0.0,0.0,1
S403091M-6319757,50.44,1.5833333333333333,0.0,0.0,1
LSM0W40REP0310804-GB230179,50.41,1.5,0.0,0.0,1
S509623M-6307900,50.39,1.6666666666666667,0.0,0.0,1
NKJ0B80CLPKH34438-48-396156,50.37,1.2916666666666667,2.3699999999999974,4.0,0
S204869M-6317258,50.03,0.625,0.0,0.0,1
NKJ570SVTSKH4562,50.01,0.0,0.0,0.0,1
HFJ183077-570161,50.0,0.0,0.0,0.0,0
S508670M-8110580,50.0,0.0,0.0,0.0,1
HFJ182854-557116,50.0,0.0,0.0,0.0,0
5801293M-727390601,50.0,0.0,0.0,0.0,1
S204881M-6317255,49.63,1.0833333333333333,0.0,0.0,0
S509572M-6306564,49.57,1.0416666666666667,24.57,50.0,0
S204584M-8088577,49.37,0.6666666666666666,20.369999999999997,42.0,0
S403102M-6321899,49.32,0.8333333333333334,0.0,0.0,0
5801636M-728420517,49.32,1.0833333333333333,39.32,80.0,0
S510102M-6322056,49.16,0.0,0.0,0.0,0
4100652M-2227525,48.94,0.20833333333333334,0.0,0.0,0
NH11142M-002219024,48.64,1.75,0.0,0.0,0
HFJ186365-672382,48.58,0.125,0.0,0.0,0
S402683M-8088311,48.41,1.5833333333333333,0.0,0.0,0
S510091M-6323914,48.35,0.0,0.0,0.0,0
S509796M-6318062,48.26,1.0416666666666667,0.0,0.0,0
NH11261M-002268216,48.22,0.0,0.0,0.0,0
HFJ186363-672065,47.93,0.0,0.0,0.0,0
NH1678677-429027DT,47.92,0.8333333333333334,0.0,0.0,0
S204862M-6318405,47.87,0.9166666666666666,0.0,0.0,0
S307155M-6317315,47.86,0.5,0.0,0.0,0
S204891M-6318403,47.81,0.0,0.0,0.0,0
LSM0B25RCN0310350-304543,47.79,1.2083333333333333,6.789999999999999,18.0,0
5802072M-728495605,47.55,0.25,0.0,0.0,0
LSMF35BRPP0310067-233077,47.51,1.2083333333333333,0.0,0.0,0
S204695M-8106012,47.36,0.25,0.35999999999999943,6.0,0
HFJ185577-643725,47.19,1.6666666666666667,24.189999999999998,54.0,0
S509949M-6319761,47.09,0.08333333333333333,0.0,0.0,0
5801630M-727428196,46.98,0.7083333333333334,33.98,74.0,0
S510182M-6325929,46.91,0.0,0.0,0.0,0
FNH621F1NZHE161456145-,46.85,0.7916666666666666,0.0,0.0,0
S509702M-6308740,46.62,2.3333333333333335,0.0,0.0,0
5802089M-728495350,46.52,0.0,0.0,0.0,0
S509178M-8129046,46.23,3.125,0.0,2.0,0
4100628M-002218974,46.04,4.25,0.0,0.0,0
5801558M-727414090,45.97,0.9166666666666666,35.97,80.0,0
S204795M-8117599,45.91,0.5,0.0,0.0,0
HFJ186232-667921,45.87,1.0833333333333333,35.87,80.0,0
S509719M-6315470,45.83,1.9166666666666667,0.0,0.0,0
NH1723201-473974DT,45.71,0.0,0.0,0.0,0
S509871M-6319525,45.66,0.75,0.0,0.0,0
S509943M-6320336,45.5,0.3333333333333333,0.0,0.0,0
NH1658136-409331DT,45.49,1.0,0.0,0.0,0
4100679M-002231152,45.28,1.75,0.0,0.0,0
S508059M-8099758,45.01,0.0,0.0,0.0,0
HFJ182851,44.92,0.0,0.0,0.0,0
S306531M-8105361,44.75,0.08333333333333333,5.75,22.0,0
S508345M-8107525,44.33,1.125,2.3299999999999983,16.0,0
LSMF35BRHP0310063-233079,44.22,1.1666666666666667,0.0,0.0,0
S509355M-8131485,44.11,0.8333333333333334,34.11,80.0,0
NH09759M,44.08,0.0,0.0,0.0,0
S403084M-6320685,44.0,2.0,0.0,0.0,0
5801909M-727471528,44.0,0.4166666666666667,0.0,0.0,0
5800781M,43.95,1.4583333333333333,33.95,80.0,0
H11157M-8069048,43.75,2.0833333333333335,0.0,0.0,0
4100564M-002158762,43.71,1.125,28.71,70.0,0
HFJ185734-647361,43.51,0.7083333333333334,33.51,80.0,0
5801442M-728367103,43.4,1.625,33.4,80.0,0
HFJ185565-642558,43.27,0.4583333333333333,22.270000000000003,57.99999999999999,0
5801400M-727376328,43.26,1.3333333333333333,14.259999999999998,42.0,0
JX1729863-480759DT,43.03,1.4583333333333333,33.03,80.0,0
S509918M-6317951,43.0,1.0833333333333333,0.0,0.0,0
HFJ185947-657883,42.95,0.625,16.950000000000003,48.0,0
S306846M-8119219,42.75,1.125,32.75,80.0,0
LSM0W40RLR0310866-GB240019,42.68,1.2916666666666667,0.0,0.0,0
4100136M-001882513,42.52,0.2916666666666667,5.520000000000003,26.0,0
ZPAB50259-626530,42.43,1.2083333333333333,0.0,0.0,0
NH10917M-002086610,42.05,0.9583333333333334,23.049999999999997,62.0,0
T051129M-715445321,41.97,0.0,0.9699999999999989,18.0,0
5802032M-727480561,41.92,0.5,0.0,0.0,0
S509921M-6317840,41.91,1.0833333333333333,0.0,0.0,0
S510083M-6321995,41.84,0.0,0.0,0.0,0
HFD208666-674765,41.55,0.0,0.0,0.0,0
S403069M-6318060,41.4,0.8333333333333334,0.0,0.0,0
4100649M-002219616,41.28,0.6666666666666666,0.0,0.0,0
4100735M-002249140,41.23,0.0,0.0,0.0,0
S509991M-6321897,41.01,0.0,0.0,0.0,0
S510018M-6320222,40.98,0.3333333333333333,0.0,0.0,0
S508465M-8107541,40.94,0.0,0.0,0.0,0
S508753M-8120992,40.94,1.2916666666666667,19.939999999999998,57.99999999999999,0
S204848M-6307992,40.72,0.9583333333333334,27.72,74.0,0
S306792M,40.65,0.0,0.0,0.0,0
S510193M-6326253,40.63,0.0,0.0,0.0,0
HFJ186596-683540,40.42,0.0,0.0,0.0,0
5801961M-727477059,40.33,2.8333333333333335,0.0,0.0,0
S307212M-6328457,39.56,0.0,0.0,0.0,0
5802071M-728495752,39.55,0.5,0.0,0.0,0
5802076M-727491246,39.48,0.0,0.0,0.0,0
S510110M-6322058,39.47,0.0,0.0,0.0,0
HFJ185908-657629,39.44,0.0,29.439999999999998,80.0,0
5802018M-728483717,38.98,0.5,0.0,0.0,0
4100459M-002052296,38.95,1.6666666666666667,25.950000000000003,74.0,0
S509810M-6318113,38.49,0.0,0.0,0.0,0
S510030M-6323467,38.3,1.9166666666666667,0.0,0.0,0
5802075M-727491319,38.19,0.16666666666666666,0.0,0.0,0
5801652M-727427960,38.16,1.125,27.159999999999997,78.0,0
5802050M-727486549,38.02,0.16666666666666666,0.0,0.0,0
HFJ186352-671989,37.97,1.0,27.97,80.0,0
NH10842M-002079087,37.83,0.7083333333333334,0.0,0.0,0
S204688M-8102108,37.74,0.0,0.0,0.0,0
S403045M-6304843,37.7,0.3333333333333333,0.0,0.0,0
S508461M-8107837,37.37,0.4166666666666667,4.369999999999997,34.0,0
S307162M-6317916,37.35,2.5833333333333335,0.0,0.0,0
DAC080K3NJS3B7450,37.32,0.25,0.0,0.0,0
S510154M-6325833,37.29,0.0,0.0,0.0,0
S509544M-6304952,37.16,0.7916666666666666,27.159999999999997,80.0,0
S509779M-6315335,36.89,1.4166666666666667,0.0,0.0,0
5802061M-728483237,36.88,1.5,0.0,0.0,0
S307154M-6317313,36.57,2.25,0.0,0.0,0
S306352M-8089594,36.24,0.7916666666666666,4.240000000000002,36.0,0
S509182M-8129051,36.13,0.0,20.130000000000003,68.0,0
5800555M-727330274,36.1,0.041666666666666664,0.0,0.0,0
S510022M-6319967,36.01,3.6666666666666665,0.0,0.0,0
NKJ0B80CPPKH33488-48-394334,35.79,1.4166666666666667,1.7899999999999991,32.0,0
NH1687731-438375DT,35.74,1.4583333333333333,0.0,0.0,0
NH10764M-002048266,35.67,0.08333333333333333,0.0,0.0,0
S509974M-6321555,35.41,0.0,0.0,0.0,0
S510050M-6324412,34.9,0.75,0.0,0.0,0
NKJ0B80CJNKH32745-48-388065,34.74,0.0,0.0,0.0,0
S204832M-6304587,34.73,2.25,17.729999999999997,66.0,0
S507900M-8099669,34.59,0.4583333333333333,5.590000000000003,42.0,0
ZPAF50076-621251,34.56,0.7916666666666666,0.0,0.0,0
S509763M-6315730,34.55,1.6666666666666667,0.0,0.0,0
S510210M-6325955,34.35,0.0,0.0,0.0,0
HFJ186590-683591,34.27,0.0,0.0,0.0,0
5801771M-727439852,34.13,0.875,0.0,0.0,0
S403098M-6321590,33.81,0.5833333333333334,0.0,0.0,0
HFJ185821-651888,33.77,2.4166666666666665,23.770000000000003,80.0,0
LSMF35BRLP0310062-233080,33.74,0.625,0.0,0.0,0
5802052M-727486550,33.68,0.0,0.0,0.0,0
HFJ185891-653066,33.62,0.4166666666666667,23.619999999999997,80.0,0
4100719M-002240553,33.48,0.0,0.0,0.0,0
5802090M-728495754,33.38,0.3333333333333333,0.0,0.0,0
5801986M-727481405,33.34,0.041666666666666664,0.0,0.0,0
HFJ184731-615138,33.16,5.291666666666667,22.159999999999997,78.0,0
NH10928M-002135357,33.03,0.7083333333333334,23.03,80.0,0
S307166M-6316784,33.01,1.6666666666666667,0.0,0.0,0
S509783M-6315348,32.6,1.2916666666666667,0.0,0.0,0
S509960M-6319862,32.16,1.0833333333333333,0.0,0.0,0
NH11162M-002205016,32.09,1.1666666666666667,22.090000000000003,80.0,0
NH11196M-002237845,31.9,1.0833333333333333,0.0,0.0,0
T050364M-715371352,31.8,1.5833333333333333,6.800000000000001,50.0,0
S510214M-6325808,31.77,0.0,0.0,0.0,0
S509761M-6315482,31.75,0.4166666666666667,0.0,0.0,0
HFJ185746-649699,31.68,0.8333333333333334,14.68,66.0,0
HFJ185928-657030,31.58,0.3333333333333333,21.58,80.0,0
S307108M-6307946,31.57,0.625,20.57,78.0,0
HFJ186356-671833,31.28,0.8333333333333334,0.0,0.0,0
5802040M-727481404,31.23,0.0,0.0,0.0,0
NKJ0B80CHNKH30825,30.81,0.16666666666666666,4.809999999999999,48.0,0
S509832M-6318371,30.79,0.0,0.0,0.0,0
HFJ186589-683600,30.74,0.4583333333333333,0.0,0.0,0
S507618M-8088737,30.53,1.0,0.0,0.0,0
HFJ186330-669989,30.52,1.9166666666666667,0.0,0.0,0
S509768M-6315575,30.35,0.16666666666666666,0.0,0.0,0
NH09757M-001842617,30.13,0.875,0.0,0.0,0
S509176M-8129059,30.11,0.6666666666666666,4.109999999999999,48.0,0
5801252M-727390775,30.1,0.2916666666666667,0.10000000000000142,40.0,0
S307170M-6317917,30.08,1.1666666666666667,0.0,0.0,0
5802059M-728483716,30.07,0.75,0.0,0.0,0
4100509M-002136026,30.0,0.6666666666666666,18.0,76.0,0
HFJ185999-658994,29.86,1.25,0.0,0.0,0
5800378M-727318236,29.74,0.375,1.7399999999999984,44.0,0
T051408M-715476000,29.55,1.0416666666666667,19.55,80.0,0
S306752M-8109785,29.53,1.1666666666666667,9.530000000000001,60.0,0
S509232M-8130109,29.46,0.3333333333333333,19.46,80.0,0
5801979M-727477409,29.33,2.3333333333333335,0.0,0.0,0
4100705M-002235226,29.13,0.0,0.0,0.0,0
NH1699029-449893DT,29.07,0.5416666666666666,0.0,0.0,0
NH10232M-001901653,28.78,0.0,0.0,0.0,0
S204653M-8105232,28.72,0.375,16.72,76.0,0
HFJ185712-647903,28.6,1.2916666666666667,1.6000000000000014,46.0,0
5801910M-727473764,28.47,0.5,0.0,0.0,0
HFJ186447-672835,28.28,0.0,0.0,0.0,0
S508567M-8109984,28.19,0.0,0.0,0.0,0
NH11248M-002171563,28.14,0.5,0.0,0.0,0
5802006M-727480796,28.12,0.0,0.0,0.0,0
S507832M-8094817,27.82,0.375,6.82,57.99999999999999,0
NKJ0B80CEPKH38556-48-420862,27.77,5.208333333333333,5.77,56.00000000000001,0
S307103M-6304363,27.45,0.9166666666666666,0.0,0.0,0
5800876M-727351259,27.33,0.16666666666666666,1.3299999999999983,48.0,0
S509963M-6319954,27.12,0.3333333333333333,0.0,0.0,0
LSM0W40RCP0310729-GB230104,27.11,0.2916666666666667,0.0,0.0,0
S509936M-6320059,27.03,1.9166666666666667,0.0,0.0,0
ZPJF01823-002080880,26.92,1.8333333333333333,0.0,0.0,0
NH11217M-002238816,26.9,3.0,0.0,0.0,0
HFJ186176-665814,26.61,3.7916666666666665,16.61,80.0,0
S509999M-6320303,26.51,0.0,0.0,0.0,0
S509975M-6321556,26.48,0.4166666666666667,0.0,0.0,0
S509838M-6318361,26.31,0.5,0.0,0.0,0
5802041M-727480559,26.28,0.0,0.0,0.0,0
T050478M-715378503,26.18,0.7083333333333334,6.18,60.0,0
S508676M-8114084,26.03,0.041666666666666664,0.0,0.0,0
S510109M-6321997,25.81,0.0,0.0,0.0,0
4100173M-001945143,25.79,0.25,0.0,0.0,0
S510142M-6326564,25.75,0.25,0.0,0.0,0
HFJ183366-579434,25.74,0.5416666666666666,1.7399999999999984,52.0,0
HFJ186307-670848,25.66,1.0833333333333333,0.0,0.0,0
HFJ185953-658185,25.53,0.20833333333333334,10.530000000000001,70.0,0
S509997M-6320344,25.5,0.0,0.0,0.0,0
S509003M-8124544,25.5,0.8333333333333334,2.5,54.0,0
4100670M-002231855,25.42,0.0,0.0,0.0,0
NH11264M-002266842,25.33,0.0,0.0,0.0,0
HFJ185873-655651,25.27,0.4583333333333333,0.0,0.0,0
NH10802M-002075254,25.22,0.4583333333333333,4.219999999999999,57.99999999999999,0
HFJ185883-653511,25.03,0.5833333333333334,0.0,0.0,0
S509251M-8130072,24.75,0.0,8.75,68.0,0
S510118M-6326546,24.65,0.0,0.0,0.0,0
HFJ185643-646725,24.64,0.3333333333333333,0.0,0.0,0
5802031M-727480286,24.5,0.3333333333333333,0.0,0.0,0
S403081M-6320632,24.5,0.375,0.0,0.0,0
5802029M-727480657,24.43,0.0,0.0,0.0,0
S403065M-6315229,24.37,0.625,0.0,0.0,0
S204876M-6316898,24.25,0.25,0.0,0.0,0
5801969M-727477509,24.04,0.6666666666666666,0.0,0.0,0
S509569M-6306548,24.01,0.20833333333333334,0.0,0.0,0
NH11062M-002149509,23.92,3.2083333333333335,13.920000000000002,80.0,0
5801595M-727415972,23.83,0.2916666666666667,0.0,0.0,0
S307191M-6318401,23.78,0.4166666666666667,0.0,0.0,0
HFJ185586-643988,23.78,0.4166666666666667,2.780000000000001,57.99999999999999,0
S510006M-6320517,23.77,2.3333333333333335,0.0,0.0,0
HFJ186159-664972,23.56,0.4583333333333333,8.559999999999999,70.0,0
S306274M-8087345,23.53,0.875,0.0,0.0,0
5801907M-727473460,23.44,0.6666666666666666,0.0,0.0,0
HFJ183950-594132,23.35,0.16666666666666666,2.3500000000000014,57.99999999999999,0
HFJ186100-658745,23.29,0.25,12.29,78.0,0
S510211M-6325821,23.12,0.0,0.0,0.0,0
S509816M-6318155,23.09,1.3333333333333333,0.0,0.0,0
5800402M,23.03,0.4166666666666667,0.0,0.0,0
S204894M-6317846,23.02,0.0,0.0,0.0,0
5801976M-727476854,22.95,1.3333333333333333,0.0,0.0,0
HCCZ3803ERCG79079-8136091,22.9,0.16666666666666666,0.0,0.0,0
JAFSR200APM450278,22.87,1.5833333333333333,0.0,0.0,0
S509620M-6304456,22.79,0.6666666666666666,0.0,0.0,0
HFJ183998-596012,22.74,0.375,1.7399999999999984,57.99999999999999,0
ZNJF01247-000675037,22.72,0.7916666666666666,0.0,0.0,0
HFJ186332-671495,22.7,0.3333333333333333,0.0,0.0,0
S510079M-6322177,22.65,0.16666666666666666,0.0,0.0,0
S509015M-8126641,22.63,0.20833333333333334,2.629999999999999,60.0,0
ZPJF01799-001933587,22.61,0.3333333333333333,0.0,0.0,0
NH09698M-001852354,22.05,0.4583333333333333,5.050000000000001,66.0,0
4100696M-002236003,21.86,0.0,0.0,0.0,0
S509957M-6319856,21.78,0.5833333333333334,11.780000000000001,80.0,0
S508987M-8123914,21.7,0.041666666666666664,0.6999999999999993,57.99999999999999,0
S204619M-8095794,21.7,0.0,0.0,0.0,0
4100630M-002219286,21.63,0.0,4.629999999999999,66.0,0
5800477M-727330057,21.58,0.0,0.0,0.0,0
S306256M-8087446,21.45,0.3333333333333333,3.4499999999999993,64.0,0
2108027,21.43,0.25,0.0,0.0,0
S508357M-8107842,21.38,0.5416666666666666,6.379999999999999,70.0,0
NH10925M-002101843,21.31,0.6666666666666666,10.309999999999999,78.0,0
ZPAB50062-611395,20.77,1.0416666666666667,0.0,0.0,0
S508693M-8113432,20.75,0.625,0.0,0.0,0
NKJ0B80CVPKH33500-40-395891,20.73,0.0,0.0,0.0,0
T051115M-715443150,20.5,0.375,8.5,76.0,0
S306266M,20.43,1.625,0.0,0.0,0
S306828M-8116184,20.27,0.625,0.0,0.0,0
S509604M-6304525,20.18,0.125,0.0,0.0,0
S35203M-8047114,19.96,0.0,0.0,0.0,0
S510036M-6324428,19.94,0.0,0.0,0.0,0
S509524M-6306430,19.73,1.375,9.73,80.0,0
NH10837M-002086943,19.73,0.5833333333333334,1.7300000000000004,64.0,0
5800785M,19.64,0.3333333333333333,1.6400000000000006,64.0,0
HFJ186324-671081,19.62,0.0,0.0,0.0,0
4100724M-002240495,19.55,0.0,0.0,0.0,0
S508397M-8107492,19.42,0.625,5.420000000000002,72.0,0
4100578M-002161331,19.26,0.0,9.260000000000002,80.0,0
5801804M-727443519,19.23,1.0,9.23,80.0,0
S507606M-8089719,19.15,0.125,0.0,0.0,0
HFJ186221-666441,19.05,0.75,9.05,80.0,0
S509528M-6306438,19.03,1.6666666666666667,9.030000000000001,80.0,0
S307071M-6304217,18.99,0.0,5.989999999999998,74.0,0
S509531M-6306437,18.95,0.4166666666666667,0.0,0.0,0
S510181M-6328016,18.91,0.0,0.0,0.0,0
S509948M-6320244,18.83,1.4166666666666667,0.0,0.0,0
HFJ186419-673783,18.7,0.75,0.0,0.0,0
S509489M-6302756,18.69,0.20833333333333334,0.0,0.0,0
4100694M-002240108,18.48,0.0,0.0,0.0,0
S509477M-6302698,18.47,1.25,2.469999999999999,68.0,0
NH10595M-001989166,18.31,0.5416666666666666,3.3099999999999987,70.0,0
T48986M-715252306,18.29,0.5,0.0,0.0,0
NH09984M-001904522,17.58,0.3333333333333333,2.5799999999999983,70.0,0
S509244M-8130046,17.55,0.8333333333333334,6.550000000000001,78.0,0
S402908M-8113328,17.45,0.5833333333333334,3.4499999999999993,72.0,0
S509344M-8131412,17.22,0.875,3.219999999999999,72.0,0
S510086M-6322176,17.07,0.0,0.0,0.0,0
S509695M-6308845,16.8,0.5,0.0,0.0,0
S509424M-8133108,16.74,0.375,6.739999999999998,80.0,0
S508396M-8107458,16.72,0.4166666666666667,4.719999999999999,76.0,0
S509680M-6304632,16.61,0.5,0.0,0.0,0
S509135M-8127459,16.58,0.5416666666666666,6.579999999999998,80.0,0
S510043M-6324392,16.57,0.5833333333333334,0.0,0.0,0
HFJ186185-666614,16.55,0.0,0.0,0.0,0
S508356M-8107484,16.44,0.375,6.440000000000001,80.0,0
NH10046M-001924284,16.29,0.4583333333333333,1.2899999999999991,70.0,0
S306811M-8114138,16.26,0.9166666666666666,0.0,0.0,0
S508354M-8107872,16.22,0.3333333333333333,4.219999999999999,76.0,0
5801982M-727476480,16.19,0.5833333333333334,0.0,0.0,0
S510038M-6324602,16.18,2.4166666666666665,0.0,57.99999999999999,0
S509831M-6318374,16.12,0.0,0.0,0.0,0
T051568M-715490016,16.1,0.0,0.0,0.0,0
S508816M-8122183,16.07,0.16666666666666666,0.0,0.0,0
S306799M-8116079,16.07,0.0,0.0,0.0,0
ZPJF01822-002079964,15.98,1.5833333333333333,0.0,0.0,0
HFJ185705-644751,15.91,0.4166666666666667,0.0,0.0,0
S306432M-8093813,15.9,0.20833333333333334,0.0,0.0,0
4100629M-002218972,15.89,0.0,0.0,0.0,0
S509980M-6321887,15.89,1.4166666666666667,0.0,0.0,0
5801427M-727381248,15.86,0.5,1.8599999999999994,72.0,0
S204737M-8109797,15.79,0.041666666666666664,5.789999999999999,80.0,0
4100720M-002240497,15.79,0.75,0.0,0.0,0
S307157M-6317314,15.65,1.0833333333333333,0.0,0.0,0
H101267M-8113303,15.38,0.0,0.0,0.0,0
S509663M-6304992,15.38,0.375,0.0,0.0,0
S204729M-8113321,15.32,0.9583333333333334,0.3200000000000003,70.0,0
S508477M-8107469,15.31,0.2916666666666667,4.3100000000000005,78.0,0
S307194M-6318040,15.27,0.0,0.0,0.0,0
5802035M-727480652,15.25,0.0,0.0,0.0,0
S510101M-6321460,15.19,0.0,0.0,0.0,0
T051348M-715473439,15.16,0.4583333333333333,0.0,0.0,0
S510100M-6321462,15.14,0.08333333333333333,0.0,0.0,0
4100488M-002108321,15.02,0.3333333333333333,4.02,78.0,0
4100543M-002051521,14.95,0.875,1.9499999999999993,74.0,0
S510111M-6321750,14.91,0.16666666666666666,0.0,0.0,0
S306945M-8121999,14.75,0.375,4.75,80.0,0
S204885M-6317193,14.74,0.08333333333333333,0.0,0.0,0
S204590M-8088648,14.71,0.16666666666666666,0.7100000000000009,72.0,0
S510025M-6324582,14.71,0.3333333333333333,0.0,0.0,0
S509977M-6321884,14.68,0.9166666666666666,0.0,0.0,0
HFJ186621-682308,14.64,0.0,0.0,0.0,0
S508814M-8122187,14.57,1.125,0.5700000000000003,72.0,0
S509954M-6319873,14.54,0.08333333333333333,0.0,0.0,0
NH09925M-001904506,14.53,0.5,1.5299999999999994,74.0,0
S403048M-6308843,14.46,0.5416666666666666,3.460000000000001,78.0,0
S507874M-8093145,14.45,0.0,0.0,0.0,0
NH10958M-002135089,14.45,0.5416666666666666,1.4499999999999993,74.0,0
5800784M,14.4,0.3333333333333333,3.4000000000000004,78.0,0
S307017M-8122572,14.29,0.5416666666666666,3.289999999999999,78.0,0
S509063M-8126618,14.25,0.2916666666666667,2.25,76.0,0
HFJ186592-683634,14.22,0.25,0.0,0.0,0
HFJ184245-599237,14.19,0.125,3.1899999999999995,78.0,0
5801618M-728420254,14.18,0.4166666666666667,0.0,0.0,0
S509463M-6302405,14.16,0.041666666666666664,3.16,78.0,0
S509263M-8130037,14.11,0.4583333333333333,3.1099999999999994,78.0,0
NH10338M-001965130,14.01,0.3333333333333333,2.01,76.0,0
S403099M-6321592,13.97,0.0,0.0,0.0,0
HFJ185728-648254,13.9,0.4166666666666667,3.9000000000000004,80.0,0
NH09905M,13.88,0.16666666666666666,0.0,0.0,0
NH09787M-001856023,13.87,0.0,0.0,0.0,0
HFJ185575-643756,13.85,0.875,3.8499999999999996,80.0,0
S509246M-8130049,13.76,1.4166666666666667,3.76,80.0,0
S510068M-6323695,13.68,0.5833333333333334,0.0,0.0,0
HCCZ3803HRCG79212-8136092,13.64,0.5416666666666666,0.0,0.0,0
4100576M-002168457,13.59,1.4583333333333333,0.0,0.0,0
S509969M-6319964,13.53,0.6666666666666666,0.0,0.0,0
NH11245M-2171565,13.49,0.0,0.0,0.0,0
HFJ186139-664989,13.44,0.4166666666666667,0.0,0.0,0
4100588M-002143438,13.42,0.041666666666666664,0.0,0.0,0
NH10943M-002140005,13.38,0.0,3.380000000000001,80.0,0
NH7698227-449089DX,13.36,0.0,0.0,0.0,0
5801058M-728354766,13.35,0.375,3.3499999999999996,80.0,0
HFJ185080-626626,13.28,0.5833333333333334,2.2799999999999994,78.0,0
5802019M-727481815,13.25,0.16666666666666666,0.0,0.0,0
HFJ186282-669325,13.25,0.5416666666666666,3.25,80.0,0
5801324M-728359321,13.22,0.0,0.0,0.0,0
S403051M-6308737,13.17,0.16666666666666666,0.0,0.0,0
S508408M,13.14,0.0,0.0,0.0,0
HFJ184513-610481,13.09,0.2916666666666667,1.0899999999999999,76.0,0
S510098M-6321451,12.91,0.0,0.0,0.0,0
HFJ186716-687436,12.87,0.0,0.0,0.0,0
S510103M-6322055,12.87,0.25,0.0,0.0,0
S508851M-8121287,12.81,0.08333333333333333,2.8100000000000005,80.0,0
S510153M-6325834,12.81,0.0,0.0,0.0,0
4100383M-002050044,12.77,0.0,0.7699999999999996,76.0,0
S402930M-8119227,12.63,0.25,2.630000000000001,80.0,0
S403025M-6302358,12.58,0.375,0.5800000000000001,76.0,0
S306834M-8118086,12.53,0.20833333333333334,0.5299999999999994,76.0,0
5800786M,12.42,0.0,0.0,0.0,0
S509559M-6308300,12.32,0.08333333333333333,2.3200000000000003,80.0,0
S510085M-6321986,12.31,0.0,0.0,0.0,0
S508691M-8113332,12.21,0.20833333333333334,2.210000000000001,80.0,0
HFJ185983-659151,12.14,0.08333333333333333,0.0,0.0,0
NH10765M-002048463,12.11,0.0,0.0,0.0,0
S510000M-6319860,11.89,0.0,0.0,0.0,0
NH1616135-372374DT,11.85,0.0,0.0,0.0,0
HFJ186432-675184,11.84,0.08333333333333333,0.0,0.0,0
S510204M-6326552,11.81,0.0,0.0,0.0,0
H11101M-8054449,11.78,0.125,0.0,0.0,0
4100362M-002055025,11.77,0.5,1.7699999999999996,80.0,0
HFJ186526-681835,11.75,0.8333333333333334,0.0,0.0,0
S510105M-6321985,11.73,0.16666666666666666,0.0,0.0,0
S204829M-6304483,11.64,0.4166666666666667,0.0,0.0,0
S509275M-8130095,11.61,0.2916666666666667,1.6099999999999994,80.0,0
NH11171M-002205018,11.54,0.0,0.0,0.0,0
S307136M-6309773,11.52,0.7916666666666666,0.0,0.0,0
S509410M-8131479,11.52,0.4166666666666667,0.5199999999999996,78.0,0
ZPAF50082-621206,11.35,0.25,0.0,0.0,0
4100746M-002238295,11.3,0.0,0.0,0.0,0
S509858M-6320602,11.29,0.25,0.0,0.0,0
S510194M-6326574,11.12,0.0,0.0,0.0,0
NH10781M-002060224,11.05,1.375,1.0500000000000007,80.0,0
T050659M-715392699,11.04,0.125,0.0,0.0,0
S509008M-8126653,11.01,0.3333333333333333,1.0099999999999998,80.0,0
S509703M-6308470,10.99,1.4166666666666667,0.0,0.0,0
S510129M-6326144,10.91,0.0,0.0,0.0,0
HFJ186151-664914,10.83,0.3333333333333333,0.0,0.0,0
NH10062M-001896221,10.76,0.5416666666666666,0.7599999999999998,80.0,0
4100687M-002235869,10.75,0.08333333333333333,0.0,0.0,0
HFJ186345-671285,10.74,0.0,0.0,0.0,0
S204870M-6317257,10.74,0.25,0.0,0.0,0
S204670M-8102848,10.72,0.0,0.7200000000000006,80.0,0
T051001M-715442124,10.7,4.541666666666667,0.6999999999999993,80.0,0
S510114M-6324631,10.63,0.0,0.0,0.0,0
HFJ186189-666922,10.6,0.9166666666666666,0.5999999999999996,80.0,0
HFJ186301-669986,10.47,0.25,0.0,0.0,0
5801341M-728361825,10.47,0.041666666666666664,0.0,0.0,0
S509973M-6321557,10.41,0.25,0.0,0.0,0
S510034M-6324421,10.41,1.5,0.0,0.0,0
5800930M-727353556,10.35,0.0,0.34999999999999964,80.0,0
HFJ185548-642806,10.3,0.3333333333333333,0.3000000000000007,80.0,0
S509700M-6308667,10.3,0.0,0.0,0.0,0
S509942M-6320346,10.14,0.25,0.0,0.0,0
5802027M-728483236,10.08,0.08333333333333333,0.0,0.0,0
HFJ185844-651339,10.07,0.4166666666666667,0.07000000000000028,80.0,0
LSM0W40RTR0310968-GB240302,10.06,0.0,0.0,0.0,0
S510220M-6328417,10.05,0.0,0.0,0.0,0
S307144M-6310341,10.0,0.625,0.0,0.0,0
HFJ185828-653526,9.99,0.375,0.0,0.0,0
HFJ185817-650464,9.98,0.7083333333333334,0.0,0.0,0
HFJ185775-648784,9.95,0.20833333333333334,0.0,0.0,0
S509626M-6304295,9.86,1.9166666666666667,0.0,0.0,0
S510130M-6326555,9.77,0.0,0.0,0.0,0
NH7735717-486636DX,9.76,0.0,0.0,0.0,0
T050658M-715392698,9.66,0.5833333333333334,0.0,0.0,0
S307213M-6328518,9.63,0.0,0.0,0.0,0
5800486M,9.62,0.25,0.0,0.0,0
S509841M-6318198,9.57,0.08333333333333333,0.0,0.0,0
NH11216M-002168306,9.55,0.0,0.0,0.0,0
S510067M-6323705,9.4,0.0,0.0,0.0,0
S204865M-6316841,9.39,0.08333333333333333,0.0,0.0,0
FNHB110CNZHH10138,9.37,0.0,0.0,0.0,0
NKJ0B80CENKH31877-48-383636,9.35,0.0,0.0,0.0,0
T051405M-715477510,9.31,0.25,0.0,0.0,0
S508452M-8107579,9.3,0.16666666666666666,0.0,0.0,0
S403077M-6318380,9.29,0.3333333333333333,0.0,0.0,0
NH10956M-002135093,9.23,0.7916666666666666,0.0,0.0,0
S307128M-6310153,9.23,1.0833333333333333,0.0,0.0,0
NH11234M-002152004,9.22,1.4166666666666667,0.0,0.0,0
S306980M-8123745,9.22,0.0,0.0,0.0,0
H1636610-388705DT,9.19,2.0416666666666665,0.0,0.0,0
S510002M-6320442,9.14,0.0,0.0,0.0,0
S510221M-6328418,9.12,0.08333333333333333,0.0,0.0,0
HFJ186256-668736,9.09,0.0,0.0,0.0,0
NH11297M-002270783,9.07,0.0,0.0,0.0,0
S306850M-8119221,9.03,0.20833333333333334,0.0,0.0,0
S509966M-6319953,8.93,0.08333333333333333,0.0,0.0,0
4100671M-002224794,8.92,0.0,0.0,0.0,0
S307125M-63010154,8.83,0.3333333333333333,0.0,0.0,0
S307121M-6307945,8.81,0.125,0.0,0.0,0
S306952M-8122002,8.79,0.16666666666666666,0.0,0.0,0
HFJ186300-670024,8.77,0.25,0.0,0.0,0
S509613M-6304657,8.73,0.16666666666666666,0.0,0.0,0
5802057M-728483646,8.71,0.25,0.0,0.0,0
NH11182M-002146852,8.64,0.0,0.0,0.0,0
NH10911M-002099933,8.62,0.0,0.0,0.0,0
S510195M-6326347,8.62,0.0,0.0,0.0,0
S307079M-6306359,8.62,0.25,0.0,0.0,0
4100575M-002168670,8.55,0.4166666666666667,0.0,0.0,0
HFJ185551-642765,8.52,0.16666666666666666,0.0,0.0,0
S509471M-6302567,8.52,0.3333333333333333,0.0,0.0,0
S402929M-8117878,8.52,0.4166666666666667,0.0,0.0,0
5802000M-728483320,8.49,0.125,0.0,0.0,0
S307077M-6304272,8.43,0.125,0.0,0.0,0
5801726M-727439657,8.4,0.4583333333333333,0.0,0.0,0
S508995M-8123944,8.4,0.25,0.0,0.0,0
5802085M-728495423,8.39,0.0,0.0,0.0,0
HFJ185539-640311,8.26,0.375,0.0,0.0,0
NH10668M-002014425,8.24,0.041666666666666664,0.0,0.0,0
NH09772M-00185892,8.2,0.0,0.0,0.0,0
5801544M-728419813,8.15,0.375,0.0,0.0,0
S204882M-6317265,8.1,0.16666666666666666,0.0,0.0,0
S306746M-8109801,8.06,0.0,0.0,0.0,0
5802017M-728483648,8.06,0.25,0.0,0.0,0
S306642M,8.05,0.0,0.0,0.0,0
S508712M-8119377,8.04,0.041666666666666664,0.0,0.0,0
S509615M-6304660,7.9,0.375,0.0,0.0,0
S510206M-6325931,7.87,0.0,0.0,0.0,0
HFJ186260-668909,7.85,0.9166666666666666,0.0,0.0,0
NH10920M-002090200,7.81,0.041666666666666664,0.0,0.0,0
4100580M-002191854,7.81,0.20833333333333334,0.0,0.0,0
NH11131M-002190136,7.8,0.041666666666666664,0.0,0.0,0
T051287M-715439504,7.79,0.08333333333333333,0.0,0.0,0
T051248M-715468161,7.65,0.0,0.0,0.0,0
S510200M-6326569,7.65,0.0,0.0,0.0,0
HFJ185818-648660,7.65,0.25,0.0,0.0,0
T05155IM-715483095,7.59,0.0,0.0,0.0,0
S204549M-8086385,7.58,0.0,0.0,0.0,0
HFJ186518-680149,7.56,0.0,0.0,0.0,0
S509787M-6315347,7.55,0.25,0.0,0.0,0
HFJ186207-666683,7.54,0.041666666666666664,0.0,0.0,0
4100507M-002142275,7.51,0.041666666666666664,0.0,0.0,0
NH10746M-002008671,7.39,0.0,0.0,0.0,0
NH10974M-002136780,7.38,0.08333333333333333,0.0,0.0,0
S509507M-6302783,7.2,0.125,0.0,0.0,0
S510031M-6323484,7.14,0.4166666666666667,0.0,0.0,0
5801994M-727480658,7.11,0.0,0.0,0.0,0
4100426M-002060212,7.1,0.0,0.0,0.0,0
HFJ185738-649329,7.08,0.5,0.0,0.0,0
S510201M-6326563,7.08,0.0,0.0,0.0,0
T050699M-715407123,7.07,0.08333333333333333,0.0,0.0,0
NH10478M-001924682,7.07,0.125,0.0,0.0,0
S307131M-6309869,7.07,0.25,0.0,0.0,0
S510117M-6324629,7.06,0.08333333333333333,0.0,0.0,0
S307130M-6310152,7.06,0.4166666666666667,0.0,0.0,0
S204886M-6317320,7.06,0.0,0.0,0.0,0
NHO9781M-001866047,7.01,0.041666666666666664,0.0,0.0,0
S509799M-6318112,6.99,0.375,0.0,0.0,0
JXT1676480-427663DT,6.99,0.3333333333333333,0.0,0.0,0
S509770M-6315148,6.88,0.041666666666666664,0.0,0.0,0
S509740M-6315969,6.87,0.5833333333333334,0.0,0.0,0
5802033M-727481402,6.87,0.0,0.0,0.0,0
NH10932M-002137071,6.87,0.0,0.0,0.0,0
4100675M-002236014,6.86,0.5,0.0,0.0,0
S510011M-6319970,6.85,1.75,0.0,0.0,0
S403033M-6305020,6.82,0.0,0.0,0.0,0
S508679M-8114102,6.77,0.041666666666666664,0.0,0.0,0
ZNAF50135-593607,6.69,0.0,0.0,0.0,0
S306960M-8122377,6.67,0.041666666666666664,0.0,0.0,0
S510112M-6321752,6.65,0.0,0.0,0.0,0
S508298M-8102806,6.6,0.0,0.0,0.0,0
4100709M-002240492,6.56,0.0,0.0,0.0,0
HCCZ3803JRCG79199-8136096,6.54,0.08333333333333333,0.0,0.0,0
S307208M-6318036,6.53,0.3333333333333333,0.0,0.0,0
JXT1676408-427487DT,6.5,0.0,0.0,0.0,0
4100722M-002240496,6.49,0.0,0.0,0.0,0
S306996M-8122395,6.48,0.041666666666666664,0.0,0.0,0
5801291M-728360389,6.43,0.08333333333333333,0.0,0.0,0
NH10566M-001926031,6.43,0.041666666666666664,0.0,0.0,0
5802091M-728495422,6.41,0.0,0.0,0.0,0
NKJ0B80CVPKH33495-40-396059,6.4,0.0,0.0,0.0,0
S306777M-8113994,6.4,0.16666666666666666,0.0,0.0,0
5800836M-727353658,6.38,0.2916666666666667,0.0,0.0,0
NKJ0B80CVNKH31873-48-383983,6.34,0.0,0.0,0.0,0
4100669M-002238689,6.32,0.0,0.0,0.0,0
LSM0W40RCR0310998-GB240342,6.32,0.0,0.0,0.0,0
5801801M-727444224,6.26,0.16666666666666666,0.0,0.0,0
HFJ186588-683188,6.26,0.0,0.0,0.0,0
4100579M-002163629,6.2,0.0,0.0,0.0,0
S508594M-8110568,6.19,0.0,0.0,0.0,0
NH09985M-001932085,6.16,0.041666666666666664,0.0,0.0,0
S509979M-6321886,6.15,1.5,0.0,0.0,0
LSM0W40RCR0310886-GB240026,6.11,0.16666666666666666,0.0,0.0,0
T050705M-715410985,6.09,0.0,0.0,0.0,0
NH11123M-002146854,6.08,0.08333333333333333,0.0,0.0,0
NKJ0B80CJSKH45135,6.04,0.0,0.0,0.0,0
T050701M-715411673,6.03,0.16666666666666666,0.0,0.0,0
S204892M-6318042,6.01,0.3333333333333333,0.0,0.0,0
S307192M-6318041,5.97,0.0,0.0,0.0,0
S508789M-8123308,5.96,0.4583333333333333,0.0,0.0,0
4100657M-002227526,5.96,0.0,0.0,0.0,0
S510099M-6321459,5.96,0.08333333333333333,0.0,0.0,0
S402938M-8117911,5.96,0.125,0.0,0.0,0
NH10922M-002107108,5.95,0.041666666666666664,0.0,0.0,0
S510224M-6328643,5.92,0.0,0.0,0.0,0
HFJ186035-662279,5.92,0.25,0.0,0.0,0
S508666M-8114092,5.91,0.041666666666666664,0.0,0.0,0
HFJ186325-671138,5.9,0.0,0.0,0.0,0
HFJ186427-673838,5.9,0.16666666666666666,0.0,0.0,0
HFJ186024-657509,5.87,0.20833333333333334,0.0,0.0,0
S509801M-6318109,5.86,0.2916666666666667,0.0,0.0,0
HFJ186262-667298,5.79,0.4166666666666667,0.0,0.0,0
S508757M-8120662,5.78,0.7916666666666666,0.0,0.0,0
HFD208439-667292,5.77,0.0,0.0,0.0,0
S508765M-8120722,5.72,0.125,0.0,0.0,0
4100602M-002192995,5.69,0.08333333333333333,0.0,0.0,0
NKJ0B80CPNKH32743-48-390523,5.68,0.0,0.0,0.0,0
S510077M-6323704,5.68,0.0,0.0,0.0,0
S510150M-6326058,5.68,0.0,0.0,0.0,0
5801819M-728436500,5.68,0.08333333333333333,0.0,0.0,0
5802001M-727480795,5.67,0.16666666666666666,0.0,0.0,0
S509782M-6315187,5.65,0.125,0.0,0.0,0
HFJ185874-655585,5.65,0.4583333333333333,0.0,0.0,0
NKJ0B80CHSKH46011,5.6,0.08333333333333333,0.0,0.0,0
S509643M-6307841,5.58,0.041666666666666664,0.0,0.0,0
S307177M-6317176,5.51,0.75,0.0,0.0,0
NH11152M-002148827,5.5,0.2916666666666667,0.0,0.0,0
NH11036M-002135094,5.47,0.08333333333333333,0.0,0.0,0
4100707M-002242255,5.45,0.0,0.0,0.0,0
S204872M-6317194,5.44,0.08333333333333333,0.0,0.0,0
5802063M-728483319,5.42,0.3333333333333333,0.0,0.0,0
S507716M-8087470,5.41,0.0,0.0,0.0,0
5801975M-727476959,5.41,0.4166666666666667,0.0,0.0,0
NH11235M-002171042,5.4,0.0,0.0,0.0,0
NH10195M-001956098,5.38,0.0,0.0,0.0,0
4100714M-002235809,5.31,0.0,0.0,0.0,0
S509983M-6321452,5.29,0.16666666666666666,0.0,0.0,0
S307147M-6310422,5.28,0.0,0.0,0.0,0
S307197M-6317711,5.24,0.6666666666666666,0.0,0.0,0
S510107M-6322057,5.21,0.0,0.0,0.0,0
S403043M-6302911,5.2,0.08333333333333333,0.0,0.0,0
NH11242M-002243067,5.18,0.08333333333333333,0.0,0.0,0
S509004M-8126669,5.16,0.16666666666666666,0.0,0.0,0
HFJ186357-672230,5.13,0.0,0.0,0.0,0
S306856M-8119182,5.13,0.041666666666666664,0.0,0.0,0
S307168M-6317252,5.11,0.3333333333333333,0.0,0.0,0
S204874M-6317191,5.11,0.0,0.0,0.0,0
S509624M-6304293,5.1,0.08333333333333333,0.0,0.0,0
T051550M-715483094,5.09,0.0,0.0,0.0,0
ZPJF01819-002082246,5.09,0.0,0.0,0.0,0
5801743M-728436496,5.06,0.0,0.0,0.0,0
4100555M-002049467,5.05,0.041666666666666664,0.0,0.0,0
S306383M-8088590,5.05,0.0,0.0,0.0,0
S508283M-8103160,5.03,0.0,0.0,0.0,0
S510143M-6326571,4.98,0.0,0.0,0.0,0
5802048M-727486771,4.98,0.0,0.0,0.0,0
S510096M-6324618,4.97,0.0,0.0,0.0,0
S204895M-,4.95,0.0,0.0,0.0,0
5801974M-727476482,4.94,0.0,0.0,0.0,0
S508964M-8123916,4.93,0.0,0.0,0.0,0
T050330M-71537903,4.92,11.708333333333334,0.0,0.0,0
HFJ185587-643990,4.92,0.20833333333333334,0.0,0.0,0
S509272M-8130040,4.84,0.041666666666666664,0.0,0.0,0
4100685M-002224798,4.83,0.08333333333333333,0.0,0.0,0
S510209M-6325932,4.81,0.0,0.0,0.0,0
HFJ185993-659649,4.78,0.16666666666666666,0.0,0.0,0
S510133M-6326237,4.76,0.16666666666666666,0.0,0.0,0
S509005M-8126627,4.73,0.08333333333333333,0.0,0.0,0
S307052M-8130281,4.73,0.041666666666666664,0.0,0.0,0
S510069M-6323786,4.72,0.0,0.0,56.00000000000001,0
S403075M-6318159,4.68,0.0,0.0,0.0,0
S306844M-8119310,4.67,0.16666666666666666,0.0,0.0,0
S508718M-8117873,4.65,0.125,0.0,0.0,0
S510126M-6326123,4.65,0.0,0.0,0.0,0
S403047M-6308844,4.65,0.4166666666666667,0.0,0.0,0
S509621M-6307898,4.65,0.5,0.0,0.0,0
4100680M-002231857,4.63,0.0,0.0,0.0,0
S510048M-6324415,4.63,1.1666666666666667,0.0,0.0,0
5801347M-727366888,4.55,0.0,0.0,0.0,0
NH10524M-001991542,4.55,0.041666666666666664,0.0,0.0,0
S307056M-8130287,4.55,0.0,0.0,0.0,0
S509800M-6318110,4.53,0.125,0.0,0.0,0
S508082M-8099859,4.53,0.0,0.0,0.0,0
NH11028M-002153009,4.51,0.0,0.0,0.0,0
4100690M-002235870,4.5,0.08333333333333333,0.0,0.0,0
S509802M-6318370,4.5,0.25,0.0,0.0,0
S510045M-6322094,4.5,0.4166666666666667,0.0,0.0,0
S508664M-8114083,4.46,0.041666666666666664,0.0,0.0,0
S510009M-6320046,4.45,0.0,0.0,0.0,0
NH10364M-001970256,4.44,0.0,0.0,0.0,0
S510093M-6324619,4.43,0.0,0.0,0.0,0
S307057M-8130282,4.41,0.16666666666666666,0.0,0.0,0
S509612M-6304680,4.37,0.0,0.0,0.0,0
S508131M-8104582,4.37,0.0,0.0,0.0,0
S510054M-6324423,4.34,0.75,0.0,0.0,0
S510121M-6326043,4.34,0.0,0.0,0.0,0
S510005M-6320515,4.34,0.0,0.0,0.0,0
5801996M-727477597,4.34,0.0,0.0,0.0,0
S510180M-6326055,4.29,0.0,0.0,0.0,0
S510125M-6326060,4.28,0.0,0.0,0.0,0
5800056M-727254767,4.27,0.7916666666666666,0.0,0.0,0
4100525M-002146134,4.26,0.041666666666666664,0.0,0.0,0
S509769M-6315146,4.25,0.0,0.0,0.0,0
S403060M-6315145,4.22,0.3333333333333333,0.0,0.0,0
HFJ185822-653030,4.21,0.0,0.0,0.0,0
NH10695M-002019053,4.19,0.0,0.0,0.0,0
S510013M-6320236,4.19,0.16666666666666666,0.0,0.0,0
5801191M,4.16,0.0,0.0,0.0,0
S510053M-6324422,4.14,0.25,0.0,0.0,0
S510135M-6326236,4.12,0.08333333333333333,0.0,0.0,0
S402913M-8113429,4.12,0.041666666666666664,0.0,0.0,0
5802051M-727486548,4.09,0.0,0.0,0.0,0
S509913M-6317672,4.08,0.0,0.0,0.0,0
S307149M-6310424,4.07,0.0,0.0,0.0,0
S510128M-6326124,4.04,0.0,0.0,0.0,0
S306930M-8119819,4.03,0.0,0.0,0.0,0
T050990M-715433720,4.03,0.0,0.0,0.0,0
HFJ186019-661042,4.03,0.0,0.0,0.0,0
4100645M-002219778,4.02,0.0,0.0,0.0,0
S510024M-6319963,4.01,0.0,0.0,0.0,0
HFJ186319-669378,4.01,0.08333333333333333,0.0,0.0,0
4100314M-002029870,3.99,0.0,0.0,0.0,0
S510059M-6322195,3.99,0.0,0.0,0.0,0
4100558M-002143052,3.99,0.0,0.0,0.0,0
NH11238M-002243089,3.98,0.0,0.0,0.0,0
4100626M-002219609,3.98,0.08333333333333333,0.0,0.0,0
5801981M-727476483,3.96,0.0,0.0,0.0,0
4100744M-002238451,3.95,0.0,0.0,0.0,0
S509551M-6305186,3.94,0.16666666666666666,0.0,0.0,0
S307080M-6306358,3.9,0.041666666666666664,0.0,0.0,0
S510144M-6325824,3.9,0.0,0.0,0.0,0
4100676M-002235213,3.88,0.0,0.0,0.0,0
S204718M-8108684,3.87,0.0,0.0,0.0,0
S509363M-8131488,3.87,0.0,0.0,0.0,0
S509915M-6317670,3.87,0.08333333333333333,0.0,0.0,0
HFJ186340-671896,3.85,0.0,0.0,0.0,0
S509732M-6315710,3.84,0.0,0.0,0.0,0
S508953M-8125853,3.84,0.0,0.0,0.0,0
S510023M-6319966,3.83,0.0,0.0,0.0,0
S509417M-8131486,3.82,0.0,0.0,0.0,0
S403057M-6316085,3.82,0.5833333333333334,0.0,0.0,0
5802013M-727481384,3.82,0.0,0.0,0.0,0
S510049M-6324414,3.8,0.8333333333333334,0.0,0.0,0
S509812M-6318154,3.8,0.0,0.0,0.0,0
S510094M-6324620,3.8,0.0,0.0,0.0,0
S204867M-6317253,3.79,0.041666666666666664,0.0,0.0,0
S508299M-8102818,3.79,0.0,0.0,0.0,0
NH11282M-002268215,3.78,0.0,0.0,0.0,0
4100627M-002219611,3.78,0.08333333333333333,0.0,0.0,0
5801978M-727477060,3.76,0.4166666666666667,0.0,0.0,0
HCCZ3803ARCG80101-8136864,3.76,0.0,0.0,0.0,0
S510113M-6321751,3.76,0.0,0.0,0.0,0
NH11172M-002208530,3.74,0.0,0.0,0.0,0
S307042M-8123657,3.73,0.25,0.0,0.0,0
S510148M-6325930,3.72,0.0,0.0,0.0,0
S509951M-6319759,3.72,0.0,0.0,0.0,0
S510127M-6326122,3.72,0.0,0.0,0.0,0
S509370M-8131381,3.72,0.041666666666666664,0.0,0.0,0
S306612M-8105989,3.71,0.0,0.0,0.0,0
S509609M-6304525,3.7,0.041666666666666664,0.0,0.0,0
S510147M-6325956,3.7,0.0,0.0,0.0,0
S508616M-8112817,3.68,0.041666666666666664,0.0,0.0,0
S508896M-8122261,3.67,0.0,0.0,0.0,0
4100642M-002220167,3.64,0.16666666666666666,0.0,0.0,0
S510057M-6322097,3.63,0.0,0.0,0.0,0
S510179M-6326235,3.62,0.0,0.0,0.0,0
S509829M-6318383,3.61,0.0,0.0,0.0,0
S508790M-8122486,3.6,0.08333333333333333,0.0,0.0,0
S510177M-6326549,3.6,0.0,0.0,0.0,0
S509142M-8127556,3.6,0.041666666666666664,0.0,0.0,0
S510234M-6327971,3.56,0.0,0.0,0.0,0
NH10527M-001991573,3.52,0.0,0.0,0.0,0
S403100M-6321657,3.51,0.0,0.0,0.0,0
S509632M-6307858,3.5,0.08333333333333333,0.0,0.0,0
5802073M-728496698,3.45,0.4166666666666667,0.0,0.0,0
S509971M-6319965,3.43,0.0,0.0,0.0,0
NH10286M-001963538,3.42,0.0,0.0,0.0,0
LSM0W40RCP0310822-GB230203,3.4,0.08333333333333333,0.0,0.0,0
S510162M-6326268,3.37,0.0,0.0,0.0,0
NH11157M-002205009,3.36,0.041666666666666664,0.0,0.0,0
S509660M-6304993,3.35,0.08333333333333333,0.0,0.0,0
S510088M-6322101,3.31,0.0,0.0,0.0,0
S509924M-6317800,3.3,0.0,0.0,0.0,0
S306701M-8108216,3.3,0.0,0.0,0.0,0
S204792M-8117610,3.28,0.0,0.0,0.0,0
HFJ186265-669058,3.27,0.0,0.0,0.0,0
4100661M-002229793,3.27,0.0,0.0,0.0,0
S510223M-6328644,3.25,0.0,0.0,0.0,0
5802053M-727486775,3.25,0.0,0.0,0.0,0
NH11260M-002268366,3.25,0.0,0.0,0.0,0
4100673M-02231858,3.24,0.0,0.0,0.0,0
S204745M-8113305,3.24,0.0,0.0,0.0,0
NH11200M-002146853,3.24,0.4166666666666667,0.0,0.0,0
4100644M-002220166,3.23,0.0,0.0,0.0,0
S509736M-6315652,3.23,0.0,0.0,0.0,0
S510140M-6326558,3.19,0.0,0.0,0.0,0
S510134M-6326234,3.18,0.0,0.0,0.0,0
S510196M-6326345,3.18,0.0,0.0,0.0,0
S306674M-8108184,3.17,0.0,0.0,0.0,0
S510208M-6326573,3.16,0.0,0.0,0.0,0
S509989M-6321655,3.13,0.0,0.0,0.0,0
S510123M-6326032,3.13,0.0,0.0,0.0,0
4100721M-002242256,3.12,0.4166666666666667,0.0,0.0,0
NH10798M-002048259,3.08,0.0,0.0,0.0,0
4100549M-002145241,3.07,0.041666666666666664,0.0,0.0,0
S510136M-6326054,3.06,0.0,0.0,0.0,0
HFJ185639-646607,3.06,0.08333333333333333,0.0,0.0,0
5801644M-727425617,3.06,0.08333333333333333,0.0,0.0,0
S509776M-6315349,3.04,0.0,0.0,0.0,0
S306665M-8105988,3.02,0.0,0.0,0.0,0
S510149M-6325954,3.02,0.0,0.0,0.0,0
S307123M-6307947,3.02,0.0,0.0,0.0,0
H000392M-8124453,3.01,0.0,0.0,0.0,0
S509962M-6319951,2.99,0.16666666666666666,0.0,0.0,0
DASSA - 862407062311018 - S509723M-6316133,2.98,0.0,0.0,0.0,0
S508293M-8103391,2.98,0.0,0.0,0.0,0
HFJ186261-666591,2.95,0.125,0.0,0.0,0
S510146M-6325806,2.95,0.0,0.0,0.0,0
S508030M-8099870,2.94,0.0,0.0,0.0,0
NH11244M-002243871,2.9,0.75,0.0,0.0,0
5801663M-727415514,2.87,0.08333333333333333,0.0,0.0,0
S510191M-6326252,2.86,0.0,0.0,0.0,0
S508442M-8107795,2.86,0.0,0.0,0.0,0
NH7698265-447851DX,2.84,0.0,0.0,0.0,0
HFJ186106-665499,2.83,0.041666666666666664,0.0,0.0,0
HFJ186037-662360,2.82,0.041666666666666664,0.0,0.0,0
S510139M-6325832,2.82,0.08333333333333333,0.0,0.0,0
S306998M-8122384,2.76,0.0,0.0,0.0,0
S204825M-6304251,2.73,0.0,0.0,0.0,0
S510178M-6326565,2.7,0.0,0.0,0.0,0
S510152M-6326163,2.69,0.0,0.0,0.0,0
S509780M-6315332,2.66,0.0,0.0,0.0,0
S403101M-6321658,2.64,0.4166666666666667,0.0,0.0,0
NH11239M-002243864,2.63,0.0,0.0,0.0,0
S510116M-6324628,2.63,0.0,0.0,0.0,0
DASSA - 862407061849711 - S509724M-6316130,2.57,0.16666666666666666,0.0,0.0,0
S510007M-6320416,2.56,0.0,0.0,0.0,0
S510231M-6328229,2.56,0.0,0.0,0.0,0
S403093M-6319871,2.53,0.0,0.0,0.0,0
S403053M-6315472,2.52,0.041666666666666664,0.0,0.0,0
S306613M-8105999,2.5,0.0,0.0,0.0,0
S510072M-6323789,2.5,0.0,0.0,0.0,0
S509717M-6315473,2.49,0.0,0.0,0.0,0
NH11029M-002150018,2.47,0.0,0.0,0.0,0
S204860M-6316940,2.47,0.0,0.0,0.0,0
S403095M-6319857,2.46,0.0,0.0,0.0,0
NH11225M-002167306,2.4,0.0,0.0,0.0,0
S509908M-6319762,2.39,0.0,0.0,0.0,0
S510035M-6324420,2.39,0.0,0.0,0.0,0
S307195M-6317847,2.39,0.3333333333333333,0.0,0.0,0
4100686M-002224800,2.39,0.0,0.0,0.0,0
NH1685645-436590DT,2.38,0.0,0.0,0.0,0
S510008M-6320439,2.37,0.0,0.0,0.0,0
S403094M-6319876,2.36,0.0,0.0,0.0,0
S510122M-6326059,2.35,0.3333333333333333,0.0,0.0,0
4100713M-002235846,2.33,0.0,0.0,0.0,0
S510145M-6325823,2.33,0.0,0.0,0.0,0
S403105M-6320441,2.31,0.0,0.0,0.0,0
S510026M-6324580,2.3,0.0,0.0,0.0,0
S509825M-6318016,2.3,0.0,0.0,0.0,0
HFJ185431-634968,2.29,0.0,0.0,0.0,0
HFJ185537-642851,2.28,0.0,0.0,0.0,0
5802007M-727480556,2.28,0.0,0.0,0.0,0
T050475M-715375157,2.27,0.0,0.0,0.0,0
S510138M-6326031,2.26,0.0,0.0,0.0,0
S510156M-6326145,2.24,0.0,0.0,0.0,0
S403104M-6320393,2.24,0.0,0.0,0.0,0
S403088M-6317843,2.22,0.16666666666666666,0.0,0.0,0
S307201M-6318202,2.22,0.8333333333333334,0.0,0.0,0
5802047M-727486553,2.22,0.08333333333333333,0.0,0.0,0
T48332M-715206822,2.21,0.0,0.0,0.0,0
S510027M-6324583,2.18,0.0,0.0,0.0,0
S510161M-6326265,2.17,0.0,0.0,0.0,0
S510141M-6326568,2.17,0.3333333333333333,0.0,0.0,0
S508561M-8108681,2.16,0.0,0.0,0.0,0
HFJ186133-665508,2.14,0.0,0.0,0.0,0
S403044M-6304703,2.12,0.125,0.0,0.0,0
NH10567M-001931398,2.12,0.0,0.0,0.0,0
S204893M-6318404,2.11,0.08333333333333333,0.0,0.0,0
S508939M-8122256,2.11,0.0,0.0,0.0,0
S204897M-6328334,2.1,0.0,0.0,0.0,0
S510047M-6322085,2.07,0.0,0.0,0.0,0
S509372M-8131504,2.07,0.0,0.0,0.0,0
HFJ186424-674017,2.05,0.0,0.0,0.0,0
NH11149M-002220165,2.04,0.0,0.0,0.0,0
S510167M-6326361,2.01,0.0,0.0,0.0,0
S403003M-8132051,2.01,0.0,0.0,0.0,0
S510166M-6326562,1.98,0.0,0.0,0.0,0
S510066M-6323696,1.98,0.0,0.0,0.0,0
S508623M-8112814,1.96,0.0,0.0,0.0,0
HFJ184512-610304,1.96,0.0,0.0,0.0,0
S204873M-6317192,1.95,0.0,0.0,0.0,0
S510062M-6324390,1.95,0.0,0.0,0.0,0
NH10067M-001859873,1.94,0.08333333333333333,0.0,0.0,0
4100727M-002240536,1.94,0.0,0.0,0.0,0
HFJ186119-665636,1.93,0.0,0.0,0.0,0
S510033M-6324430,1.92,0.0,0.0,0.0,0
S402889M-8110214,1.9,0.0,0.0,0.0,0
S510228M-6328228,1.9,0.0,0.0,0.0,0
4100712M-002233187,1.89,0.0,0.0,0.0,0
S510172M-6326321,1.87,0.0,0.0,0.0,0
S307189M-6317254,1.86,0.0,0.0,0.0,0
S307206M-6318039,1.85,0.0,0.0,0.0,0
S307119M-6307852,1.84,0.0,0.0,0.0,0
S510160M-6326267,1.83,0.0,0.0,0.0,0
S307209M-6318035,1.82,0.0,0.0,0.0,0
S510217M-6329176,1.82,0.0,0.0,0.0,0
S508449M-8108164,1.79,0.0,0.0,0.0,0
S510169M-6326346,1.78,0.0,0.0,0.0,0
S510071M-6323698,1.78,0.0,0.0,0.0,0
T050271M,1.75,0.0,0.0,0.0,0
S509817M-6318023,1.75,0.0,0.0,0.0,0
HFJ183850-588804,1.75,0.0,0.0,0.0,0
S508064M-8099853,1.75,0.0,0.0,0.0,0
S402916M-8110554,1.74,0.0,0.0,0.0,0
S510041M-6324604,1.73,0.08333333333333333,0.0,0.0,0
S510163M-6326576,1.73,0.0,0.0,0.0,0
S509955M-6319872,1.73,0.0,0.0,0.0,0
S510175M-6326320,1.7,0.0,0.0,0.0,0
S510155M-6325831,1.69,0.0,0.0,0.0,0
S306751M-8109786,1.69,0.0,0.0,0.0,0
5802034M-727480654,1.69,0.0,0.0,0.0,0
S510157M-6326142,1.67,0.0,0.0,0.0,0
NH11246M-002172412,1.64,0.0,0.0,0.0,0
5802049M-727486552,1.63,0.0,0.0,0.0,0
4100699M-002231845,1.62,0.0,0.0,0.0,0
S510185M-6326164,1.61,0.0,0.0,0.0,0
S510164M-6326560,1.6,0.0,0.0,0.0,0
S509431M-8133116,1.57,0.0,0.0,0.0,0
4100373M-002049621,1.57,0.0,0.0,0.0,0
S509837M-6318358,1.57,0.0,0.0,0.0,0
5802016M-727480557,1.52,0.0,0.0,0.0,0
S510061M-6324391,1.52,0.0,0.0,54.0,0
HFJ186690-683630,1.52,0.0,0.0,0.0,0
S204901M-6328668,1.51,0.0,0.0,0.0,0
S509906M-6319756,1.5,0.0,0.0,0.0,0
5801486M,1.5,0.0,0.0,0.0,0
S307227M-6328860,1.49,0.0,0.0,0.0,0
4100379M-002053772,1.48,0.0,0.0,0.0,0
S508659M-8113437,1.47,0.0,0.0,0.0,0
S508275M-8102704,1.47,0.0,0.0,0.0,0
S510171M-6326575,1.47,0.0,0.0,0.0,0
S510052M-6324429,1.46,0.6666666666666666,0.0,0.0,0
HFJ186280-668840,1.45,0.0,0.0,0.0,0
S510168M-6326358,1.44,0.0,0.0,0.0,0
S510183M-6325805,1.42,0.0,0.0,0.0,0
S307222M-6328666,1.41,0.0,0.0,0.0,0
5802066M-727486984,1.32,0.0,0.0,0.0,0
HFJ186193-666950,1.31,0.0,0.0,0.0,0
S510115M-6324630,1.3,0.08333333333333333,0.0,0.0,0
S510173M-6326323,1.3,0.0,0.0,0.0,0
S510158M-6326162,1.28,0.0,0.0,0.0,0
5802065M-727486978,1.27,0.0,0.0,0.0,0
S510001M-6320432,1.27,0.08333333333333333,0.0,0.0,0
S510151M-6326143,1.23,0.0,0.0,0.0,0
5802093M-728495602,1.22,0.0,0.0,0.0,0
S307150M-6316922,1.21,0.0,0.0,0.0,0
S402901M-8113417,1.21,0.0,0.0,0.0,0
S508741M-8120983,1.21,0.0,0.0,0.0,0
S509443M-8131973,1.19,0.0,0.0,0.0,0
NH11249M-002171038,1.19,0.0,0.0,0.0,0
NH11267M-002266845,1.19,0.0,0.0,0.0,0
S508469M-8107498,1.18,0.0,0.0,0.0,0
S307153M-6316925,1.18,0.0,0.0,0.0,0
5802068M-727486844,1.17,0.0,0.0,0.0,0
S306861M-8119181,1.17,0.0,0.0,0.0,0
T051409M-715475998,1.16,0.0,0.0,0.0,0
S403103M-6321898,1.15,0.0,0.0,0.0,0
S510205M-6328013,1.15,0.0,0.0,0.0,0
S403107M-6320347,1.14,0.0,0.0,0.0,0
S306759M-8109810,1.13,0.0,0.0,0.0,0
S307112M-6308029,1.13,0.0,0.0,0.0,0
ZDBH06006,1.12,0.2916666666666667,0.0,0.0,0
S510216M-6328006,1.12,0.0,0.0,0.0,0
S510165M-6326561,1.09,0.0,0.0,0.0,0
5802128M-728496783,1.09,0.0,0.0,0.0,0
S510174M-6326322,1.09,0.0,0.0,0.0,0
5801312M-727366676,1.07,0.0,0.0,0.0,0
S509830M-6318355,1.06,0.0,0.0,0.0,0
HCCZ3803LSCG92952-8145319,1.05,0.0,0.0,0.0,0
S510170M-6326360,1.05,0.0,0.0,0.0,0
S306745M-8113320,1.02,0.0,0.0,0.0,0
5802069M-727486979,1.01,0.0,0.0,0.0,0
NH11266M-002266848,0.95,0.0,0.0,0.0,0
S509441M-8133121,0.94,0.0,0.0,0.0,0
S306756M-8109809,0.89,0.0,0.0,0.0,0
S508783M-8121271,0.88,0.0,0.0,0.0,0
S306785M-8113999,0.8,0.0,0.0,0.0,0
S306830M-8116187,0.79,0.0,0.0,0.0,0
HFJ185952-657527,0.75,0.0,0.0,0.0,0
S306812M-8114342,0.75,0.0,0.0,0.0,0
S204763M-8114002,0.69,0.0,0.0,0.0,0
S306668M-8106011,0.65,0.0,0.0,0.0,0
T050222M-715359043,0.61,0.0,0.0,0.0,0
S306690M-8108198,0.54,0.0,0.0,0.0,0
JJ0036104,0.53,0.0,0.0,0.0,0
HFJ185415-637000,0.5,0.25,0.0,0.0,0
NKJ0B80CLSKH47540,0.34,0.0,0.0,0.0,0
S509998M-6320345,0.18,0.0,0.0,0.0,0
HFD208757-681167,0.12,0.0,0.0,0.0,0
S306706M-8108215,0.08,0.0,0.0,0.0,0
S510132M-6326553,0.08,0.0,0.0,0.0,0
FNH0B90CNZHH13385,0.01,0.0,0.0,0.0,0
4100178M,0.0,0.0,0.0,4.333333333333334,0
NH08868M-001687894,0.0,0.0,0.0,0.0,0
HFJ185303-630640,0.0,0.0,0.0,5.296296296296297,0
HFJ186381-672235,0.0,0.0,0.0,0.0,0
HFJ186320-669027,0.0,0.0,0.0,0.0,0
HFJ186349-671932,0.0,0.0,0.0,80.0,0
HFJ186285-669545,0.0,0.0,0.0,0.0,0
HFJ186341-671467,0.0,0.0,0.0,0.0,0
HFJ186347-671907,0.0,0.0,0.0,0.0,0
LG-61-320,0.0,0.0,0.0,0.0,0
S510219M-6328419,0.0,0.0,0.0,0.0,0
HCCZ3803LSCG94250-8145987,0.0,0.0,0.0,0.0,0
NH11256M-002243862,0.0,0.0,0.0,0.0,0
4100728M-002238472,0.0,0.0,0.0,0.0,0
NH11279M-002238679,0.0,0.0,0.0,0.0,0
5802130M-727486843,0.0,0.0,0.0,0.0,0
S510190M-6326251,0.0,0.0,0.0,0.0,0
5802133M-727486982,0.0,0.0,0.0,0.0,0
S510282M-6327993,0.0,0.0,0.0,0.0,0
NH11278M-002238678,0.0,0.0,0.0,0.0,0
NH11298M-002270739,0.0,0.0,0.0,0.0,0
S510269M-6328844,0.0,0.0,0.0,0.0,0
4100749M-002272867,0.0,0.0,0.0,0.0,0
S403124M-6322086,0.0,0.0,0.0,0.0,0
NH11270M-002267924,0.0,0.0,0.0,0.0,0
S403116M-6320048,0.0,0.0,0.0,0.0,0
S510258M-6328007,0.0,0.0,0.0,0.0,0
S42389M,0.0,0.0,0.0,0.0,0
HFJ182814-556162,0.0,0.0,0.0,0.0,0
HFJ186342-671251,0.0,0.0,0.0,0.0,0
HFJ186267-668695,0.0,0.0,0.0,0.0,0
NKJ0B80CVNKH30819,0.0,0.0,0.0,12.518518518518519,0
HFJ186558-682262,0.0,0.0,0.0,0.0,0
NH10929M-002140717,0.0,0.0,0.0,2.682666613222169,0
HFJ186383-672521,0.0,0.0,0.0,0.0,0
HFJ186322-671093,0.0,0.0,0.0,0.0,0
S509978M-6321885,0.0,0.0,0.0,0.0,0
5802025M-728483215,0.0,0.0,0.0,0.0,0
HFJ186691-683436,0.0,0.0,0.0,0.0,0
S403112M-6320518,0.0,0.0,0.0,0.0,0
NH11280M-002238453,0.0,0.0,0.0,0.0,0
4100730M-002240498,0.0,0.0,0.0,0.0,0
S510288M-6329073,0.0,0.0,0.0,0.0,0
5802083M-727492543,0.0,0.0,0.0,0.0,0
S510230M-6328232,0.0,0.0,0.0,0.0,0
S510203M-6326570,0.0,0.0,0.0,0.0,0
S403114M-6320419,0.0,0.0,0.0,0.0,0
S510277M-6328641,0.0,0.0,0.0,0.0,0
S510326M-6332779,0.0,0.0,0.0,0.0,0
S510287M-6329051,0.0,0.0,0.0,0.0,0
S510236M-6328936,0.0,0.0,0.0,0.0,0
NKJ0B80CTPKH33506-48-395672,0.0,0.0,0.0,5.634285714285715,0
NH1706730-457696DT,0.0,0.0,0.0,0.0,0
4100631M-002218975,0.0,0.0,0.0,0.0,0
S510296M-6327958,0.0,0.0,0.0,0.0,0
S510318M-6333187,0.0,0.0,0.0,0.0,0
S306289M-8089745,0.0,0.0,0.0,0.0,0
S306324M,0.0,0.0,0.0,96.27777777777777,0
S509985M-6321454,0.0,0.0,0.0,0.0,0
S509984M-6321266,0.0,0.0,0.0,0.0,0
HCCZ3803HSCG93255-8145523,0.0,0.0,0.0,0.0,0
S307218M-6328333,0.0,0.0,0.0,0.0,0
HFJ186335-671451,0.0,0.0,0.0,0.0,0
S509824M-6318022,0.0,0.0,0.0,0.0,0
HFJ186315-671106,0.0,0.0,0.0,0.0,0
HFJ186422-673840,0.0,0.0,0.0,0.0,0
4100732M-002241976,0.0,0.0,0.0,0.0,0
HFJ186651-684597,0.0,0.0,0.0,0.0,0
S204900M-6328768,0.0,0.0,0.0,0.0,0
4100734M-002244620,0.0,0.0,0.0,0.0,0
S510270M-6328843,0.0,0.0,0.0,0.0,0
NH10913M-002090202,0.0,0.0,0.0,0.0,0
HCCZ3803LSCG94040-8146118,0.0,0.0,0.0,0.0,0
NH11274M-002266844,0.0,0.0,0.0,0.0,0
S510199M-6326559,0.0,0.0,0.0,0.0,0
S403125M-6323913,0.0,0.0,0.0,0.0,0
5802087M-728496697,0.0,0.0,0.0,0.0,0
HFJ186314-670855,0.0,0.0,0.0,0.0,0
HFJ186599-683780,0.0,0.0,0.0,0.0,0
HFJ186318-669356,0.0,0.0,0.0,0.0,0
HFJ186561-682495,0.0,0.0,0.0,0.0,0
NH11271M-002238312,0.0,0.0,0.0,0.0,0
S510315M-6333170,0.0,0.0,0.0,0.0,0
S510314M-6333169,0.0,0.0,0.0,0.0,0
5802126M-728496696,0.0,0.0,0.0,0.0,0
NH11195M-002238797,0.0,0.0,0.0,0.0,0
S510235M-6327969,0.0,0.0,0.0,0.0,0
JJGN58NRLMC771822,0.0,0.0,0.0,0.0,0
S510004M-6320339,0.0,0.0,0.0,0.0,0
NH11285M-002268823,0.0,0.0,0.0,0.0,0
S510321M-6333259,0.0,0.0,0.0,0.0,0
S402941M-8117900,0.0,0.0,0.0,0.0,0
HFJ186326-671124,0.0,0.0,0.0,0.0,0
HFJ186404-673547,0.0,0.0,0.0,0.0,0
HFJ185291-632162,0.0,0.0,0.0,56.22222222222222,0
S510241M-6327992,0.0,0.0,0.0,0.0,0
4100466M-002054698,0.0,0.0,0.0,0.0,0
4100634M-002218973,0.0,0.0,0.0,0.0,0
S403073M-6318114,0.0,0.0,0.0,0.0,0
S307138M-6309774,0.0,0.0,0.0,0.0,0
NH10912M-002109251,0.0,0.0,0.0,0.0,0
4100731M-002240493,0.0,0.0,0.0,0.0,0
S510084M-6321983,0.0,0.0,0.0,0.0,0
S510090M-6323916,0.0,0.0,0.0,12.0,0
S510070M-6323702,0.0,0.0,0.0,0.0,0
S510029M-6323466,0.0,0.0,0.0,0.0,0
NH10593M-001992248,0.0,0.0,0.0,25.333333333333332,0
HFJ186523-680696,0.0,0.0,0.0,0.0,0
HCCZ3803KNCG45188-8101742,0.0,0.0,0.0,0.0,0
S403106M-6320431,0.0,0.0,0.0,0.0,0
NH10772M-002048255,0.0,0.0,0.0,0.0,0
S403113M-6320516,0.0,0.0,0.0,0.0,0
NH11263M-002248002,0.0,0.0,0.0,0.0,0
HFJ186331-671225,0.0,0.0,0.0,0.0,0
HFJ185606-644630,0.0,0.0,0.0,52.0,0
5802067M-727486980,0.0,0.0,0.0,0.0,0
S510189M-6326053,0.0,0.0,0.0,0.0,0
T050436M-715377989,0.0,10.833333333333334,0.0,0.0,0
T049446M,0.0,29.458333333333332,0.0,0.0,0
S2136547M,0.0,0.0,0.0,0.0,0
NH11276M-002238677,0.0,0.0,0.0,0.0,0
5802135M-728495753,0.0,0.0,0.0,0.0,0
HFJ184561-612038,0.0,0.0,0.0,0.0,0
HFJ186557-682241,0.0,0.0,0.0,0.0,0
S510207M-6325953,0.0,0.0,0.0,0.0,0
S510292M-6329053,0.0,0.0,0.0,0.0,0
S510184M-6326165,0.0,0.0,0.0,0.0,0
NH11284M-002268214,0.0,0.0,0.0,0.0,0
4100747M-002272970,0.0,0.0,0.0,0.0,0
4100743M-002238311,0.0,0.0,0.0,0.0,0
S403119M-6323690,0.0,0.0,0.0,0.0,0
S510262M-6328089,0.0,0.0,0.0,0.0,0
S403115M-6320049,0.0,0.0,0.0,0.0,0
S510327M-6332978,0.0,0.0,0.0,0.0,0
S510319M-6333186,0.0,0.0,0.0,0.0,0
NH11306M-002270786,0.0,0.0,0.0,0.0,0
NKJ1107ELMKT05861-747-365032,0.0,0.0,0.0,0.0,0
S510104M-6326266,0.0,0.0,0.0,0.0,0
S510188M-6326061,0.0,0.0,0.0,0.0,0
5802129M-728495600,0.0,0.0,0.0,0.0,0
S510218M-6329178,0.0,0.0,0.0,0.0,0
S510255M-6329195,0.0,0.0,0.0,0.0,0
S307160M-6317914,0.0,0.0,0.0,0.0,0
NH11294M-002270396,0.0,0.0,0.0,0.0,0
S510192M-6326250,0.0,0.0,0.0,0.0,0
S510254M-6329196,0.0,0.0,0.0,0.0,0
NH11281M-002238297,0.0,0.0,0.0,0.0,0
S403108M-6320323,0.0,0.0,0.0,0.0,0
S510308M-6330558,0.0,0.0,0.0,0.0,0
S510186M-6326042,0.0,0.0,0.0,0.0,0
S403121M-6323689,0.0,0.0,0.0,0.0,0
S402608M,0.0,0.0,0.0,0.0,0
NH09848M,0.0,0.0,0.0,0.0,0
S204903M-6328110,0.0,0.0,0.0,0.0,0
HFJ185881-656547,0.0,0.0,0.0,40.0,0
NKJ0B80CHNKH32722-40-389074,0.0,0.0,0.0,18.962962962962962,0
HFJ186006-660193,0.0,0.0,0.0,6.666666666666667,0
HFJ186164-666197,0.0,0.0,0.0,0.0,0
4100663M-002229431,0.0,0.0,0.0,0.0,0
S204583M-8088576,0.0,0.0,0.0,0.0,0
H101196M-8088666,0.0,0.0,0.0,11.666666666666666,0
4100032M-001862923,0.0,0.0,0.0,0.07407407407407407,0
HFJ186578-682887,0.0,0.0,0.0,0.0,0
HFJ186595-683441,0.0,0.0,0.0,0.0,0
HCCZ3803HRCG79954-8136684,0.0,0.0,0.0,0.0,0
4100033M-001883885,0.0,0.0,0.0,1.1273710770744285,0
S306262M-8086513,0.0,0.0,0.0,0.0,0
S509725M-6316132,0.0,0.0,0.0,0.0,0
HFJ186208-667300,0.0,0.0,0.0,0.0,0
NH049475M,0.0,0.0,0.0,0.0,0
HFJ184452,0.0,0.0,0.0,0.0,0
NKJ0B80CLNKH30368,0.0,0.0,0.0,1.6117424242424243,0
S507686M,0.0,0.0,0.0,0.0,0
S509941M-6320305,0.0,0.0,0.0,0.0,0
4100521M-002152382,0.0,0.0,0.0,32.666666666666664,0
HFJ185879-656935,0.0,0.0,0.0,80.0,0
NH11191M-002205015,0.0,0.0,0.0,0.0,0
NH11215M-002167305,0.0,0.0,0.0,0.0,0
HFJ186652-684465,0.0,0.0,0.0,0.0,0
HFJ184006-594254,0.0,0.0,0.0,0.0,0
S306675M,0.0,0.0,0.0,16.0,0
HFJ186210-666594,0.0,0.0,0.0,0.0,0
NH10307M-001965113,0.0,0.0,0.0,5.666666666666666,0
4100522M-002150952,0.0,0.0,0.0,0.0,0
HFJ186067-658678,0.0,0.0,0.0,0.0,0
S510119M-6326056,0.0,0.0,0.0,0.0,0
4100662M-002229408,0.0,0.0,0.0,0.0,0
5802042M-727486773,0.0,0.0,0.0,0.0,0
S509986M-6321263,0.0,0.0,0.0,0.0,0
5802036M-727481403,0.0,0.0,0.0,0.0,0
NH10743M-002047865,0.0,0.0,0.0,7.981481481481481,0
HCCZ3803JRCG79249-8136095,0.0,0.0,0.0,0.0,0
HFJ185914-657494,0.0,0.0,0.0,0.0,0
HCCZ3803ERCG79261-8136097,0.0,0.0,0.0,0.0,0
S510294M-6329072,0.0,0.0,0.0,0.0,0
S510299M-6328075,0.0,0.0,0.0,0.0,0
4100450M-002047932,0.0,0.0,0.0,80.0,0
S510267M-6328231,0.0,0.0,0.0,0.0,0
NH11305M-002270778,0.0,0.0,0.0,0.0,0
J458741214,0.0,0.0,0.0,0.0,0
S403086M-6320681,0.0,0.0,0.0,0.0,0
4100654M-002235779,0.0,0.0,0.0,0.0,0
4100446M-002048022,0.0,0.0,0.0,0.0,0
ZLHZE117JR0B06666,0.0,15.5,0.0,0.0,0
S34560M-8033509,0.0,0.0,0.0,0.0,0
T049538M-715314261,0.0,0.0,0.0,0.0,0
SERIEPRUEBA,0.0,30.541666666666668,0.0,0.0,0
SC2401502292,0.0,39.375,0.0,0.0,0
NKJ575SVTPKH34322-48-407294,0.0,0.0,0.0,0.0,0
HFJ185055-618024,0.0,0.0,0.0,4.822222222222222,0
S509920M-6317953,0.0,0.0,0.0,0.0,0
S33516M,0.0,0.0,0.0,0.0,0
4100664M-002229417,0.0,0.0,0.0,0.0,0
S402703M,0.0,0.0,0.0,306.0,0
HFJ185777-650038,0.0,0.0,0.0,45.666666666666664,0
H101301M-8123225,0.0,0.0,0.0,63.67142857142857,0
S307185M-6317179,0.0,0.0,0.0,0.0,0
NH11277M-002238450,0.0,0.0,0.0,0.0,0
S510313M-6333168,0.0,0.0,0.0,0.0,0
NH11268M-002238470,0.0,0.0,0.0,0.0,0
S307214M-6328109,0.0,0.0,0.0,0.0,0
S307219M-6328769,0.0,0.0,0.0,0.0,0
NH11183M-002200768,0.0,0.0,0.0,0.0,0
NH1638546,0.0,0.0,0.0,0.0,0
HFJ183048-564714,0.0,0.0,0.0,32.0,0
H10990M,0.0,0.0,0.0,0.0,0
NH11039M-002132224,0.0,0.0,0.0,0.0,0
HCCZ3803CRCG79231-8136457,0.0,0.0,0.0,0.0,0
5801973M-727477411,0.0,0.0,0.0,0.0,0
ZJFL13348,0.0,0.0,0.0,0.0,0
HFJ185758-648769,0.0,0.0,0.0,42.666666666666664,0
NH10981M-002052368,0.0,0.0,0.0,0.0,0
HFJ186577-682835,0.0,0.0,0.0,0.0,0
NH18591760,0.0,0.0,0.0,0.0,0
S306584M-8107279,0.0,0.0,0.0,0.0,0
HFJ186259-667463,0.0,0.0,0.0,0.0,0
HFJ186274-669537,0.0,0.0,0.0,0.0,0
HFJ186257-668427,0.0,0.0,0.0,0.0,0
S403034M-6308196,0.0,0.0,0.0,0.0,0
S307190M-6317264,0.0,0.0,0.0,0.0,0
HFJ186386-672226,0.0,0.0,0.0,0.0,0
HFJ186380-671983,0.0,0.0,0.0,0.0,0
HFJ186379-672505,0.0,0.0,0.0,0.0,0
HFJ185887-653112,0.0,0.0,0.0,0.0,0
HCCZ3803HNCG47872-8101743,0.0,0.0,0.0,0.0,0
HFJ186654-683871,0.0,0.0,0.0,0.0,0
S509940M-6320321,0.0,0.0,0.0,0.0,0
HFJ186647-684963,0.0,0.0,0.0,0.0,0
S510215M-6328002,0.0,0.0,0.0,0.0,0
S510312M-6333185,0.0,0.0,0.0,0.0,0
SC2401502299,0.0,15.125,0.0,0.0,0
1FTRF12246NA93868,0.0,0.0,0.0,0.0,0
SC2401502326,0.0,30.916666666666668,0.0,0.0,0
S306772M,0.0,0.0,0.0,19.25925925925926,0
S510266M-6328230,0.0,0.0,0.0,0.0,0
S510274M-6328323,0.0,0.0,0.0,0.0,0
5802132M-727486554,0.0,0.0,0.0,0.0,0
NH11262M-002242810,0.0,0.0,0.0,0.0,0
S403122M-6323788,0.0,0.0,0.0,0.0,0
5801397M-727376157,0.0,0.0,0.0,22.527777777777782,0
NKJ575SVAPKH34331,0.0,0.0,0.0,0.0,0
S509996M-6320304,0.0,0.0,0.0,0.0,0
S509958M-6319874,0.0,0.0,0.0,0.0,0
NH10985M-002139999,0.0,0.0,0.0,0.0,0
S507789M,0.0,0.0,0.0,0.0,0
NH11187M-002224797,0.0,0.0,0.0,0.0,0
T47559M,0.0,0.0,0.0,70.0,0
5801159M-727350664,0.0,0.0,0.0,2.281559866241239,0
S306778M,0.0,0.0,0.0,0.0,0
HFJ185945-658210,0.0,0.0,0.0,47.666666666666664,0
HFJ186258-668825,0.0,0.0,0.0,0.0,0
HFJ186490-677345,0.0,5.166666666666667,0.0,0.0,0
NH11087M-002186295,0.0,0.0,0.0,0.0,0
5802044M-727486768,0.0,0.0,0.0,0.0,0
NH08149M,0.0,0.0,0.0,0.5666666666666667,0
S403032M-6305185,0.0,0.0,0.0,0.0,0
S307055M-8130150,0.0,0.0,0.0,0.0,0
NH11038M-002134436,0.0,0.0,0.0,0.0,0
NH10971M-002135102,0.0,0.0,0.0,16.666666666666668,0
S509549M-6308133,0.0,0.0,0.0,0.0,0
HFJ186382-672081,0.0,0.0,0.0,0.0,0
S307044M-8123226,0.0,0.0,0.0,0.0,0
S204698M-8106292,0.0,1.0833333333333333,0.0,130.0,0
4100733M-002238690,0.0,0.0,0.0,0.0,0
S307159M-6316939,0.0,0.0,0.0,0.0,0
S307151M-6316924,0.0,0.0,0.0,0.0,0
NH10656M,0.0,0.0,0.0,24.777777777777775,0
HFJ185920-657064,0.0,0.0,0.0,32.611111111111114,0
S508067M-8099677,0.0,0.0,0.0,42.0,0
HFJ186653-684475,0.0,0.0,0.0,0.0,0
HFJ186586-683446,0.0,0.0,0.0,0.0,0
NH11194M-002225245,0.0,0.0,0.0,0.0,0
HFJ185872-655634,0.0,0.0,0.0,80.0,0
S508202M-8104539,0.0,28.833333333333332,0.0,7.9375,0
S307164M-6316782,0.0,0.0,0.0,0.0,0
S510320M-6333260,0.0,0.0,0.0,0.0,0
NH11283M-002266805,0.0,0.0,0.0,0.0,0
5802056M-727486841,0.0,0.0,0.0,0.0,0
S403123M-6323787,0.0,0.0,0.0,0.0,0
S403109M-6320322,0.0,0.0,0.0,0.0,0
T050280M-715368310,0.0,3.5833333333333335,0.0,4.444444444444445,0
S510212M-6325807,0.0,0.0,0.0,0.0,0
S510330M-6332966,0.0,0.0,0.0,0.0,0
S510253M-6329197,0.0,0.0,0.0,0.0,0
HFJ186594-683635,0.0,0.0,0.0,0.0,0
NKJ0B80CTNKH31865-48-383266,0.0,0.625,0.0,4.5,0
NH10657M,0.0,0.0,0.0,3.7360853432282006,0
S403056M-6316087,0.0,0.0,0.0,0.0,0
S507589M-8088328,0.0,0.0,0.0,1.5099206349206349,0
HFJ186378-672569,0.0,0.0,0.0,0.0,0
HFJ185741-646109,0.0,0.0,0.0,0.0,0
S306774M,0.0,0.0,0.0,8.011111111111111,0
S509720M-6316032,0.0,0.0,0.0,0.0,0
S307145M-6310344,0.0,0.0,0.0,0.0,0
5802136M-728495351,0.0,0.0,0.0,0.0,0
S510249M-6327956,0.0,0.0,0.0,0.0,0
S307217M-6328332,0.0,0.0,0.0,0.0,0
S510226M-6328738,0.0,0.0,0.0,0.0,0
S510298M-6327970,0.0,0.0,0.0,0.0,0
S510256M-6328001,0.0,0.0,0.0,0.0,0
5802084M-727491548,0.0,0.0,0.0,0.0,0
S510273M-6328324,0.0,0.0,0.0,0.0,0
S510291M-6329074,0.0,0.0,0.0,0.0,0
5802054M-727486772,0.0,0.0,0.0,0.0,0
S306197M-8085283,0.0,0.0,0.0,0.0,0
S307229M-6328863,0.0,0.0,0.0,0.0,0
S307224M-6328152,0.0,0.0,0.0,0.0,0
5802134M-727486547,0.0,0.0,0.0,0.0,0
S510239M-6328935,0.0,0.0,0.0,0.0,0
S204904M-6333151,0.0,0.0,0.0,0.0,0
S510272M-6328326,0.0,0.0,0.0,0.0,0
S510281M-6328000,0.0,0.0,0.0,0.0,0
S510259M-6328009,0.0,0.0,0.0,0.0,0
5802088M-728495352,0.0,0.0,0.0,0.0,0
NH7700345-451305DX,0.0,0.0,0.0,0.0,0
S510060M-6324402,0.0,0.0,0.0,0.0,0
NH11253M-002241934,0.0,0.0,0.0,0.0,0
S510247M-6327955,0.0,0.0,0.0,0.0,0
S510324M-6332781,0.0,0.0,0.0,0.0,0
S510232M-6327957,0.0,0.0,0.0,0.0,0
S510305M-6328540,0.0,0.0,0.0,0.0,0
S510301M-6328077,0.0,0.0,0.0,0.0,0
S509762M-6315654,0.0,0.0,0.0,0.0,0
S510295M-6327953,0.0,0.0,0.0,0.0,0
S5412365,0.0,0.0,0.0,0.0,0
NH05541M-001307673,0.0,0.0,0.0,0.0,0
S42449M-8062210,0.0,17.166666666666668,0.0,0.7345959595959597,0
5800407M,0.0,0.0,0.0,0.0,0
5800361M,0.0,0.0,0.0,0.0,0
4100701M-002240109,0.0,0.0,0.0,0.0,0
S510261M-6328088,0.0,0.0,0.0,0.0,0
S204902M-6328665,0.0,0.0,0.0,0.0,0
S510064M-6323481,0.0,0.0,0.0,0.0,0
H50549M-6011776,0.0,0.0,0.0,0.0,0
HFJ186158-664837,0.0,0.0,0.0,14.222222222222221,0
S403036M-6308195,0.0,0.0,0.0,0.0,0
HFJ186170-666280,0.0,0.0,0.0,0.0,0
NH11121M-002193922,0.0,0.0,0.0,0.0,0
NH11258M-002241936,0.0,0.0,0.0,0.0,0
NH10079M-001937289,0.0,0.0,0.0,0.0,0
S204592M-8089605,0.0,0.0,0.0,0.0,0
S510328M-6332965,0.0,0.0,0.0,0.0,0
S402942M-8117904,0.0,0.0,0.0,0.0,0
HFJ186072-664620,0.0,0.0,0.0,0.0,0
HFJ186375-672483,0.0,0.0,0.0,0.0,0
HCCZ3803ARCG78901-8134753,0.0,0.0,0.0,0.0,0
HFJ186141-664980,0.0,0.0,0.0,80.0,0
4100447M,0.0,0.0,0.0,78.0,0
NH10976M-002132312,0.0,0.0,0.0,0.0,0
4100715M-002236004,0.0,0.0,0.0,0.0,0
4100718M-002241928,0.0,0.0,0.0,0.0,0
NH11237M-002171040,0.0,0.0,0.0,0.0,0
S402943M-8117883,0.0,0.0,0.0,0.0,0
S510176M-6326547,0.0,0.0,0.0,0.0,0
S510304M-6328543,0.0,0.0,0.0,0.0,0
S510265M-6328233,0.0,0.0,0.0,0.0,0
S510316M-6333184,0.0,0.0,0.0,0.0,0
S403120M-6323483,0.0,0.0,0.0,0.0,0
NH11296M-2269208,0.0,0.0,0.0,0.0,0
S510322M-6333279,0.0,0.0,0.0,0.0,0
5802074M-727491321,0.0,0.0,0.0,0.0,0
S510278M-6328642,0.0,0.0,0.0,0.0,0
S204629M,0.0,0.0,0.0,0.0,0
S204672M,0.0,0.0,0.0,0.0,0
S509749M-6315889,0.0,0.0,0.0,0.0,0
S510248M-6327985,0.0,0.0,0.0,0.0,0
HFJ186112-665482,0.0,0.0,0.0,0.0,0
NH08955M,0.0,0.0,0.0,0.0,0
5800069M,0.0,0.0,0.0,0.0,0
S510076M-6323703,0.0,0.0,0.0,0.0,0
S307188M-6317204,0.0,0.0,0.0,0.0,0
NH11243M-002243872,0.0,0.0,0.0,0.0,0
S510092M-6323915,0.0,0.0,0.0,0.0,0
NH08372M-001589978,0.0,0.0,0.0,0.0,0
S509423M-8133159,0.0,0.0,0.0,0.0,0
S204722M,0.0,0.0,0.0,4.2103174603174605,0
NH10469M-001968322,0.0,0.0,0.0,3.138888888888889,0
HCCZ3803JRCG79106-8136094,0.0,0.0,0.0,0.0,0
S509909M-6319758,0.0,0.0,0.0,0.0,0
S403085M-6320609,0.0,0.0,0.0,0.0,0
S307183M-6316843,0.0,0.0,0.0,0.0,0
5801962M-727477231,0.0,0.0,0.0,0.0,0
HFJ186655-683984,0.0,0.0,0.0,0.0,0
S507755M-8088724,0.0,0.0,0.0,0.0,0
S510257M-6327999,0.0,0.0,0.0,0.0,0
4100736M-002244621,0.0,0.0,0.0,0.0,0
4100729M-002231038,0.0,0.0,0.0,0.0,0
S510131M-6326548,0.0,0.0,0.0,0.0,0
S507731M,0.0,0.0,0.0,13.0,0
S402862M-8107446,0.0,0.0,0.0,1.9054610733182162,0
S510302M-6328076,0.0,0.0,0.0,0.0,0
S307223M-6328150,0.0,0.0,0.0,0.0,0
S510334M-6332842,0.0,0.0,0.0,0.0,0
S510063M-6324393,0.0,0.0,0.0,0.0,0
5802064M-727486770,0.0,0.0,0.0,0.0,0
S510300M-6328078,0.0,0.0,0.0,0.0,0
NH10832M,0.0,0.0,0.0,0.0,0
S510244M-6328739,0.0,0.0,0.0,0.0,0
4100737M-002244605,0.0,0.0,0.0,0.0,0
NKJ575SVLPKH34332-48-411258,0.0,0.0,0.0,0.0,0
HCCZ3803KRCG79802-8136686,0.0,0.0,0.0,0.0,0
HCCZ3803JRCG80370-8137464,0.0,0.0,0.0,0.0,0
S307210M-6328767,0.0,0.0,0.0,0.0,0
HFJ186150-664850,0.0,0.0,0.0,0.0,0
S306406M,0.0,0.0,0.0,1.1135942100227816,0
S403118M-6320250,0.0,0.0,0.0,0.0,0
H101299M-8123221,0.0,0.0,0.0,58.60545634920635,0
1P06403XHM0040806,0.0,0.0,0.0,0.0,0
5801414M-727374196,0.0,0.0,0.0,0.0,0
5801970M-727477234,0.0,0.0,0.0,0.0,0
S307003M-6298663,0.0,0.0,0.0,0.0,0
HCCZ3803KRCG79668-8136680,0.0,0.0,0.0,0.0,0
HFJ186184-666566,0.0,0.0,0.0,0.0,0
HFJ186190-666604,0.0,0.0,0.0,0.0,0
HCCZ3803LRCG78978-8134756,0.0,0.0,0.0,0.0,0
NH11273M-002266846,0.0,0.0,0.0,0.0,0
S510271M-6328842,0.0,0.0,0.0,0.0,0
NKJ0B80CCPKH33494-40-396061,0.0,0.0,0.0,9.166666666666668,0
NH11229M-002243091,0.0,0.0,0.0,0.0,0
S510245M-6327986,0.0,0.0,0.0,0.0,0
S307221M-6328667,0.0,0.0,0.0,0.0,0
S510303M-6328542,0.0,0.0,0.0,0.0,0
S510311M-6333261,0.0,0.0,0.0,0.0,0
S307226M-6328861,0.0,0.0,0.0,0.0,0
S510095M-6324603,0.0,0.0,0.0,0.0,0
NH11209M-002231868,0.0,0.0,0.0,0.0,0
HFJ186650-685097,0.0,0.0,0.0,0.0,0
HFJ186609-683921,0.0,0.0,0.0,0.0,0
4100028M-001855831,0.0,0.0,0.0,0.0,0
S52740M,0.0,0.0,0.0,0.0,0
S306205M,0.0,0.0,0.0,0.0,0
S306246M-8086836,0.0,0.0,0.0,0.0,0
NMAH25511,0.0,0.0,0.0,0.0,0
S510225M-6328740,0.0,0.0,0.0,0.0,0
S510317M-6333233,0.0,0.0,0.0,0.0,0
4100748M-002268818,0.0,0.0,0.0,0.0,0
5802079M-728496781,0.0,0.0,0.0,0.0,0
S510202M-6326554,0.0,0.0,0.0,0.0,0
S510306M-6328541,0.0,0.0,0.0,0.0,0
S510309M-6330560,0.0,0.0,0.0,0.0,0
4100745M-002238310,0.0,0.0,0.0,0.0,0
S510307M-6330561,0.0,0.0,0.0,0.0,0
S510263M-6328090,0.0,0.0,0.0,0.0,0
5802131M-727486842,0.0,0.0,0.0,0.0,0
S510297M-6327972,0.0,0.0,0.0,0.0,0
S510243M-6328014,0.0,0.0,0.0,0.0,0
S510332M-6332840,0.0,0.0,0.0,0.0,0
S510284M-6328962,0.0,0.0,0.0,0.0,0
4100740M-002272864,0.0,0.0,0.0,0.0,0
S510250M-6327984,0.0,0.0,0.0,0.0,0
S510197M-6326344,0.0,0.0,0.0,0.0,0
S510240M-6328008,0.0,0.0,0.0,0.0,0
S510233M-6327951,0.0,0.0,0.0,0.0,0
S510275M-6328325,0.0,0.0,0.0,0.0,0
5802127M-728496699,0.0,0.0,0.0,0.0,0
S510276M-6327954,0.0,0.0,0.0,0.0,0
S510286M-6328965,0.0,0.0,0.0,0.0,0
5802125M-728495750,0.0,0.0,0.0,0.0,0
H000393M,0.0,0.0,0.0,80.0,0
4100449M-002060008,0.0,0.0,0.0,0.0,0
T049816M-715340718,0.0,0.0,0.0,0.0,0
S507550M,0.0,0.0,0.0,0.0,0
HFJ185083-626598,0.0,0.0,0.0,92.66666666666667,0
S510285M-6328964,0.0,0.0,0.0,0.0,0
NH11232M-002243092,0.0,0.0,0.0,0.0,0
HFJ186370-672045,0.0,0.0,0.0,0.0,0
HFJ185902-653497,0.0,0.0,0.0,0.0,0
S403072M-6318061,0.0,0.0,0.0,0.0,0
HFJ186369-672048,0.0,0.0,0.0,0.0,0
HFJ185327-632491,0.0,0.0,0.0,7.805555555555555,0
NKJ0B80CKPKH36568-48-413852,0.0,0.0,0.0,74.55555555555556,0
HFJ186343-671916,0.0,0.0,0.0,0.0,0
HFJ186491-679775,0.0,0.0,0.0,0.0,0
S508941M-8125648,0.0,0.0,0.0,66.30952380952381,0
S510082M-6321984,0.0,0.0,0.0,0.0,0
S510056M-6322193,0.0,0.0,0.0,0.0,0
S510106M-6321996,0.0,0.0,0.0,0.0,0
HFJ185343-632176,0.0,0.0,0.0,10.0,0
T049629M-715321250,0.0,0.0,0.0,0.0,0
NH10794M-002047867,0.0,0.0,0.0,0.0,0
NKJ1107ETPKT06355-47-395190,0.0,0.0,0.0,0.0,0
HFJ186701-687239,0.0,0.0,0.0,0.0,0
NH11257M-002241933,0.0,0.0,0.0,0.0,0
S510242M-6328015,0.0,0.0,0.0,0.0,0
S510246M-6327952,0.0,0.0,0.0,0.0,0
S510089M-6322095,0.0,0.0,0.0,0.0,0
S307228M-6328151,0.0,0.0,0.0,0.0,0
NKJ0B80CCPKH34444,0.0,0.0,0.0,62.041666666666664,0
S510335M-6332843,0.0,0.0,0.0,0.0,0
S510331M-6332841,0.0,0.0,0.0,0.0,0
S510325M-6332780,0.0,0.0,0.0,0.0,0
S510283M-6328963,0.0,0.0,0.0,0.0,0
5802094M-728495425,0.0,0.0,0.0,0.0,0
S510238M-6328937,0.0,0.0,0.0,0.0,0
S510198M-6326359,0.0,0.0,0.0,0.0,0
4100741M-002272971,0.0,0.0,0.0,0.0,0
S403126M-6322196,0.0,0.0,0.0,0.0,0
JJGN58NRCLC771572,0.0,7.791666666666667,0.0,0.0,0
JJGN58NRCKC761664,0.0,0.0,0.0,0.0,0
AIN16358TN3030833,0.0,6.583333333333333,0.0,0.0,0
S510280M-6327991,0.0,0.0,0.0,0.0,0
S508955M-8124546,0.0,0.0,0.0,10.524206349206349,0
4100465M-002060233,0.0,0.0,0.0,0.0,0
S510124M-6326030,0.0,0.0,0.0,0.0,0
S510087M-6322087,0.0,0.0,0.0,0.0,0
NH11241M-002236418,0.0,0.0,0.0,0.0,0
NH10861M-002052317,0.0,0.0,0.0,3.5185185185185186,0
NH11295M-002270395,0.0,0.0,0.0,0.0,0
NH11247M-002243863,0.0,0.0,0.0,0.0,0
S403111M-6319858,0.0,0.0,0.0,0.0,0
HCCZ3803VSCG92690-8144784,0.0,0.0,0.0,0.0,0
S403117M-6320245,0.0,0.0,0.0,0.0,0
NH11269M-002238452,0.0,0.0,0.0,0.0,0
NH09819M,0.0,0.0,0.0,0.0,0
NH11272M-002238296,0.0,0.0,0.0,0.0,0
S307161M-6317915,0.0,0.0,0.0,0.0,0
S307193M-6318037,0.0,0.0,0.0,0.0,0
4100464M-002060222,0.0,0.0,0.0,0.0,0
NH10975M-002132311,0.0,0.0,0.0,0.0,0
HFJ186570-682969,0.0,0.0,0.0,0.0,0
5801187M,0.0,0.0,0.0,10.472222222222221,0
NKJ0B80CEPKH33504-48-395526,0.0,0.0,0.0,7.225925925925927,0
S510015M-6320251,0.0,0.0,0.0,0.0,0
5800467M-727327585,0.0,0.0,0.0,0.0,0
JJGN58NRELC771580,0.0,30.625,0.0,0.0,0
HFJ185603-644767,0.0,0.0,0.0,43.00000000000001,0
HFJ185504-639704,0.0,0.0,0.0,66.0,0
HFJ186323-671059,0.0,0.0,0.0,0.0,0
S306671M-8107265,0.0,0.0,0.0,0.0,0
S306182M-8081183,0.0,0.0,0.0,0.0,0
T049498M-715307456,0.0,0.0,0.0,0.0,0
T049514M,0.0,0.0,0.0,0.0,0
HFJ180250,0.0,0.0,0.0,0.0,0
S306176M-808119,0.0,0.0,0.0,0.0,0
4100725M-002231864,0.0,0.0,0.0,0.0,0
5802137M-728495603,0.0,0.0,0.0,0.0,0
4100387M-002051519,0.0,0.0,0.0,80.0,0
5800475M,0.0,0.0,0.0,0.0,0
S56980M-8071057,0.0,0.0,0.0,0.9278693528693529,0
4100726M-002242257,0.0,0.0,0.0,0.0,0
NH10779M-002054259,0.0,0.0,0.0,0.0,0
5802080M-728496782,0.0,0.0,0.0,0.0,0
5802081M-728496700,0.0,0.0,0.0,0.0,0
S510010M-6320056,0.0,0.0,0.0,0.0,0
S510065M-6323691,0.0,0.0,0.0,0.0,0
NKJ0B80CPPKH36570-48-415186,0.0,0.0,0.0,56.666666666666664,0
HFJ185383-634241,0.0,0.0,0.0,76.0,0
HCCZ3803JRCG79235-8136455,0.0,0.0,0.0,0.0,0
HCCZ3803TRCG79036-8136089,0.0,0.0,0.0,0.0,0
HCCZ3803VRCG79027-8134712,0.0,0.0,0.0,0.0,0
HFJ186339-671902,0.0,0.0,0.0,0.0,0
JJGN58NRJLC771572,0.0,0.0,0.0,0.0,0
HFJ186134-665380,0.0,0.0,0.0,0.0,0
HFJ186641-684910,0.0,0.0,0.0,0.0,0
S510028M-6324581,0.0,0.0,0.0,0.0,0
HFJ182791-552477,0.0,6.375,0.0,2.2777777777777777,0
MADISA - 5801157M - 727350823,0.0,0.0,0.0,8.0,0
HCCZ3803HRCG79047-8136099,0.0,0.0,0.0,0.0,0
HFJ186147-664613,0.0,0.0,0.0,0.0,0
S403052M-6308738,0.0,0.0,0.0,0.0,0
S306237M,0.0,0.0,0.0,0.0,0
4100388M-002053319,0.0,0.0,0.0,0.0,0
S508702M-8113987,0.0,0.0,0.0,0.0,0
4100239M,0.0,0.0,0.0,8.777777777777779,0
5802077M-727491247,0.0,0.0,0.0,0.0,0
S510329M-6332964,0.0,0.0,0.0,0.0,0
S307199M-6317712,0.0,0.0,0.0,0.0,0
S510260M-6328087,0.0,0.0,0.0,0.0,0
S510237M-6328934,0.0,0.0,0.0,0.0,0
4100742M-002268817,0.0,0.0,0.0,0.0,0
S307200M-6317710,0.0,0.0,0.0,0.0,0
S307216M-6328520,0.0,0.0,0.0,0.0,0
S510293M-6329071,0.0,0.0,0.0,0.0,0
S204898M-6328335,0.0,0.0,0.0,0.0,0
S307220M-6328770,0.0,0.0,0.0,0.0,0
4100029M-001879972,0.0,0.0,0.0,0.0,0
4100739M-002268824,0.0,0.0,0.0,0.0,0
NKJ0B80CJPKH36572-48-415187,0.0,0.0,0.0,22.4537037037037,0
HFJ186337-671307,0.0,0.0,0.0,0.0,0
HFJ186333-671265,0.0,0.0,0.0,0.0,0
NH11231M-002171039,0.0,0.0,0.0,0.0,0
HCCZ3803KRCG79153-8136093,0.0,0.0,0.0,0.0,0
HCCZ3803ARCG78963-8134760,0.0,0.0,0.0,0.0,0
HFJ186377-672595,0.0,0.0,0.0,0.0,0
NH11250M-002240494,0.0,0.0,0.0,0.0,0
NH08836M,0.0,0.0,0.0,0.0,0
S510268M-6328841,0.0,0.0,0.0,0.0,0
S510279M-6327994,0.0,0.0,0.0,0.0,0
S510310M-6330559,0.0,0.0,0.0,0.0,0
S510323M-6332778,0.0,0.0,0.0,0.0,0
HFJ186287-669752,0.0,0.0,0.0,0.0,0
HFJ186354-672017,0.0,0.0,0.0,0.0,0
HFJ185390-635443,0.0,0.0,0.0,97.90277777777777,0
HFJ186368-672486,0.0,0.0,0.0,0.0,0
HFJ186309-670752,0.0,0.0,0.0,0.0,0
NKJ0B80CHPKH36563-48-414242,0.0,0.0,0.0,5.092592592592593,0
NKJ575SVVPKH34327-40-398924,0.0,0.0,0.0,0.0,0
HFJ186656-683826,0.0,0.0,0.0,0.0,0
HFJ186344-671207,0.0,0.0,0.0,0.0,0
4100424M-002053839,0.0,0.0,0.0,0.0,0
HFJ186338-671887,0.0,0.0,0.0,0.0,0
NH10406M-001963590,0.0,0.0,0.0,3.868055555555556,0
4100474M-002105940,0.0,0.0,0.0,40.583333333333336,0
HFJ186648-685098,0.0,0.0,0.0,0.0,0
S510289M-6329050,0.0,0.0,0.0,0.0,0
4100738M-002272865,0.0,0.0,0.0,0.0,0
S510252M-6329179,0.0,0.0,0.0,0.0,0
S510333M-6333008,0.0,0.0,0.0,0.0,0
S307225M-6328862,0.0,0.0,0.0,0.0,0
HCCZ3803CSCG93491-8146258,0.0,0.0,0.0,0.0,0
S510290M-6329052,0.0,0.0,0.0,0.0,0
S204899M-6328519,0.0,0.0,0.0,0.0,0
S510229M-6328227,0.0,0.0,0.0,0.0,0
S510251M-6327983,0.0,0.0,0.0,0.0,0
S510222M-6328416,0.0,0.0,0.0,0.0,0
S510264M-6328226,0.0,0.0,0.0,64.0,0
S307211M-6328456,0.0,0.0,0.0,0.0,0
