no._serie,duration,event,X_CEM_Historico,X_DOE,X_DMU_Actual,Segmento
368928M,1,0,46.33333333333333,21.166666666666668,8.0,AGRICOLA
4100039M-001871852,2,0,2.9537037037037037,44.166666666666664,0.0,AGRICOLA
4100041M-001871869,3,0,1.9027777777777777,11.666666666666666,0.0,AGRICOLA
4100045M-001871864,2,0,7.773412698412699,40.041666666666664,0.0,AGRICOLA
4100046M-001871863,2,1,1.4083333333333332,55.708333333333336,11.0,AGRICOLA
4100047M-001868525,1,0,3.5000000000000004,16.208333333333332,0.0,AGRICOLA
4100048M-001872181,2,1,1.0476190476190477,55.208333333333336,254.0,AGRICOLA
4100049M-001900489,1,0,2.094973544973545,49.541666666666664,0.0,AGRICOLA
4100050M-001931400,2,0,2.407407407407408,31.416666666666668,0.0,AGRICOLA
4100052M-001923811,1,0,1.8477777777777777,60.875,66.0,AGRICOLA
4100053M-001929988,3,0,3.248677248677249,72.91666666666667,70.0,AGRICOLA
4100054M-001930722,3,0,2.916666666666667,34.291666666666664,0.0,AGRICOLA
4100055M-001930033,1,0,3.087037037037037,32.458333333333336,0.0,AGRICOLA
4100058M-001923812,3,0,1.1412698412698412,47.333333333333336,0.0,AGRICOLA
4100059M-001883259,4,1,33.737037037037034,47.25,0.0,AGRICOLA
4100060M-001883265,2,0,10.666666666666668,26.916666666666668,11.0,AGRICOLA
4100061M-001870239,3,0,2.1930555555555555,75.75,0.0,AGRICOLA
4100063M-001901651,4,0,1.3333333333333333,43.208333333333336,0.0,AGRICOLA
4100064M-001882515,6,0,2.473346560846561,72.5,0.0,AGRICOLA
4100066M-001901659,1,1,5.5,14.166666666666666,0.0,AGRICOLA
4100067M-001898891,2,0,1.027777777777778,34.125,0.0,AGRICOLA
4100070M-001925771,2,0,3.6423280423280424,52.791666666666664,0.0,AGRICOLA
4100072M-001901667,4,0,3.9,34.958333333333336,0.0,AGRICOLA
4100073M-001902310,1,0,0.0,12.041666666666666,0.0,AGRICOLA
4100074M-001901656,3,0,0.0,37.166666666666664,0.0,AGRICOLA
4100075M-001902144,2,0,13.833333333333334,24.25,19.0,AGRICOLA
4100076M-001902146,1,0,6.666666666666667,17.083333333333332,0.0,AGRICOLA
4100077M,3,0,42.833333333333336,21.708333333333332,0.0,AGRICOLA
4100079M-001882512,2,0,7.388888888888889,27.708333333333332,0.0,AGRICOLA
4100081M-001883060,2,0,0.0,18.833333333333332,0.0,AGRICOLA
4100082M-001883269,2,0,1.9506613756613755,45.125,0.0,AGRICOLA
4100084M-001940929,1,0,7.055555555555555,22.166666666666668,5.0,AGRICOLA
4100086M-001949388,2,0,2.39,51.916666666666664,12.0,AGRICOLA
4100088M-001944827,1,0,2.2486111111111113,45.791666666666664,0.0,AGRICOLA
4100093M-001887775,1,0,1.5,30.041666666666668,0.0,AGRICOLA
4100094M-001887773,2,0,1.4277777777777778,37.291666666666664,0.0,AGRICOLA
4100096M-001887769,6,1,2.462037037037037,58.416666666666664,0.0,AGRICOLA
4100097M-001887768,1,0,19.0,24.166666666666668,10.0,AGRICOLA
4100098M-001883258,1,0,5.9111111111111105,40.916666666666664,0.0,AGRICOLA
4100100M-001898978,2,1,1.916666666666667,25.666666666666668,0.0,AGRICOLA
4100103M-001963859,2,0,1.079047619047619,31.5,0.0,AGRICOLA
4100104M-001894422,2,0,3.95,48.125,0.0,AGRICOLA
4100105M-001894473,3,0,5.305555555555555,31.916666666666668,0.0,AGRICOLA
4100106M-001894395,2,0,2.0331443688586543,71.70833333333333,0.0,AGRICOLA
4100107M-001887771,1,0,11.333333333333332,18.916666666666668,0.0,AGRICOLA
4100108M-001894416,1,0,5.402777777777779,19.125,0.0,AGRICOLA
4100109M-001930720,5,0,1.806878306878307,71.29166666666667,0.0,AGRICOLA
4100114M-001925769,12,0,8.945380629471538,111.20833333333333,0.0,AGRICOLA
4100115M-001955536,1,0,5.333333333333334,24.708333333333332,0.0,AGRICOLA
4100117M-001932846,2,0,9.5,23.541666666666668,0.0,AGRICOLA
4100119M-001894471,4,0,1.9296296296296296,44.458333333333336,0.0,AGRICOLA
4100121M-001896447,3,0,5.651058201058201,54.75,0.0,AGRICOLA
4100123M-001894469,6,0,0.0,52.041666666666664,0.0,AGRICOLA
4100124M-001894414,3,0,8.166666666666666,27.208333333333332,0.0,AGRICOLA
4100126M-001894470,2,1,4.669444444444444,42.875,0.0,AGRICOLA
4100127M-001894468,3,0,3.3333333333333335,20.833333333333332,0.0,AGRICOLA
4100128M-001894397,5,0,5.316666666666666,51.541666666666664,0.0,AGRICOLA
4100130M-001963906,2,0,6.805555555555555,43.833333333333336,19.0,AGRICOLA
4100131M-001949768,1,0,6.666666666666666,27.75,0.0,AGRICOLA
4100132M-001963905,2,0,4.555555555555555,26.5,0.0,AGRICOLA
4100133M-001924270,1,0,2.666666666666667,19.416666666666668,0.0,AGRICOLA
4100137M-001938124,5,0,2.830793650793651,55.416666666666664,0.0,AGRICOLA
4100138M-001950059,4,0,1.612962962962963,39.333333333333336,0.0,AGRICOLA
4100140M-001938126,1,0,14.347222222222221,18.291666666666668,0.0,AGRICOLA
4100141M-001898901,1,0,1.1111111111111112,11.75,0.0,AGRICOLA
4100143M-001926003,1,0,0.0,11.583333333333334,0.0,AGRICOLA
4100144M-001924683,2,1,2.388756613756614,70.25,0.0,AGRICOLA
4100145M-001925943,4,0,2.674074074074074,41.333333333333336,0.0,AGRICOLA
4100146M-001950437,3,0,4.890873015873016,44.916666666666664,0.0,AGRICOLA
4100147M-001963860,2,0,1.555952380952381,66.91666666666667,0.0,AGRICOLA
4100148M-001963629,3,1,14.256944444444445,42.708333333333336,0.0,AGRICOLA
4100149M-001963537,1,0,26.0,9.041666666666666,0.0,AGRICOLA
4100150M-001955534,1,1,2.8981481481481484,46.583333333333336,0.0,AGRICOLA
4100151M-001987377,5,0,2.556031746031746,51.958333333333336,0.0,AGRICOLA
4100153M-001987227,5,0,2.3333333333333335,50.541666666666664,0.0,AGRICOLA
4100154M-001986569,4,0,0.74,63.625,0.0,AGRICOLA
4100156M-001966578,1,0,34.22222222222222,30.958333333333332,0.0,AGRICOLA
4100158M-001986444,3,1,39.44444444444444,36.083333333333336,29.0,AGRICOLA
4100159M-001987376,1,0,2.925925925925926,28.208333333333332,0.0,AGRICOLA
4100162M-001933059,2,0,11.333333333333332,17.25,0.0,AGRICOLA
4100163M-001925164,1,0,8.416666666666668,24.833333333333332,2.0,AGRICOLA
4100165M-001924684,3,0,0.0,33.5,0.0,AGRICOLA
4100168M-001925909,3,0,1.1111111111111112,7.708333333333333,0.0,AGRICOLA
4100170M-001926032,6,0,1.6230158730158732,61.75,0.0,AGRICOLA
4100172M-001926006,1,1,16.0,50.958333333333336,0.0,AGRICOLA
4100179M-001989719,1,0,2.519285714285714,44.458333333333336,0.0,AGRICOLA
4100181M-001985951,1,0,11.333333333333332,28.083333333333332,0.0,AGRICOLA
4100182M-001949770,2,0,2.462962962962963,30.041666666666668,0.0,AGRICOLA
4100183M-001950062,3,0,4.964417989417989,58.791666666666664,0.0,AGRICOLA
4100184M-001945145,2,0,0.9277777777777779,46.208333333333336,0.0,AGRICOLA
4100186M-001926033,2,0,3.0999999999999996,25.166666666666668,43.0,AGRICOLA
4100187M-001990272,1,0,29.666666666666668,0.0,0.0,AGRICOLA
4100190M-001945144,1,0,97.8888888888889,22.333333333333332,0.0,AGRICOLA
4100192M-001925945,4,0,68.08333333333334,35.75,0.0,AGRICOLA
4100196M-001931363,2,0,0.0,19.625,0.0,AGRICOLA
4100197M-002020516,1,1,0.9091080876795162,81.08333333333333,0.0,AGRICOLA
4100198M-001950456,2,0,63.5,14.791666666666666,70.0,AGRICOLA
4100200M-001938125,2,0,8.986111111111112,41.416666666666664,0.0,AGRICOLA
4100201M-001927703,2,1,3.7415343915343917,69.04166666666667,0.0,AGRICOLA
4100202M-002020514,3,0,0.8333333333333334,33.708333333333336,0.0,AGRICOLA
4100203M-002020513,3,0,0.0,24.166666666666668,0.0,AGRICOLA
4100204M-002033380,2,1,9.833333333333334,32.5,0.0,AGRICOLA
4100206M-002033077,3,0,4.125947971781305,81.33333333333333,11.0,AGRICOLA
4100210M-002033027,2,0,2.9629629629629632,44.458333333333336,0.0,AGRICOLA
4100211M-002033028,3,1,6.166666666666667,39.625,0.0,AGRICOLA
4100212M-002017776,1,0,3.0821428571428573,45.708333333333336,0.0,AGRICOLA
4100214M-002033718,2,0,3.6944444444444446,39.041666666666664,0.0,AGRICOLA
4100216M-002033024,2,0,12.666666666666668,22.75,0.0,AGRICOLA
4100217M-002033728,2,0,130.0,15.333333333333334,0.0,AGRICOLA
4100218M-002033017,3,0,10.06111111111111,74.16666666666667,0.0,AGRICOLA
4100219M-002033379,1,0,7.583333333333334,29.291666666666668,0.0,AGRICOLA
4100221M-002033025,2,0,29.944444444444443,33.416666666666664,0.0,AGRICOLA
4100223M-002033378,1,0,203.0,22.791666666666668,0.0,AGRICOLA
4100225M-002033775,1,0,9.666666666666668,29.166666666666668,0.0,AGRICOLA
4100226M-002029869,2,0,3.5,21.333333333333332,0.0,AGRICOLA
4100227M-002033029,1,0,40.38888888888889,50.541666666666664,25.0,AGRICOLA
4100228M-002033075,5,1,4.625,18.083333333333332,0.0,AGRICOLA
4100230M-002023672,1,0,26.12962962962963,37.625,0.0,AGRICOLA
4100232M-002030100,2,1,43.666666666666664,32.875,0.0,AGRICOLA
4100233M-002045209,3,1,17.402645502645502,54.666666666666664,0.0,AGRICOLA
4100238M-002029634,3,0,33.333333333333336,26.0,0.0,AGRICOLA
4100240M-002031132,4,0,2.4074074074074074,0.2916666666666667,0.0,AGRICOLA
4100241M-002026612,4,0,0.4955555555555556,72.95833333333333,0.0,AGRICOLA
4100244M-002028073,3,0,8.555555555555555,28.375,0.0,AGRICOLA
4100245M-002031143,4,1,26.037037037037035,44.625,0.0,AGRICOLA
4100246M-002029633,1,0,9.637619047619047,55.875,0.0,AGRICOLA
4100247M-002028074,2,0,5.943333333333333,50.708333333333336,54.0,AGRICOLA
4100248M-002028067,2,0,103.4,42.833333333333336,0.0,AGRICOLA
4100249M-002028550,2,0,19.12962962962963,34.333333333333336,0.0,AGRICOLA
4100250M-002031141,1,1,11.555555555555555,44.375,31.0,AGRICOLA
4100252M-002028081,2,0,11.333333333333332,7.875,0.0,AGRICOLA
4100253M-002028488,1,0,106.0,10.041666666666666,11.0,AGRICOLA
4100254M-002029632,2,0,12.340277777777779,31.458333333333332,0.0,AGRICOLA
4100255M-002028489,1,0,2.5,16.333333333333332,0.0,AGRICOLA
4100258M-002029868,2,1,3.6666666666666665,41.958333333333336,202.0,AGRICOLA
4100260M-002028496,2,0,4.0,14.416666666666666,0.0,AGRICOLA
4100262M-002027915,1,1,12.518518518518519,33.75,0.0,AGRICOLA
4100264M-002028539,1,0,25.5,40.0,0.0,AGRICOLA
4100265M-002044403,1,0,57.99999999999999,12.708333333333334,0.0,AGRICOLA
4100268M-002044401,1,1,2.077970177970178,110.33333333333333,0.0,AGRICOLA
4100270M-002028552,3,0,45.5,24.0,0.0,AGRICOLA
4100271M-002028547,2,0,31.333333333333336,18.916666666666668,0.0,AGRICOLA
4100272M-002044060,3,0,4.138888888888889,37.0,0.0,AGRICOLA
4100273M-002044302,3,0,16.944444444444446,3.9166666666666665,86.0,AGRICOLA
4100274M-002044301,3,1,12.833333333333334,1.875,0.0,AGRICOLA
4100278M-002028069,1,0,4.911111111111111,37.083333333333336,0.0,AGRICOLA
4100279M-002028540,2,1,7.12037037037037,39.958333333333336,30.0,AGRICOLA
4100281M-002046479,2,1,3.953205524634096,67.70833333333333,0.0,AGRICOLA
4100283M-002046202,2,0,33.77777777777778,20.333333333333332,0.0,AGRICOLA
4100284M-002046513,6,0,5.08587274548813,126.125,0.0,AGRICOLA
4100286M-002046481,1,0,254.0,23.666666666666668,0.0,AGRICOLA
4100290M-002028534,7,0,6.593178382464097,113.875,0.0,AGRICOLA
4100293M-002044341,2,0,10.13888888888889,61.875,0.0,AGRICOLA
4100294M-002045618,4,0,26.52777777777778,43.958333333333336,0.0,AGRICOLA
4100295M-002045552,2,0,6.0,64.16666666666667,0.0,AGRICOLA
4100296M-002048939,1,0,4.75,60.375,23.0,AGRICOLA
4100298M-002048994,3,0,25.666666666666664,29.458333333333332,97.0,AGRICOLA
4100299M-002052298,4,0,11.370370370370368,35.333333333333336,0.0,AGRICOLA
4100300M-002052973,2,1,2.3666666666666667,75.29166666666667,0.0,AGRICOLA
4100301M-002048940,4,0,8.738888888888889,69.75,42.0,AGRICOLA
4100302M-002033720,2,1,4.0,36.833333333333336,29.0,AGRICOLA
4100303M-002034711,1,0,203.5,21.541666666666668,0.0,AGRICOLA
4100304M-002034710,3,0,28.333333333333332,47.0,0.0,AGRICOLA
4100306M-002033753,2,0,1.4722222222222223,63.666666666666664,14.0,AGRICOLA
4100307M-002055422,2,1,2.4583333333333335,76.95833333333333,3.0,AGRICOLA
4100308M-002053248,2,0,9.541666666666666,50.666666666666664,16.0,AGRICOLA
4100309M-002052872,1,0,18.333333333333332,48.083333333333336,0.0,AGRICOLA
4100310M-002048944,2,0,18.215277777777775,68.16666666666667,0.0,AGRICOLA
4100311M-002033680,2,0,3.6319444444444446,35.458333333333336,0.0,AGRICOLA
4100312M-002033752,1,0,11.703703703703704,29.791666666666668,0.0,AGRICOLA
4100316M-002033751,1,0,4.320833333333333,55.791666666666664,0.0,AGRICOLA
4100317M-002033750,2,1,6.0,42.875,106.0,AGRICOLA
4100318M-002035532,1,1,13.925925925925926,55.375,69.0,AGRICOLA
4100320M-002048997,1,1,14.000000000000002,47.291666666666664,0.0,AGRICOLA
4100323M-002056672,1,0,151.0,19.5,0.0,AGRICOLA
4100324M-002046546,2,1,0.0,42.458333333333336,9.0,AGRICOLA
4100326M-002035531,4,0,80.11111111111111,46.208333333333336,0.0,AGRICOLA
4100328M-002034709,2,0,0.0,2.0416666666666665,0.0,AGRICOLA
4100331M-002035515,2,0,4.115555555555555,28.541666666666668,0.0,AGRICOLA
4100334M-002033729,2,0,6.0,16.666666666666668,0.0,AGRICOLA
4100335M-002033719,2,0,10.0,11.291666666666666,0.0,AGRICOLA
4100338M-002034697,4,0,4.645701058201058,98.0,0.0,AGRICOLA
4100339M-002028541,1,0,38.24874338624339,85.75,0.0,AGRICOLA
4100340M-002028070,1,0,3.238095238095238,91.625,0.0,AGRICOLA
4100342M-002035534,2,0,95.77777777777777,27.916666666666668,0.0,AGRICOLA
4100344M-002035507,1,0,71.22222222222223,22.166666666666668,0.0,AGRICOLA
4100346M-002035527,2,1,10.0,26.875,156.0,AGRICOLA
4100347M-002034695,3,0,180.0,14.875,0.0,AGRICOLA
4100355M-002035508,2,1,34.333333333333336,61.166666666666664,107.0,AGRICOLA
4100357M-002035502,4,0,12.869444444444445,65.79166666666667,0.0,AGRICOLA
4100358M-002034696,1,0,8.0,10.166666666666666,0.0,AGRICOLA
4100364M-002048938,2,1,356.0,37.166666666666664,36.0,AGRICOLA
4100365M-002051524,6,0,7.035555555555556,16.5,0.0,AGRICOLA
4100367M-002049466,3,1,9.833333333333334,53.708333333333336,11.0,AGRICOLA
4100368M-002051538,2,0,6.833333333333334,28.625,0.0,AGRICOLA
4100370M-002051535,3,0,102.44444444444444,24.416666666666668,0.0,AGRICOLA
4100372M-002050042,4,0,19.583333333333336,39.708333333333336,0.0,AGRICOLA
4100374M-002049981,2,0,4.888888888888889,53.5,0.0,AGRICOLA
4100376M-002051520,2,0,113.66666666666667,18.125,0.0,AGRICOLA
4100380M-002047514,7,0,21.421296296296294,68.33333333333333,0.0,AGRICOLA
4100381M-002051541,3,0,106.83333333333333,11.166666666666666,0.0,AGRICOLA
4100385M-002054639,3,0,33.333333333333336,21.75,0.0,AGRICOLA
4100390M-002055635,5,0,0.5333333333333334,37.333333333333336,0.0,AGRICOLA
4100396M-002051532,1,0,64.0,12.416666666666666,0.0,AGRICOLA
4100398M-002051540,3,0,11.088888888888889,45.5,0.0,AGRICOLA
4100399M-002051518,2,0,2.4722222222222223,50.916666666666664,0.0,AGRICOLA
4100401M-002050023,2,0,8.31984126984127,61.916666666666664,0.0,AGRICOLA
4100402M-002051543,2,0,3.4208333333333334,54.458333333333336,0.0,AGRICOLA
4100412M-002054913,6,0,8.26031746031746,84.91666666666667,0.0,AGRICOLA
4100413M-002056669,2,1,26.333333333333332,58.125,153.0,AGRICOLA
4100414M-002051517,3,0,6.333333333333334,28.458333333333332,0.0,AGRICOLA
4100415M-002051544,3,0,1.5833333333333335,20.458333333333332,0.0,AGRICOLA
4100416M-002050112,1,0,32.833333333333336,22.208333333333332,0.0,AGRICOLA
4100417M-002054402,3,1,26.708333333333332,37.0,0.0,AGRICOLA
4100419M-002054401,2,1,60.07777777777778,52.75,0.0,AGRICOLA
4100421M-002046500,2,0,33.666666666666664,15.875,0.0,AGRICOLA
4100423M-002047933,1,0,9.569444444444443,44.291666666666664,0.0,AGRICOLA
4100430M-002046512,2,0,162.83333333333334,22.208333333333332,0.0,AGRICOLA
4100434M-002050255,3,0,32.736111111111114,38.416666666666664,0.0,AGRICOLA
4100448M-002053736,1,0,0.0,9.0,0.0,AGRICOLA
4100452M-002051508,1,0,35.0,27.0,0.0,AGRICOLA
4100456M-002049282,5,0,48.893518518518526,54.25,0.0,AGRICOLA
4100468M-002092398,3,0,13.333333333333334,19.791666666666668,47.0,AGRICOLA
4100473M-002105898,1,0,9.75,24.791666666666668,0.0,AGRICOLA
4100481M-002110733,1,1,0.0,18.875,135.0,AGRICOLA
4100485M-002108323,1,0,0.0,15.583333333333334,0.0,AGRICOLA
4100490M-002107500,4,1,1.777777777777778,37.0,19.0,AGRICOLA
4100492M-002136024,6,0,14.534391534391535,50.041666666666664,72.0,AGRICOLA
4100493M-002136025,1,0,127.16666666666667,17.708333333333332,10.0,AGRICOLA
4100495M-002133024,5,0,5.541666666666667,42.791666666666664,0.0,AGRICOLA
4100496M-002052815,5,0,6.5738095238095235,70.875,0.0,AGRICOLA
4100497M-002133022,6,0,73.1888888888889,53.083333333333336,0.0,AGRICOLA
4100498M-002133782,4,1,8.804285714285713,69.45833333333333,5.0,AGRICOLA
4100500M-002053305,1,0,50.44444444444446,27.75,0.0,AGRICOLA
4100501M-002052365,2,0,31.666666666666668,25.333333333333332,7.0,AGRICOLA
4100503M-002048023,2,0,142.0,16.208333333333332,0.0,AGRICOLA
4100510M-002132145,1,0,44.666666666666664,17.583333333333332,0.0,AGRICOLA
4100512M-002132465,1,0,139.79166666666666,38.541666666666664,7.0,AGRICOLA
4100514M-002132149,3,1,6.666666666666667,33.5,0.0,AGRICOLA
4100515M-002055637,2,0,4.0,12.875,0.0,AGRICOLA
4100517M-002150955,3,0,54.77777777777778,34.833333333333336,0.0,AGRICOLA
4100531M-002146135,3,1,105.5,35.666666666666664,0.0,AGRICOLA
4100538M-002146136,1,0,72.0,12.958333333333334,0.0,AGRICOLA
4100540M-002145263,1,1,12.333333333333334,32.458333333333336,0.0,AGRICOLA
4100541M-002149874,3,1,223.33333333333337,24.041666666666668,0.0,AGRICOLA
4100542M-002150136,2,1,6.05,64.875,0.0,AGRICOLA
4100547M-002055700,5,0,4.236111111111111,31.958333333333332,0.0,AGRICOLA
4100548M-002145524,2,0,210.0,13.458333333333334,0.0,AGRICOLA
4100550M-002145239,2,0,102.0,16.25,0.0,AGRICOLA
4100551M-002054645,3,0,113.41666666666669,29.125,26.0,AGRICOLA
4100556M-002156984,3,1,23.666666666666668,24.75,0.0,AGRICOLA
4100559M-002143829,2,1,20.0,18.458333333333332,0.0,AGRICOLA
4100562M-002156987,2,0,10.0,13.291666666666666,0.0,AGRICOLA
4100563M-002156988,3,0,6.583333333333333,17.583333333333332,0.0,AGRICOLA
4100565M-002158763,5,0,5.861111111111111,42.666666666666664,0.0,AGRICOLA
4100566M-002165720,2,0,3.3333333333333335,26.875,0.0,AGRICOLA
4100567M-002163638,2,0,4.0,15.916666666666666,0.0,AGRICOLA
4100591M-002148975,4,0,112.53703703703705,22.791666666666668,33.0,AGRICOLA
4100592M-002149871,3,0,9.5,29.625,0.0,AGRICOLA
57027M,3,0,1.3968253968253967,32.583333333333336,0.0,AGRICOLA
5800188M,2,0,0.0,0.0,0.0,AGRICOLA
5800246M-727269252,3,0,1.525,38.291666666666664,0.0,AGRICOLA
5800289M-727307476,7,0,1.5085537918871255,79.25,0.0,AGRICOLA
5800383M-727318235,1,0,4.111111111111112,16.041666666666668,8.0,AGRICOLA
5800391M-727318550,3,0,3.9166666666666665,46.458333333333336,31.0,AGRICOLA
5800394-728311104,3,0,1.2000000000000002,10.291666666666666,0.0,AGRICOLA
5800398M-728311107,6,0,2.847010582010582,58.125,55.0,AGRICOLA
5800404M-727324592,4,0,3.2685185185185186,40.375,18.0,AGRICOLA
5800417M-727324586,2,0,3.166666666666667,21.708333333333332,0.0,AGRICOLA
5800458M-728325642,2,0,25.5,26.666666666666668,0.0,AGRICOLA
5800471M-727329952,3,0,1.4214983164983166,53.041666666666664,17.0,AGRICOLA
5800473M-727330060,2,0,6.666666666666667,21.083333333333332,0.0,AGRICOLA
5800485M-72835651,3,0,1.1587301587301588,35.833333333333336,0.0,AGRICOLA
5800487M-728325643,2,0,11.666666666666666,18.166666666666668,0.0,AGRICOLA
5800554M-727332406,6,0,3.8776984126984124,60.583333333333336,0.0,AGRICOLA
5800556M-727334531,2,0,0.0,9.833333333333334,0.0,AGRICOLA
5800558M-728334020,3,0,0.4583333333333333,21.625,0.0,AGRICOLA
5800562M-727334017,2,0,2.2222222222222223,16.25,0.0,AGRICOLA
5800563M,5,0,1.4069444444444446,36.75,0.0,AGRICOLA
5800564M-727330275,4,0,5.412962962962962,37.916666666666664,43.0,AGRICOLA
5800649M-727340218,2,0,3.3333333333333335,7.0,0.0,AGRICOLA
5800667M-728343639,2,0,3.3888888888888893,26.5,0.0,AGRICOLA
5800680M,9,0,0.4623015873015873,80.91666666666667,0.0,AGRICOLA
5800685M-728343485,7,0,1.7145061728395061,57.791666666666664,0.0,AGRICOLA
5800687M-727346928,2,0,0.0,21.625,0.0,AGRICOLA
5800696M-727335519,2,0,6.333333333333334,21.208333333333332,0.0,AGRICOLA
5800715M,3,0,3.3333333333333335,31.25,0.0,AGRICOLA
5800722M-727346616,3,0,1.5694444444444444,38.333333333333336,0.0,AGRICOLA
5800724M,1,0,1.1447330447330448,71.20833333333333,0.0,AGRICOLA
5800728M-728333938,7,0,3.4210317460317463,75.875,22.0,AGRICOLA
5800733M-728339209,5,0,3.0944444444444446,29.458333333333332,0.0,AGRICOLA
5800734M,11,1,0.5183333333333333,41.875,0.0,AGRICOLA
5800738M-727340220,1,0,6.666666666666667,16.666666666666668,0.0,AGRICOLA
5800749M-727342951,4,0,28.240740740740737,37.958333333333336,0.0,AGRICOLA
5800750M-727340217,2,0,6.666666666666667,25.916666666666668,0.0,AGRICOLA
5800773M,2,0,0.0,17.583333333333332,0.0,AGRICOLA
5800778M-728334023,3,0,5.0,33.833333333333336,0.0,AGRICOLA
5800782M-728347555,6,0,1.7785493827160492,64.29166666666667,0.0,AGRICOLA
5800790M-727348217,3,0,0.0,34.541666666666664,0.0,AGRICOLA
5800824M-727347754,4,0,3.268518518518519,31.5,50.0,AGRICOLA
5800829M-727353080,3,0,1.9722222222222223,35.666666666666664,0.0,AGRICOLA
5800844M-728343815,3,0,0.0,30.25,0.0,AGRICOLA
5800846M-728348074,5,0,1.806746031746032,55.666666666666664,0.0,AGRICOLA
5800870M-727351119,4,0,2.4277777777777776,0.0,0.0,AGRICOLA
5800873M-727352448,2,0,5.166666666666667,29.875,0.0,AGRICOLA
5800875M-727352210,7,0,1.3939531368102798,78.04166666666667,0.0,AGRICOLA
5800877M,1,0,1.5723815536315537,79.33333333333333,0.0,AGRICOLA
5800878M-727352447,1,0,3.265079365079365,47.333333333333336,0.0,AGRICOLA
5800880M-727352211,1,1,2.82037037037037,46.416666666666664,0.0,AGRICOLA
5800881M-727354756,3,0,1.3055555555555556,34.708333333333336,0.0,AGRICOLA
5800882M-727351118,4,0,3.034920634920635,38.25,0.0,AGRICOLA
5800885M-727351887,1,0,4.477777777777778,35.041666666666664,0.0,AGRICOLA
5800900M-727354584,6,0,1.9493121693121693,62.916666666666664,61.0,AGRICOLA
5800903M-728343488,3,1,3.7777777777777777,34.416666666666664,0.0,AGRICOLA
5800905M-728340035,3,0,2.7777777777777777,34.541666666666664,0.0,AGRICOLA
5800907M-728339392,1,0,2.166666666666667,25.75,0.0,AGRICOLA
5800908M-728348069,4,0,2.925925925925926,36.958333333333336,0.0,AGRICOLA
5800910M-728340032,3,0,0.6944444444444444,26.708333333333332,0.0,AGRICOLA
5800917M-727355440,1,0,2.3871882086167804,75.45833333333333,0.0,AGRICOLA
5800921M-727354760,3,0,4.444444444444445,40.458333333333336,0.0,AGRICOLA
5800925M-728348078,6,0,2.7188888888888885,51.041666666666664,0.0,AGRICOLA
5800926M-727354580,5,0,29.02777777777778,46.083333333333336,0.0,AGRICOLA
5800933M-727354904,5,0,3.3075396825396823,49.125,0.0,AGRICOLA
5800934M-727354091,5,0,2.066468253968254,54.125,0.0,AGRICOLA
5800935M-727354903,3,0,4.5,42.875,7.0,AGRICOLA
5800936M-727359759,2,0,7.0,42.583333333333336,0.0,AGRICOLA
5800999M-727357812,1,0,7.698611111111111,48.125,0.0,AGRICOLA
5801000M-727358811,1,0,4.333333333333334,27.5,0.0,AGRICOLA
5801009M-727359413,1,0,8.333333333333332,23.25,0.0,AGRICOLA
5801010M-727358614,2,0,3.055555555555556,35.333333333333336,0.0,AGRICOLA
5801021M,1,0,2.666666666666667,13.083333333333334,0.0,AGRICOLA
5801022M-727361992,1,0,6.9444444444444455,22.916666666666668,0.0,AGRICOLA
5801023M-727362260,1,0,6.0,18.833333333333332,0.0,AGRICOLA
5801024M-727362163,2,0,6.0,12.375,0.0,AGRICOLA
5801028M-727360493,3,0,56.666666666666664,54.791666666666664,0.0,AGRICOLA
5801030M-727361835,4,0,2.2069745069745066,96.16666666666667,0.0,AGRICOLA
5801031M-727362159,7,0,1.4898067981401315,120.45833333333333,0.0,AGRICOLA
5801032M-727361994,5,0,2.6388888888888893,5.333333333333333,0.0,AGRICOLA
5801033M-728348503,3,0,2.6944444444444446,23.666666666666668,0.0,AGRICOLA
5801034M-728348075,2,0,1.224184545613117,100.54166666666667,0.0,AGRICOLA
5801035M-728348071,7,0,0.0,6.625,0.0,AGRICOLA
5801042M-728352215,4,0,3.2888888888888883,42.833333333333336,0.0,AGRICOLA
5801046M-727359405,7,0,1.9259259259259258,17.166666666666668,0.0,AGRICOLA
5801047M-727358899,1,0,0.0,21.125,0.0,AGRICOLA
5801049M-727360492,3,0,9.416666666666668,25.0,22.0,AGRICOLA
5801052M-727359409,2,0,1.8207936507936509,53.0,0.0,AGRICOLA
5801053M-728354763,4,0,3.3888888888888893,50.875,0.0,AGRICOLA
5801055M-728352217,4,0,4.3243386243386235,47.208333333333336,0.0,AGRICOLA
5801057M-728354912,4,0,5.3,29.125,0.0,AGRICOLA
5801059M-727347084,2,0,0.16666666666666669,27.25,0.0,AGRICOLA
5801060M-727347430,2,0,6.5,13.5,0.0,AGRICOLA
5801102M-728359208,2,0,1.7222222222222223,29.541666666666668,0.0,AGRICOLA
5801104M-728351404,6,1,7.824126984126984,12.125,0.0,AGRICOLA
5801106M-728375858,3,0,4.181481481481481,11.583333333333334,0.0,AGRICOLA
5801107M-728375072,1,0,6.333333333333334,21.083333333333332,0.0,AGRICOLA
5801113M-727347242,3,0,9.5,31.5,0.0,AGRICOLA
5801114M-727350666,5,0,3.652777777777778,50.791666666666664,18.0,AGRICOLA
5801115M-727348227,5,0,6.027777777777778,42.625,0.0,AGRICOLA
5801116M-727350667,5,0,0.888888888888889,54.958333333333336,0.0,AGRICOLA
5801140M-728355447,4,0,3.1203703703703702,36.583333333333336,0.0,AGRICOLA
5801149M,1,0,0.0,1.2916666666666667,0.0,AGRICOLA
5801152M-728354762,6,0,2.278888888888889,57.458333333333336,4.0,AGRICOLA
5801153M-728354767,1,0,6.166666666666667,22.666666666666668,0.0,AGRICOLA
5801155M-728361832,4,0,4.703703703703704,60.416666666666664,0.0,AGRICOLA
5801161M-728354765,7,0,1.8335537918871252,86.41666666666667,0.0,AGRICOLA
5801164M-727350027,4,0,25.11111111111111,33.708333333333336,0.0,AGRICOLA
5801169M-727349837,5,0,4.5680555555555555,48.666666666666664,0.0,AGRICOLA
5801170M-727350818,2,0,0.0,17.708333333333332,0.0,AGRICOLA
5801173M-727350194,3,1,3.738095238095238,36.666666666666664,0.0,AGRICOLA
5801174M-727350026,7,0,2.1520545591974165,79.375,0.0,AGRICOLA
5801175M-727351116,6,0,2.726666666666667,67.70833333333333,0.0,AGRICOLA
5801176M-72835253,1,0,2.2222222222222223,36.708333333333336,0.0,AGRICOLA
5801177M-728352451,3,0,18.083333333333332,54.0,0.0,AGRICOLA
5801178M-728359041,3,0,2.0,28.0,0.0,AGRICOLA
5801179M-728354908,7,0,1.902469135802469,64.29166666666667,10.0,AGRICOLA
5801181M-728352454,6,0,3.167777777777778,51.458333333333336,0.0,AGRICOLA
5801184M-728358628,2,0,0.0,27.875,0.0,AGRICOLA
5801185M-727351260,3,0,6.977777777777777,48.583333333333336,0.0,AGRICOLA
5801186M-727350024,3,0,7.666666666666666,27.5,0.0,AGRICOLA
5801193M-728351894,1,0,2.666666666666667,21.958333333333332,0.0,AGRICOLA
5801195M-728351410,2,0,0.0,11.875,0.0,AGRICOLA
5801196M-728351896,3,0,7.5,18.291666666666668,8.0,AGRICOLA
5801257M-727390770,2,0,3.320370370370371,53.208333333333336,0.0,AGRICOLA
5801276M-727370995,5,0,2.0875,17.833333333333332,14.0,AGRICOLA
5801277M-727367264,7,0,1.2104875283446712,76.79166666666667,0.0,AGRICOLA
5801278M-727368160,5,0,1.75,9.5,87.0,AGRICOLA
5801281M-728359317,1,0,137.0,17.458333333333332,0.0,AGRICOLA
5801282M-728366589,7,0,2.901851851851852,66.125,0.0,AGRICOLA
5801283M-727390604,1,0,2.277777777777778,36.291666666666664,0.0,AGRICOLA
5801284M-728358984,2,0,13.333333333333334,12.166666666666666,0.0,AGRICOLA
5801286M-728351408,3,0,4.0,27.75,0.0,AGRICOLA
5801287M-727367851,1,0,13.333333333333334,20.5,0.0,AGRICOLA
5801292M-727390600,2,0,3.305555555555556,31.75,0.0,AGRICOLA
5801294M-727389458,1,0,6.222222222222221,41.041666666666664,0.0,AGRICOLA
5801297M-727385647,5,0,3.904166666666667,51.125,0.0,AGRICOLA
5801299M-727385649,8,0,3.9806998556998563,92.58333333333333,123.0,AGRICOLA
5801300M-728352214,4,0,10.75925925925926,35.708333333333336,0.0,AGRICOLA
5801301M-728351895,2,0,338.0,5.875,0.0,AGRICOLA
5801302M-728359325,5,0,0.52,47.666666666666664,0.0,AGRICOLA
5801305M-727387902,1,0,5.555555555555555,48.041666666666664,0.0,AGRICOLA
5801307M-727387743,5,0,108.16666666666666,50.375,0.0,AGRICOLA
5801311M-727389457,2,0,16.02777777777778,19.0,0.0,AGRICOLA
5801314M,2,1,4.2875,51.041666666666664,0.0,AGRICOLA
5801315M-727367625,2,0,124.61111111111113,25.5,11.0,AGRICOLA
5801316M-728361830,4,0,27.092592592592595,27.125,0.0,AGRICOLA
5801317M-728361829,2,0,6.0,12.5,39.0,AGRICOLA
5801318M-728359323,3,0,7.805555555555556,30.541666666666668,29.0,AGRICOLA
5801319M-728361824,3,0,22.25,21.333333333333332,0.0,AGRICOLA
5801320M,1,0,7.000000000000001,15.083333333333334,0.0,AGRICOLA
5801322M-727366889,2,0,63.66666666666667,22.5,0.0,AGRICOLA
5801323M-727367266,2,0,21.180555555555554,48.75,0.0,AGRICOLA
5801325M-728359319,3,0,21.666666666666668,70.58333333333333,0.0,AGRICOLA
5801327M-727369051,2,0,135.83333333333334,40.916666666666664,0.0,AGRICOLA
5801328M,2,0,187.5,21.291666666666668,0.0,AGRICOLA
5801331M-727367101,2,0,6.0,22.833333333333332,12.0,AGRICOLA
5801334M-727366587,3,0,15.925925925925926,36.708333333333336,0.0,AGRICOLA
5801337M-727366891,1,0,9.666666666666666,24.416666666666668,0.0,AGRICOLA
5801339M-728361827,3,0,26.166666666666668,29.666666666666668,0.0,AGRICOLA
5801340M-728361828,4,0,30.814814814814813,47.291666666666664,0.0,AGRICOLA
5801344M-728361826,3,0,168.0,20.791666666666668,0.0,AGRICOLA
5801346M-728361821,2,0,1.6666666666666667,20.791666666666668,0.0,AGRICOLA
5801352M-728359209,1,0,126.5,27.791666666666668,0.0,AGRICOLA
5801353M-728360390,1,0,3.1666666666666665,39.166666666666664,65.0,AGRICOLA
5801354M-728371540,4,0,11.333333333333334,41.458333333333336,0.0,AGRICOLA
5801367M-728366743,1,0,116.44444444444446,28.083333333333332,0.0,AGRICOLA
5801369M-727367853,1,0,48.92222222222222,59.25,0.0,AGRICOLA
5801370M-727367681,3,0,46.77777777777778,36.041666666666664,0.0,AGRICOLA
5801376M-727367624,3,0,23.666666666666664,42.791666666666664,0.0,AGRICOLA
5801378M-727367099,1,0,7.552777777777777,48.041666666666664,0.0,AGRICOLA
5801379M-727367680,7,1,81.26207482993198,89.375,0.0,AGRICOLA
5801388M-727370432,4,1,28.88888888888889,49.0,80.0,AGRICOLA
5801392M-727370269,3,0,23.333333333333336,24.708333333333332,0.0,AGRICOLA
5801394M-727369597,1,0,20.211111111111112,53.875,0.0,AGRICOLA
5801395M-727369596,2,0,8.277777777777779,67.20833333333333,0.0,AGRICOLA
5801398M-727371347,5,0,4.022222222222222,57.208333333333336,0.0,AGRICOLA
5801399M-727371718,1,0,6.0,23.083333333333332,0.0,AGRICOLA
5801402M-727376330,2,0,24.833333333333332,37.416666666666664,0.0,AGRICOLA
5801409M-727371896,2,0,207.99999999999997,21.166666666666668,0.0,AGRICOLA
5801410M-727374722,1,0,10.425925925925926,37.5,0.0,AGRICOLA
5801411M-727371539,4,0,11.083333333333334,56.875,0.0,AGRICOLA
5801412M-727376325,2,0,15.981481481481481,34.25,0.0,AGRICOLA
5801413M-727371719,1,0,3.294066515495087,81.75,31.0,AGRICOLA
5801420M-727378053,4,1,69.77777777777777,39.625,0.0,AGRICOLA
5801421M-727375069,3,0,126.33333333333333,17.916666666666668,0.0,AGRICOLA
5801422M-727376327,7,0,2.0315312993884422,92.20833333333333,0.0,AGRICOLA
5801423M-727382167,6,0,2.4713227513227514,101.91666666666667,0.0,AGRICOLA
5801424M-727381753,2,0,19.3,49.791666666666664,0.0,AGRICOLA
5801430M-727382376,1,0,6.0,14.333333333333334,0.0,AGRICOLA
5801431M-727385482,2,0,12.769651274651276,115.41666666666667,169.0,AGRICOLA
5801433M-727378051,3,0,0.8333333333333334,28.291666666666668,0.0,AGRICOLA
5801437M-727385488,3,0,71.0,21.666666666666668,0.0,AGRICOLA
5801439M-727385345,2,0,9.333333333333334,0.875,0.0,AGRICOLA
5801444M-727381754,1,0,204.0,14.083333333333334,0.0,AGRICOLA
5801446M-728367271,2,0,36.41203703703704,58.958333333333336,0.0,AGRICOLA
5801454M-727387514,3,0,7.333333333333334,23.625,48.0,AGRICOLA
5801465M,2,1,364.0,20.166666666666668,0.0,AGRICOLA
5801466M-727387044,3,0,100.33333333333333,9.125,0.0,AGRICOLA
5801467M-727387360,3,0,54.166666666666664,31.041666666666668,0.0,AGRICOLA
5801468M-727385486,2,0,24.0,12.75,0.0,AGRICOLA
5801469M-727384748,4,0,105.44444444444444,38.0,0.0,AGRICOLA
5801471M-727387358,4,0,8.569444444444445,49.333333333333336,0.0,AGRICOLA
5801473M-727384750,2,0,130.38888888888889,33.791666666666664,0.0,AGRICOLA
5801478M,1,0,32.94444444444445,30.25,20.0,AGRICOLA
5801479M-727390932,1,0,6.462962962962963,46.333333333333336,0.0,AGRICOLA
5801481M-727390937,1,0,81.0,24.25,0.0,AGRICOLA
5801487M-728372402,1,0,120.0,18.375,0.0,AGRICOLA
5801488M-728375856,4,0,10.185185185185185,49.25,0.0,AGRICOLA
5801491M-728366894,1,0,300.0,1.4166666666666667,31.0,AGRICOLA
5801518M-728372046,4,0,3.588888888888889,73.33333333333333,0.0,AGRICOLA
5801520M-728383436,4,0,7.37037037037037,34.875,27.0,AGRICOLA
5801521M-728372403,6,0,71.05555555555556,51.666666666666664,0.0,AGRICOLA
5801523M-728383437,2,0,20.333333333333336,27.458333333333332,0.0,AGRICOLA
5801524M-728382884,1,0,32.0,19.75,0.0,AGRICOLA
5801525M-728382775,8,0,10.292857142857143,64.25,0.0,AGRICOLA
5801526M-728386394,3,0,7.159722222222222,52.375,0.0,AGRICOLA
5801527M-728383435,1,0,48.0,15.5,0.0,AGRICOLA
5801533M-727387043,4,1,4.533333333333333,54.333333333333336,10.0,AGRICOLA
5801534M-727385650,2,0,6.361111111111112,42.25,0.0,AGRICOLA
5801535M-727385485,1,0,12.59259259259259,1.0416666666666667,48.0,AGRICOLA
5801536M-727392921,3,0,12.402777777777779,37.0,0.0,AGRICOLA
5801537M-727385344,2,0,2.4722222222222223,55.625,0.0,AGRICOLA
5801538M-727384749,1,0,30.62962962962963,27.333333333333332,0.0,AGRICOLA
5801539M-727415698,6,0,11.133333333333333,58.125,0.0,AGRICOLA
5801541M-728382776,3,0,17.666666666666664,35.041666666666664,0.0,AGRICOLA
5801556M-727392702,3,0,0.0,13.5,0.0,AGRICOLA
5801559M-727414171,5,0,17.152777777777775,38.916666666666664,0.0,AGRICOLA
5801560M-727390692,3,0,21.166666666666664,23.208333333333332,0.0,AGRICOLA
5801561M-727392922,3,0,6.833333333333333,24.333333333333332,0.0,AGRICOLA
5801562M-727392544,2,0,54.0,13.458333333333334,0.0,AGRICOLA
5801588M-728420253,5,0,20.48809523809524,69.875,0.0,AGRICOLA
5801591M-727416071,5,0,71.11111111111111,40.416666666666664,0.0,AGRICOLA
5801592M-727415973,2,0,0.0,12.416666666666666,0.0,AGRICOLA
5801593M-727415601,5,1,67.5,59.625,0.0,AGRICOLA
5801596M-727415602,1,0,32.0,8.916666666666666,0.0,AGRICOLA
5801597M-727415510,3,1,2.3333333333333335,52.041666666666664,42.0,AGRICOLA
5801598M-727415604,1,0,133.0,25.25,0.0,AGRICOLA
5801599M-727415600,3,0,29.27777777777778,32.958333333333336,0.0,AGRICOLA
5801601M-727415697,3,0,14.000000000000002,19.0,0.0,AGRICOLA
5801602M-727415603,3,0,52.666666666666664,21.041666666666668,0.0,AGRICOLA
5801603M-727415513,2,0,92.83333333333333,22.541666666666668,0.0,AGRICOLA
5801604M-728419330,2,0,8.666666666666668,25.041666666666668,0.0,AGRICOLA
5801605M-728420522,4,0,33.763888888888886,44.541666666666664,0.0,AGRICOLA
5801607M-728419327,1,0,6.0,14.333333333333334,0.0,AGRICOLA
5801609M-727415516,3,0,60.388888888888886,29.166666666666668,0.0,AGRICOLA
5801611M-728420644,3,1,95.91666666666667,46.0,67.0,AGRICOLA
5801612M-728419162,3,0,25.333333333333336,28.333333333333332,0.0,AGRICOLA
5801613M-727413940,1,0,2.0,31.958333333333332,0.0,AGRICOLA
5801615M-727415511,2,0,34.0,12.666666666666666,0.0,AGRICOLA
5801616M-728420519,1,0,0.0,18.125,0.0,AGRICOLA
5801617M-728420520,3,0,159.5,25.875,0.0,AGRICOLA
5801619M-727427957,1,0,6.666666666666667,35.958333333333336,0.0,AGRICOLA
5801622M-727415515,3,0,15.0,25.583333333333332,0.0,AGRICOLA
5801623M-727428197,1,0,6.0,14.166666666666666,0.0,AGRICOLA
5801624M-727428193,2,0,14.000000000000002,19.083333333333332,0.0,AGRICOLA
5801626M-727428191,4,0,36.0,31.5,0.0,AGRICOLA
5801627M-727427925,1,0,3.555555555555556,38.708333333333336,0.0,AGRICOLA
5801629M-727427958,1,0,92.66666666666667,20.458333333333332,0.0,AGRICOLA
5801631M-727427959,3,0,71.0,21.5,0.0,AGRICOLA
5801635M-728420521,2,0,10.0,12.5,0.0,AGRICOLA
5801638M-727427954,2,0,7.666666666666667,18.875,0.0,AGRICOLA
5801639M-728420255,6,0,22.227777777777778,67.75,0.0,AGRICOLA
5801640M-727425621,2,0,5.583333333333334,27.708333333333332,12.0,AGRICOLA
5801642M-727426246,2,0,2.0,14.041666666666666,6.0,AGRICOLA
5801643M-727425625,2,0,8.0,17.0,22.0,AGRICOLA
5801650M-727427955,1,0,134.83333333333334,12.0,0.0,AGRICOLA
5801653M-727427962,2,0,24.0,15.791666666666666,0.0,AGRICOLA
5801654M-727427931,2,0,6.5,28.166666666666668,0.0,AGRICOLA
5801656M-727427953,2,0,155.66666666666666,23.166666666666668,0.0,AGRICOLA
5801662M-727427961,2,0,10.0,16.0,0.0,AGRICOLA
5801665M-727426028,2,0,6.0,14.916666666666666,0.0,AGRICOLA
5801667M-728420257,2,1,30.0,14.166666666666666,0.0,AGRICOLA
5801712M-727430768,2,0,0.0,17.333333333333332,0.0,AGRICOLA
5801713M-727431755,3,0,0.0,2.4166666666666665,31.0,AGRICOLA
5801714M-727430968,3,0,1.5,12.041666666666666,0.0,AGRICOLA
5801740M-728436789,3,0,31.037037037037038,35.125,0.0,AGRICOLA
5801741M-728437373,3,0,5.722222222222222,31.708333333333332,0.0,AGRICOLA
5801744M-727430853,2,0,0.0,7.833333333333333,0.0,AGRICOLA
5801745M-728437374,2,0,12.0,12.333333333333334,6.0,AGRICOLA
5801746M-727430769,5,0,10.277777777777779,34.208333333333336,0.0,AGRICOLA
5801754M-727389454,2,0,92.81944444444444,43.958333333333336,0.0,AGRICOLA
5801765M-727439853,1,0,21.5,14.25,0.0,AGRICOLA
5801767M-727439514,2,0,146.0,5.0,24.0,AGRICOLA
5801773M-727439655,1,0,7.833333333333333,22.833333333333332,0.0,AGRICOLA
5801798M-727443512,1,0,24.0,12.708333333333334,0.0,AGRICOLA
5801802M-727444136,1,0,8.0,13.666666666666666,0.0,AGRICOLA
5801823M-727450083,2,1,14.000000000000002,2.2916666666666665,0.0,AGRICOLA
5801826M-728436492,2,0,366.0,15.708333333333334,0.0,AGRICOLA
5801830M-728436495,2,0,0.0,8.875,22.0,AGRICOLA
5801837M-727449240,2,1,25.666666666666668,28.083333333333332,26.0,AGRICOLA
5801877M-728436497,2,0,0.0,11.375,0.0,AGRICOLA
5801984M-727476484,1,0,80.0,4.0,0.0,AGRICOLA
F507417M,4,0,8.740740740740742,38.708333333333336,0.0,AGRICOLA
H000388M-8095796,4,0,4.605555555555556,56.833333333333336,0.0,AGRICOLA
H000389M-8097581,9,0,1.2459265271765272,94.83333333333333,123.0,AGRICOLA
H000390M-8123839,5,0,24.055555555555557,57.125,0.0,AGRICOLA
H101182M-8085385,1,0,6.027777777777777,28.583333333333332,0.0,AGRICOLA
H101183M-8085872,4,0,1.6040564373897708,40.541666666666664,0.0,AGRICOLA
H101184M-8085856,6,0,2.971340388007055,60.666666666666664,0.0,AGRICOLA
H101185M-8085873,2,0,1.5833333333333335,28.083333333333332,0.0,AGRICOLA
H101187M-8086510,5,0,1.8777777777777778,51.333333333333336,0.0,AGRICOLA
H101188M-8086512,1,0,4.444444444444445,16.166666666666668,0.0,AGRICOLA
H101189M-8086514,2,0,1.2365410052910053,49.25,0.0,AGRICOLA
H101190M-8089774,7,0,1.334388142721476,65.16666666666667,0.0,AGRICOLA
H101192M-8089780,1,0,7.472222222222222,16.541666666666668,9.0,AGRICOLA
H101193M-8088647,4,0,2.4407407407407407,39.5,0.0,AGRICOLA
H101194M-8089749,3,0,2.825,32.666666666666664,15.0,AGRICOLA
H101195M-8089766,2,0,1.1666666666666667,25.625,0.0,AGRICOLA
H101197M-8088655,1,0,1.1666666666666667,24.25,4.0,AGRICOLA
H101198M-8088367,2,0,0.8222222222222223,33.458333333333336,0.0,AGRICOLA
H101200M-8089623,3,0,3.680555555555556,23.458333333333332,0.0,AGRICOLA
H101203M-8088637,2,0,1.9152813852813853,50.791666666666664,0.0,AGRICOLA
H101204M-8088635,5,0,0.46279761904761907,48.75,0.0,AGRICOLA
H101205M-8087458,1,0,2.2666666666666666,24.25,0.0,AGRICOLA
H101206M-8087456,2,0,2.525,30.625,0.0,AGRICOLA
H101211M-8088643,4,0,4.009259259259259,41.458333333333336,0.0,AGRICOLA
H101212M-8088598,1,0,6.166666666666667,21.041666666666668,0.0,AGRICOLA
H101214M-8094016,2,0,3.375,56.041666666666664,0.0,AGRICOLA
H101216M-8094018,2,0,6.666666666666667,22.041666666666668,0.0,AGRICOLA
H101217M-8093796,4,0,1.488888888888889,46.375,1.0,AGRICOLA
H101218M-8093803,4,0,2.0264550264550265,46.958333333333336,0.0,AGRICOLA
H101225M-8097583,4,0,1.8629629629629632,36.333333333333336,0.0,AGRICOLA
H101227M-8097605,5,0,4.387059082892416,59.666666666666664,0.0,AGRICOLA
H101228M-8097585,4,0,1.351587301587302,41.25,0.0,AGRICOLA
H101229M-8097580,3,0,3.7638888888888893,31.625,0.0,AGRICOLA
H101230M-8097596,1,0,3.6944444444444446,37.041666666666664,0.0,AGRICOLA
H101233M-8099643,4,0,1.701851851851852,42.166666666666664,0.0,AGRICOLA
H101234M-8099636,2,0,6.5,23.916666666666668,0.0,AGRICOLA
H101236M-8102841,2,0,5.342592592592593,46.083333333333336,0.0,AGRICOLA
H101237M-8102846,3,0,4.772222222222222,42.458333333333336,0.0,AGRICOLA
H101239M-8102830,3,0,3.1666666666666665,25.708333333333332,14.0,AGRICOLA
H101240M-8101708,6,0,2.394444444444445,108.625,0.0,AGRICOLA
H101241M-8101872,1,0,3.2222222222222223,31.0,0.0,AGRICOLA
H101242M-8101699,2,0,1.0,17.75,0.0,AGRICOLA
H101243M-8105212,3,0,1.9722222222222223,39.916666666666664,0.0,AGRICOLA
H101244M-8102829,4,0,2.7370370370370374,50.333333333333336,0.0,AGRICOLA
H101246M-8101866,7,0,3.9722222222222228,60.291666666666664,0.0,AGRICOLA
H101249M-8102116,3,0,5.888888888888888,53.416666666666664,0.0,AGRICOLA
H101250M-8102114,5,0,1.6423809523809525,67.20833333333333,0.0,AGRICOLA
H101253M-8102103,1,0,4.666666666666667,24.083333333333332,0.0,AGRICOLA
H101254M-8102098,3,0,1.9621031746031745,74.91666666666667,0.0,AGRICOLA
H101255M-8105993,2,0,13.333333333333334,11.833333333333334,0.0,AGRICOLA
H101256M-8106001,5,0,5.222222222222222,42.541666666666664,0.0,AGRICOLA
H101259M-8108194,3,0,10.5,15.25,0.0,AGRICOLA
H101260M-8108479,3,0,4.798110355253213,81.41666666666667,82.0,AGRICOLA
H101261M-8108193,2,0,4.416666666666666,28.041666666666668,0.0,AGRICOLA
H101263M-8108188,2,0,0.8333333333333334,24.458333333333332,24.0,AGRICOLA
H101264M-8108218,7,0,6.190740740740741,57.0,0.0,AGRICOLA
H101266M-8108768,2,0,0.0,7.916666666666667,0.0,AGRICOLA
H101268M-8113302,5,0,2.819727891156463,79.04166666666667,0.0,AGRICOLA
H101270M-8113318,1,0,6.166666666666667,28.916666666666668,0.0,AGRICOLA
H101271M-8113307,3,0,3.111111111111111,27.166666666666668,0.0,AGRICOLA
H101272M-8110617,5,0,3.354852975307521,125.5,0.0,AGRICOLA
H101273M-8113312,2,0,4.313492063492064,74.66666666666667,0.0,AGRICOLA
H101274M-8109793,1,0,9.166666666666668,22.541666666666668,0.0,AGRICOLA
H101275M-8109795,2,1,7.0555555555555545,44.458333333333336,0.0,AGRICOLA
H101279M-8109016,6,0,4.953703703703703,64.58333333333333,43.0,AGRICOLA
H101280M-8109789,2,0,5.665277777777779,68.41666666666667,0.0,AGRICOLA
H101281M-8109799,1,0,2.0,10.166666666666666,0.0,AGRICOLA
H101282M-8113301,1,0,114.00000000000001,24.791666666666668,0.0,AGRICOLA
H101283M-8114003,3,1,28.722222222222218,35.166666666666664,0.0,AGRICOLA
H101284M-8114001,1,1,5.333333333333334,21.708333333333332,0.0,AGRICOLA
H101288M-8116085,4,0,7.777777777777778,45.208333333333336,0.0,AGRICOLA
H101289M-8114118,2,1,18.25925925925926,33.916666666666664,0.0,AGRICOLA
H101290M-8114351,2,0,190.66666666666666,24.041666666666668,0.0,AGRICOLA
H101291M-8116188,4,0,18.328703703703706,61.25,0.0,AGRICOLA
H101292M-8114133,2,0,71.0,3.7083333333333335,0.0,AGRICOLA
H101293M-8123222,3,0,23.203703703703706,32.458333333333336,45.0,AGRICOLA
H101294M-8123681,2,0,156.0,18.125,0.0,AGRICOLA
H101295M-8123673,2,0,2.0,17.0,0.0,AGRICOLA
H101296M-8122388,2,0,0.0,4.0,0.0,AGRICOLA
H101298M-8123652,1,0,33.22222222222222,29.458333333333332,0.0,AGRICOLA
H101300M-8123234,5,0,36.44444444444444,41.666666666666664,0.0,AGRICOLA
H101304M-8122575,1,0,48.0,19.625,0.0,AGRICOLA
H101309M-8124457,1,0,7.322222222222221,60.166666666666664,0.0,AGRICOLA
H101311M-8124449,2,0,46.0,15.5,7.0,AGRICOLA
H101316M-8124462,3,0,4.0,20.791666666666668,0.0,AGRICOLA
HFJ182692-553229,3,0,2.0634920634920637,43.833333333333336,0.0,AGRICOLA
HFJ182703-552000,4,0,2.015873015873016,44.583333333333336,0.0,AGRICOLA
HFJ182705-540124,1,0,0.6625000000000001,41.958333333333336,0.0,AGRICOLA
HFJ182722-552162,1,0,1.8333333333333335,31.125,0.0,AGRICOLA
HFJ182728-551837,3,0,1.888888888888889,23.541666666666668,0.0,AGRICOLA
HFJ182763-551415,2,0,3.0833333333333335,21.166666666666668,0.0,AGRICOLA
HFJ182769-555103,2,0,3.3333333333333335,19.833333333333332,0.0,AGRICOLA
HFJ182782,2,0,0.0,9.541666666666666,0.0,AGRICOLA
HFJ182793-556262,1,0,2.218999518999519,76.375,0.0,AGRICOLA
HFJ182808-557184,6,0,2.601269841269841,59.0,15.0,AGRICOLA
HFJ182813-556537,1,0,1.5836309523809524,45.458333333333336,0.0,AGRICOLA
HFJ182815-557909,4,0,1.4347442680776012,37.833333333333336,0.0,AGRICOLA
HFJ182817-558012,2,1,0.0,18.666666666666668,0.0,AGRICOLA
HFJ182828-555827,1,0,2.0634920634920637,29.75,0.0,AGRICOLA
HFJ182832-556529,3,0,1.8384126984126987,58.875,58.0,AGRICOLA
HFJ182839-558001,4,0,1.9266666666666665,61.541666666666664,0.0,AGRICOLA
HFJ182842-558059,1,0,2.0,21.041666666666668,0.0,AGRICOLA
HFJ182843-556844,4,0,0.5535714285714286,45.666666666666664,0.0,AGRICOLA
HFJ182849-558967,1,0,2.916666666666667,26.208333333333332,0.0,AGRICOLA
HFJ182853-559201,1,0,4.222222222222222,20.125,0.0,AGRICOLA
HFJ182865-559744,2,0,0.0,17.458333333333332,0.0,AGRICOLA
HFJ182867-569711,2,0,6.166666666666667,12.75,0.0,AGRICOLA
HFJ182899-562071,2,0,5.166666666666667,14.666666666666666,0.0,AGRICOLA
HFJ182901-561815,4,0,1.5767195767195767,40.041666666666664,22.0,AGRICOLA
HFJ182903-561791,3,0,3.5972222222222223,32.5,0.0,AGRICOLA
HFJ182906-562121,3,0,1.8055555555555556,20.833333333333332,0.0,AGRICOLA
HFJ182907-560277,1,0,8.5,19.541666666666668,0.0,AGRICOLA
HFJ182908-561829,2,0,6.0,18.958333333333332,7.0,AGRICOLA
HFJ182911-559784,2,0,4.0,14.5,0.0,AGRICOLA
HFJ182916-562495,1,0,6.5,28.791666666666668,0.0,AGRICOLA
HFJ182918-562929,4,0,1.5431547619047619,44.75,0.0,AGRICOLA
HFJ182922-563062,2,0,2.650198412698413,47.375,0.0,AGRICOLA
HFJ182925-552252,1,0,2.0,43.0,0.0,AGRICOLA
HFJ182933-563286,4,0,1.638888888888889,36.875,0.0,AGRICOLA
HFJ182934-563284,1,0,3.263888888888889,31.25,0.0,AGRICOLA
HFJ182939-562897,1,0,3.866666666666667,34.291666666666664,0.0,AGRICOLA
HFJ182953-564567,1,0,3.3666666666666667,28.708333333333332,36.0,AGRICOLA
HFJ182959-565379,7,0,1.8541979184836328,81.79166666666667,0.0,AGRICOLA
HFJ183017-655955,1,0,4.333333333333334,18.666666666666668,0.0,AGRICOLA
HFJ183024-561138,4,0,4.392592592592592,40.041666666666664,0.0,AGRICOLA
HFJ183030-564612,3,0,2.5500000000000003,37.291666666666664,46.0,AGRICOLA
HFJ183034-565546,6,0,2.223095238095238,57.75,0.0,AGRICOLA
HFJ183037-567807,1,0,6.666666666666667,16.166666666666668,0.0,AGRICOLA
HFJ183049-567883,3,0,2.1166666666666667,37.291666666666664,64.0,AGRICOLA
HFJ183076-570085,4,0,1.7984126984126985,35.625,56.0,AGRICOLA
HFJ183080-569379,5,0,1.4462632275132277,49.833333333333336,0.0,AGRICOLA
HFJ183083-570839,7,0,1.6533088824755493,68.66666666666667,27.0,AGRICOLA
HFJ183088-570914,8,0,1.7673469387755103,81.33333333333333,23.0,AGRICOLA
HFJ183090-564977,3,0,1.1545238095238095,60.0,0.0,AGRICOLA
HFJ183118-572187,2,0,2.07962962962963,49.666666666666664,0.0,AGRICOLA
HFJ183131-571125,2,0,1.8333333333333333,21.166666666666668,0.0,AGRICOLA
HFJ183225-575084,3,0,2.6916666666666664,34.0,0.0,AGRICOLA
HFJ183257-575952,3,0,1.4048941798941799,49.166666666666664,0.0,AGRICOLA
HFJ183306-576537,4,0,4.064814814814815,36.541666666666664,0.0,AGRICOLA
HFJ183315-576229,2,0,4.076190476190477,61.958333333333336,0.0,AGRICOLA
HFJ183320-576476,4,0,1.1111111111111112,50.666666666666664,0.0,AGRICOLA
HFJ183330-576503,5,0,11.947222222222223,41.708333333333336,0.0,AGRICOLA
HFJ183338-576498,1,0,13.0,19.75,0.0,AGRICOLA
HFJ183350-573148,1,0,3.1176266634599963,68.625,0.0,AGRICOLA
HFJ183367-579389,12,0,7.887954840805719,146.375,0.0,AGRICOLA
HFJ183375-577229,3,0,2.046031746031746,44.125,52.0,AGRICOLA
HFJ183389-577670,1,0,1.8845238095238097,40.125,0.0,AGRICOLA
HFJ183417-580059,3,0,1.037037037037037,34.916666666666664,0.0,AGRICOLA
HFJ183419-580689,1,0,0.5555555555555556,25.75,0.0,AGRICOLA
HFJ183421-580230,4,0,3.055555555555556,40.041666666666664,0.0,AGRICOLA
HFJ183429-581226,2,0,9.333333333333334,13.083333333333334,0.0,AGRICOLA
HFJ183434-580007,2,0,1.1333333333333333,20.0,0.0,AGRICOLA
HFJ183474-582638,3,0,3.166666666666667,26.541666666666668,0.0,AGRICOLA
HFJ183477-583005,2,0,0.6666666666666667,22.791666666666668,0.0,AGRICOLA
HFJ183479-582958,1,0,6.781481481481482,45.291666666666664,0.0,AGRICOLA
HFJ183491-583049,2,0,8.666666666666668,20.166666666666668,0.0,AGRICOLA
HFJ183496-582506,1,0,2.324074074074074,36.541666666666664,0.0,AGRICOLA
HFJ183529-581906,4,0,1.957671957671958,41.375,0.0,AGRICOLA
HFJ183546-584024,3,0,2.3666666666666667,40.5,0.0,AGRICOLA
HFJ183580-585076,2,1,2.5056712962962964,112.04166666666667,0.0,AGRICOLA
HFJ183592-578826,2,0,10.0,19.791666666666668,0.0,AGRICOLA
HFJ183595-584668,1,0,3.555555555555556,31.041666666666668,0.0,AGRICOLA
HFJ183600-585060,4,0,0.7604166666666666,45.333333333333336,0.0,AGRICOLA
HFJ183604-585443,2,0,0.0,17.375,0.0,AGRICOLA
HFJ183616-585142,2,0,2.006228956228956,71.0,0.0,AGRICOLA
HFJ183617-584253,3,0,3.277777777777778,21.583333333333332,86.0,AGRICOLA
HFJ183622-584991,8,0,1.6776118061832346,82.16666666666667,0.0,AGRICOLA
HFJ183628-586358,2,0,3.6370370370370373,41.375,0.0,AGRICOLA
HFJ183629-585477,2,1,5.666666666666666,38.041666666666664,0.0,AGRICOLA
HFJ183630-584749,2,0,2.7314814814814814,38.5,0.0,AGRICOLA
HFJ183631-585181,2,0,6.666666666666667,24.375,0.0,AGRICOLA
HFJ183635-585919,2,0,0.8333333333333334,29.5,0.0,AGRICOLA
HFJ183684-588704,2,0,2.166666666666667,21.208333333333332,0.0,AGRICOLA
HFJ183692-588864,9,0,16.633356227106226,65.29166666666667,0.0,AGRICOLA
HFJ183710-589153,1,0,3.9444444444444446,23.291666666666668,21.0,AGRICOLA
HFJ183711-589051,7,0,18.77070105820106,49.333333333333336,0.0,AGRICOLA
HFJ183716-584050,2,1,0.0,14.791666666666666,0.0,AGRICOLA
HFJ183733-588869,8,0,13.194193901336758,73.20833333333333,0.0,AGRICOLA
HFJ183751-587679,2,0,4.444444444444445,16.708333333333332,0.0,AGRICOLA
HFJ183776-590061,1,0,3.4833333333333334,58.0,0.0,AGRICOLA
HFJ183781-590515,2,0,6.5,19.875,0.0,AGRICOLA
HFJ183787-590584,3,0,0.0,23.458333333333332,0.0,AGRICOLA
HFJ183789-590586,10,0,12.85937992049103,108.16666666666667,0.0,AGRICOLA
HFJ183801-590764,1,0,2.475,62.583333333333336,0.0,AGRICOLA
HFJ183841-591189,7,0,3.38260582010582,77.58333333333333,0.0,AGRICOLA
HFJ183844-579269,2,0,4.92037037037037,30.25,0.0,AGRICOLA
HFJ183884-591639,5,0,3.3958333333333335,54.416666666666664,0.0,AGRICOLA
HFJ183949-594783,1,0,8.833333333333334,26.25,0.0,AGRICOLA
HFJ183953-594938,5,0,1.4092767417767418,113.20833333333333,48.0,AGRICOLA
HFJ183958-595053,9,0,1.8335250140805697,84.25,0.0,AGRICOLA
HFJ183959-594892,1,0,11.666666666666666,18.666666666666668,0.0,AGRICOLA
HFJ183961-595118,5,0,5.527777777777778,43.125,0.0,AGRICOLA
HFJ183963-595194,5,0,0.5625,13.25,0.0,AGRICOLA
HFJ183971-595563,3,0,3.0833333333333335,22.916666666666668,0.0,AGRICOLA
HFJ183972-595338,4,0,4.777777777777778,40.5,0.0,AGRICOLA
HFJ183981-595364,3,0,2.2398809523809526,51.208333333333336,0.0,AGRICOLA
HFJ183983-595846,3,0,48.49999999999999,23.708333333333332,0.0,AGRICOLA
HFJ183985-594380,3,0,4.5,27.875,0.0,AGRICOLA
HFJ183986-592179,2,0,1.6666666666666667,19.625,0.0,AGRICOLA
HFJ183987-594694,2,0,13.0,21.583333333333332,0.0,AGRICOLA
HFJ183999-595972,8,0,0.7189720332577476,67.95833333333333,0.0,AGRICOLA
HFJ184001-596315,4,0,2.479166666666667,53.916666666666664,0.0,AGRICOLA
HFJ184009-596326,1,0,6.0,25.666666666666668,0.0,AGRICOLA
HFJ184011-596260,2,0,2.513888888888889,51.875,0.0,AGRICOLA
HFJ184014-596075,3,1,7.416666666666666,37.541666666666664,0.0,AGRICOLA
HFJ184051-593173,5,0,1.5706349206349206,49.125,0.0,AGRICOLA
HFJ184061-597259,4,0,11.796296296296298,44.0,0.0,AGRICOLA
HFJ184135-594636,1,0,3.2222222222222223,29.125,0.0,AGRICOLA
HFJ184162-599394,2,0,5.833333333333333,26.083333333333332,0.0,AGRICOLA
HFJ184202-599243,1,0,7.25,25.791666666666668,0.0,AGRICOLA
HFJ184203-599113,4,0,2.4814814814814814,30.125,0.0,AGRICOLA
HFJ184212-600350,3,0,1.8888888888888888,27.958333333333332,0.0,AGRICOLA
HFJ184217-600461,2,0,4.0375,39.708333333333336,34.0,AGRICOLA
HFJ184234-600505,2,0,2.690608465608466,64.95833333333333,0.0,AGRICOLA
HFJ184238-600944,5,0,5.875,42.625,0.0,AGRICOLA
HFJ184359-606666,1,0,5.333333333333334,23.541666666666668,0.0,AGRICOLA
HFJ184364-606835,2,1,6.916666666666666,35.833333333333336,0.0,AGRICOLA
HFJ184418-608160,3,0,9.75,21.333333333333332,0.0,AGRICOLA
HFJ184425-609585,1,0,1.9074074074074074,33.791666666666664,0.0,AGRICOLA
HFJ184429-607367,6,0,2.5677777777777777,55.166666666666664,6.0,AGRICOLA
HFJ184435-608737,2,0,13.333333333333334,26.333333333333332,1.0,AGRICOLA
HFJ184450-609865,8,0,3.925181878306878,79.95833333333333,0.0,AGRICOLA
HFJ184456-610323,1,0,7.388888888888888,40.916666666666664,0.0,AGRICOLA
HFJ184471-610378,2,0,2.3333333333333335,26.333333333333332,11.0,AGRICOLA
HFJ184473-610395,2,0,13.333333333333334,11.208333333333334,0.0,AGRICOLA
HFJ184474-610387,2,0,21.555555555555554,23.041666666666668,0.0,AGRICOLA
HFJ184484-610416,5,0,2.930555555555556,42.333333333333336,0.0,AGRICOLA
HFJ184490-610444,2,0,51.33333333333333,17.416666666666668,0.0,AGRICOLA
HFJ184493-610495,3,0,10.333333333333334,22.208333333333332,0.0,AGRICOLA
HFJ184510-610746,7,0,8.282407407407408,71.70833333333333,0.0,AGRICOLA
HFJ184511-610349,1,0,6.574074074074075,36.583333333333336,0.0,AGRICOLA
HFJ184515-611063,3,0,6.791666666666667,52.916666666666664,21.0,AGRICOLA
HFJ184518-610439,1,0,19.666666666666668,21.375,0.0,AGRICOLA
HFJ184519-609402,3,0,178.66666666666666,20.333333333333332,0.0,AGRICOLA
HFJ184520-611004,2,0,4.833333333333333,9.541666666666666,259.0,AGRICOLA
HFJ184521-610955,3,0,6.555555555555556,35.416666666666664,0.0,AGRICOLA
HFJ184523-611107,3,0,3.7962962962962963,26.708333333333332,0.0,AGRICOLA
HFJ184527-611154,7,0,3.0583333333333336,62.875,0.0,AGRICOLA
HFJ184532-611727,5,0,368.5277777777778,13.291666666666666,0.0,AGRICOLA
HFJ184541-612228,6,0,16.240000000000002,61.708333333333336,0.0,AGRICOLA
HFJ184542-612236,9,0,15.709893578643578,95.375,0.0,AGRICOLA
HFJ184543-612144,2,0,7.000000000000001,23.75,0.0,AGRICOLA
HFJ184545-612142,4,0,18.13888888888889,44.0,0.0,AGRICOLA
HFJ184548-612470,9,0,13.905352633477634,90.29166666666667,0.0,AGRICOLA
HFJ184550-612670,1,0,7.333333333333333,14.958333333333334,0.0,AGRICOLA
HFJ184553-610523,5,0,8.569444444444445,48.916666666666664,24.0,AGRICOLA
HFJ184554-611334,2,0,6.015952380952381,54.333333333333336,0.0,AGRICOLA
HFJ184557-610581,6,0,7.913015873015873,53.333333333333336,0.0,AGRICOLA
HFJ184560-611910,4,0,0.0,38.583333333333336,0.0,AGRICOLA
HFJ184584-613092,1,0,4.916666666666667,34.541666666666664,0.0,AGRICOLA
HFJ184594-613409,2,0,6.880753968253969,78.20833333333333,0.0,AGRICOLA
HFJ184610-612317,1,1,112.00000000000001,19.583333333333332,0.0,AGRICOLA
HFJ184619-613989,2,0,360.0,9.916666666666666,0.0,AGRICOLA
HFJ184624-614037,6,0,72.88888888888889,43.291666666666664,0.0,AGRICOLA
HFJ184652-614157,1,0,244.0,16.375,0.0,AGRICOLA
HFJ184654-614247,4,1,4.952147323575895,70.29166666666667,0.0,AGRICOLA
HFJ184659-614318,2,0,65.66666666666666,9.625,0.0,AGRICOLA
HFJ184696-614538,2,0,6.333333333333334,23.416666666666668,0.0,AGRICOLA
HFJ184733-615303,1,0,59.833333333333336,18.125,188.0,AGRICOLA
HFJ184739-613319,1,0,6.935185185185186,39.291666666666664,0.0,AGRICOLA
HFJ185039-624461,1,0,130.0,13.625,15.0,AGRICOLA
HFJ185053-625938,1,0,6.081481481481482,41.875,0.0,AGRICOLA
HFJ185056-613783,6,0,21.27777777777778,53.208333333333336,0.0,AGRICOLA
HFJ185057-613671,2,0,22.5,27.0,0.0,AGRICOLA
HFJ185059-620993,6,0,14.329841269841271,64.45833333333333,16.0,AGRICOLA
HFJ185066-626037,3,0,12.069444444444445,1.3333333333333333,28.0,AGRICOLA
HFJ185094-627003,1,0,2.701851851851852,62.375,0.0,AGRICOLA
HFJ185116-627122,2,0,10.294444444444444,57.375,0.0,AGRICOLA
HFJ185164-629203,2,0,3.6402777777777775,54.5,0.0,AGRICOLA
HFJ185169-627348,2,0,5.666666666666666,11.541666666666666,131.0,AGRICOLA
HFJ185177-629859,2,0,214.0,11.875,7.0,AGRICOLA
HFJ185180-630007,1,0,51.5,38.791666666666664,0.0,AGRICOLA
HFJ185225-630465,1,0,27.25,28.208333333333332,0.0,AGRICOLA
HFJ185246-631046,1,0,12.648148148148145,39.75,0.0,AGRICOLA
HFJ185247-631095,2,0,194.66666666666666,18.916666666666668,0.0,AGRICOLA
HFJ185260-631542,2,0,380.0,14.375,0.0,AGRICOLA
HFJ185263-630841,1,0,20.583333333333336,38.125,44.0,AGRICOLA
HFJ185265-631684,1,0,150.0,10.125,0.0,AGRICOLA
HFJ185272-631842,1,0,6.0,7.5,64.0,AGRICOLA
HFJ185292-631559,2,0,0.0,14.291666666666666,0.0,AGRICOLA
HFJ185293-631956,3,0,167.83333333333334,16.083333333333332,0.0,AGRICOLA
HFJ185294-613716,2,0,38.0,13.458333333333334,0.0,AGRICOLA
HFJ185297-631478,2,0,1.3333333333333335,15.625,182.0,AGRICOLA
HFJ185299-632275,1,0,238.0,18.041666666666668,0.0,AGRICOLA
HFJ185300-632355,2,0,2.7123015873015874,65.04166666666667,0.0,AGRICOLA
HFJ185301-632254,4,1,1.7962962962962965,68.83333333333333,0.0,AGRICOLA
HFJ185302-632335,4,0,9.51388888888889,74.375,0.0,AGRICOLA
HFJ185319-632479,2,0,55.611111111111114,26.75,0.0,AGRICOLA
HFJ185326-632596,4,0,21.11111111111111,40.708333333333336,0.0,AGRICOLA
HFJ185339-633952,11,0,12.054078884078885,118.08333333333333,0.0,AGRICOLA
HFJ185345-634455,7,0,20.553703703703704,59.666666666666664,0.0,AGRICOLA
HFJ185350-633819,5,0,50.02777777777778,41.833333333333336,0.0,AGRICOLA
HFJ185354-634394,5,0,91.73333333333333,44.208333333333336,0.0,AGRICOLA
HFJ185355-633937,2,0,148.66666666666666,29.875,0.0,AGRICOLA
HFJ185356-634795,11,0,6.759860509860511,111.08333333333333,0.0,AGRICOLA
HFJ185362-635019,9,0,18.97113095238095,66.79166666666667,0.0,AGRICOLA
HFJ185366-635346,2,0,48.0,12.333333333333334,0.0,AGRICOLA
HFJ185370-634385,1,0,17.166666666666668,35.041666666666664,0.0,AGRICOLA
HFJ185373-632402,1,0,0.0,8.208333333333334,0.0,AGRICOLA
HFJ185374-634396,1,0,229.99999999999997,23.375,0.0,AGRICOLA
HFJ185376-634912,5,0,9.42361111111111,64.0,0.0,AGRICOLA
HFJ185377-634387,3,0,6.166666666666666,31.416666666666668,0.0,AGRICOLA
HFJ185380-634390,15,1,0.7481481481481482,224.91666666666666,0.0,AGRICOLA
HFJ185395-636028,5,0,6.875,43.625,0.0,AGRICOLA
HFJ185397-636178,2,0,0.0,15.291666666666666,0.0,AGRICOLA
HFJ185400-636277,3,0,0.0,7.375,0.0,AGRICOLA
HFJ185416-636996,1,0,28.14814814814815,44.916666666666664,8.0,AGRICOLA
HFJ185425-637728,2,0,4.0,14.125,44.0,AGRICOLA
HFJ185432-635772,1,0,10.666666666666668,24.333333333333332,0.0,AGRICOLA
HFJ185434-636144,1,0,7.333333333333334,18.958333333333332,0.0,AGRICOLA
HFJ185435-636214,1,0,8.666666666666666,14.416666666666666,0.0,AGRICOLA
HFJ185436-637991,1,0,7.444444444444444,29.208333333333332,0.0,AGRICOLA
HFJ185437-636713,2,0,6.472222222222222,63.958333333333336,42.0,AGRICOLA
HFJ185442-636866,1,1,69.5,30.541666666666668,0.0,AGRICOLA
HFJ185470-636830,5,1,17.03472222222222,83.29166666666667,12.0,AGRICOLA
HFJ185475-634575,7,0,0.8571428571428571,69.91666666666667,0.0,AGRICOLA
HFJ185484-638505,3,0,7.5,22.041666666666668,0.0,AGRICOLA
HFJ185492-640050,1,0,6.666666666666667,24.625,0.0,AGRICOLA
HFJ185499-640400,3,0,136.16666666666666,23.0,0.0,AGRICOLA
HFJ185505-640568,6,0,7.222222222222223,52.0,0.0,AGRICOLA
HFJ185508-640794,3,1,4.371541950113379,54.583333333333336,0.0,AGRICOLA
HFJ185509-638672,1,0,115.99999999999999,3.375,0.0,AGRICOLA
HFJ185513-640386,1,0,0.0,16.833333333333332,0.0,AGRICOLA
HFJ185514-632442,1,0,2.0,10.75,0.0,AGRICOLA
HFJ185516-641802,5,0,2.0,20.166666666666668,0.0,AGRICOLA
HFJ185517-641886,2,0,18.0,14.416666666666666,0.0,AGRICOLA
HFJ185523-640441,1,0,10.0,10.25,0.0,AGRICOLA
HFJ185535-642671,2,0,18.63888888888889,56.708333333333336,36.0,AGRICOLA
HFJ185538-642824,4,0,94.88888888888889,49.416666666666664,0.0,AGRICOLA
HFJ185540-637989,7,0,2.845238095238095,76.0,0.0,AGRICOLA
HFJ185545-642068,1,0,94.94444444444444,28.541666666666668,0.0,AGRICOLA
HFJ185553-642722,1,0,81.61111111111111,23.583333333333332,0.0,AGRICOLA
HFJ185555-642774,1,0,23.11111111111111,27.0,0.0,AGRICOLA
HFJ185558-642924,3,0,3.2222222222222223,67.41666666666667,0.0,AGRICOLA
HFJ185560-643376,4,1,6.444444444444444,0.16666666666666666,0.0,AGRICOLA
HFJ185561-643024,1,0,94.0,17.166666666666668,0.0,AGRICOLA
HFJ185562-643209,2,0,39.833333333333336,20.208333333333332,0.0,AGRICOLA
HFJ185563-642874,3,0,4.333333333333334,31.75,0.0,AGRICOLA
HFJ185567-642845,2,0,23.98148148148148,44.125,0.0,AGRICOLA
HFJ185571-643431,1,0,4.037037037037037,38.083333333333336,0.0,AGRICOLA
HFJ185572-642885,3,0,8.38888888888889,31.125,0.0,AGRICOLA
HFJ185573-643784,7,0,13.557539682539682,25.916666666666668,0.0,AGRICOLA
HFJ185574-643480,10,0,11.926484420928865,55.625,0.0,AGRICOLA
HFJ185576-643745,2,0,264.0,16.916666666666668,0.0,AGRICOLA
HFJ185581-642938,2,0,264.0,14.666666666666666,0.0,AGRICOLA
HFJ185584-643736,2,0,118.66666666666669,19.875,0.0,AGRICOLA
HFJ185588-642867,1,0,100.0,15.583333333333334,1.0,AGRICOLA
HFJ185589-643628,5,1,84.56222222222223,58.083333333333336,0.0,AGRICOLA
HFJ185591-644101,2,0,262.0,16.541666666666668,0.0,AGRICOLA
HFJ185592-644392,5,0,104.93055555555556,42.125,0.0,AGRICOLA
HFJ185593-643494,1,0,118.0,16.833333333333332,0.0,AGRICOLA
HFJ185598-644032,1,1,53.0,27.958333333333332,0.0,AGRICOLA
HFJ185600-644234,3,0,189.83333333333334,22.5,7.0,AGRICOLA
HFJ185602-643986,2,0,44.666666666666664,20.0,0.0,AGRICOLA
HFJ185604-642815,6,0,11.51468253968254,63.791666666666664,0.0,AGRICOLA
HFJ185607-642855,1,0,44.0,25.458333333333332,0.0,AGRICOLA
HFJ185608-644086,2,0,30.0,7.833333333333333,5.0,AGRICOLA
HFJ185635-646526,2,0,0.6666666666666667,10.458333333333334,0.0,AGRICOLA
HFJ185638-646638,2,0,80.0,11.041666666666666,0.0,AGRICOLA
HFJ185651-646941,4,0,0.0,13.125,0.0,AGRICOLA
HFJ185686-647837,1,0,8.0,14.583333333333334,0.0,AGRICOLA
HFJ185687-647719,4,0,6.648148148148148,42.791666666666664,0.0,AGRICOLA
HFJ185688-647825,3,0,3.8333333333333335,18.541666666666668,1.0,AGRICOLA
HFJ185690-645734,2,0,0.0,12.708333333333334,9.0,AGRICOLA
HFJ185691-644191,2,0,106.0,10.208333333333334,0.0,AGRICOLA
HFJ185739-648836,4,0,3.011111111111111,60.625,0.0,AGRICOLA
HFJ185743-644990,3,0,51.41574074074074,65.41666666666667,0.0,AGRICOLA
HFJ185744-643649,5,0,21.861111111111114,41.916666666666664,0.0,AGRICOLA
HFJ185755-648823,1,0,204.0,19.125,7.0,AGRICOLA
HFJ185756-649748,3,0,29.166666666666668,27.541666666666668,0.0,AGRICOLA
HFJ185764-644876,4,0,232.33333333333334,2.2083333333333335,0.0,AGRICOLA
HFJ185765-650514,4,0,8.370370370370372,34.5,0.0,AGRICOLA
HFJ185809-652729,2,0,34.0,16.375,0.0,AGRICOLA
HFJ185811-652653,2,0,14.333333333333334,21.375,0.0,AGRICOLA
HFJ185815-652950,1,0,17.0,20.041666666666668,0.0,AGRICOLA
HFJ185824-650983,3,0,0.0,3.875,0.0,AGRICOLA
HFJ185839-653825,2,1,80.0,13.625,6.0,AGRICOLA
HFJ185841-654100,4,0,84.33333333333333,51.75,0.0,AGRICOLA
HFJ185849-654581,3,0,50.27777777777777,31.75,0.0,AGRICOLA
HFJ185876-655738,2,0,6.0,11.958333333333334,0.0,AGRICOLA
HFJ185900-656772,2,0,50.0,8.791666666666666,0.0,AGRICOLA
HFJ185904-656741,2,0,26.0,12.916666666666666,0.0,AGRICOLA
HFJ185909-657499,4,1,9.38888888888889,40.083333333333336,0.0,AGRICOLA
HFJ185910-657457,1,0,138.0,14.541666666666666,0.0,AGRICOLA
HFJ185935-656128,3,0,27.88888888888889,29.125,0.0,AGRICOLA
HFJ185941-651064,1,0,6.972222222222221,41.5,0.0,AGRICOLA
HFJ185948-657860,1,0,13.333333333333334,15.333333333333334,54.0,AGRICOLA
HFJ185956-658578,1,0,16.5,50.916666666666664,0.0,AGRICOLA
HFJ185965-658594,3,0,5.333333333333334,22.583333333333332,0.0,AGRICOLA
HFJ186007-659524,2,0,6.0,7.375,0.0,AGRICOLA
HFJ186008-660240,2,0,5.333333333333334,15.708333333333334,50.0,AGRICOLA
HFJ186020-661020,2,0,10.0,11.375,0.0,AGRICOLA
HFJ186025-661823,1,0,62.0,10.25,0.0,AGRICOLA
HFJ186028-661977,2,0,20.0,8.583333333333334,0.0,AGRICOLA
HFJ186029-661888,2,0,0.0,5.125,62.0,AGRICOLA
HFJ186041-662695,2,0,6.833333333333333,18.5,0.0,AGRICOLA
HFJ186042-662890,1,0,46.666666666666664,17.125,0.0,AGRICOLA
HFJ186053-660420,2,0,70.0,17.541666666666668,43.0,AGRICOLA
HFJ186063-663523,3,1,36.833333333333336,18.083333333333332,0.0,AGRICOLA
HFJ186075-658916,3,0,9.5,28.791666666666668,0.0,AGRICOLA
HFJ186077-658723,2,0,25.333333333333332,27.333333333333332,37.0,AGRICOLA
HFJ186081-664677,1,0,13.333333333333334,9.583333333333334,0.0,AGRICOLA
HFJ186082-664724,1,0,108.0,9.5,0.0,AGRICOLA
HFJ186103-665097,4,0,7.0,27.375,0.0,AGRICOLA
HFJ186115-665608,2,0,13.333333333333334,12.583333333333334,0.0,AGRICOLA
HFJ186116-665488,1,0,54.0,10.625,0.0,AGRICOLA
HFJ186124-650935,2,0,74.0,7.0,0.0,AGRICOLA
HFJ186128-665671,1,0,4.0,14.166666666666666,0.0,AGRICOLA
HFJ186152-666000,2,0,56.00000000000001,10.416666666666666,0.0,AGRICOLA
HFJ186177-666015,1,0,0.0,15.25,21.0,AGRICOLA
HFJ186181-666543,2,0,12.0,10.125,0.0,AGRICOLA
HFJ186182-666598,2,0,24.0,11.458333333333334,0.0,AGRICOLA
HFJ186195-666792,2,1,12.0,14.291666666666666,0.0,AGRICOLA
HFJ186196-666705,1,0,28.000000000000004,11.375,0.0,AGRICOLA
HFJ186197-666975,1,0,0.0,0.041666666666666664,0.0,AGRICOLA
HFJ186199-665715,3,0,0.0,12.625,0.0,AGRICOLA
HFJ186220-666501,2,0,56.00000000000001,7.958333333333333,0.0,AGRICOLA
HFJ186223-666965,1,0,13.333333333333334,11.708333333333334,0.0,AGRICOLA
HFJ186224-665991,3,0,38.333333333333336,18.291666666666668,0.0,AGRICOLA
HFJ186231-667903,1,0,32.0,10.208333333333334,0.0,AGRICOLA
HFJ186255-668751,1,0,20.0,6.25,0.0,AGRICOLA
HFJ186275-669482,2,0,24.0,12.958333333333334,0.0,AGRICOLA
HFJ186276-669327,3,0,0.0,24.708333333333332,0.0,AGRICOLA
HFJ186548-682284,2,0,22.0,4.583333333333333,0.0,AGRICOLA
JX1690876-441463DT,2,0,140.0,15.0,0.0,AGRICOLA
JX1730013-481178DT,2,0,10.0,10.291666666666666,0.0,AGRICOLA
JX1730225-4811790T,1,0,13.333333333333334,10.125,69.0,AGRICOLA
JX1730254,2,0,128.0,10.625,0.0,AGRICOLA
JXT1638086-389674DT,2,0,0.7777777777777778,20.458333333333332,83.0,AGRICOLA
JXT1668199-418790DT,2,0,2.666666666666667,19.333333333333332,46.0,AGRICOLA
JXT1676948-427913DT,1,0,8.333333333333332,1.1666666666666667,0.0,AGRICOLA
LSM0B25REN0310355-304478,5,0,4.034722222222222,54.375,0.0,AGRICOLA
LSM0B25RKP0310428-310482,2,0,70.0,10.416666666666666,0.0,AGRICOLA
NH08803M,6,1,3.4305555555555554,5.25,0.0,AGRICOLA
NH09383M-001798208,2,0,15.873015873015873,18.75,0.0,AGRICOLA
NH09442M,5,1,0.6899381868131869,46.083333333333336,0.0,AGRICOLA
NH09445M-001809562,3,0,1.390952380952381,64.33333333333333,0.0,AGRICOLA
NH09457M,1,0,3.688888888888889,54.833333333333336,0.0,AGRICOLA
NH09484M-001800657,2,0,0.2222222222222222,11.5,0.0,AGRICOLA
NH09493M,2,0,1.5312169312169315,33.666666666666664,0.0,AGRICOLA
NH09614M-001840991,5,0,1.032034632034632,35.541666666666664,0.0,AGRICOLA
NH09669M-001822191,4,0,3.412962962962963,37.166666666666664,0.0,AGRICOLA
NH09685M-001809546,2,0,4.444444444444445,17.375,83.0,AGRICOLA
NH09719M-001854440,2,0,1.5851851851851853,31.291666666666668,0.0,AGRICOLA
NH09722M-001854207,2,0,1.242063492063492,37.5,0.0,AGRICOLA
NH09730M-001859849,1,0,9.63888888888889,25.958333333333332,0.0,AGRICOLA
NH09731M-001869883,1,0,0.9355026455026454,55.625,0.0,AGRICOLA
NH09733M-001859869,2,1,1.6037037037037039,47.708333333333336,94.0,AGRICOLA
NH09735M-001854142,4,0,46.611111111111114,35.708333333333336,0.0,AGRICOLA
NH09746M-001865685,2,0,1.9312169312169314,33.958333333333336,0.0,AGRICOLA
NH09747M-001862899,1,0,2.210066939233606,66.29166666666667,0.0,AGRICOLA
NH09752M-001862865,2,0,2.0,14.458333333333334,2.0,AGRICOLA
NH09753M-001862866,2,0,0.7021548821548821,64.95833333333333,54.0,AGRICOLA
NH09755M-001870097,1,1,3.170326278659612,45.166666666666664,0.0,AGRICOLA
NH09760M-001842615,3,0,1.3333333333333335,29.0,0.0,AGRICOLA
NH09763M-001862847,3,0,1.0827200577200577,58.333333333333336,0.0,AGRICOLA
NH09768M-001861837,2,0,4.444444444444445,23.666666666666668,0.0,AGRICOLA
NH09771M-001861418,2,0,1.888888888888889,41.5,0.0,AGRICOLA
NH09773M-001861240,8,0,1.0002266252266252,72.29166666666667,0.0,AGRICOLA
NH09782M-001861242,3,0,1.5287301587301587,59.458333333333336,66.0,AGRICOLA
NH09789M-001856190,3,0,5.930555555555555,24.5,4.0,AGRICOLA
NH09792M-001842618,3,0,3.7777777777777777,23.666666666666668,33.0,AGRICOLA
NH09793M-001860224,1,0,1.2111111111111112,31.375,0.0,AGRICOLA
NH09796M-001871622,2,0,4.444444444444445,14.958333333333334,0.0,AGRICOLA
NH09798M-001865715,6,0,6.3100000000000005,57.708333333333336,0.0,AGRICOLA
NH09802M-001854141,3,0,2.7384920634920635,43.916666666666664,0.0,AGRICOLA
NH09804M-001860951,1,0,1.1455026455026456,47.5,0.0,AGRICOLA
NH09808M-001860223,2,0,8.333333333333332,16.833333333333332,0.0,AGRICOLA
NH09810M-001870292,2,0,2.8,27.5,0.0,AGRICOLA
NH09813M-001880007,1,0,1.5074555074555076,58.125,0.0,AGRICOLA
NH09815M-001854199,3,0,2.2222222222222223,36.0,0.0,AGRICOLA
NH09816M-001879973,2,0,5.333333333333334,18.791666666666668,0.0,AGRICOLA
NH09818M,2,0,4.444444444444445,18.291666666666668,0.0,AGRICOLA
NH09819M-001866063,7,0,6.491666666666667,65.41666666666667,0.0,AGRICOLA
NH09825M-001854163,2,0,2.0,15.625,0.0,AGRICOLA
NH09826M-001852214,3,0,4.538888888888889,23.541666666666668,0.0,AGRICOLA
NH09829M,2,0,0.0,26.875,0.0,AGRICOLA
NH09830M-001869409,4,0,1.8574074074074076,36.0,0.0,AGRICOLA
NH09833M-001860519,5,1,3.939583333333333,52.416666666666664,0.0,AGRICOLA
NH09834M-001858491,2,1,33.0,15.958333333333334,0.0,AGRICOLA
NH09835M-001872647,2,0,3.888888888888889,19.583333333333332,35.0,AGRICOLA
NH09836M-001878041,2,0,4.444444444444445,21.583333333333332,0.0,AGRICOLA
NH09838M-001840242,1,0,2.7777777777777777,25.541666666666668,0.0,AGRICOLA
NH09840M-001881607,4,0,3.0370370370370368,39.166666666666664,0.0,AGRICOLA
NH09841M,4,0,1.029100529100529,42.708333333333336,0.0,AGRICOLA
NH09846M-001853060,1,0,2.7222222222222223,26.875,0.0,AGRICOLA
NH09847M-001850226,2,0,160.16666666666666,22.708333333333332,44.0,AGRICOLA
NH09850M,1,1,1.4095238095238096,52.5,0.0,AGRICOLA
NH09865M-001859871,1,0,2.4027777777777777,26.125,0.0,AGRICOLA
NH09870M-001865683,6,0,1.754997594997595,58.125,0.0,AGRICOLA
NH09882M-001865799,1,0,1.2083333333333333,33.958333333333336,0.0,AGRICOLA
NH09884M-001864741,1,0,2.3,44.166666666666664,18.0,AGRICOLA
NH09885M-001901472,2,0,5.5,27.75,0.0,AGRICOLA
NH09887M-001891310,2,0,2.5623015873015875,49.5,0.0,AGRICOLA
NH09889M-001883860,2,0,2.744268077601411,36.833333333333336,0.0,AGRICOLA
NH09899M-001883886,3,0,2.9333333333333336,46.75,0.0,AGRICOLA
NH09911M-001902941,2,0,8.625,42.75,0.0,AGRICOLA
NH09912M-001905329,3,0,5.0,29.333333333333332,0.0,AGRICOLA
NH09915M-001901473,1,0,2.5361111111111114,49.458333333333336,0.0,AGRICOLA
NH09916M-001891353,4,0,2.740740740740741,52.458333333333336,29.0,AGRICOLA
NH09924M-001905758,5,0,2.162857142857143,52.208333333333336,0.0,AGRICOLA
NH09929M-001855829,2,0,6.5,20.208333333333332,0.0,AGRICOLA
NH09930M-001858038,2,0,6.666666666666667,15.958333333333334,0.0,AGRICOLA
NH09946M,1,1,1.8476190476190477,39.666666666666664,0.0,AGRICOLA
NH09948M-001869135,2,0,1.1645322270322271,47.583333333333336,0.0,AGRICOLA
NH09949M-001899597,2,0,8.333333333333332,16.875,11.0,AGRICOLA
NH09954M-001857869,2,0,6.166666666666667,21.625,0.0,AGRICOLA
NH09955M,5,0,0.9533730158730158,49.208333333333336,0.0,AGRICOLA
NH09959M-001905315,5,0,5.072222222222223,56.166666666666664,30.0,AGRICOLA
NH09961M-001904523,2,0,9.666666666666668,23.625,0.0,AGRICOLA
NH09963M-001905326,2,0,1.620811287477954,45.125,0.0,AGRICOLA
NH09967M-001905327,5,0,1.5505952380952381,47.083333333333336,0.0,AGRICOLA
NH09969M-001857020,2,0,2.2222222222222223,36.875,0.0,AGRICOLA
NH09970M-001855793,5,1,11.126190476190477,44.791666666666664,0.0,AGRICOLA
NH09971M-001855791,1,0,5.833333333333333,21.333333333333332,0.0,AGRICOLA
NH09977M-001855372,3,0,1.6324338624338623,60.083333333333336,13.0,AGRICOLA
NH09979M-001869407,2,0,3.6805555555555554,48.541666666666664,16.0,AGRICOLA
NH09980M-001859870,2,0,2.2749007936507937,47.041666666666664,10.0,AGRICOLA
NH09981M-001869175,3,0,6.157407407407407,39.875,48.0,AGRICOLA
NH09982M-001905756,2,0,6.0,16.625,0.0,AGRICOLA
NH09986M-001928352,1,0,10.0,17.916666666666668,0.0,AGRICOLA
NH09988M-001883861,6,0,2.9375156325156326,59.083333333333336,0.0,AGRICOLA
NH09989M-001928702,6,0,2.816137566137566,75.625,0.0,AGRICOLA
NH09990M-001928430,6,0,1.7711111111111113,63.25,0.0,AGRICOLA
NH09991M-001929478,2,0,1.2712301587301587,55.125,0.0,AGRICOLA
NH09993M-001929117,5,0,3.765277777777778,51.125,33.0,AGRICOLA
NH09995M,2,0,6.666666666666667,16.083333333333332,0.0,AGRICOLA
NH09996M-001870306,2,0,65.0,20.25,0.0,AGRICOLA
NH09999M-001929461,2,0,0.0,15.583333333333334,0.0,AGRICOLA
NH10007M-001921152,2,0,5.0,15.125,0.0,AGRICOLA
NH10009M-001900715,2,0,8.333333333333332,13.416666666666666,0.0,AGRICOLA
NH10016M-001998803,2,0,2.3486772486772485,49.291666666666664,0.0,AGRICOLA
NH10017M-001896276,1,0,2.2222222222222223,20.916666666666668,0.0,AGRICOLA
NH10023M-001896220,1,0,0.0,19.166666666666668,0.0,AGRICOLA
NH10024M-001896222,1,0,0.0,20.25,0.0,AGRICOLA
NH10027M-001924481,1,0,0.0,17.416666666666668,0.0,AGRICOLA
NH10031M-001883266,2,1,2.6,23.125,0.0,AGRICOLA
NH10032M-001882517,2,0,1.7037698412698414,48.208333333333336,0.0,AGRICOLA
NH10034M-001882696,3,0,8.916666666666668,30.041666666666668,0.0,AGRICOLA
NH10037M-001872587,4,0,2.7646825396825396,51.083333333333336,0.0,AGRICOLA
NH10038M-001864743,2,0,1.6917658730158731,60.833333333333336,0.0,AGRICOLA
NH10039M-001872584,2,0,1.0785714285714287,59.583333333333336,0.0,AGRICOLA
NH10040M-001882697,1,0,2.2222222222222223,21.75,0.0,AGRICOLA
NH10041M,1,0,3.1527777777777777,35.458333333333336,0.0,AGRICOLA
NH10043M-001901668,4,0,2.9201489868156534,89.70833333333333,0.0,AGRICOLA
NH10045M-001924293,3,0,2.7777777777777777,28.5,0.0,AGRICOLA
NH10051M-001909093,4,1,3.515476190476191,33.625,79.0,AGRICOLA
NH10052M-001900708,5,0,4.038888888888889,52.791666666666664,0.0,AGRICOLA
NH10060M-001865798,5,0,1.363888888888889,51.666666666666664,0.0,AGRICOLA
NH10063M-001900503,3,0,1.0690632284382284,88.0,0.0,AGRICOLA
NH10065M-001869038,4,0,16.314814814814813,33.541666666666664,0.0,AGRICOLA
NH10070M-001928688,7,1,5.066666666666667,70.91666666666667,0.0,AGRICOLA
NH10072M-001932363,1,0,1.2916666666666667,25.833333333333332,0.0,AGRICOLA
NH10074M-001928696,1,0,3.6481481481481484,27.083333333333332,0.0,AGRICOLA
NH10075M-001933040,3,0,0.7222222222222223,30.375,0.0,AGRICOLA
NH10077M-001870218,1,0,1.1806349206349207,45.541666666666664,0.0,AGRICOLA
NH10078M-001898804,1,1,0.681804152637486,67.20833333333333,0.0,AGRICOLA
NH10080M-001928712,3,0,3.1833333333333336,40.541666666666664,0.0,AGRICOLA
NH10081M-001937287,7,0,0.8654761904761905,60.458333333333336,0.0,AGRICOLA
NH10083M-001859888,12,0,8.481187825840232,105.95833333333333,0.0,AGRICOLA
NH10085M-001869035,1,0,0.9047619047619048,34.166666666666664,0.0,AGRICOLA
NH10086M-001955570,4,0,1.8,35.583333333333336,0.0,AGRICOLA
NH10087M-001933081,1,0,2.2,34.541666666666664,0.0,AGRICOLA
NH10088M-001928689,1,0,1.5,18.75,0.0,AGRICOLA
NH10089M-001928698,1,0,3.533333333333333,48.375,0.0,AGRICOLA
NH10092M-001888176,1,0,1.8819444444444446,51.916666666666664,0.0,AGRICOLA
NH10098M-001855830,4,0,6.1000000000000005,32.666666666666664,0.0,AGRICOLA
NH10101M-001870221,1,0,1.3333333333333335,23.291666666666668,0.0,AGRICOLA
NH10103M-001870104,2,0,2.125,26.083333333333332,0.0,AGRICOLA
NH10104M-001870304,3,0,8.757936507936508,23.416666666666668,31.0,AGRICOLA
NH10106M-001886922,5,0,1.4014550264550265,56.916666666666664,0.0,AGRICOLA
NH10107M-001869177,1,0,2.9563756613756613,45.625,0.0,AGRICOLA
NH10109M-001955572,6,0,1.6851851851851856,51.958333333333336,0.0,AGRICOLA
NH10110M,2,1,3.7777777777777777,2.9583333333333335,0.0,AGRICOLA
NH10112M-001955512,1,0,1.3492063492063493,29.375,0.0,AGRICOLA
NH10113M-001954429,2,0,1.5,15.0,0.0,AGRICOLA
NH10114M-001924283,5,0,1.5424074074074074,65.33333333333333,0.0,AGRICOLA
NH10115M-001929460,3,0,8.722222222222223,39.875,0.0,AGRICOLA
NH10116M-001933083,2,0,3.2962962962962963,41.833333333333336,3.0,AGRICOLA
NH10118M-001940351,4,0,8.162962962962963,20.333333333333332,0.0,AGRICOLA
NH10121M-001944680,3,0,29.27777777777778,2.9166666666666665,0.0,AGRICOLA
NH10122M-001940352,1,0,3.925925925925926,35.5,0.0,AGRICOLA
NH10123M-001944709,5,0,1.6746031746031746,50.75,0.0,AGRICOLA
NH10126M-001893472,2,0,0.0,21.75,0.0,AGRICOLA
NH10127M-001891517,2,0,1.0732122815456149,61.666666666666664,0.0,AGRICOLA
NH10134M-001870284,1,0,4.3432539682539675,49.375,0.0,AGRICOLA
NH10138M-001891500,1,0,21.255555555555556,51.833333333333336,0.0,AGRICOLA
NH10145M-001944670,1,0,2.8194444444444446,31.833333333333332,0.0,AGRICOLA
NH10149M-001944639,6,0,3.083809523809524,71.16666666666667,0.0,AGRICOLA
NH10150M-001891555,4,0,2.777777777777778,39.5,0.0,AGRICOLA
NH10158M-001941769,4,0,0.0,0.625,0.0,AGRICOLA
NH10161M-001941767,1,0,0.33333333333333337,16.583333333333332,0.0,AGRICOLA
NH10162M-001930815,11,0,15.678804713804713,106.66666666666667,0.0,AGRICOLA
NH10165M-001957395,2,0,13.333333333333334,19.666666666666668,0.0,AGRICOLA
NH10166M-001928366,1,0,1.4055555555555554,57.041666666666664,0.0,AGRICOLA
NH10170M-001955510,2,0,1.0555555555555556,32.666666666666664,0.0,AGRICOLA
NH10173M-001961068,7,0,1.2300304633637966,80.375,0.0,AGRICOLA
NH10175M-001955553,1,0,2.3333333333333335,29.458333333333332,0.0,AGRICOLA
NH10183M-001955574,5,0,0.27380952380952384,55.208333333333336,0.0,AGRICOLA
NH10187M-001955556,2,0,1.07569544652878,71.75,28.0,AGRICOLA
NH10188M-001957354,5,0,2.136111111111111,46.875,0.0,AGRICOLA
NH10189M-001957393,2,0,2.236111111111111,48.791666666666664,0.0,AGRICOLA
NH10190M-001957394,3,0,1.6700033762533761,125.33333333333333,0.0,AGRICOLA
NH10191M-001961717,4,0,3.1203703703703702,52.375,0.0,AGRICOLA
NH10192M-001871466,2,0,2.9166666666666665,0.08333333333333333,60.0,AGRICOLA
NH10193M-001956123,1,0,9.722222222222221,30.833333333333332,0.0,AGRICOLA
NH10194M-001961064,2,0,8.666666666666668,17.375,0.0,AGRICOLA
NH10196M,2,0,2.0107142857142857,45.125,0.0,AGRICOLA
NH10199M-001949521,7,0,2.0261243386243386,69.20833333333333,47.0,AGRICOLA
NH10204M-001898890,2,0,6.5,25.208333333333332,0.0,AGRICOLA
NH10206M-001944717,1,0,1.287037037037037,29.875,0.0,AGRICOLA
NH10214M-001943104,2,0,0.0,8.5,0.0,AGRICOLA
NH10215M-001928392,5,0,2.1194444444444445,50.916666666666664,0.0,AGRICOLA
NH10217M-001944627,8,0,1.6584106369820655,110.75,0.0,AGRICOLA
NH10218M-001944628,4,0,3.111111111111111,47.833333333333336,5.0,AGRICOLA
NH10219M-001944620,3,0,1.1262175324675325,103.95833333333333,0.0,AGRICOLA
NH10220M-001929121,3,0,2.4027777777777777,29.791666666666668,0.0,AGRICOLA
NH10222M-001929231,3,0,5.111111111111112,26.291666666666668,0.0,AGRICOLA
NH10223M-001932086,4,0,0.7314814814814814,53.583333333333336,0.0,AGRICOLA
NH10229M-001928690,4,0,2.75,57.125,0.0,AGRICOLA
NH10233M-001901661,2,0,2.361111111111111,18.958333333333332,0.0,AGRICOLA
NH10234M-001930058,6,0,15.266666666666666,69.625,18.0,AGRICOLA
NH10235M-001949522,2,0,1.7666666666666668,32.708333333333336,0.0,AGRICOLA
NH10240M-001901660,1,0,12.666666666666668,17.75,0.0,AGRICOLA
NH10241M-001901658,9,0,2.0420664983164984,114.54166666666667,0.0,AGRICOLA
NH10242M-001883407,1,0,5.916666666666667,36.958333333333336,0.0,AGRICOLA
NH10245M-001944647,4,0,7.356666666666667,54.25,0.0,AGRICOLA
NH10246M-001944640,3,0,15.5,34.833333333333336,0.0,AGRICOLA
NH10248M-001961066,1,1,13.0,23.375,0.0,AGRICOLA
NH10251M-001956543,4,0,5.166666666666667,37.666666666666664,0.0,AGRICOLA
NH10259M-001957392,3,0,13.666666666666668,22.583333333333332,0.0,AGRICOLA
NH10263M-001891553,3,0,5.472222222222222,29.083333333333332,0.0,AGRICOLA
NH10264M-001891516,2,0,6.333333333333334,30.958333333333332,0.0,AGRICOLA
NH10266M-001900717,2,0,16.0,10.875,0.0,AGRICOLA
NH10270M-001955514,2,0,2.3583333333333334,33.333333333333336,0.0,AGRICOLA
NH10271M-001883059,5,0,32.333333333333336,106.70833333333333,0.0,AGRICOLA
NH10273M-001963628,2,0,1.617777777777778,58.666666666666664,0.0,AGRICOLA
NH10278M-001900714,1,0,0.0,24.208333333333332,0.0,AGRICOLA
NH10279M-001900716,1,0,1.4166666666666667,30.541666666666668,0.0,AGRICOLA
NH10280M-001882698,3,0,32.333333333333336,29.416666666666668,0.0,AGRICOLA
NH10282M-001898894,1,0,0.8333333333333334,11.625,0.0,AGRICOLA
NH10283M-001898892,2,0,16.916666666666668,64.45833333333333,35.0,AGRICOLA
NH10287M-001905405,6,0,8.952222222222222,52.791666666666664,43.0,AGRICOLA
NH10288M-001891501,4,0,5.5555555555555545,0.16666666666666666,0.0,AGRICOLA
NH10289M-001905424,2,0,6.0,12.458333333333334,0.0,AGRICOLA
NH10291M-001972976,2,0,3.6527777777777777,29.708333333333332,0.0,AGRICOLA
NH10293M-001956068,2,0,2.184554730983302,103.33333333333333,0.0,AGRICOLA
NH10294M-001972966,2,0,2.229166666666667,35.833333333333336,0.0,AGRICOLA
NH10296M-001967110,3,0,0.5,32.625,0.0,AGRICOLA
NH10297M-001965108,6,0,15.84,81.04166666666667,0.0,AGRICOLA
NH10298M-001968459,2,0,2.8703703703703702,55.583333333333336,0.0,AGRICOLA
NH10299M-001965111,2,0,1.3333333333333335,27.125,3.0,AGRICOLA
NH10301M-001963066,2,0,2.3361111111111112,44.083333333333336,0.0,AGRICOLA
NH10303M-001963240,3,0,5.166666666666667,37.541666666666664,0.0,AGRICOLA
NH10306M-001967108,4,0,132.88888888888889,33.708333333333336,0.0,AGRICOLA
NH10308M-001968217,3,0,0.3380952380952381,62.166666666666664,0.0,AGRICOLA
NH10309M-001965106,1,0,2.527777777777778,29.458333333333332,0.0,AGRICOLA
NH10323M-001968218,2,0,0.2777777777777778,13.416666666666666,0.0,AGRICOLA
NH10324M-001959962,8,0,12.205191798941799,113.95833333333333,0.0,AGRICOLA
NH10329M-001933096,1,0,3.0555555555555554,36.708333333333336,0.0,AGRICOLA
NH10332M-001900709,3,1,0.0,0.0,0.0,AGRICOLA
NH10337M-001967106,1,1,4.0,12.25,135.0,AGRICOLA
NH10339M-001967091,1,0,4.916666666666667,30.208333333333332,0.0,AGRICOLA
NH10340M-001961062,4,0,8.055555555555555,20.875,0.0,AGRICOLA
NH10341M-001944619,6,0,1.2923941798941798,68.25,0.0,AGRICOLA
NH10342M-001967107,2,0,5.319444444444445,65.20833333333333,0.0,AGRICOLA
NH10343M-001894415,2,0,1.7323809523809524,61.083333333333336,0.0,AGRICOLA
NH10344M-001896446,1,0,3.5238095238095237,49.458333333333336,0.0,AGRICOLA
NH10346M-001967506,2,0,3.564814814814815,40.833333333333336,0.0,AGRICOLA
NH10347M-001961061,7,0,1.4406084656084657,82.45833333333333,0.0,AGRICOLA
NH10348M-001958904,4,0,1.4083694083694083,78.29166666666667,0.0,AGRICOLA
NH10350M-001956307,1,0,2.7777777777777777,31.291666666666668,0.0,AGRICOLA
NH10351M-001967503,5,0,4.9315476190476195,41.75,573.0,AGRICOLA
NH10354M-001905406,2,0,4.0,12.666666666666666,0.0,AGRICOLA
NH10355M-001957188,1,0,7.020833333333334,19.458333333333332,0.0,AGRICOLA
NH10359M-001933098,6,0,1.2943121693121693,58.416666666666664,0.0,AGRICOLA
NH10360M-001972967,3,0,3.3444444444444446,51.041666666666664,0.0,AGRICOLA
NH10361M-001967090,4,1,1.0,42.041666666666664,0.0,AGRICOLA
NH10362M-001961070,2,0,4.666666666666667,21.541666666666668,0.0,AGRICOLA
NH10363M-001965129,2,1,2.8518518518518525,44.458333333333336,0.0,AGRICOLA
NH10365M-001972969,5,0,2.506666666666667,37.333333333333336,0.0,AGRICOLA
NH10366M-001970277,4,0,0.0,2.9166666666666665,0.0,AGRICOLA
NH10367M-001961067,1,0,9.601851851851851,49.875,0.0,AGRICOLA
NH10368M-001961049,2,0,4.666666666666667,15.0,0.0,AGRICOLA
NH10378M,1,0,1.2430776014109348,62.875,0.0,AGRICOLA
NH10379M-001955941,6,1,54.27192827748383,77.83333333333333,0.0,AGRICOLA
NH10380M-001955958,5,0,6.180555555555555,52.166666666666664,0.0,AGRICOLA
NH10381M-001902143,7,0,1.6972411186696903,75.625,0.0,AGRICOLA
NH10383M-001950457,1,0,7.666666666666666,13.5,0.0,AGRICOLA
NH10384M-001955535,9,0,1.017940392940393,90.91666666666667,22.0,AGRICOLA
NH10385M-001963545,3,0,0.0,0.0,0.0,AGRICOLA
NH10389M-001982591,2,0,10.0,20.75,0.0,AGRICOLA
NH10394M-001965107,1,0,1.8333333333333335,27.75,0.0,AGRICOLA
NH10396M-001968489,8,0,0.6840277777777778,78.25,0.0,AGRICOLA
NH10399M-001965109,13,1,0.5414529914529915,6.208333333333333,0.0,AGRICOLA
NH10400M-00195542,1,0,5.75,44.791666666666664,0.0,AGRICOLA
NH10401M-001887772,2,0,2.443430335097002,79.45833333333333,0.0,AGRICOLA
NH10402M,2,0,5.673333333333334,43.875,0.0,AGRICOLA
NH10403M,2,0,13.0,16.416666666666668,19.0,AGRICOLA
NH10404M-001963591,5,0,2.4722222222222223,2.25,0.0,AGRICOLA
NH10407M-001963911,4,0,4.185185185185185,46.125,0.0,AGRICOLA
NH10411M-001991575,7,0,3.690249433106576,89.0,0.0,AGRICOLA
NH10412M-001925944,8,0,0.9608087679516251,89.5,0.0,AGRICOLA
NH10413M,2,0,4.722222222222222,28.291666666666668,0.0,AGRICOLA
NH10415M-001925165,4,1,12.083333333333334,59.333333333333336,0.0,AGRICOLA
NH10416M-001968213,1,0,13.0,27.583333333333332,0.0,AGRICOLA
NH10417M-001968215,2,0,30.0,14.583333333333334,0.0,AGRICOLA
NH10418M-001963241,5,0,4.241666666666666,51.083333333333336,0.0,AGRICOLA
NH10419M-001955554,2,0,4.0,1.2083333333333333,0.0,AGRICOLA
NH10420M-001988055,1,0,2.725,50.5,0.0,AGRICOLA
NH10421M-001968323,5,0,16.02777777777778,57.708333333333336,0.0,AGRICOLA
NH10426M-001963067,1,0,3.1388888888888893,40.666666666666664,0.0,AGRICOLA
NH10429M-001970281,1,0,2.9444444444444446,36.5,0.0,AGRICOLA
NH10430M-001965110,3,0,5.6,52.416666666666664,0.0,AGRICOLA
NH10431M-001904502,3,0,4.916666666666667,27.666666666666668,9.0,AGRICOLA
NH10434M-001970276,1,0,2.166666666666667,22.791666666666668,0.0,AGRICOLA
NH10435M-001970280,4,0,2.9166666666666665,34.833333333333336,0.0,AGRICOLA
NH10442M-001964120,4,0,1.6333996250662917,94.95833333333333,0.0,AGRICOLA
NH10445M-001961063,8,0,0.5476190476190477,83.41666666666667,0.0,AGRICOLA
NH10457M-001970279,2,0,25.0,30.708333333333332,0.0,AGRICOLA
NH10458M-001959967,5,0,5.365277777777778,47.708333333333336,0.0,AGRICOLA
NH10459M-001970257,3,0,94.83333333333333,26.291666666666668,0.0,AGRICOLA
NH10462M-001975211,1,0,4.916666666666667,24.958333333333332,0.0,AGRICOLA
NH10463M-001961920,1,0,8.083333333333334,28.416666666666668,0.0,AGRICOLA
NH10465M-001988054,4,0,6.944444444444445,0.0,189.0,AGRICOLA
NH10466M-001988666,2,0,3.1083333333333334,31.75,66.0,AGRICOLA
NH10468M-001968324,3,0,3.5833333333333335,17.625,0.0,AGRICOLA
NH10473M-002013436,2,0,3.518518518518519,36.125,69.0,AGRICOLA
NH10474M-002013432,1,0,0.0,11.833333333333334,0.0,AGRICOLA
NH10476M-001931364,2,1,1.2973905723905725,66.58333333333333,0.0,AGRICOLA
NH10477M-001938127,2,0,3.3466666666666667,61.666666666666664,0.0,AGRICOLA
NH10479M-001931649,2,0,19.72222222222222,54.166666666666664,0.0,AGRICOLA
NH10492M-001963546,4,0,8.111111111111112,39.75,0.0,AGRICOLA
NH10493M-002021283,1,0,2.655555555555556,46.25,0.0,AGRICOLA
NH10494M-001988668,2,0,22.0,14.458333333333334,0.0,AGRICOLA
NH10501M-001987379,9,0,0.8277637999860222,84.75,0.0,AGRICOLA
NH10507M-001990363,5,0,3.9355555555555553,55.958333333333336,0.0,AGRICOLA
NH10521M-002018869,3,0,0.0,31.458333333333332,0.0,AGRICOLA
NH10523M-002022611,2,0,9.666666666666666,24.0,0.0,AGRICOLA
NH10525M-001990183,3,0,6.592592592592593,42.833333333333336,0.0,AGRICOLA
NH10531M-001990362,14,0,1.7832861283119281,164.375,162.0,AGRICOLA
NH10532M-001990249,2,1,35.666666666666664,26.0,0.0,AGRICOLA
NH10533M-001988665,1,0,13.333333333333334,21.75,0.0,AGRICOLA
NH10534M-001988682,1,0,13.0,19.208333333333332,0.0,AGRICOLA
NH10536M-002024157,6,0,4.6531746031746035,61.625,0.0,AGRICOLA
NH10539M-001926005,4,1,1.4786931175820066,61.125,0.0,AGRICOLA
NH10540M-001927706,4,0,2.5972222222222223,55.0,0.0,AGRICOLA
NH10541M-001950063,10,0,1.1136291691847249,100.66666666666667,106.0,AGRICOLA
NH10542M-001950058,6,0,3.5694444444444446,73.29166666666667,0.0,AGRICOLA
NH10549M,1,0,4.319444444444445,33.541666666666664,0.0,AGRICOLA
NH10550M-001929990,9,0,19.510830026455025,74.75,0.0,AGRICOLA
NH10551M,1,0,0.0,16.208333333333332,0.0,AGRICOLA
NH10552M,2,1,1.4444444444444444,19.0,0.0,AGRICOLA
NH10557M,1,0,6.666666666666667,15.125,0.0,AGRICOLA
NH10559M-002022643,1,0,8.916666666666666,21.041666666666668,0.0,AGRICOLA
NH10560M-002022642,3,0,15.5,24.666666666666668,49.0,AGRICOLA
NH10561M-001927234,4,0,4.200892857142858,89.625,0.0,AGRICOLA
NH10562M-002023410,2,1,162.34027777777777,11.875,0.0,AGRICOLA
NH10564M-001931650,6,0,25.913095238095238,76.79166666666667,0.0,AGRICOLA
NH10571M-002033776,7,0,3.0069727891156464,86.95833333333333,0.0,AGRICOLA
NH10573M-002033778,6,0,5.707671957671958,71.20833333333333,0.0,AGRICOLA
NH10575M-001990364,1,0,9.166666666666668,25.291666666666668,0.0,AGRICOLA
NH10576M-002033777,6,0,2.2794784580498866,84.20833333333333,0.0,AGRICOLA
NH10579M-002017774,19,0,7.4926215913944185,165.83333333333334,0.0,AGRICOLA
NH10582M-002033603,3,0,2.843424036281179,81.66666666666667,0.0,AGRICOLA
NH10584M-001988663,3,0,5.75,15.75,0.0,AGRICOLA
NH10589M-001988684,4,0,3.0,31.541666666666668,0.0,AGRICOLA
NH10592M-002022107,5,0,2.5448412698412697,53.083333333333336,0.0,AGRICOLA
NH10596M-001988667,3,0,7.319444444444445,43.25,0.0,AGRICOLA
NH10598M-002022097,5,0,17.277326839826838,39.083333333333336,0.0,AGRICOLA
NH10599M-002044059,13,0,2.6723928836996436,114.45833333333333,0.0,AGRICOLA
NH10600M-001988669,1,0,3.777777777777778,24.708333333333332,16.0,AGRICOLA
NH10601M-002045210,13,0,0.4022717049032839,138.41666666666666,0.0,AGRICOLA
NH10626M-002031136,4,0,110.5,37.166666666666664,0.0,AGRICOLA
NH10627M-002031134,3,1,4.538888888888889,63.25,15.0,AGRICOLA
NH10644M-001992328,2,0,29.166666666666668,20.0,0.0,AGRICOLA
NH10645M-002028075,3,0,6.090277777777778,56.916666666666664,0.0,AGRICOLA
NH10646M-002027914,1,1,17.5,41.416666666666664,0.0,AGRICOLA
NH10647M-002029533,4,0,41.96734693877551,71.45833333333333,3.0,AGRICOLA
NH10650M-002014426,4,1,180.97222222222223,57.458333333333336,0.0,AGRICOLA
NH10651M-002008204,2,0,19.666666666666664,22.958333333333332,0.0,AGRICOLA
NH10654M-002044404,3,0,10.453703703703704,53.708333333333336,3.0,AGRICOLA
NH10655M-002008202,2,0,1.9406415343915344,55.625,0.0,AGRICOLA
NH10659M-002028527,4,1,4.640740740740741,70.5,0.0,AGRICOLA
NH10660M-002028548,3,0,4.740740740740741,57.375,0.0,AGRICOLA
NH10662M-002008203,5,0,1.411111111111111,73.29166666666667,0.0,AGRICOLA
NH10663M-002008200,2,1,15.803703703703704,59.333333333333336,0.0,AGRICOLA
NH10664M-002028273,3,0,21.14814814814815,37.708333333333336,0.0,AGRICOLA
NH10665M-002008198,2,1,246.0,11.0,0.0,AGRICOLA
NH10666M-002008199,5,0,3.2877946127946127,104.75,0.0,AGRICOLA
NH10667M-002027975,1,0,27.583333333333336,21.916666666666668,0.0,AGRICOLA
NH10670M-001993134,2,0,6.8,57.458333333333336,0.0,AGRICOLA
NH10671M-002020205,2,0,3.166666666666667,70.83333333333333,14.0,AGRICOLA
NH10672M-002008197,3,0,5.451851851851852,61.75,0.0,AGRICOLA
NH10688M-002019054,1,0,20.270833333333332,33.458333333333336,0.0,AGRICOLA
NH10689M-002019055,1,0,13.333333333333334,23.0,0.0,AGRICOLA
NH10693M-002027956,2,0,10.291666666666666,54.708333333333336,0.0,AGRICOLA
NH10700M-002044303,4,0,5.533333333333334,44.458333333333336,0.0,AGRICOLA
NH10702M-002053249,7,1,1.7379329004329005,84.79166666666667,69.0,AGRICOLA
NH10703M-002053244,8,0,5.123866213151928,83.04166666666667,0.0,AGRICOLA
NH10704M-002049280,4,0,13.666666666666666,55.333333333333336,0.0,AGRICOLA
NH10705M-001993135,2,0,6.666666666666667,8.875,131.0,AGRICOLA
NH10706M-002036181,1,1,116.24999999999999,34.125,0.0,AGRICOLA
NH10707M-002020204,1,1,564.0,15.0,0.0,AGRICOLA
NH10709M-002036182,1,0,41.50000000000001,49.5,11.0,AGRICOLA
NH10710M-002047200,5,0,22.430555555555554,34.541666666666664,0.0,AGRICOLA
NH10711M-002047899,3,0,6.611111111111112,33.833333333333336,0.0,AGRICOLA
NH10713M-002048268,1,0,2.5555555555555554,42.916666666666664,0.0,AGRICOLA
NH10714M-002048429,5,0,4.0128571428571425,102.83333333333333,0.0,AGRICOLA
NH10715M-002055508,1,0,2.8791666666666664,78.5,0.0,AGRICOLA
NH10716M-002052022,5,0,4.026507936507937,74.875,0.0,AGRICOLA
NH10718M-002052021,2,0,0.0,35.791666666666664,0.0,AGRICOLA
NH10720M-002008764,2,0,14.41031746031746,63.041666666666664,0.0,AGRICOLA
NH10724M-002008672,3,1,34.81481481481482,36.083333333333336,0.0,AGRICOLA
NH10725M-002008674,2,0,2.2222222222222223,57.5,0.0,AGRICOLA
NH10728M-002008673,4,0,4.055555555555556,31.291666666666668,0.0,AGRICOLA
NH10730M-002048267,2,0,1.7407407407407411,39.25,12.0,AGRICOLA
NH10733M-002055509,2,0,6.666666666666666,20.541666666666668,0.0,AGRICOLA
NH10735M-002048430,1,1,4.333333333333334,24.458333333333332,0.0,AGRICOLA
NH10742M,2,0,9.018518518518519,47.125,0.0,AGRICOLA
NH10745M-002048431,2,0,72.66666666666667,22.5,0.0,AGRICOLA
NH10747M-002008201,3,0,62.66666666666667,27.708333333333332,0.0,AGRICOLA
NH10749M-002054642,3,0,18.61111111111111,48.5,0.0,AGRICOLA
NH10750M-002054641,3,0,111.92592592592592,29.5,0.0,AGRICOLA
NH10752M-002021113,2,0,11.0,16.375,0.0,AGRICOLA
NH10753M-002048937,2,0,89.66666666666667,23.166666666666668,0.0,AGRICOLA
NH10754M-002052299,6,0,2.422222222222222,83.70833333333333,0.0,AGRICOLA
NH10755M-002008759,3,0,141.16666666666666,13.833333333333334,0.0,AGRICOLA
NH10756M-002008760,1,1,4.4967618360475505,93.0,0.0,AGRICOLA
NH10766M-002036253,3,0,59.33333333333334,23.291666666666668,0.0,AGRICOLA
NH10767M-002034670,2,0,98.83333333333333,38.541666666666664,21.0,AGRICOLA
NH10768M-002034677,6,1,17.071428571428573,68.66666666666667,0.0,AGRICOLA
NH10769M-002051536,1,0,163.83333333333334,15.833333333333334,0.0,AGRICOLA
NH10770M-002051033,3,0,7.79265873015873,83.08333333333333,0.0,AGRICOLA
NH10773M-002048253,3,0,136.5,24.708333333333332,36.0,AGRICOLA
NH10774M-002048254,4,0,82.16666666666667,31.041666666666668,0.0,AGRICOLA
NH10776M-002048258,4,0,68.04166666666667,38.916666666666664,35.0,AGRICOLA
NH10778M-002048465,2,0,14.069444444444445,53.625,0.0,AGRICOLA
NH10782M-002048252,2,1,41.25555555555555,66.5,41.0,AGRICOLA
NH10785M-002055026,2,0,14.5,23.583333333333332,0.0,AGRICOLA
NH10786M-002057602,3,1,9.777777777777779,49.208333333333336,0.0,AGRICOLA
NH10787M-002034672,3,0,112.48148148148148,29.083333333333332,0.0,AGRICOLA
NH10793M-002049454,12,1,0.5688034188034189,117.16666666666667,0.0,AGRICOLA
NH10797M-002073813,1,0,0.0,0.041666666666666664,0.0,AGRICOLA
NH10799M-002074236,3,0,8.381944444444445,59.0,0.0,AGRICOLA
NH10803M-002074237,9,1,6.188433685655908,121.16666666666667,0.0,AGRICOLA
NH10805M-002046370,2,0,14.5,22.583333333333332,0.0,AGRICOLA
NH10807M-002054646,8,1,1.4355664405922404,183.125,0.0,AGRICOLA
NH10808M-002099934,3,0,12.666666666666668,21.875,23.0,AGRICOLA
NH10809M-002073808,1,0,2.666666666666667,17.416666666666668,0.0,AGRICOLA
NH10812M-002036687,4,0,11.666666666666666,38.583333333333336,5.0,AGRICOLA
NH10813M-002036550,7,0,6.023809523809525,87.625,0.0,AGRICOLA
NH10814M-002036551,3,0,17.12037037037037,67.125,0.0,AGRICOLA
NH10815M-002056718,5,0,5.2027777777777775,74.25,0.0,AGRICOLA
NH10818M-002038934,4,0,7.5,44.958333333333336,13.0,AGRICOLA
NH10820M-002042493,5,0,6.9,42.833333333333336,0.0,AGRICOLA
NH10821M-002075253,2,0,2.3333333333333335,13.875,48.0,AGRICOLA
NH10822M-002073810,1,0,31.25,23.166666666666668,0.0,AGRICOLA
NH10823M-002073809,3,1,2.243055555555556,68.375,0.0,AGRICOLA
NH10824M-002042469,12,1,0.14022819285977178,181.95833333333334,0.0,AGRICOLA
NH10825M-001928368,3,0,76.67592592592594,57.541666666666664,0.0,AGRICOLA
NH10826M-002073812,2,0,82.59259259259258,29.958333333333332,0.0,AGRICOLA
NH10829M-002034240,2,0,6.627017195767196,95.29166666666667,0.0,AGRICOLA
NH10831M-002086941,2,0,206.0,14.5,0.0,AGRICOLA
NH10833M-002101000,4,0,58.25000000000001,42.166666666666664,0.0,AGRICOLA
NH10840M-002085699,3,0,87.83333333333333,0.0,27.0,AGRICOLA
NH10841M-002086940,3,1,45.416666666666664,38.875,0.0,AGRICOLA
NH10844M-002076737,2,0,9.5,20.833333333333332,0.0,AGRICOLA
NH10846M-002084976,4,1,5.891666666666667,75.33333333333333,0.0,AGRICOLA
NH10847M-002076387,1,0,40.666666666666664,21.458333333333332,0.0,AGRICOLA
NH10848M-002086608,1,0,134.0,14.875,0.0,AGRICOLA
NH10854M-002099954,5,0,0.0,56.75,39.0,AGRICOLA
NH10855M-002101003,6,0,0.0,75.91666666666667,0.0,AGRICOLA
NH10856M-002085062,2,1,127.65277777777777,46.25,0.0,AGRICOLA
NH10857M-002085700,2,0,55.0,36.291666666666664,0.0,AGRICOLA
NH10858M-002085064,1,0,84.0,11.625,0.0,AGRICOLA
NH10859M-002083695,2,0,13.708333333333334,41.041666666666664,0.0,AGRICOLA
NH10862M-002076384,2,0,23.333333333333332,20.791666666666668,16.0,AGRICOLA
NH10863M-002101002,7,0,5.563492063492063,87.45833333333333,0.0,AGRICOLA
NH10866M-002092928,8,1,2.041666666666667,107.45833333333333,0.0,AGRICOLA
NH10868M-002101001,6,0,1.7619047619047619,85.45833333333333,0.0,AGRICOLA
NH10869M-002102316,9,0,4.464814814814814,102.375,0.0,AGRICOLA
NH10870M-002075618,4,0,117.44444444444444,32.458333333333336,0.0,AGRICOLA
NH10872M-002109262,2,0,194.0,17.875,0.0,AGRICOLA
NH10874M-002109264,3,0,17.333333333333336,4.833333333333333,0.0,AGRICOLA
NH10875M-002109249,1,0,13.416666666666666,29.583333333333332,0.0,AGRICOLA
NH10878M-002109263,3,0,136.66666666666666,35.916666666666664,0.0,AGRICOLA
NH10879M-002109265,3,0,135.55555555555554,36.791666666666664,0.0,AGRICOLA
NH10880M-002076682,10,0,7.707730746619636,86.66666666666667,3.0,AGRICOLA
NH10881M-002106209,6,1,2.283922558922559,85.29166666666667,7.0,AGRICOLA
NH10891M-002111692,1,0,72.11111111111111,35.375,0.0,AGRICOLA
NH10894M-002076681,3,0,56.5,25.375,0.0,AGRICOLA
NH10896M-002053320,3,0,69.77777777777777,40.916666666666664,0.0,AGRICOLA
NH10898M-002051522,3,0,10.333333333333334,22.416666666666668,0.0,AGRICOLA
NH10899M-002053318,3,0,6.9444444444444455,37.916666666666664,10.0,AGRICOLA
NH10900M-002052366,3,1,13.722222222222223,54.416666666666664,0.0,AGRICOLA
NH10902M-002054643,1,0,73.85185185185185,39.416666666666664,0.0,AGRICOLA
NH10905M-002099406,3,0,11.777777777777779,38.083333333333336,0.0,AGRICOLA
NH10907M-002099405,4,0,4.644444444444444,51.625,0.0,AGRICOLA
NH10908M-002109250,3,0,51.888888888888886,27.083333333333332,0.0,AGRICOLA
NH10909M-002111353,1,0,39.5,24.125,0.0,AGRICOLA
NH10910M-002111693,3,0,104.16666666666667,22.708333333333332,0.0,AGRICOLA
NH10919M-002101404,2,0,4.333333333333333,37.416666666666664,0.0,AGRICOLA
NH10921M-002091371,1,0,20.0,9.75,0.0,AGRICOLA
NH10924M-002107111,3,0,33.36111111111111,38.375,111.0,AGRICOLA
NH10933M-002140716,1,1,0.0,0.0,0.0,AGRICOLA
NH10935M-002053768,3,1,39.666666666666664,28.0,0.0,AGRICOLA
NH10936M-002053949,2,0,0.0,22.291666666666668,0.0,AGRICOLA
NH10940M-002053358,6,0,4.955555555555555,43.833333333333336,0.0,AGRICOLA
NH10944M-002053838,2,0,21.333333333333336,28.125,0.0,AGRICOLA
NH10948M-002142271,7,0,5.190476190476191,60.416666666666664,0.0,AGRICOLA
NH10949M-002140354,2,0,13.666666666666668,44.708333333333336,0.0,AGRICOLA
NH10950M-002140355,1,0,6.166666666666667,28.541666666666668,0.0,AGRICOLA
NH10953M-002143054,4,1,10.148148148148147,36.416666666666664,0.0,AGRICOLA
NH10955M-002140006,1,0,0.0,19.291666666666668,0.0,AGRICOLA
NH10973M-002136779,3,0,11.166666666666666,37.791666666666664,0.0,AGRICOLA
NH10979M-002132313,4,0,126.0,31.166666666666668,0.0,AGRICOLA
NH10984M-002128857,4,1,12.222222222222223,36.5,0.0,AGRICOLA
NH10986M-002134434,1,0,356.0,16.583333333333332,0.0,AGRICOLA
NH10988M-002134433,4,0,43.53333333333333,56.625,0.0,AGRICOLA
NH10989M-002140310,4,1,6.814814814814814,41.208333333333336,21.0,AGRICOLA
NH10991M-002139998,3,0,0.0,10.166666666666666,0.0,AGRICOLA
NH10993M-002151556,2,0,91.52777777777777,33.375,0.0,AGRICOLA
NH10994M-002151555,1,0,2.3333333333333335,19.0,0.0,AGRICOLA
NH10996M-002048020,2,0,10.166666666666666,27.375,0.0,AGRICOLA
NH11005M-002134435,4,1,9.2,51.458333333333336,0.0,AGRICOLA
NH11008M-002151505,3,1,8.055555555555555,50.833333333333336,0.0,AGRICOLA
NH11020M-002151503,2,0,0.0,17.583333333333332,0.0,AGRICOLA
NH11021M-002150017,9,0,21.011022927689595,85.0,0.0,AGRICOLA
NH11022M-002150013,2,0,57.99999999999999,17.875,0.0,AGRICOLA
NH11025M-002133820,3,0,103.5,21.166666666666668,0.0,AGRICOLA
NH11027M-002133021,4,0,53.666666666666664,38.958333333333336,10.0,AGRICOLA
NH11030M-002151498,5,0,7.513888888888888,58.541666666666664,0.0,AGRICOLA
NH11031M-002143055,7,1,18.24814814814815,69.54166666666667,0.0,AGRICOLA
NH11032M-002143440,3,0,7.5,19.125,0.0,AGRICOLA
NH11033M-002135090,2,0,0.0,9.416666666666666,0.0,AGRICOLA
NH11034M-002134684,1,0,0.0,5.125,0.0,AGRICOLA
NH11037M-002053946,4,0,7.555555555555556,41.125,0.0,AGRICOLA
NH11041M-002134683,2,0,8.333333333333334,25.791666666666668,22.0,AGRICOLA
NH11042M-002052367,3,1,7.5,39.041666666666664,0.0,AGRICOLA
NH11043M-002136781,2,0,24.0,26.0,0.0,AGRICOLA
NH11044M-002132223,2,0,40.0,17.333333333333332,56.0,AGRICOLA
NH11045M-002054403,5,0,6.569444444444445,42.916666666666664,0.0,AGRICOLA
NH11058M-002142914,7,0,59.31481481481482,44.791666666666664,0.0,AGRICOLA
NH11059M-002145493,2,0,2.0,11.541666666666666,0.0,AGRICOLA
NH11060M-002145494,1,0,0.0,16.0,0.0,AGRICOLA
NH11061M-002148974,1,0,0.0,18.583333333333332,0.0,AGRICOLA
NH11063M-002145496,2,0,96.0,0.125,0.0,AGRICOLA
NH11064M-002150014,3,0,6.944444444444445,41.458333333333336,0.0,AGRICOLA
NH11065M-002144989,5,1,54.083333333333336,43.125,0.0,AGRICOLA
NH11067M-002151925,4,1,5.0,30.416666666666668,0.0,AGRICOLA
NH11089M-002183138,2,0,21.666666666666664,26.583333333333332,0.0,AGRICOLA
NH11092M-002144616,4,1,5.388888888888889,30.833333333333332,0.0,AGRICOLA
NH11101M-002145240,3,0,78.92592592592591,35.75,0.0,AGRICOLA
NH11108M-002191773,3,1,6.703703703703703,36.75,39.0,AGRICOLA
NH11110M-002143053,4,1,7.537037037037037,37.666666666666664,0.0,AGRICOLA
NH11160M-002208529,3,0,51.666666666666664,16.541666666666668,0.0,AGRICOLA
NKJ0B80CANKH30370,3,0,4.180555555555555,43.583333333333336,0.0,CONSTRUCCION
NKJ0B80CANKH31860-48-383235,2,1,9.108333333333334,55.125,0.0,CONSTRUCCION
NKJ0B80CANKH31874-48-383982,3,1,7.468287037037038,55.875,0.0,CONSTRUCCION
NKJ0B80CAPKH33515-48-395525,2,0,254.0,8.291666666666666,0.0,CONSTRUCCION
NKJ0B80CCNKH30818-40-371106,3,0,7.222222222222221,33.708333333333336,0.0,CONSTRUCCION
NKJ0B80CCPKH33317-48-388958,1,0,4.081944444444445,47.541666666666664,0.0,CONSTRUCCION
NKJ0B80CCPKH33486-40-393644,3,0,33.33333333333333,59.041666666666664,0.0,CONSTRUCCION
NKJ0B80CCPKH33505-48-395675,2,0,8.444444444444445,25.375,223.0,CONSTRUCCION
NKJ0B80CCPKH34435,1,0,5.083333333333333,32.208333333333336,181.0,CONSTRUCCION
NKJ0B80CCPKH36573-48-417395,6,0,3.144444444444444,59.083333333333336,0.0,CONSTRUCCION
NKJ0B80CEPKH34443,9,0,2.613475529100529,91.375,0.0,CONSTRUCCION
NKJ0B80CHNKH31862-48-383122,6,0,2.550952380952381,55.166666666666664,0.0,CONSTRUCCION
NKJ0B80CHNKH31876-48-383606,3,0,4.138888888888889,44.416666666666664,0.0,CONSTRUCCION
NKJ0B80CHPKH33498-40-395834,3,0,4.79074074074074,90.125,0.0,CONSTRUCCION
NKJ0B80CHPKH33503-48-395523,3,0,29.240740740740737,61.541666666666664,0.0,CONSTRUCCION
NKJ0B80CHPKH34442,7,0,5.1410740053597195,75.45833333333333,20.0,CONSTRUCCION
NKJ0B80CJNKH30817-40-372863,4,0,8.577777777777778,134.04166666666666,0.0,CONSTRUCCION
NKJ0B80CJNKH30820-40-370046,1,0,13.083333333333332,22.291666666666668,0.0,CONSTRUCCION
NKJ0B80CJNKH30834-40-372937,1,0,8.092592592592593,41.916666666666664,0.0,CONSTRUCCION
NKJ0B80CJPKH33316-48-388931,4,0,31.59259259259259,36.125,0.0,CONSTRUCCION
NKJ0B80CJPKH33512-48-393857,2,0,0.40740740740740744,67.875,0.0,CONSTRUCCION
NKJ0B80CJPKH34448,2,0,11.065555555555555,53.916666666666664,0.0,CONSTRUCCION
NKJ0B80CJPKH36569-48-413853,1,0,11.01031746031746,79.45833333333333,0.0,CONSTRUCCION
NKJ0B80CKNKH32744-48-390551,2,0,12.666666666666668,10.291666666666666,190.0,CONSTRUCCION
NKJ0B80CKPKH33315-48-390524,2,0,1.3333333333333335,16.333333333333332,0.0,CONSTRUCCION
NKJ0B80CKPKH33492-40-395016,2,0,10.666666666666668,24.541666666666668,0.0,CONSTRUCCION
NKJ0B80CKPKH36571-48-415188,5,0,19.733333333333334,48.833333333333336,0.0,CONSTRUCCION
NKJ0B80CLNKH30824-40,2,0,5.844246031746032,77.75,0.0,CONSTRUCCION
NKJ0B80CLNKH31861-48-383230,3,0,30.333333333333332,25.083333333333332,0.0,CONSTRUCCION
NKJ0B80CLPKH33516-48-394090,3,0,5.722222222222223,29.916666666666668,0.0,CONSTRUCCION
NKJ0B80CPPKH33510-48-395302,6,0,4.913968253968254,156.66666666666666,0.0,CONSTRUCCION
NKJ0B80CPPKH34446,7,0,2.1063801278086993,96.875,0.0,CONSTRUCCION
NKJ0B80CTNKH30814-40-372860,5,0,1.1610449735449735,90.83333333333333,0.0,CONSTRUCCION
NKJ0B80CTNKH31705-48-382378,4,0,16.72222222222222,34.291666666666664,0.0,CONSTRUCCION
NKJ0B80CTNKH31719-48-368042,2,0,1.3333333333333335,22.208333333333332,0.0,CONSTRUCCION
NKJ0B80CTNKH31722-48-366994,5,0,8.555555555555555,60.375,0.0,CONSTRUCCION
NKJ0B80CTPKH33490-40-393767,3,1,36.0,41.708333333333336,0.0,CONSTRUCCION
NKJ0B80CTPKH34445-48-401595,7,0,9.592592592592593,79.20833333333333,3.0,CONSTRUCCION
NKJ0B80CVNKH31713-48-382549,1,0,1.953703703703704,41.166666666666664,0.0,CONSTRUCCION
NKJ0B80CVPKH33514-48-395671,4,0,26.611111111111114,74.66666666666667,0.0,CONSTRUCCION
NKJ575SVERKH40606,6,0,6.935185185185186,62.625,0.0,CONSTRUCCION
NKJ575SVLRKH40702,1,0,7.833333333333334,29.333333333333332,0.0,CONSTRUCCION
NKJ575SVVPKH34330,3,0,9.159259259259258,49.5,0.0,CONSTRUCCION
S10933M-8033571,2,0,1.4524631232964567,74.91666666666667,0.0,AGRICOLA
S204478M-8075200,3,0,3.7500000000000004,32.375,0.0,AGRICOLA
S204517M-8081188,3,0,1.8166666666666667,27.666666666666668,0.0,AGRICOLA
S204523M-8084445,1,0,1.3944444444444446,35.416666666666664,0.0,AGRICOLA
S204532M-8085700,4,0,2.2645502645502646,39.833333333333336,0.0,AGRICOLA
S204533M-8085698,3,0,1.5417418229918232,51.958333333333336,0.0,AGRICOLA
S204537M-8086055,1,0,3.8333333333333335,33.041666666666664,0.0,AGRICOLA
S204550M-8086386,2,0,0.0,13.791666666666666,0.0,AGRICOLA
S204554M-8088368,4,0,1.3613756613756614,48.791666666666664,0.0,AGRICOLA
S204558M-8088364,2,0,15.083333333333334,20.291666666666668,0.0,AGRICOLA
S204559M-8088599,6,0,13.093835978835978,60.75,0.0,AGRICOLA
S204560M-8088363,1,0,2.263888888888889,34.458333333333336,0.0,AGRICOLA
S204569M-8088651,9,0,4.439136904761905,90.125,75.0,AGRICOLA
S204570M-8089893,1,0,0.0,12.5,0.0,AGRICOLA
S204571M-8088653,4,0,5.222222222222222,31.625,0.0,AGRICOLA
S204575M-8088595,3,0,2.525,35.166666666666664,0.0,AGRICOLA
S204576M-8088588,2,0,47.66666666666667,18.583333333333332,0.0,AGRICOLA
S204577M-8088585,1,0,3.805555555555556,31.25,46.0,AGRICOLA
S204581M-8088594,2,0,2.158333333333333,22.708333333333332,1.0,AGRICOLA
S204585M-8088582,2,0,1.6416666666666666,46.541666666666664,0.0,AGRICOLA
S204597M-8089757,1,0,1.9444444444444446,41.666666666666664,0.0,AGRICOLA
S204601M-8087449,2,0,22.0,24.416666666666668,5.0,AGRICOLA
S204606M-8095804,5,0,4.631944444444445,44.583333333333336,0.0,AGRICOLA
S204607M-8095795,3,0,1.0494611208896925,73.66666666666667,0.0,AGRICOLA
S204608M-8094015,2,0,5.981481481481481,39.666666666666664,0.0,AGRICOLA
S204609M-8095802,3,1,2.5583333333333336,30.25,0.0,AGRICOLA
S204616M-8097598,6,0,8.100079365079365,68.29166666666667,0.0,AGRICOLA
S204617M-8097547,2,0,1.0,16.791666666666668,0.0,AGRICOLA
S204626M-8095810,6,0,1.3233333333333335,56.833333333333336,37.0,AGRICOLA
S204637M-8101305,1,0,3.5555555555555554,21.625,0.0,AGRICOLA
S204646M-8101297,5,0,14.12202380952381,92.375,0.0,AGRICOLA
S204648M-8101295,2,0,2.2925925925925927,36.875,0.0,AGRICOLA
S204649M-8102843,1,0,5.129629629629629,32.125,0.0,AGRICOLA
S204651M-8102844,4,0,42.31481481481481,72.20833333333333,0.0,AGRICOLA
S204652M-8105225,1,0,2.0,9.083333333333334,0.0,AGRICOLA
S204655M-8105356,5,0,13.579166666666666,61.041666666666664,0.0,AGRICOLA
S204656M-8105236,1,0,12.25,29.541666666666668,0.0,AGRICOLA
S204659M-8105226,2,0,2.204761904761905,82.75,0.0,AGRICOLA
S204660M-8103420,2,0,10.666666666666668,17.041666666666668,0.0,AGRICOLA
S204663M-8103414,3,0,5.5,80.91666666666667,0.0,AGRICOLA
S204671M-8102847,1,0,3.555555555555556,30.0,0.0,AGRICOLA
S204677M-8101677,6,0,1.880138688472022,94.66666666666667,0.0,AGRICOLA
S204679M-8101688,6,0,1.9064814814814817,64.66666666666667,0.0,AGRICOLA
S204680M-8101685,5,0,1.840277777777778,3.75,0.0,AGRICOLA
S204691M-8101711,5,1,2.084920634920635,66.66666666666667,0.0,AGRICOLA
S204696M-8105990,7,1,3.7869047619047618,52.875,0.0,AGRICOLA
S204697M-8105996,5,0,2.084722222222222,55.916666666666664,0.0,AGRICOLA
S204701M-8106352,5,0,1.15510582010582,58.208333333333336,0.0,AGRICOLA
S204702M-8106006,2,0,13.833333333333332,19.375,33.0,AGRICOLA
S204703M-8105978,2,0,4.569444444444445,0.0,0.0,AGRICOLA
S204704M-8106005,1,0,0.0,16.0,0.0,AGRICOLA
S204705M-8107259,7,0,23.273148148148152,56.958333333333336,0.0,AGRICOLA
S204706M-8108213,4,0,155.44444444444446,33.75,0.0,AGRICOLA
S204707M-8108208,2,0,3.6544444444444446,50.958333333333336,2.0,AGRICOLA
S204708M-8107281,2,0,2.0,15.625,0.0,AGRICOLA
S204711M-8107270,5,0,10.416666666666668,58.791666666666664,0.0,AGRICOLA
S204714M-8108779,1,0,7.5740740740740735,42.541666666666664,0.0,AGRICOLA
S204715M-8108778,4,0,6.769179894179895,72.20833333333333,0.0,AGRICOLA
S204716M-8108780,2,0,5.965277777777779,38.875,0.0,AGRICOLA
S204719M-8108687,2,0,13.333333333333334,13.5,13.0,AGRICOLA
S204720M-8108770,5,0,0.6333333333333334,2.9583333333333335,0.0,AGRICOLA
S204724M-8108685,1,0,4.927777777777778,53.166666666666664,0.0,AGRICOLA
S204725M-8108698,1,0,19.069444444444446,0.08333333333333333,0.0,AGRICOLA
S204726M-8108703,4,1,1.8174873737373738,82.375,83.0,AGRICOLA
S204727M-8108701,4,0,3.3944444444444444,34.208333333333336,9.0,AGRICOLA
S204735M-8109803,1,0,4.666666666666667,23.0,0.0,AGRICOLA
S204736M-8109807,2,0,2.361111111111111,67.875,0.0,AGRICOLA
S204738M-8109780,2,0,40.0,24.875,24.0,AGRICOLA
S204739M-8109014,6,0,68.26666666666667,62.333333333333336,0.0,AGRICOLA
S204740M-8110618,8,0,0.0,91.79166666666667,0.0,AGRICOLA
S204742M-8113299,1,0,133.33333333333334,18.333333333333332,0.0,AGRICOLA
S204743M-8113315,3,0,0.0,29.166666666666668,0.0,AGRICOLA
S204746M-8114348,1,0,9.833333333333334,36.666666666666664,7.0,AGRICOLA
S204748M-8114116,3,0,35.833333333333336,24.083333333333332,52.0,AGRICOLA
S204753M-8116076,1,0,10.0,20.416666666666668,0.0,AGRICOLA
S204755M-8114124,2,1,10.391666666666667,69.04166666666667,0.0,AGRICOLA
S204756M-8116083,4,0,113.22222222222223,38.75,0.0,AGRICOLA
S204758M-8116087,1,0,124.5,28.583333333333332,0.0,AGRICOLA
S204761M-8114140,2,0,36.5,37.958333333333336,0.0,AGRICOLA
S204762M-8114355,3,1,12.444444444444443,61.083333333333336,0.0,AGRICOLA
S204764M-8114004,1,0,62.0,14.541666666666666,14.0,AGRICOLA
S204770M-8117608,1,0,34.0,18.833333333333332,0.0,AGRICOLA
S204771M-8117797,1,0,0.33333333333333337,18.541666666666668,111.0,AGRICOLA
S204772M-8119184,1,0,9.0,9.5,32.0,AGRICOLA
S204775M-8118078,3,0,35.666666666666664,35.25,0.0,AGRICOLA
S204779M-8118085,1,0,18.5,41.416666666666664,0.0,AGRICOLA
S204782M-8118081,2,0,4.888888888888889,40.541666666666664,0.0,AGRICOLA
S204786M-8117605,1,0,12.0,18.166666666666668,0.0,AGRICOLA
S204789M-8116186,4,0,7.346891534391535,113.70833333333333,0.0,AGRICOLA
S204797M-8117791,1,0,88.0,16.583333333333332,0.0,AGRICOLA
S204798M-8117795,1,0,15.433333333333334,61.625,0.0,AGRICOLA
S204805M-8123655,3,0,0.0,2.4583333333333335,0.0,AGRICOLA
S204809M-8123674,3,0,21.755555555555556,25.75,0.0,AGRICOLA
S204812M-8123224,4,0,11.703703703703704,36.166666666666664,0.0,AGRICOLA
S204813M-8123227,4,0,5.259259259259259,32.708333333333336,33.0,AGRICOLA
S204814M-8123232,4,0,4.814814814814814,31.625,0.0,AGRICOLA
S204820M-8122578,1,0,4.0,17.833333333333332,0.0,AGRICOLA
S204831M-6304585,1,0,5.0,21.791666666666668,0.0,AGRICOLA
S204833M-6304586,1,0,13.333333333333334,9.416666666666666,0.0,AGRICOLA
S24382M-8064035,1,0,2.7328042328042326,37.708333333333336,0.0,AGRICOLA
S24436M-8070485,1,0,3.0,22.916666666666668,0.0,AGRICOLA
S306107M-8072192,1,0,22.5,16.208333333333332,0.0,AGRICOLA
S306128M-8077189,5,0,1.0764880952380953,45.166666666666664,0.0,AGRICOLA
S306147M-8077530,5,0,1.5,0.8333333333333334,0.0,AGRICOLA
S306188M-8084443,2,0,6.666666666666667,13.916666666666666,0.0,AGRICOLA
S306189M-8084447,2,0,0.16666666666666669,26.5,0.0,AGRICOLA
S306195M-8085279,6,0,3.44005291005291,58.708333333333336,0.0,AGRICOLA
S306198M-8085278,1,0,0.9222222222222222,21.541666666666668,0.0,AGRICOLA
S306201M-8085286,3,0,6.833333333333333,22.416666666666668,0.0,AGRICOLA
S306204M-8085277,7,0,0.4113756613756614,71.75,0.0,AGRICOLA
S306213M-8085637,2,0,4.444444444444445,30.333333333333332,0.0,AGRICOLA
S306214M-8085636,1,0,1.335714285714286,36.25,0.0,AGRICOLA
S306217M-8085640,2,0,1.2053571428571428,54.125,0.0,AGRICOLA
S306219M,2,0,3.3333333333333335,20.041666666666668,0.0,AGRICOLA
S306221M-8085386,5,0,0.7380952380952381,57.458333333333336,0.0,AGRICOLA
S306226M-8086387,8,0,12.016419294990724,79.375,0.0,AGRICOLA
S306228M-8085858,1,0,1.2,18.333333333333332,0.0,AGRICOLA
S306229M-8085853,5,0,1.5225396825396826,48.416666666666664,0.0,AGRICOLA
S306230M-8085864,2,0,1.0555555555555556,27.541666666666668,0.0,AGRICOLA
S306233M-8086515,2,0,1.643915343915344,49.125,0.0,AGRICOLA
S306236M-8086195,8,0,0.9043476364904937,80.20833333333333,0.0,AGRICOLA
S306238M-8089595,1,0,1.9153439153439153,30.0,12.0,AGRICOLA
S306239M-8089596,1,0,0.0,22.416666666666668,0.0,AGRICOLA
S306242M-8086838,2,0,2.475033068783069,52.041666666666664,2.0,AGRICOLA
S306245M-8087457,6,0,0.6825974025974026,64.0,0.0,AGRICOLA
S306249M-8089611,3,0,1.2,25.666666666666668,0.0,AGRICOLA
S306250M-8089603,10,0,2.1746749135638024,93.5,0.0,AGRICOLA
S306253M,3,0,0.0,39.5,300.0,AGRICOLA
S306255M-8087442,2,0,6.333333333333334,0.0,0.0,AGRICOLA
S306257M-8087445,2,0,4.083333333333334,25.0,15.0,AGRICOLA
S306258M-8087487,3,0,7.458333333333334,26.208333333333332,0.0,AGRICOLA
S306263M-8086511,2,0,0.7333333333333333,22.791666666666668,0.0,AGRICOLA
S306271M-8087344,4,0,6.240740740740741,42.541666666666664,46.0,AGRICOLA
S306272M-8087346,3,0,2.305555555555556,35.166666666666664,0.0,AGRICOLA
S306275M-8089770,2,0,0.0,23.166666666666668,0.0,AGRICOLA
S306280M-8089610,1,0,2.925,34.125,0.0,AGRICOLA
S306282M-8089602,5,0,0.7511111111111111,59.291666666666664,0.0,AGRICOLA
S306286M-8089751,1,0,2.210582010582011,48.208333333333336,0.0,AGRICOLA
S306288M-8089776,6,0,0.47074074074074074,57.041666666666664,0.0,AGRICOLA
S306290M-8089741,2,0,4.333333333333334,14.875,0.0,AGRICOLA
S306293M-8086837,7,0,4.240099406766073,58.75,6.0,AGRICOLA
S306294M-8089779,3,0,3.378422318422318,52.125,0.0,AGRICOLA
S306297M-8089778,2,0,0.0,21.666666666666668,0.0,AGRICOLA
S306298M-8089525,5,0,3.2416666666666667,49.083333333333336,52.0,AGRICOLA
S306300M-8089526,2,0,3.5555555555555554,19.5,0.0,AGRICOLA
S306301M-8088670,7,0,1.1750944822373395,88.125,47.0,AGRICOLA
S306302M-8088669,5,0,1.165873015873016,49.416666666666664,0.0,AGRICOLA
S306303M-8088656,5,0,7.9375,50.666666666666664,28.0,AGRICOLA
S306308M-8089744,5,0,1.4694444444444446,43.458333333333336,0.0,AGRICOLA
S306313M-8089782,3,0,1.7361111111111112,23.416666666666668,0.0,AGRICOLA
S306314M-8087455,2,0,3.888888888888889,19.75,0.0,AGRICOLA
S306319M-8089764,3,0,3.179092512425846,70.33333333333333,0.0,AGRICOLA
S306321M-8089616,3,0,1.3333333333333335,33.708333333333336,0.0,AGRICOLA
S306326M-8088579,5,0,6.882539682539683,47.375,0.0,AGRICOLA
S306345M-8091409,6,0,2.1953968253968257,55.041666666666664,6.0,AGRICOLA
S306346M-8091407,2,0,4.444444444444445,26.166666666666668,0.0,AGRICOLA
S306347M-8091408,2,0,5.5,13.333333333333334,1.0,AGRICOLA
S306350M-8089622,4,0,1.8174603174603177,33.625,0.0,AGRICOLA
S306354M-8089600,5,0,2.513095238095238,55.541666666666664,0.0,AGRICOLA
S306355M-8088652,4,0,1.3796296296296298,37.041666666666664,0.0,AGRICOLA
S306360M-8089738,5,0,1.1416666666666666,35.625,0.0,AGRICOLA
S306363M-8089891,3,0,2.261111111111111,32.041666666666664,0.0,AGRICOLA
S306364M-8089885,1,0,1.935714285714286,48.25,0.0,AGRICOLA
S306366M-8089888,1,0,3.0,24.625,0.0,AGRICOLA
S306367M-8089887,2,0,2.2222222222222223,21.75,68.0,AGRICOLA
S306369M-8088663,5,0,1.886111111111111,42.791666666666664,39.0,AGRICOLA
S306370M-8088659,1,0,8.0,26.875,0.0,AGRICOLA
S306371M-8088645,2,0,5.833333333333333,14.541666666666666,0.0,AGRICOLA
S306376M-8085855,3,0,1.6527777777777777,29.583333333333332,0.0,AGRICOLA
S306377M-8085861,4,0,2.2648148148148146,43.708333333333336,0.0,AGRICOLA
S306380M-8088646,2,0,0.0,0.0,0.0,AGRICOLA
S306382M-8088657,3,0,10.695238095238096,31.083333333333332,8.0,AGRICOLA
S306385M-8093917,2,0,3.833333333333333,14.833333333333334,0.0,AGRICOLA
S306386M-8093915,1,0,3.263888888888889,30.625,0.0,AGRICOLA
S306388M-8093918,3,0,0.4583333333333333,22.791666666666668,0.0,AGRICOLA
S306392M-8093809,1,1,4.011111111111112,41.166666666666664,0.0,AGRICOLA
S306393M-8094670,5,0,1.6613756613756614,47.625,0.0,AGRICOLA
S306394M-8094672,4,0,2.4925925925925925,38.875,0.0,AGRICOLA
S306395M-8094680,2,0,2.5833333333333335,19.541666666666668,0.0,AGRICOLA
S306396M-8094034,1,0,3.930390211640212,54.041666666666664,0.0,AGRICOLA
S306397M-8094671,2,0,4.444444444444445,23.208333333333332,56.0,AGRICOLA
S306402M-8093800,6,0,3.3325396825396822,60.5,0.0,AGRICOLA
S306404M-8093807,5,0,1.605952380952381,55.958333333333336,46.0,AGRICOLA
S306408M-8093817,1,0,2.958333333333333,27.666666666666668,0.0,AGRICOLA
S306412M-8094831,1,0,15.333333333333334,37.166666666666664,0.0,AGRICOLA
S306413M-8094840,1,0,4.222222222222222,25.875,0.0,AGRICOLA
S306415M-8094830,3,0,179.16666666666666,27.416666666666668,14.0,AGRICOLA
S306419M-8093468,1,0,7.000000000000001,19.583333333333332,0.0,AGRICOLA
S306420M-8093914,2,0,2.2753968253968253,41.208333333333336,0.0,AGRICOLA
S306422M-8093916,7,0,1.0913660413660415,77.45833333333333,0.0,AGRICOLA
S306428M-8093812,5,0,4.076587301587302,52.833333333333336,0.0,AGRICOLA
S306435M-8094832,7,0,1.3316281601995887,77.45833333333333,0.0,AGRICOLA
S306439M-8094825,6,0,2.2302469135802467,60.166666666666664,248.0,AGRICOLA
S306441M-8094038,4,0,9.777777777777779,80.33333333333333,14.0,AGRICOLA
S306443M-8097558,2,0,4.0,17.0,0.0,AGRICOLA
S306444M-8097577,2,0,8.0,18.208333333333332,0.0,AGRICOLA
S306448M-8097562,4,0,3.6851851851851856,34.75,30.0,AGRICOLA
S306449M-8097588,2,0,1.6666666666666667,21.333333333333332,0.0,AGRICOLA
S306450M-8099638,2,0,11.333333333333332,21.5,57.0,AGRICOLA
S306457M-8097579,3,0,4.888888888888889,24.708333333333332,0.0,AGRICOLA
S306459M-8097551,2,0,26.0,8.541666666666666,0.0,AGRICOLA
S306463M-8097546,9,0,2.0136709355459357,90.45833333333333,0.0,AGRICOLA
S306466M-8095806,3,0,0.0,25.875,0.0,AGRICOLA
S306467M-8097597,2,0,9.333333333333334,11.833333333333334,0.0,AGRICOLA
S306473M-8097553,2,0,2.555555555555556,43.166666666666664,0.0,AGRICOLA
S306474M-8097607,2,0,5.5,22.708333333333332,0.0,AGRICOLA
S306475M-8095808,4,0,10.888888888888888,57.291666666666664,0.0,AGRICOLA
S306479M,1,0,1.124052028218695,61.625,0.0,AGRICOLA
S306480M,1,0,1.338095238095238,19.416666666666668,0.0,AGRICOLA
S306483M-8099637,2,0,2.544331065759637,80.75,0.0,AGRICOLA
S306484M-8099634,4,0,0.961867021867022,104.91666666666667,0.0,AGRICOLA
S306489M-8099633,1,0,3.4722222222222228,33.833333333333336,0.0,AGRICOLA
S306494M-8101300,7,0,0.6563011063011064,82.375,0.0,AGRICOLA
S306495M-8099630,5,0,1.1773809523809526,65.54166666666667,25.0,AGRICOLA
S306497M-8102109,9,0,1.3059047434047435,89.875,0.0,AGRICOLA
S306499M-8102118,4,0,0.5873015873015872,48.541666666666664,0.0,AGRICOLA
S306500M-8102845,2,0,6.666666666666667,18.166666666666668,0.0,AGRICOLA
S306501M-8102826,1,0,0.0,13.666666666666666,0.0,AGRICOLA
S306503M-8102832,6,0,1.2222663139329806,63.208333333333336,0.0,AGRICOLA
S306506M-8103407,5,0,1.6326190476190476,69.125,0.0,AGRICOLA
S306510M-8103419,7,0,1.1227513227513228,89.75,0.0,AGRICOLA
S306515M-8102836,5,0,1.1255555555555556,73.70833333333333,0.0,AGRICOLA
S306516M-8102837,4,0,1.8,59.083333333333336,0.0,AGRICOLA
S306519M-8105239,7,0,0.8802910052910052,72.125,8.0,AGRICOLA
S306520M-8103417,3,0,1.4833333333333334,24.541666666666668,0.0,AGRICOLA
S306522M-8103411,1,0,5.069444444444445,35.541666666666664,0.0,AGRICOLA
S306523M-8103406,2,0,1.1012698412698412,61.75,0.0,AGRICOLA
S306526M-8103412,1,0,3.2222222222222223,29.541666666666668,0.0,AGRICOLA
S306527M-8104602,4,0,1.6888888888888887,56.625,0.0,AGRICOLA
S306529M-8105354,4,0,2.564814814814815,34.833333333333336,0.0,AGRICOLA
S306530M-8105355,2,0,5.151190476190476,77.54166666666667,0.0,AGRICOLA
S306533M-8105233,1,0,3.3611111111111107,32.0,0.0,AGRICOLA
S306534M-8105218,4,0,2.2037037037037037,22.958333333333332,0.0,AGRICOLA
S306537M-8105357,5,0,20.0,48.958333333333336,0.0,AGRICOLA
S306538M-8105242,4,0,0.0,0.0,0.0,AGRICOLA
S306540M-8105228,7,0,2.8175925925925926,72.16666666666667,33.0,AGRICOLA
S306542M-8105241,1,0,6.333333333333334,20.625,0.0,AGRICOLA
S306545M-8101713,5,0,2.2958333333333334,96.45833333333333,0.0,AGRICOLA
S306546M-8101692,2,0,0.0,13.291666666666666,0.0,AGRICOLA
S306549M-8105219,3,0,3.1180555555555554,59.083333333333336,16.0,AGRICOLA
S306550M-8105222,2,0,13.333333333333334,17.625,0.0,AGRICOLA
S306551M-8105223,4,0,2.7314814814814814,48.791666666666664,0.0,AGRICOLA
S306552M-8105231,3,0,1.6228835978835978,73.20833333333333,58.0,AGRICOLA
S306555M-8101869,2,0,12.333333333333334,20.166666666666668,0.0,AGRICOLA
S306556M-8105214,3,0,6.416666666666667,38.583333333333336,0.0,AGRICOLA
S306559M-8102821,3,0,17.083333333333332,40.125,0.0,AGRICOLA
S306560M-8102824,1,0,5.048148148148148,71.20833333333333,0.0,AGRICOLA
S306561M-8102849,7,0,0.4861111111111111,85.04166666666667,0.0,AGRICOLA
S306562M-8102825,9,0,2.3710813492063494,0.0,0.0,AGRICOLA
S306568M-8103424,2,0,3.875,31.208333333333332,0.0,AGRICOLA
S306569M-8101867,2,0,6.0,22.791666666666668,0.0,AGRICOLA
S306574M-8099648,1,0,3.5833333333333335,70.25,0.0,AGRICOLA
S306575M-8102112,3,0,5.666666666666666,29.875,0.0,AGRICOLA
S306576M-8102110,4,0,2.694444444444444,58.666666666666664,9.0,AGRICOLA
S306580M-8101870,3,0,0.611111111111111,0.4166666666666667,0.0,AGRICOLA
S306595M-8108481,1,0,2.8981481481481484,46.25,0.0,AGRICOLA
S306597M-8105985,2,0,2.6388888888888893,21.333333333333332,0.0,AGRICOLA
S306599M-8106276,5,0,2.479166666666667,49.041666666666664,13.0,AGRICOLA
S306601M-8106296,3,0,2.4388888888888887,31.041666666666668,0.0,AGRICOLA
S306605M-8106294,1,0,5.5,21.416666666666668,0.0,AGRICOLA
S306607M-8102102,5,0,2.576388888888889,51.208333333333336,0.0,AGRICOLA
S306608M-8102104,3,0,4.916666666666667,57.458333333333336,0.0,AGRICOLA
S306609M-8102099,8,0,4.4970521541950115,77.375,0.0,AGRICOLA
S306610M-8102100,2,0,5.083333333333333,14.041666666666666,0.0,AGRICOLA
S306611M-8105975,1,0,0.0,14.125,0.0,AGRICOLA
S306615M-8101694,2,0,4.333333333333334,24.583333333333332,5.0,AGRICOLA
S306617M-8101689,5,0,1.8693877551020408,73.54166666666667,15.0,AGRICOLA
S306618M-8101704,6,0,1.0949074074074074,62.75,0.0,AGRICOLA
S306619M-8108201,2,0,5.321111111111111,62.833333333333336,0.0,AGRICOLA
S306622M-8106295,5,0,2.084788191606373,129.58333333333334,0.0,AGRICOLA
S306623M-8106287,1,0,5.333333333333334,21.208333333333332,0.0,AGRICOLA
S306633M-8105987,3,0,2.8,30.583333333333332,0.0,AGRICOLA
S306634M-8105976,4,0,4.481481481481482,42.083333333333336,0.0,AGRICOLA
S306638M-8106345,5,0,13.916666666666666,58.0,1.0,AGRICOLA
S306639M-8106002,5,0,8.877142857142857,46.666666666666664,0.0,AGRICOLA
S306640M-8106349,1,0,0.0,0.0,0.0,AGRICOLA
S306645M-8106351,2,0,2.0,18.25,18.0,AGRICOLA
S306646M-8105981,7,0,4.132275132275132,62.083333333333336,0.0,AGRICOLA
S306650M-8105213,4,1,5.888888888888889,42.833333333333336,0.0,AGRICOLA
S306655M-8106008,2,0,4.657407407407407,41.375,0.0,AGRICOLA
S306660M-8106277,2,0,276.0,17.458333333333332,0.0,AGRICOLA
S306662M-8105982,2,0,11.333333333333332,72.5,0.0,AGRICOLA
S306664M-8105979,1,0,13.0,22.791666666666668,0.0,AGRICOLA
S306670M-8107261,2,0,2.9166666666666665,16.875,0.0,AGRICOLA
S306673M-8107263,2,0,2.555555555555556,25.291666666666668,0.0,AGRICOLA
S306677M-8107274,2,0,6.0,25.0,0.0,AGRICOLA
S306681M-8108197,7,0,4.263265306122449,113.16666666666667,0.0,AGRICOLA
S306682M-8107266,3,0,15.148148148148147,23.708333333333332,0.0,AGRICOLA
S306683M-8106281,4,0,3.4722222222222228,1.625,0.0,AGRICOLA
S306684M-8107258,14,0,4.976227476227477,122.0,0.0,AGRICOLA
S306685M-8108478,2,0,5.722222222222222,25.541666666666668,0.0,AGRICOLA
S306687M-8108191,1,0,12.666666666666668,14.375,0.0,AGRICOLA
S306688M-8108212,8,0,2.7142857142857144,112.08333333333333,0.0,AGRICOLA
S306693M-8108185,2,0,12.666666666666668,18.5,0.0,AGRICOLA
S306695M-8108204,4,0,2.2074074074074073,42.208333333333336,0.0,AGRICOLA
S306710M-8108187,2,0,0.0,16.0,0.0,AGRICOLA
S306713M-8107255,3,0,2.5117460317460316,93.79166666666667,0.0,AGRICOLA
S306718M-8106298,2,0,4.5055555555555555,57.958333333333336,0.0,AGRICOLA
S306726M-8102105,2,0,4.0,14.708333333333334,0.0,AGRICOLA
S306727M-8109012,3,0,6.388888888888889,36.958333333333336,0.0,AGRICOLA
S306728M-8109010,1,0,13.0,19.916666666666668,0.0,AGRICOLA
S306729M-8109008,4,0,6.5,36.75,0.0,AGRICOLA
S306730M-8109013,8,0,110.509410430839,63.791666666666664,0.0,AGRICOLA
S306731M-8108694,5,0,6.076388888888889,59.375,0.0,AGRICOLA
S306732M-8108693,4,0,4.652777777777778,44.5,0.0,AGRICOLA
S306733M-8108696,1,0,6.0,15.541666666666666,0.0,AGRICOLA
S306734M-8108686,2,0,0.0,21.75,0.0,AGRICOLA
S306735M-8108689,3,1,3.7644444444444445,69.0,0.0,AGRICOLA
S306736M-8108690,4,0,18.194444444444443,41.25,0.0,AGRICOLA
S306737M-8108692,1,0,0.16666666666666669,24.666666666666668,0.0,AGRICOLA
S306738M-8108688,2,0,1.9090889049222382,72.70833333333333,0.0,AGRICOLA
S306741M-8109782,3,0,5.286666666666667,67.33333333333333,0.0,AGRICOLA
S306743M-8113316,3,0,12.541666666666666,48.083333333333336,0.0,AGRICOLA
S306747M-8113306,3,0,3.9444444444444446,16.541666666666668,21.0,AGRICOLA
S306749M-8109796,3,0,161.16666666666666,22.125,0.0,AGRICOLA
S306750M-8109805,1,0,7.655555555555556,49.708333333333336,0.0,AGRICOLA
S306753M-8109802,2,0,6.0,15.375,0.0,AGRICOLA
S306760M-8109790,1,0,16.333333333333332,10.041666666666666,0.0,AGRICOLA
S306764M-8109794,11,1,1.116883116883117,120.5,0.0,AGRICOLA
S306767M-8114112,3,0,198.33333333333334,21.125,21.0,AGRICOLA
S306768M-8114344,3,0,55.333333333333336,18.958333333333332,0.0,AGRICOLA
S306769M-8114113,3,0,187.16666666666666,18.833333333333332,0.0,AGRICOLA
S306770M-8114141,3,0,11.166666666666668,25.708333333333332,0.0,AGRICOLA
S306771M-8114136,2,0,6.666666666666667,13.25,133.0,AGRICOLA
S306773M-8113998,2,0,10.0,11.916666666666666,0.0,AGRICOLA
S306775M-8114331,1,0,19.037037037037038,31.791666666666668,0.0,AGRICOLA
S306776M-8113995,2,0,0.0,14.166666666666666,0.0,AGRICOLA
S306779M-8114350,2,0,3.1203703703703702,28.583333333333332,0.0,AGRICOLA
S306780M-8114337,5,0,2.66984126984127,62.708333333333336,0.0,AGRICOLA
S306783M-8114332,7,0,4.170129870129871,104.75,0.0,AGRICOLA
S306786M-8114135,7,0,1.8595899470899473,97.58333333333333,74.0,AGRICOLA
S306789M-8113297,5,0,4.9125000000000005,63.041666666666664,0.0,AGRICOLA
S306791M-8114115,4,0,91.33333333333333,31.083333333333332,0.0,AGRICOLA
S306794M-8114335,1,0,8.333333333333332,19.125,242.0,AGRICOLA
S306796M-8114347,2,0,19.416666666666668,38.541666666666664,0.0,AGRICOLA
S306797M-8116185,1,0,190.0,11.041666666666666,0.0,AGRICOLA
S306798M-8114106,3,0,15.5,44.0,0.0,AGRICOLA
S306801M-8116075,2,0,4.083333333333333,30.083333333333332,0.0,AGRICOLA
S306803M-8116078,3,0,96.83333333333333,36.333333333333336,15.0,AGRICOLA
S306804M-8116077,3,1,32.0,84.95833333333333,0.0,AGRICOLA
S306805M-8116081,1,0,13.0,20.25,0.0,AGRICOLA
S306806M-8116082,3,0,6.111111111111112,59.75,11.0,AGRICOLA
S306808M-8116074,3,0,81.54166666666667,47.958333333333336,0.0,AGRICOLA
S306817M-8114334,1,0,125.33333333333333,22.458333333333332,0.0,AGRICOLA
S306818M-8113993,2,0,7.111111111111111,45.833333333333336,0.0,AGRICOLA
S306821M-8113322,1,0,103.83333333333333,53.0,0.0,AGRICOLA
S306824M-8114354,1,0,26.0,11.166666666666666,0.0,AGRICOLA
S306827M-8114121,7,1,1.1490672026386313,107.04166666666667,0.0,AGRICOLA
S306832M-8117799,2,1,99.38055555555555,76.375,0.0,AGRICOLA
S306833M-8116190,2,0,10.236111111111112,43.166666666666664,0.0,AGRICOLA
S306835M-8114341,2,0,190.0,14.708333333333334,0.0,AGRICOLA
S306836M-8117602,4,1,8.305555555555555,63.791666666666664,0.0,AGRICOLA
S306838M-8114108,1,1,13.657407407407407,50.333333333333336,0.0,AGRICOLA
S306839M-8117596,2,0,19.333333333333332,32.0,0.0,AGRICOLA
S306840M-8117600,3,0,0.0,38.208333333333336,0.0,AGRICOLA
S306841M-8117472,1,1,3.175320711034997,153.66666666666666,164.0,AGRICOLA
S306843M-8119314,2,0,4.055555555555555,46.875,3.0,AGRICOLA
S306845M-8119313,1,0,74.0,14.333333333333334,0.0,AGRICOLA
S306847M-8119216,3,0,58.68055555555556,35.916666666666664,0.0,AGRICOLA
S306848M-8119217,1,0,130.0,10.166666666666666,0.0,AGRICOLA
S306852M-8119220,3,0,23.25,28.708333333333332,0.0,AGRICOLA
S306855M-8119316,1,0,12.666666666666668,17.458333333333332,76.0,AGRICOLA
S306857M-8119315,3,0,6.333333333333333,31.541666666666668,0.0,AGRICOLA
S306858M-8119312,6,0,9.242460317460317,75.91666666666667,0.0,AGRICOLA
S306860M-8119189,2,0,1.3333333333333333,40.333333333333336,0.0,AGRICOLA
S306862M-8119322,2,0,0.0,1.75,0.0,AGRICOLA
S306864M-8119214,1,0,2.0,12.083333333333334,0.0,AGRICOLA
S306865M-8119324,1,0,2.3333333333333335,21.875,49.0,AGRICOLA
S306866M-8119190,1,0,60.0,16.333333333333332,0.0,AGRICOLA
S306868M-8119188,2,0,204.99999999999997,21.75,0.0,AGRICOLA
S306870M-8119210,7,0,51.6712962962963,53.208333333333336,48.0,AGRICOLA
S306871M-8119191,2,0,12.0,11.041666666666666,0.0,AGRICOLA
S306872M-8119213,2,0,146.0,11.416666666666666,0.0,AGRICOLA
S306874M-8119211,5,0,1.9801587301587302,100.5,8.0,AGRICOLA
S306875M-8119225,3,0,70.61111111111111,43.958333333333336,0.0,AGRICOLA
S306876M-8119318,2,0,71.27777777777779,34.208333333333336,0.0,AGRICOLA
S306878M-8119183,6,0,0.3174603174603175,55.708333333333336,0.0,AGRICOLA
S306879M-8119187,9,0,5.087169312169312,114.25,17.0,AGRICOLA
S306881M-8117594,2,0,20.75,20.333333333333332,0.0,AGRICOLA
S306883M-8117598,3,1,1.1666666666666667,33.75,0.0,AGRICOLA
S306886M-8116191,4,1,22.11111111111111,6.75,0.0,AGRICOLA
S306887M-8117794,2,1,80.5,1.6666666666666667,78.0,AGRICOLA
S306888M-8117792,3,1,18.222222222222225,28.041666666666668,0.0,AGRICOLA
S306889M-8117788,5,0,10.315555555555555,24.625,0.0,AGRICOLA
S306890M-8117615,2,0,25.055555555555557,28.125,0.0,AGRICOLA
S306891M-8117606,1,1,38.642857142857146,0.8333333333333334,18.0,AGRICOLA
S306896M-8117787,3,0,54.14814814814815,27.208333333333332,0.0,AGRICOLA
S306897M-8117612,5,0,0.0,54.625,0.0,AGRICOLA
S306903M-8123836,4,1,16.01851851851852,16.333333333333332,0.0,AGRICOLA
S306906M-8122397,2,0,7.666666666666667,19.375,0.0,AGRICOLA
S306907M-8122391,2,0,110.00000000000001,9.5,0.0,AGRICOLA
S306908M,4,1,0.0,0.0,0.0,AGRICOLA
S306910M,2,0,108.0,10.0,1.0,AGRICOLA
S306912M-8120671,3,0,0.0,13.25,0.0,AGRICOLA
S306913M-8120672,3,0,13.833333333333332,24.833333333333332,0.0,AGRICOLA
S306927M-8119323,2,0,48.0,13.25,0.0,AGRICOLA
S306928M-8119828,3,0,9.666666666666668,25.25,0.0,AGRICOLA
S306929M-8119818,4,0,14.796296296296298,43.625,0.0,AGRICOLA
S306932M-8119827,3,0,6.333333333333333,11.75,0.0,AGRICOLA
S306933M-8121000,6,0,0.8148148148148149,80.45833333333333,0.0,AGRICOLA
S306938M-8121005,3,0,0.0,10.916666666666666,0.0,AGRICOLA
S306939M-8121002,13,1,0.08469791078486731,213.66666666666666,0.0,AGRICOLA
S306940M-8122210,2,0,0.0,21.958333333333332,0.0,AGRICOLA
S306948M-8122003,3,0,21.5,20.958333333333332,0.0,AGRICOLA
S306949M-8121998,3,0,70.16666666666667,34.583333333333336,0.0,AGRICOLA
S306950M-8121997,2,0,76.0,2.2083333333333335,26.0,AGRICOLA
S306954M-8122008,2,0,7.675793650793651,71.54166666666667,0.0,AGRICOLA
S306955M-8122208,2,0,48.0,9.916666666666666,0.0,AGRICOLA
S306963M-8124458,3,0,12.291666666666666,46.291666666666664,0.0,AGRICOLA
S306964M-8122204,2,0,111.5,24.583333333333332,0.0,AGRICOLA
S306965M-8122209,4,0,46.611111111111114,44.541666666666664,0.0,AGRICOLA
S306967M-8121004,1,0,0.0,4.916666666666667,0.0,AGRICOLA
S306968M-8121995,5,1,0.0,15.458333333333334,0.0,AGRICOLA
S306969M-8120669,2,0,20.166666666666668,20.458333333333332,0.0,AGRICOLA
S306970M-8120999,1,0,2.0,13.375,0.0,AGRICOLA
S306973M-8123749,2,0,5.847222222222222,59.583333333333336,0.0,AGRICOLA
S306974M-8123835,1,0,6.0,9.166666666666666,0.0,AGRICOLA
S306975M-8123752,2,0,6.481481481481481,32.666666666666664,27.0,AGRICOLA
S306976M-8122394,2,0,2.0,19.083333333333332,0.0,AGRICOLA
S306978M-8123751,3,0,95.72222222222223,30.375,0.0,AGRICOLA
S306984M-8123747,3,0,27.888888888888886,32.041666666666664,0.0,AGRICOLA
S306987M-8123746,2,0,66.66666666666667,29.166666666666668,0.0,AGRICOLA
S306988M-8123748,3,0,13.666666666666666,35.416666666666664,0.0,AGRICOLA
S306990M-8123223,3,1,0.0,29.375,0.0,AGRICOLA
S306991M-8122400,2,0,44.44444444444444,46.916666666666664,50.0,AGRICOLA
S306999M-8122396,2,0,3.777777777777778,36.791666666666664,4.0,AGRICOLA
S307000M-8122389,2,1,6.578584656084656,126.04166666666667,0.0,AGRICOLA
S307019M-8122563,2,0,0.0,12.416666666666666,0.0,AGRICOLA
S307020M-8122557,2,0,30.0,16.875,0.0,AGRICOLA
S307028M-8129044,3,0,0.0,39.583333333333336,0.0,AGRICOLA
S307029M-8129045,1,0,0.0,0.16666666666666666,0.0,AGRICOLA
S307030M-8123664,1,1,90.1111111111111,40.875,0.0,AGRICOLA
S307032M-8123679,9,0,0.0,104.58333333333333,0.0,AGRICOLA
S307034M-8123668,1,0,176.0,28.583333333333332,0.0,AGRICOLA
S307035M-8123659,2,0,12.0,14.375,0.0,AGRICOLA
S307036M-8123667,2,0,8.333333333333334,24.291666666666668,6.0,AGRICOLA
S307040M-8122576,3,0,47.0,22.833333333333332,0.0,AGRICOLA
S307043M-8123656,1,0,14.000000000000002,16.0,0.0,AGRICOLA
S307047M-8122651,1,0,52.36111111111111,45.958333333333336,0.0,AGRICOLA
S307049M-8123682,1,0,2.0,10.291666666666666,0.0,AGRICOLA
S307050M-6304389,1,0,12.0,12.583333333333334,0.0,AGRICOLA
S307060M-8130278,1,0,0.0,8.541666666666666,0.0,AGRICOLA
S307061M-8130294,4,0,0.0,50.083333333333336,0.0,AGRICOLA
S307062M-8130279,2,0,74.0,15.041666666666666,68.0,AGRICOLA
S307065M-6304387,2,1,12.333333333333334,25.916666666666668,100.0,AGRICOLA
S307069M-6304390,2,0,0.0,9.708333333333334,0.0,AGRICOLA
S307073M-6303648,3,0,0.0,31.791666666666668,0.0,AGRICOLA
S307074M-6304273,6,0,0.36111111111111116,18.583333333333332,0.0,AGRICOLA
S307075M-6304274,2,0,76.0,16.291666666666668,0.0,AGRICOLA
S307076M-6304275,2,0,32.0,8.583333333333334,0.0,AGRICOLA
S307081M-6306361,1,0,48.0,13.708333333333334,0.0,AGRICOLA
S307092M-6306244,3,0,46.666666666666664,28.416666666666668,0.0,AGRICOLA
S307093M-6306246,3,0,6.333333333333334,22.458333333333332,0.0,AGRICOLA
S307094M-6308653,3,0,8.333333333333334,20.333333333333332,0.0,AGRICOLA
S307095M-6306245,2,0,13.333333333333334,16.083333333333332,14.0,AGRICOLA
S307099M-6308603,3,1,4.0,20.791666666666668,99.0,AGRICOLA
S307114M-6307805,3,0,21.333333333333332,18.375,57.0,AGRICOLA
S402631M-8083122,5,0,11.563392857142857,49.75,0.0,AGRICOLA
S402638M-8084295,5,0,1.410813492063492,49.333333333333336,0.0,AGRICOLA
S402641M-8085714,1,0,0.7777777777777778,22.25,0.0,AGRICOLA
S402644M-8085202,5,0,1.6706349206349207,49.0,59.0,AGRICOLA
S402659M-8085981,3,0,7.766666666666667,32.208333333333336,0.0,AGRICOLA
S402670M-8088360,5,0,7.642526455026454,49.958333333333336,0.0,AGRICOLA
S402671M-8091411,1,1,0.1111111111111111,19.458333333333332,88.0,AGRICOLA
S402681M-8088354,2,0,0.08333333333333334,29.583333333333332,0.0,AGRICOLA
S402682M-8088634,2,0,1.2644083694083694,61.75,8.0,AGRICOLA
S402684M-8088351,2,1,3.0,20.75,1.0,AGRICOLA
S402687M-8089822,2,0,1.472222222222222,22.791666666666668,0.0,AGRICOLA
S402704M-8087426,8,0,3.718405139833711,91.70833333333333,0.0,AGRICOLA
S402707M-8091937,5,0,1.1879629629629629,65.29166666666667,0.0,AGRICOLA
S402712M-8090589,3,0,2.7666666666666666,37.291666666666664,0.0,AGRICOLA
S402713M-8093785,1,0,2.666666666666667,21.708333333333332,0.0,AGRICOLA
S402716M-8093786,1,0,0.0,18.916666666666668,38.0,AGRICOLA
S402727M-8093773,3,0,2.861111111111111,21.833333333333332,0.0,AGRICOLA
S402732M-8093495,2,0,3.3333333333333335,20.458333333333332,1.0,AGRICOLA
S402737M-8095779,1,0,6.666666666666667,12.25,0.0,AGRICOLA
S402739M-8095768,1,0,2.6666666666666665,24.333333333333332,0.0,AGRICOLA
S402741M-8095776,2,0,2.1883597883597887,62.666666666666664,0.0,AGRICOLA
S402744M-8097126,6,0,1.8596825396825398,61.916666666666664,0.0,AGRICOLA
S402750M-8095775,3,0,3.555555555555556,43.666666666666664,0.0,AGRICOLA
S402751M-8095815,3,0,3.5000000000000004,30.208333333333332,0.0,AGRICOLA
S402753M-8095781,6,1,4.866666666666667,65.5,120.0,AGRICOLA
S402754M-8095788,2,0,1.2962962962962965,33.0,0.0,AGRICOLA
S402755M-8095787,1,0,1.8511904761904763,49.666666666666664,0.0,AGRICOLA
S402761M-8099728,4,0,2.5703703703703704,53.166666666666664,0.0,AGRICOLA
S402762M-8099491,2,0,13.0,23.625,0.0,AGRICOLA
S402763M-8099733,1,0,2.588888888888889,53.875,0.0,AGRICOLA
S402765M-8099730,1,0,1.0833333333333335,32.416666666666664,0.0,AGRICOLA
S402766M-8099732,5,0,2.1911111111111112,114.33333333333333,0.0,AGRICOLA
S402768M-8099738,2,0,2.177777777777778,64.41666666666667,0.0,AGRICOLA
S402770M-8101284,4,0,6.3351851851851855,36.25,0.0,AGRICOLA
S402771M-8099723,7,0,2.098185941043084,78.875,0.0,AGRICOLA
S402772M-8099755,10,0,1.0569829347607125,91.25,0.0,AGRICOLA
S402776M-8099726,5,0,4.022222222222222,85.41666666666667,16.0,AGRICOLA
S402787M-8099867,7,0,1.8014109347442682,102.83333333333333,0.0,AGRICOLA
S402791M-8101270,1,0,1.8740740740740742,45.083333333333336,0.0,AGRICOLA
S402792M-8099850,1,0,1.6666666666666667,29.875,0.0,AGRICOLA
S402793M-8101282,6,0,1.7254188712522047,78.66666666666667,0.0,AGRICOLA
S402794M-8101291,9,0,2.61755692866804,66.45833333333333,0.0,AGRICOLA
S402803M-8102705,8,0,1.2284202569916858,103.91666666666667,0.0,AGRICOLA
S402805M-8101861,2,0,1.888888888888889,58.875,0.0,AGRICOLA
S402808M-8102803,2,0,0.0,47.958333333333336,0.0,AGRICOLA
S402809M-8102805,4,0,5.4444444444444455,50.875,0.0,AGRICOLA
S402810M-8103402,1,0,9.722222222222223,47.416666666666664,9.0,AGRICOLA
S402811M-8103389,6,0,1.9462301587301587,101.66666666666667,0.0,AGRICOLA
S402814M-8103364,5,0,5.824801587301587,67.16666666666667,6.0,AGRICOLA
S402815M-8103357,2,0,13.0,11.916666666666666,174.0,AGRICOLA
S402816M-8101776,1,0,1.8333333333333333,23.0,0.0,AGRICOLA
S402821M-8102009,1,0,0.2222222222222222,33.208333333333336,0.0,AGRICOLA
S402824M-8101860,1,0,3.092592592592593,64.08333333333333,0.0,AGRICOLA
S402826M-8105960,7,0,1.548184223184223,113.5,0.0,AGRICOLA
S402828M-8105972,1,0,0.0,25.0,0.0,AGRICOLA
S402831M-8107799,3,0,2.5,24.041666666666668,0.0,AGRICOLA
S402832M-8104687,2,0,5.25,19.541666666666668,0.0,AGRICOLA
S402834M-8103398,5,0,0.6222222222222222,54.458333333333336,0.0,AGRICOLA
S402838M-8103390,1,0,1.9444444444444444,26.416666666666668,0.0,AGRICOLA
S402839M-8103383,1,0,2.666666666666667,26.875,0.0,AGRICOLA
S402840M-8103358,3,0,2.814814814814815,43.541666666666664,0.0,AGRICOLA
S402841M-8103367,2,0,1.0555555555555556,30.625,0.0,AGRICOLA
S402842M-8101770,3,0,0.0,0.0,0.0,AGRICOLA
S402843M-8103369,3,0,0.0,0.7916666666666666,0.0,AGRICOLA
S402846M-8107497,3,1,1.3569647283932997,84.16666666666667,0.0,AGRICOLA
S402847M,2,0,1.2773628405147817,133.08333333333334,0.0,AGRICOLA
S402848M-8107480,2,0,2.7222222222222228,36.541666666666664,0.0,AGRICOLA
S402849M-8107538,2,0,6.833333333333333,17.791666666666668,0.0,AGRICOLA
S402850M-8107443,5,0,2.7123015873015874,40.541666666666664,0.0,AGRICOLA
S402851M-8107504,1,0,13.333333333333334,15.333333333333334,0.0,AGRICOLA
S402853M-8101767,3,0,9.083333333333334,4.125,0.0,AGRICOLA
S402854M-8107494,3,0,1.7666666666666666,34.041666666666664,0.0,AGRICOLA
S402855M-8107858,1,0,13.333333333333334,19.416666666666668,0.0,AGRICOLA
S402856M-8107478,6,0,3.241904761904762,67.58333333333333,0.0,AGRICOLA
S402860M-8107790,1,1,11.777777777777779,19.166666666666668,0.0,AGRICOLA
S402861M-8107522,1,0,9.333333333333334,31.541666666666668,0.0,AGRICOLA
S402864M,1,0,2.3333333333333335,16.375,0.0,AGRICOLA
S402865M-8107882,4,0,58.72222222222223,41.666666666666664,0.0,AGRICOLA
S402867M-8107859,1,0,4.0,9.875,0.0,AGRICOLA
S402869M-8107862,2,0,4.472222222222222,59.25,0.0,AGRICOLA
S402871M-8107456,2,0,6.375,51.083333333333336,0.0,AGRICOLA
S402872M-8107876,5,0,3.5277777777777777,96.125,0.0,AGRICOLA
S402873M-8107530,6,1,10.787037037037038,54.833333333333336,0.0,AGRICOLA
S402874M-8107543,1,0,0.0,15.583333333333334,0.0,AGRICOLA
S402875M-8107840,4,0,0.0,54.625,0.0,AGRICOLA
S402877M-8108256,1,0,0.0,23.625,0.0,AGRICOLA
S402878M-8108263,6,0,4.131111111111111,61.041666666666664,0.0,AGRICOLA
S402880M-8108271,6,0,43.65555555555555,51.541666666666664,66.0,AGRICOLA
S402881M-8108264,1,0,102.0,13.416666666666666,0.0,AGRICOLA
S402882M-8108261,1,0,2.666666666666667,15.291666666666666,0.0,AGRICOLA
S402884M-8107442,1,0,1.6666666666666667,17.041666666666668,0.0,AGRICOLA
S402887M-8110216,2,0,4.166666666666667,28.333333333333332,13.0,AGRICOLA
S402888M,2,1,12.0,21.75,0.0,AGRICOLA
S402890M-8110888,4,0,1.062169312169312,63.041666666666664,221.0,AGRICOLA
S402891M-8110421,9,1,3.825305969750414,134.95833333333334,0.0,AGRICOLA
S402892M-8112802,2,0,3.3333333333333335,26.958333333333332,0.0,AGRICOLA
S402895M-8110878,1,0,26.0,17.75,0.0,AGRICOLA
S402903M-8110572,1,0,187.66666666666666,20.708333333333332,4.0,AGRICOLA
S402905M-8113431,1,1,1.4252645502645505,61.375,0.0,AGRICOLA
S402909M-8113423,2,0,3.2800000000000002,63.791666666666664,0.0,AGRICOLA
S402910M-8113430,8,0,8.11738683127572,86.08333333333333,0.0,AGRICOLA
S402911M-8113985,2,0,0.0,18.125,0.0,AGRICOLA
S402914M-8113328,2,0,25.333333333333336,20.291666666666668,0.0,AGRICOLA
S402915M-8113436,6,0,43.63392857142858,76.79166666666667,85.0,AGRICOLA
S402917M-8113428,2,0,150.0,25.666666666666668,0.0,AGRICOLA
S402922M-8117884,1,0,96.16666666666667,39.958333333333336,0.0,AGRICOLA
S402928M-8114100,1,0,11.0,15.583333333333334,143.0,AGRICOLA
S402935M-8117907,2,0,71.16666666666667,11.541666666666666,0.0,AGRICOLA
S402940M-8117908,2,0,12.0,11.75,0.0,AGRICOLA
S402944M-8123307,2,0,40.0,5.625,0.0,AGRICOLA
S402945M-8123306,1,0,4.0,10.375,0.0,AGRICOLA
S402948M-8122263,1,0,0.0,10.708333333333334,0.0,AGRICOLA
S402949M-8120995,1,0,8.0,17.583333333333332,0.0,AGRICOLA
S402951M-8123517,4,0,12.588095238095239,85.33333333333333,0.0,AGRICOLA
S402952M-8122260,1,0,2.4444444444444446,38.458333333333336,0.0,AGRICOLA
S402954M-8122502,1,0,12.34722222222222,53.625,0.0,AGRICOLA
S402956M-8122275,1,0,4.022222222222223,65.58333333333333,0.0,AGRICOLA
S402957M-8122267,4,0,90.22222222222223,32.208333333333336,0.0,AGRICOLA
S402959M-8122278,1,0,9.416666666666666,32.25,0.0,AGRICOLA
S402961M-8122279,3,0,63.0,22.375,0.0,AGRICOLA
S402962M-8122280,2,0,0.0,13.125,0.0,AGRICOLA
S402969M-8122483,2,0,64.0,21.875,0.0,AGRICOLA
S402971M-8122257,1,0,28.000000000000004,14.291666666666666,0.0,AGRICOLA
S402975M-8126640,3,0,3.848677248677249,65.91666666666667,0.0,AGRICOLA
S402976M-8126670,5,1,60.83597883597884,58.625,0.0,AGRICOLA
S402977M-8127456,1,0,30.944444444444443,31.458333333333332,0.0,AGRICOLA
S402979M-8127463,1,0,22.0,9.375,0.0,AGRICOLA
S402981M-8126678,1,0,89.0,21.875,0.0,AGRICOLA
S402988M-8130047,4,0,1.5,41.708333333333336,0.0,AGRICOLA
S402989M-8130083,5,1,18.343503487253486,115.29166666666667,0.0,AGRICOLA
S402994M-8131976,4,0,7.388888888888889,37.291666666666664,0.0,AGRICOLA
S402995M-8132038,1,0,17.14814814814815,26.875,6.0,AGRICOLA
S403002M-8132047,1,0,6.0,10.833333333333334,0.0,AGRICOLA
S403005M-8132052,2,1,13.333333333333334,14.5,0.0,AGRICOLA
S403006M-8132053,6,1,14.427777777777777,60.25,0.0,AGRICOLA
S403007M-8131484,2,0,21.333333333333332,23.416666666666668,0.0,AGRICOLA
S403011M-8131978,2,0,55.90277777777778,38.291666666666664,0.0,AGRICOLA
S403019M-8133164,3,0,23.833333333333332,15.916666666666666,0.0,AGRICOLA
S403020M-8131387,2,0,10.0,14.375,0.0,AGRICOLA
S403022M-6302504,5,0,11.75,40.333333333333336,0.0,AGRICOLA
S403024M-6302459,2,0,33.0,30.333333333333332,0.0,AGRICOLA
S403026M-6302374,2,0,7.000000000000001,13.75,0.0,AGRICOLA
S403028M-6304951,2,0,5.0,20.541666666666668,0.0,AGRICOLA
S403029M-6305005,1,0,4.0,12.25,0.0,AGRICOLA
S403030M-6305003,2,0,4.0,15.541666666666666,0.0,AGRICOLA
S403031M-6305086,2,0,12.0,16.416666666666668,7.0,AGRICOLA
S507100M,7,0,7.2405202821869485,69.08333333333333,0.0,AGRICOLA
S507296M-8078276,2,0,1.5638888888888889,59.5,34.0,AGRICOLA
S507388M-8083535,2,0,0.0,15.916666666666666,0.0,AGRICOLA
S507414M-8083727,2,0,1.5594246031746033,57.458333333333336,0.0,AGRICOLA
S507425M-8084172,5,0,2.455522486772487,51.0,29.0,AGRICOLA
S507427M-8084176,4,0,1.201851851851852,42.166666666666664,0.0,AGRICOLA
S507428M,2,0,4.444444444444445,15.541666666666666,0.0,AGRICOLA
S507434M-8084293,3,1,2.7083333333333335,32.666666666666664,11.0,AGRICOLA
S507438M-8084288,2,0,4.472222222222222,25.041666666666668,0.0,AGRICOLA
S507439M-8084296,2,0,2.166666666666667,20.041666666666668,0.0,AGRICOLA
S507446M-8084305,1,0,1.25,15.375,0.0,AGRICOLA
S507459M-8084304,4,0,1.601058201058201,38.791666666666664,0.0,AGRICOLA
S507461M-8085705,3,0,3.7222222222222223,28.583333333333332,0.0,AGRICOLA
S507465M-8085213,2,0,3.3333333333333335,15.75,0.0,AGRICOLA
S507469M-8084183,2,0,5.5,17.625,0.0,AGRICOLA
S507470M-8085177,1,0,2.0833333333333335,40.666666666666664,3.0,AGRICOLA
S507471M-8085181,3,0,2.986772486772487,35.916666666666664,0.0,AGRICOLA
S507479M-8085707,2,1,45.916666666666664,4.75,143.0,AGRICOLA
S507482M-8085706,5,0,19.54583333333333,50.208333333333336,0.0,AGRICOLA
S507489M-8085179,2,1,5.166666666666667,3.9583333333333335,181.0,AGRICOLA
S507494M-8085207,3,0,1.80005291005291,47.75,14.0,AGRICOLA
S507496M-8086272,4,0,1.0018518518518518,33.5,0.0,AGRICOLA
S507497M-8086279,2,0,2.05,26.083333333333332,0.0,AGRICOLA
S507506M-8086477,1,0,11.5,19.333333333333332,0.0,AGRICOLA
S507508M-8086485,4,0,2.625,49.083333333333336,0.0,AGRICOLA
S507530M-8086489,4,0,2.4126984126984126,31.583333333333332,0.0,AGRICOLA
S507537M-8086280,2,0,4.333333333333334,23.541666666666668,56.0,AGRICOLA
S507555M-8088315,1,0,6.166666666666667,18.791666666666668,0.0,AGRICOLA
S507570M-8089588,1,0,2.4333333333333336,45.75,1.0,AGRICOLA
S507572M-8089513,2,0,0.0,22.375,0.0,AGRICOLA
S507576M-8088310,2,0,3.4916666666666663,34.041666666666664,0.0,AGRICOLA
S507578M-8086472,6,0,1.6213183421516755,64.375,0.0,AGRICOLA
S507581M-8088340,1,0,2.041666666666667,27.166666666666668,0.0,AGRICOLA
S507591M-8089735,4,0,1.777777777777778,37.791666666666664,9.0,AGRICOLA
S507592M-8089736,2,0,6.333333333333334,24.833333333333332,0.0,AGRICOLA
S507600M-8089718,4,0,2.6462962962962964,39.875,0.0,AGRICOLA
S507601M,8,0,1.8413511092082522,91.5,0.0,AGRICOLA
S507605M-8089717,4,0,1.9975198412698414,48.5,0.0,AGRICOLA
S507615M-8088355,3,0,18.583333333333332,24.833333333333332,0.0,AGRICOLA
S507624M-8088730,3,0,6.347222222222222,26.416666666666668,0.0,AGRICOLA
S507627M,4,0,2.0833333333333335,41.708333333333336,0.0,AGRICOLA
S507631M-8088619,6,0,1.3376455026455027,61.25,0.0,AGRICOLA
S507632M-8088717,4,0,1.9044642857142857,41.0,0.0,AGRICOLA
S507635M-8088352,8,0,21.05268329554044,74.66666666666667,53.0,AGRICOLA
S507642M-8088350,5,0,1.6666666666666667,55.458333333333336,0.0,AGRICOLA
S507643M-8088341,5,0,0.0,46.208333333333336,0.0,AGRICOLA
S507644M-8089790,7,0,8.407958553791888,75.54166666666667,1.0,AGRICOLA
S507645M-8089817,7,0,0.8287037037037038,68.54166666666667,9.0,AGRICOLA
S507658M-8087472,4,0,3.0092592592592595,29.458333333333332,36.0,AGRICOLA
S507661M-8087427,2,0,1.3253968253968256,37.291666666666664,0.0,AGRICOLA
S507662M-8089582,5,0,5.308201058201059,45.208333333333336,0.0,AGRICOLA
S507667M-8089788,5,0,4.038525132275132,52.166666666666664,0.0,AGRICOLA
S507668M-8089804,2,0,6.857142857142858,24.666666666666668,0.0,AGRICOLA
S507669M-8089794,3,0,2.041666666666667,31.833333333333332,0.0,AGRICOLA
S507670M-8089786,3,0,2.833333333333333,34.0,0.0,AGRICOLA
S507678M-8089815,1,0,0.0,24.791666666666668,0.0,AGRICOLA
S507679M-8089803,7,0,15.72037037037037,64.83333333333333,0.0,AGRICOLA
S507680M-8089801,4,0,1.4814814814814816,42.75,0.0,AGRICOLA
S507681M-8089793,7,0,1.4145422478755814,59.291666666666664,185.0,AGRICOLA
S507683M-8087461,6,0,1.4666666666666668,53.958333333333336,0.0,AGRICOLA
S507684M-8087342,5,0,0.65,46.041666666666664,0.0,AGRICOLA
S507685M-8087465,5,0,0.0,56.791666666666664,0.0,AGRICOLA
S507688M-8089823,3,0,1.5416666666666667,31.0,0.0,AGRICOLA
S507690M-8089571,4,0,0.0,49.583333333333336,0.0,AGRICOLA
S507696M-8088732,4,1,2.1296296296296298,43.5,0.0,AGRICOLA
S507699M-8088738,9,0,0.48722943722943723,93.33333333333333,0.0,AGRICOLA
S507712M-8089507,1,1,1.775,39.458333333333336,0.0,AGRICOLA
S507720M-8087439,5,0,1.902777777777778,52.208333333333336,0.0,AGRICOLA
S507721M-8087424,2,0,2.666666666666667,25.0,0.0,AGRICOLA
S507732M,5,0,0.8541666666666667,36.166666666666664,0.0,AGRICOLA
S507733M,6,0,4.093333333333334,55.5,0.0,AGRICOLA
S507738M-8089589,3,0,0.0,0.0,0.0,AGRICOLA
S507739M-8089734,3,0,11.149999999999999,22.458333333333332,0.0,AGRICOLA
S507740M-8088727,1,0,2.4444444444444446,31.208333333333332,100.0,AGRICOLA
S507742M-8088726,2,1,2.2222222222222223,69.625,0.0,AGRICOLA
S507743M-8088625,4,0,4.333333333333333,37.625,0.0,AGRICOLA
S507744M-8089727,2,0,8.0,22.291666666666668,0.0,AGRICOLA
S507746M-8088740,4,0,1.848148148148148,34.5,0.0,AGRICOLA
S507751M-8088628,1,0,3.1527777777777777,19.125,104.0,AGRICOLA
S507757M-8088733,1,0,9.833333333333334,30.583333333333332,8.0,AGRICOLA
S507768M-8091416,2,0,2.3333333333333335,23.666666666666668,0.0,AGRICOLA
S507769M-8092420,2,0,3.3333333333333335,17.375,0.0,AGRICOLA
S507770M-8091912,3,0,55.22222222222222,32.541666666666664,92.0,AGRICOLA
S507771M-8091930,5,0,5.6213624338624335,47.916666666666664,0.0,AGRICOLA
S507777M-8091924,3,1,301.3333333333333,64.75,59.0,AGRICOLA
S507781M-8091927,7,0,1.1076152683295541,73.75,0.0,AGRICOLA
S507783M-8091922,4,0,1.4666666666666666,46.583333333333336,14.0,AGRICOLA
S507790M-8091946,8,0,0.47179275750704325,81.45833333333333,0.0,AGRICOLA
S507793M-8091934,4,0,1.1848544973544974,42.541666666666664,0.0,AGRICOLA
S507795M-8091419,5,0,3.6910846560846564,56.375,0.0,AGRICOLA
S507807M-8094666,4,0,3.844444444444445,36.5,1.0,AGRICOLA
S507809M-8094664,3,0,0.05555555555555555,26.5,0.0,AGRICOLA
S507810M-8094662,3,0,3.7222222222222223,26.458333333333332,0.0,AGRICOLA
S507812M-8094029,3,0,0.9612962962962964,45.166666666666664,0.0,AGRICOLA
S507816M-8094028,1,0,4.166666666666666,17.25,74.0,AGRICOLA
S507817M-8093910,1,0,0.5555555555555556,18.166666666666668,0.0,AGRICOLA
S507818M-8091947,8,0,2.2110312967455825,78.125,47.0,AGRICOLA
S507821M-8094583,1,0,6.361111111111111,27.958333333333332,0.0,AGRICOLA
S507826M-8093904,2,0,2.68968253968254,0.0,0.0,AGRICOLA
S507829M-8094659,6,0,1.313742584575918,58.625,0.0,AGRICOLA
S507830M-8094660,4,0,7.23126102292769,34.208333333333336,0.0,AGRICOLA
S507833M-8093775,3,0,2.216666666666667,39.5,0.0,AGRICOLA
S507834M-8093781,3,0,3.5,30.416666666666668,0.0,AGRICOLA
S507835M-8093780,5,0,2.7382936507936506,48.958333333333336,27.0,AGRICOLA
S507836M-8093776,2,0,4.333333333333334,26.833333333333332,0.0,AGRICOLA
S507841M-8094820,2,0,4.222222222222222,24.291666666666668,0.0,AGRICOLA
S507842M-8094814,6,0,3.2767075517075517,53.458333333333336,0.0,AGRICOLA
S507844M-8094816,1,0,1.9492283950617282,81.20833333333333,0.0,AGRICOLA
S507848M-8093492,3,0,30.972222222222225,46.541666666666664,1.0,AGRICOLA
S507855M-8093794,6,0,3.8777777777777778,56.833333333333336,3.0,AGRICOLA
S507857M-8093909,2,0,3.437037037037037,0.0,0.0,AGRICOLA
S507864M-8094009,6,0,2.4350088183421517,70.08333333333333,0.0,AGRICOLA
S507865M-8094023,4,0,2.5462962962962963,46.041666666666664,0.0,AGRICOLA
S507876M-8093491,5,0,3.337777777777778,54.0,0.0,AGRICOLA
S507877M-8093498,4,0,0.6166666666666667,43.041666666666664,0.0,AGRICOLA
S507880M-8093792,1,0,1.1666666666666667,26.0,0.0,AGRICOLA
S507882M-8093790,3,0,2.6916666666666664,25.708333333333332,0.0,AGRICOLA
S507883M-8093791,1,0,1.8042328042328044,43.166666666666664,0.0,AGRICOLA
S507886M-8095822,2,0,1.1656084656084658,59.333333333333336,34.0,AGRICOLA
S507888M-8095766,5,0,2.0024891774891778,44.083333333333336,0.0,AGRICOLA
S507890M-8095765,3,0,1.8611111111111112,34.5,211.0,AGRICOLA
S507891M-8095784,6,0,8.441005291005292,62.916666666666664,0.0,AGRICOLA
S507892M-8095777,7,0,5.861111111111112,68.16666666666667,0.0,AGRICOLA
S507893M-8095817,3,0,3.8333333333333335,31.125,0.0,AGRICOLA
S507894M-8095773,3,0,3.4444444444444446,35.916666666666664,0.0,AGRICOLA
S507895M-8095818,8,0,3.8205215419501135,80.75,0.0,AGRICOLA
S507896M-8097130,8,0,141.8373015873016,67.16666666666667,0.0,AGRICOLA
S507897M-8097142,8,0,81.55068027210883,73.125,11.0,AGRICOLA
S507898M-8097179,7,0,171.11111111111111,60.041666666666664,0.0,AGRICOLA
S507899M-8097189,7,0,86.50462962962962,66.16666666666667,38.0,AGRICOLA
S507902M-8097138,1,0,2.5,35.583333333333336,0.0,AGRICOLA
S507905M-8097146,3,0,3.7222222222222223,27.791666666666668,0.0,AGRICOLA
S507911M-8095790,5,0,8.463690476190477,51.083333333333336,0.0,AGRICOLA
S507912M-8095774,3,0,5.232010582010583,43.583333333333336,0.0,AGRICOLA
S507913M-8095767,1,0,9.833333333333334,20.041666666666668,0.0,AGRICOLA
S507915M-8099681,1,0,2.25,25.541666666666668,0.0,AGRICOLA
S507923M-8099678,5,0,0.4333333333333333,50.666666666666664,0.0,AGRICOLA
S507928M-8097188,2,0,2.1333333333333333,3.7083333333333335,255.0,AGRICOLA
S507929M-8097139,3,0,0.0,45.708333333333336,0.0,AGRICOLA
S507931M-8094824,3,0,0.0,0.0,0.0,AGRICOLA
S507932M-8097049,1,0,6.666666666666667,17.416666666666668,0.0,AGRICOLA
S507935M-8097054,2,0,6.0,14.25,0.0,AGRICOLA
S507937M-8097150,1,0,4.888888888888889,39.125,0.0,AGRICOLA
S507938M-8097135,1,0,3.022222222222222,46.416666666666664,10.0,AGRICOLA
S507942M-809728,3,0,0.0,0.16666666666666666,0.0,AGRICOLA
S507943M-8097186,6,0,1.0526014109347444,67.875,0.0,AGRICOLA
S507945M-8097019,5,0,2.439206349206349,52.666666666666664,0.0,AGRICOLA
S507947M-8097020,1,0,0.9583333333333333,30.458333333333332,0.0,AGRICOLA
S507949M-8097040,4,0,2.785714285714286,36.375,8.0,AGRICOLA
S507950M-8097017,10,0,1.2268549351882685,106.0,0.0,AGRICOLA
S507954M-8097180,2,0,4.716693121693121,52.666666666666664,0.0,AGRICOLA
S507955M-8097181,1,0,3.018518518518519,24.041666666666668,0.0,AGRICOLA
S507957M-8097147,3,0,2.1038359788359786,52.0,0.0,AGRICOLA
S507959M-8097022,2,0,4.166666666666666,12.416666666666666,0.0,AGRICOLA
S507960M-8097136,4,0,1.9406882679609951,89.91666666666667,71.0,AGRICOLA
S507961M-8097037,8,0,3.4205215419501136,75.95833333333333,0.0,AGRICOLA
S507966M-8097225,4,0,13.703703703703704,37.166666666666664,1.0,AGRICOLA
S507968M-8097223,4,0,6.055555555555556,32.75,0.0,AGRICOLA
S507969M-8097237,6,0,26.81111111111111,55.166666666666664,0.0,AGRICOLA
S507970M-8097247,6,0,224.1277777777778,51.791666666666664,0.0,AGRICOLA
S507971M-8097246,5,0,43.111111111111114,39.083333333333336,0.0,AGRICOLA
S507972M-8097183,6,0,34.03333333333334,55.791666666666664,0.0,AGRICOLA
S507974M-8097234,8,0,44.98253968253969,70.625,0.0,AGRICOLA
S507975M-8097229,2,0,14.000000000000002,50.458333333333336,0.0,AGRICOLA
S507976M-8097228,3,0,123.33333333333333,27.333333333333332,0.0,AGRICOLA
S507977M-8097245,5,0,1.8555026455026458,53.333333333333336,0.0,AGRICOLA
S507978M-8097231,6,0,1.5555555555555558,62.125,0.0,AGRICOLA
S507982M-8097243,4,0,3.027777777777778,36.333333333333336,25.0,AGRICOLA
S507983M-8097222,3,0,1.2847222222222223,46.208333333333336,19.0,AGRICOLA
S507984M-8097236,4,1,54.59259259259259,40.166666666666664,0.0,AGRICOLA
S507985M-8097221,6,0,39.011111111111106,58.958333333333336,0.0,AGRICOLA
S507986M-8097244,8,0,78.15702947845806,76.41666666666667,0.0,AGRICOLA
S507987M-8097233,7,0,26.624074074074073,68.16666666666667,0.0,AGRICOLA
S507988M-8097227,3,0,76.66666666666667,79.375,0.0,AGRICOLA
S507989M-8097235,4,0,13.037037037037038,31.708333333333332,0.0,AGRICOLA
S507990M-8097238,6,0,38.62222222222222,32.0,0.0,AGRICOLA
S507991M-8097232,3,0,1.625,29.541666666666668,0.0,AGRICOLA
S507992M-8097242,2,1,4.0,16.083333333333332,0.0,AGRICOLA
S507993M-8097230,3,0,1.4166666666666665,2.4166666666666665,0.0,AGRICOLA
S507995M-8097030,2,0,1.1666666666666667,14.833333333333334,0.0,AGRICOLA
S507996M-8097018,5,1,2.638888888888889,49.541666666666664,0.0,AGRICOLA
S507997M-8097028,2,0,3.283333333333333,47.583333333333336,0.0,AGRICOLA
S507998M-8097048,1,0,4.576388888888889,27.0,0.0,AGRICOLA
S508002M-8095789,2,0,0.0,15.708333333333334,0.0,AGRICOLA
S508003M-8095792,3,0,1.5580447330447331,71.20833333333333,0.0,AGRICOLA
S508006M,5,0,4.1218518518518525,1.4166666666666667,151.0,AGRICOLA
S508013M-8097144,2,0,16.0,16.708333333333332,0.0,AGRICOLA
S508016M-8097039,1,0,3.5,30.041666666666668,0.0,AGRICOLA
S508018M-8097029,1,0,2.555555555555556,7.958333333333333,0.0,AGRICOLA
S508020M-8097032,1,0,1.0666666666666667,32.333333333333336,0.0,AGRICOLA
S508021M-8097041,10,0,3.1830443098416956,100.16666666666667,0.0,AGRICOLA
S508022M-8099675,6,0,2.8153968253968253,56.333333333333336,0.0,AGRICOLA
S508023M-8099670,6,0,4.221931216931217,53.541666666666664,0.0,AGRICOLA
S508026M-8097140,4,0,1.5294642857142857,49.125,0.0,AGRICOLA
S508028M-8097034,2,1,5.444444444444445,33.208333333333336,0.0,AGRICOLA
S508029M-8099672,5,0,3.365396825396825,57.25,0.0,AGRICOLA
S508032M-8099851,5,0,2.2632275132275135,58.25,0.0,AGRICOLA
S508033M-8099721,5,0,2.641666666666667,54.291666666666664,0.0,AGRICOLA
S508035M-8099494,5,0,2.7319444444444447,41.958333333333336,0.0,AGRICOLA
S508036M-8099485,1,0,2.166666666666667,17.291666666666668,0.0,AGRICOLA
S508037M-8099489,3,0,0.4222222222222222,34.083333333333336,0.0,AGRICOLA
S508044M-8099749,4,0,4.564814814814815,34.833333333333336,0.0,AGRICOLA
S508045M-8099770,3,0,20.333333333333332,24.166666666666668,0.0,AGRICOLA
S508048M-8099772,3,0,2.5694444444444446,35.625,4.0,AGRICOLA
S508054M-8099766,4,0,2.487037037037037,39.75,0.0,AGRICOLA
S508056M-8099722,4,0,1.1833258912804367,132.58333333333334,0.0,AGRICOLA
S508057M-8099674,3,0,1.5152336860670192,81.41666666666667,68.0,AGRICOLA
S508058M-8099724,2,0,3.7666666666666666,59.708333333333336,0.0,AGRICOLA
S508063M-8099855,4,0,1.4014550264550263,42.166666666666664,0.0,AGRICOLA
S508065M-8099718,4,0,1.1277777777777778,24.333333333333332,0.0,AGRICOLA
S508070M-8099736,2,0,4.5,21.791666666666668,0.0,AGRICOLA
S508076M-8099744,1,0,9.555555555555555,30.625,0.0,AGRICOLA
S508079M-8099866,1,0,11.5,6.333333333333333,0.0,AGRICOLA
S508084M-8101278,1,0,1.7347222222222223,47.166666666666664,0.0,AGRICOLA
S508085M-8101288,5,0,1.5710978835978837,90.75,0.0,AGRICOLA
S508093M-8099862,3,0,16.88888888888889,29.958333333333332,13.0,AGRICOLA
S508094M-8101281,3,0,7.333333333333334,24.541666666666668,0.0,AGRICOLA
S508095M-8099857,6,1,5.180952380952382,68.375,0.0,AGRICOLA
S508102M-8105350,2,0,0.0,13.625,0.0,AGRICOLA
S508103M-8105346,7,0,1.9869047619047617,63.125,0.0,AGRICOLA
S508104M-8105335,4,0,3.1018518518518516,34.791666666666664,0.0,AGRICOLA
S508110M-8105347,4,0,2.2037037037037037,40.625,6.0,AGRICOLA
S508111M-8105339,2,0,10.0,14.083333333333334,0.0,AGRICOLA
S508113M-8105342,2,0,11.333333333333332,25.833333333333332,0.0,AGRICOLA
S508114M-8105379,7,0,1.601300705467372,67.25,14.0,AGRICOLA
S508119M-8105378,3,0,3.6666666666666665,4.416666666666667,0.0,AGRICOLA
S508120M-8105085,1,0,5.194444444444445,32.5,0.0,AGRICOLA
S508123M-8104590,2,0,2.4164021164021166,64.66666666666667,0.0,AGRICOLA
S508124M,1,0,13.333333333333334,1.125,0.0,AGRICOLA
S508134M-8104596,6,0,0.41111111111111115,103.83333333333333,0.0,AGRICOLA
S508136M,4,0,1.7481481481481482,6.875,0.0,AGRICOLA
S508142M-8105967,3,0,5.222222222222222,23.5,0.0,AGRICOLA
S508144M-8105974,5,0,14.273148148148149,43.5,0.0,AGRICOLA
S508149M-8105969,3,0,5.8,42.791666666666664,0.0,AGRICOLA
S508151M-8105966,3,0,91.66666666666667,22.791666666666668,0.0,AGRICOLA
S508152M-8105955,4,0,13.00925925925926,33.791666666666664,0.0,AGRICOLA
S508153M-8104583,5,0,2.261111111111111,61.5,0.0,AGRICOLA
S508158M-8104586,2,0,12.666666666666668,18.083333333333332,0.0,AGRICOLA
S508159M-8104544,2,0,0.0,0.0,0.0,AGRICOLA
S508163M-8104535,1,0,2.6166666666666667,56.875,0.0,AGRICOLA
S508165M-8104548,3,0,3.3611111111111107,27.666666666666668,0.0,AGRICOLA
S508166M-8104690,2,0,13.0,22.291666666666668,0.0,AGRICOLA
S508171M-8107460,2,0,2.666666666666667,21.708333333333332,0.0,AGRICOLA
S508172M,1,0,2.524074074074074,45.75,0.0,AGRICOLA
S508173M-8107878,5,0,4.381746031746031,55.875,0.0,AGRICOLA
S508175M-8104688,1,0,10.0,16.958333333333332,2.0,AGRICOLA
S508176M-8104686,5,0,3.397222222222222,42.75,0.0,AGRICOLA
S508177M-8104580,7,0,18.984391534391534,97.70833333333333,0.0,AGRICOLA
S508179M-8104591,1,0,1.5583333333333333,27.541666666666668,0.0,AGRICOLA
S508180M-8104584,2,0,2.036111111111111,61.0,0.0,AGRICOLA
S508181M,1,0,2.9722222222222223,26.291666666666668,0.0,AGRICOLA
S508182M-8104599,2,0,2.0,13.875,0.0,AGRICOLA
S508183M-8104692,3,0,2.9027777777777777,30.75,3.0,AGRICOLA
S508185M-8104538,2,0,2.9429629629629632,67.75,0.0,AGRICOLA
S508186M-8104536,8,0,1.1189143032893034,120.29166666666667,0.0,AGRICOLA
S508188M-8104543,1,0,3.5972222222222223,39.375,0.0,AGRICOLA
S508189M-8104577,1,0,0.2,30.375,0.0,AGRICOLA
S508190M-8104550,2,0,3.458333333333333,33.375,0.0,AGRICOLA
S508192M-8104597,2,0,0.0,34.041666666666664,188.0,AGRICOLA
S508194M-8104533,6,0,10.666666666666666,120.16666666666667,34.0,AGRICOLA
S508197M-8103165,4,0,0.0,41.583333333333336,0.0,AGRICOLA
S508201M-8104541,4,0,7.198412698412699,13.25,0.0,AGRICOLA
S508204M-8104694,1,0,3.0,22.375,0.0,AGRICOLA
S508205M-8104588,1,0,2.666666666666667,14.625,0.0,AGRICOLA
S508207M-8104589,1,0,19.333333333333332,25.291666666666668,0.0,AGRICOLA
S508208M-8105088,1,0,2.5805555555555557,71.75,0.0,AGRICOLA
S508209M-8104581,4,0,3.4444444444444446,40.958333333333336,0.0,AGRICOLA
S508210M-8102008,1,0,17.583333333333336,23.791666666666668,0.0,AGRICOLA
S508213M-8105170,1,0,3.814814814814815,58.333333333333336,0.0,AGRICOLA
S508216M-8105167,4,0,3.3333333333333335,3.1666666666666665,0.0,AGRICOLA
S508225M-8104598,2,0,7.166666666666666,23.208333333333332,0.0,AGRICOLA
S508229M-8103162,4,0,2.6666666666666665,36.25,0.0,AGRICOLA
S508232M-8103395,5,0,2.180555555555556,50.625,0.0,AGRICOLA
S508234M-8103161,2,0,12.666666666666668,16.25,0.0,AGRICOLA
S508236M-8103399,2,0,9.666666666666666,16.416666666666668,0.0,AGRICOLA
S508240M-8103375,1,0,4.0,9.916666666666666,0.0,AGRICOLA
S508242M-8103372,1,0,1.5555555555555556,46.958333333333336,0.0,AGRICOLA
S508244M,1,0,2.814814814814815,31.791666666666668,0.0,AGRICOLA
S508245M-8102699,7,0,1.7441718775052106,67.625,19.0,AGRICOLA
S508246M-8101276,6,0,3.2478571428571428,47.333333333333336,0.0,AGRICOLA
S508248M-8102810,3,0,5.055555555555556,27.333333333333332,0.0,AGRICOLA
S508250M-8103163,2,0,7.166666666666666,23.375,0.0,AGRICOLA
S508254M-8103388,6,0,1.6988095238095238,64.25,0.0,AGRICOLA
S508255M-8103159,3,0,3.4318452380952382,83.29166666666667,0.0,AGRICOLA
S508258M-8103361,1,0,5.055555555555555,25.833333333333332,0.0,AGRICOLA
S508259M-8103360,7,1,3.525036075036075,35.083333333333336,55.0,AGRICOLA
S508261M-8102809,4,0,6.376832955404383,62.25,0.0,AGRICOLA
S508264M-8103359,2,0,0.0,14.291666666666666,0.0,AGRICOLA
S508267M-8103385,10,0,2.5656619101063547,100.25,0.0,AGRICOLA
S508272M-8103287,9,0,1.0565728715728715,101.70833333333333,0.0,AGRICOLA
S508273M-8103351,5,0,3.7847222222222223,41.041666666666664,0.0,AGRICOLA
S508280M-8103365,5,0,13.9984126984127,47.541666666666664,0.0,AGRICOLA
S508290M-8102802,5,0,2.726349206349206,61.916666666666664,0.0,AGRICOLA
S508294M-8103401,2,1,4.333333333333334,4.875,0.0,AGRICOLA
S508295M-8103381,4,0,0.0,44.541666666666664,0.0,AGRICOLA
S508301M-8103404,6,0,2.0,54.25,0.0,AGRICOLA
S508305M-8103384,7,0,2.8513227513227517,59.083333333333336,14.0,AGRICOLA
S508308M-8099488,1,0,2.423611111111111,44.625,0.0,AGRICOLA
S508309M-8101857,3,1,61.111111111111114,50.25,0.0,AGRICOLA
S508311M-8099763,2,0,8.083333333333334,21.875,0.0,AGRICOLA
S508312M-8101777,1,0,1.597222222222222,30.25,0.0,AGRICOLA
S508313M-8101780,7,0,1.8508818342151674,58.375,0.0,AGRICOLA
S508314M-8101774,2,0,6.0,21.041666666666668,0.0,AGRICOLA
S508320M-8101782,1,0,2.077777777777778,41.875,0.0,AGRICOLA
S508328M-8102007,5,0,0.7047619047619047,62.958333333333336,0.0,AGRICOLA
S508332M-8101769,5,0,2.090079365079365,61.791666666666664,0.0,AGRICOLA
S508335M-8102004,1,0,0.0,20.375,0.0,AGRICOLA
S508341M-8107441,3,0,2.666666666666667,26.083333333333332,0.0,AGRICOLA
S508346M-8107500,5,0,3.5972222222222223,43.875,0.0,AGRICOLA
S508347M-8107848,2,0,6.5,22.25,0.0,AGRICOLA
S508348M-8107885,8,0,2.52099395313681,94.83333333333333,0.0,AGRICOLA
S508350M-8107477,2,0,0.0,19.875,0.0,AGRICOLA
S508352M-8107536,1,0,9.666666666666668,30.875,0.0,AGRICOLA
S508360M-8107496,2,0,27.75,23.25,0.0,AGRICOLA
S508361M-8105963,6,0,31.088888888888885,64.29166666666667,0.0,AGRICOLA
S508364M-8107451,3,0,44.50000000000001,27.041666666666668,0.0,AGRICOLA
S508365M-8107867,6,0,0.8666666666666668,62.458333333333336,0.0,AGRICOLA
S508367M-8107501,6,0,0.0,63.041666666666664,0.0,AGRICOLA
S508368M-8107846,9,0,0.5296296296296297,97.41666666666667,0.0,AGRICOLA
S508369M-8107524,4,0,3.3333333333333335,42.25,0.0,AGRICOLA
S508370M-8107452,2,0,1.8148148148148149,34.625,21.0,AGRICOLA
S508371M-8107438,4,1,1.8869047619047619,53.875,0.0,AGRICOLA
S508374M-8107535,3,0,5.555555555555555,30.875,25.0,AGRICOLA
S508378M-8107807,1,0,6.666666666666667,24.5,0.0,AGRICOLA
S508379M-8107472,12,0,1.959631726298393,124.08333333333333,0.0,AGRICOLA
S508380M-8107841,5,0,0.575,45.333333333333336,0.0,AGRICOLA
S508385M-8107792,4,0,1.611111111111111,33.0,0.0,AGRICOLA
S508387M-8107836,2,0,3.9629629629629632,38.875,0.0,AGRICOLA
S508393M-8107809,2,0,13.0,2.7916666666666665,0.0,AGRICOLA
S508395M-8107459,2,0,1.2222222222222223,28.291666666666668,0.0,AGRICOLA
S508398M-8107834,2,0,24.615740740740744,60.208333333333336,0.0,AGRICOLA
S508400M-8107523,1,0,1.7301587301587302,100.54166666666667,26.0,AGRICOLA
S508401M-8107539,2,0,13.0,17.791666666666668,0.0,AGRICOLA
S508403M-8107433,5,0,2.0625396825396827,67.04166666666667,0.0,AGRICOLA
S508404M-8107471,10,0,3.001523168189835,91.66666666666667,0.0,AGRICOLA
S508411M-8107883,3,0,5.111111111111111,30.75,0.0,AGRICOLA
S508416M-8107453,1,0,10.0,24.291666666666668,0.0,AGRICOLA
S508417M-8107838,2,0,2.0555555555555554,39.791666666666664,0.0,AGRICOLA
S508418M-8107479,2,0,1.4814814814814816,29.708333333333332,0.0,AGRICOLA
S508419M-8107434,1,0,11.0,10.375,0.0,AGRICOLA
S508422M-8107432,1,0,1.277777777777778,35.541666666666664,0.0,AGRICOLA
S508423M-8107808,3,0,3.8555555555555556,53.5,0.0,AGRICOLA
S508433M-8107490,3,0,7.5,29.375,0.0,AGRICOLA
S508435M-8108175,2,0,3.833333333333333,26.666666666666668,0.0,AGRICOLA
S508440M-8108224,2,0,1.5174603174603176,48.916666666666664,0.0,AGRICOLA
S508443M-8108229,5,0,1.5470238095238096,52.041666666666664,0.0,AGRICOLA
S508446M,3,1,1.7954144620811288,39.083333333333336,0.0,AGRICOLA
S508448M-8108232,3,0,8.75,26.5,0.0,AGRICOLA
S508450M-8108166,2,0,6.0,24.041666666666668,151.0,AGRICOLA
S508453M-8108223,3,0,1.8055555555555558,27.833333333333332,0.0,AGRICOLA
S508454M-8107503,2,0,5.055555555555555,38.791666666666664,0.0,AGRICOLA
S508455M-8108230,4,0,1.7685185185185182,39.875,0.0,AGRICOLA
S508456M-8107521,1,0,0.0,14.458333333333334,0.0,AGRICOLA
S508457M-8107845,4,0,6.37037037037037,42.041666666666664,0.0,AGRICOLA
S508459M-8107486,1,0,0.0,9.5,0.0,AGRICOLA
S508460M-8107540,7,0,4.944444444444445,70.25,82.0,AGRICOLA
S508462M-8107873,3,0,4.416666666666667,17.375,0.0,AGRICOLA
S508463M,1,0,5.5,15.625,0.0,AGRICOLA
S508466M-8107852,1,0,1.0833333333333335,20.083333333333332,0.0,AGRICOLA
S508468M-8107843,5,1,2.666666666666667,27.041666666666668,0.0,AGRICOLA
S508471M-8107866,2,0,9.5,12.541666666666666,0.0,AGRICOLA
S508472M-8107869,4,1,3.187037037037037,47.125,0.0,AGRICOLA
S508474M-8107839,3,0,0.9722222222222222,31.083333333333332,0.0,AGRICOLA
S508476M-8107485,6,0,14.022222222222222,52.875,0.0,AGRICOLA
S508478M-8107466,3,0,32.46666666666667,51.0,0.0,AGRICOLA
S508479M-8107875,9,0,3.227645502645503,97.91666666666667,0.0,AGRICOLA
S508480M-8107488,5,0,2.75,57.666666666666664,0.0,AGRICOLA
S508483M-8107473,7,0,0.5634920634920635,67.41666666666667,0.0,AGRICOLA
S508486M,1,0,1.6169047619047618,87.79166666666667,0.0,AGRICOLA
S508492M-8110573,9,0,1.3234953703703705,90.41666666666667,0.0,AGRICOLA
S508493M-8110565,6,1,7.355026455026456,68.54166666666667,64.0,AGRICOLA
S508494M-8107870,1,0,9.561111111111112,39.791666666666664,0.0,AGRICOLA
S508495M-8107493,3,0,38.75,24.541666666666668,0.0,AGRICOLA
S508496M-8107806,1,0,8.416666666666668,53.375,16.0,AGRICOLA
S508498M-8108171,2,0,100.0,17.291666666666668,0.0,AGRICOLA
S508499M-8108244,6,0,5.918888888888889,59.75,0.0,AGRICOLA
S508500M-8108269,6,0,10.559841269841272,65.41666666666667,9.0,AGRICOLA
S508501M-8108252,5,1,2.5889129389129386,92.375,0.0,AGRICOLA
S508504M-8108266,2,0,10.666666666666668,16.041666666666668,104.0,AGRICOLA
S508505M-8108265,2,0,134.0,7.041666666666667,0.0,AGRICOLA
S508506M-8108260,6,0,7.0765079365079355,66.16666666666667,0.0,AGRICOLA
S508507M-8108268,2,0,86.0,22.458333333333332,0.0,AGRICOLA
S508509M-8108258,2,0,35.0,30.208333333333332,0.0,AGRICOLA
S508510M-8108163,5,0,6.204444444444444,60.166666666666664,0.0,AGRICOLA
S508512M-8108227,3,0,18.083333333333332,24.208333333333332,0.0,AGRICOLA
S508513M-8108221,2,1,4.77037037037037,76.79166666666667,46.0,AGRICOLA
S508515M-8108172,3,0,17.527777777777775,0.7916666666666666,167.0,AGRICOLA
S508524M-8108257,2,0,0.0,13.0,0.0,AGRICOLA
S508525M-8108179,2,0,7.527777777777779,45.083333333333336,0.0,AGRICOLA
S508527M-8108254,2,0,0.0,15.0,0.0,AGRICOLA
S508536M-8110416,1,0,24.583333333333332,36.041666666666664,0.0,AGRICOLA
S508537M-8110405,2,0,2.719047619047619,43.0,0.0,AGRICOLA
S508541M-8110411,3,0,5.833333333333334,23.833333333333332,0.0,AGRICOLA
S508544M-8109979,1,0,34.5,22.0,0.0,AGRICOLA
S508545M-8109983,4,0,0.0,37.208333333333336,0.0,AGRICOLA
S508547M-8109982,4,0,2.685185185185185,37.583333333333336,0.0,AGRICOLA
S508548M-8109980,6,0,1.0,69.25,0.0,AGRICOLA
S508549M-8110208,3,0,38.55555555555556,29.916666666666668,0.0,AGRICOLA
S508551M-8110211,2,0,7.166666666666666,25.458333333333332,0.0,AGRICOLA
S508552M-8110213,5,1,0.0,95.375,0.0,AGRICOLA
S508554M-8110212,6,0,0.5555555555555556,71.70833333333333,0.0,AGRICOLA
S508556M-8110415,2,0,3.7407407407407405,43.375,0.0,AGRICOLA
S508557M-8110409,7,0,3.0357142857142856,94.45833333333333,0.0,AGRICOLA
S508558M-8110418,4,0,0.0,59.583333333333336,0.0,AGRICOLA
S508559M-8110217,4,0,135.16666666666666,37.666666666666664,0.0,AGRICOLA
S508560M-8110210,9,1,0.47619047619047616,100.83333333333333,0.0,AGRICOLA
S508565M-8108683,3,0,1.6666666666666667,0.4583333333333333,0.0,AGRICOLA
S508568M-8108676,3,0,9.5,42.0,0.0,AGRICOLA
S508569M-8108669,1,0,11.257777777777777,0.0,0.0,AGRICOLA
S508570M-8108675,2,0,0.0,19.541666666666668,0.0,AGRICOLA
S508573M-8108680,2,0,9.202777777777778,97.83333333333333,0.0,AGRICOLA
S508576M-8108679,4,0,24.833333333333332,32.416666666666664,0.0,AGRICOLA
S508581M-8108766,1,0,3.0,22.625,0.0,AGRICOLA
S508583M-8108764,2,0,1.6666666666666667,41.041666666666664,29.0,AGRICOLA
S508587M-8110555,5,0,23.430555555555557,59.791666666666664,0.0,AGRICOLA
S508599M-8110552,5,0,103.66666666666667,42.791666666666664,0.0,AGRICOLA
S508600M-8110578,2,0,0.0,15.875,0.0,AGRICOLA
S508601M-8110560,4,0,11.188888888888888,65.66666666666667,0.0,AGRICOLA
S508602M-8110583,3,0,4.754166666666666,57.041666666666664,0.0,AGRICOLA
S508603M-8110412,1,0,46.23611111111111,41.333333333333336,0.0,AGRICOLA
S508606M-8117887,4,0,27.962962962962965,20.041666666666668,0.0,AGRICOLA
S508607M-8108673,2,0,19.42361111111111,40.291666666666664,0.0,AGRICOLA
S508610M-8110413,3,0,17.818888888888885,65.20833333333333,0.0,AGRICOLA
S508613M-8122491,6,0,6.955555555555556,55.708333333333336,0.0,AGRICOLA
S508615M-8112799,5,0,0.0,60.375,0.0,AGRICOLA
S508618M-8112798,2,0,7.9259259259259265,31.041666666666668,0.0,AGRICOLA
S508620M-8112797,2,0,4.0,15.166666666666666,85.0,AGRICOLA
S508621M-8112808,4,0,2.2129629629629632,29.458333333333332,0.0,AGRICOLA
S508626M-8110876,3,0,14.333333333333334,26.166666666666668,0.0,AGRICOLA
S508627M-8110879,6,0,2.152777777777778,63.166666666666664,5.0,AGRICOLA
S508629M-8112796,3,0,25.361111111111114,10.291666666666666,0.0,AGRICOLA
S508630M-8112810,4,0,28.444444444444446,34.541666666666664,0.0,AGRICOLA
S508632M,6,0,0.9074074074074073,77.04166666666667,0.0,AGRICOLA
S508633M-8112800,6,0,5.109876543209876,72.70833333333333,0.0,AGRICOLA
S508634M-8112809,5,0,0.9555555555555555,65.25,0.0,AGRICOLA
S508635M-8112816,3,0,0.0,47.25,0.0,AGRICOLA
S508636M-8110885,6,0,0.0,96.45833333333333,0.0,AGRICOLA
S508637M,6,0,0.0,71.04166666666667,0.0,AGRICOLA
S508649M-8110884,2,0,5.333333333333334,14.416666666666666,0.0,AGRICOLA
S508650M-8110895,2,0,208.0,10.291666666666666,0.0,AGRICOLA
S508651M-8110892,3,0,5.333333333333334,16.416666666666668,0.0,AGRICOLA
S508653M-8110896,3,0,11.333333333333334,30.083333333333332,0.0,AGRICOLA
S508654M-8113335,4,0,78.4814814814815,27.5,44.0,AGRICOLA
S508657M-8113420,7,0,5.051549508692366,86.875,0.0,AGRICOLA
S508663M-8114090,2,0,10.305555555555557,43.291666666666664,0.0,AGRICOLA
S508667M-8114086,1,0,152.33333333333334,27.916666666666668,0.0,AGRICOLA
S508668M-8114103,1,0,3.25,30.5,0.0,AGRICOLA
S508671M-8114087,2,0,12.333333333333334,15.375,106.0,AGRICOLA
S508678M-8114095,1,0,69.91666666666666,34.708333333333336,0.0,AGRICOLA
S508689M-8113333,3,0,3.3930555555555553,59.958333333333336,0.0,AGRICOLA
S508690M-8113329,3,0,71.65277777777779,41.75,0.0,AGRICOLA
S508694M-8113990,1,0,10.712962962962962,54.833333333333336,0.0,AGRICOLA
S508698M-8113991,1,0,186.16666666666666,20.333333333333332,0.0,AGRICOLA
S508705M-8119368,1,0,17.916666666666668,21.625,0.0,AGRICOLA
S508727M-8117870,1,0,112.00000000000001,8.708333333333334,0.0,AGRICOLA
S508728M-8117894,2,0,0.0,5.541666666666667,0.0,AGRICOLA
S508732M-8117880,1,0,5.290277777777778,63.666666666666664,0.0,AGRICOLA
S508733M-8117896,2,0,59.0,28.083333333333332,0.0,AGRICOLA
S508735M-8117899,3,1,3.907407407407407,61.083333333333336,0.0,AGRICOLA
S508736M-8123260,2,0,41.166666666666664,21.458333333333332,0.0,AGRICOLA
S508740M-8120993,1,1,9.5,36.125,0.0,AGRICOLA
S508742M-8117895,1,0,68.0,11.583333333333334,0.0,AGRICOLA
S508754M-8120989,3,0,9.676757369614512,82.54166666666667,0.0,AGRICOLA
S508764M-8120982,1,0,38.5,32.583333333333336,0.0,AGRICOLA
S508767M-8120985,2,0,6.0,25.333333333333332,0.0,AGRICOLA
S508768M-8120986,1,0,66.02222222222223,52.75,0.0,AGRICOLA
S508771M-8122185,1,0,3.5,28.166666666666668,0.0,AGRICOLA
S508772M-8122182,9,0,2.1063786008230454,86.45833333333333,0.0,AGRICOLA
S508773M-8120980,2,0,7.000000000000001,32.958333333333336,0.0,AGRICOLA
S508774M-8121283,3,0,21.666666666666664,31.291666666666668,0.0,AGRICOLA
S508775M-8121160,2,0,2.666666666666667,25.25,0.0,AGRICOLA
S508776M-8121161,7,0,0.30158730158730157,81.20833333333333,0.0,AGRICOLA
S508777M-8120726,11,1,9.828077200577201,111.75,0.0,AGRICOLA
S508778M-8122503,1,0,36.833333333333336,25.041666666666668,0.0,AGRICOLA
S508779M-8122493,3,0,15.749999999999998,42.25,0.0,AGRICOLA
S508781M-8121273,1,0,144.0,12.375,0.0,AGRICOLA
S508784M-8123908,2,0,0.0,21.416666666666668,0.0,AGRICOLA
S508799M-8123300,1,0,6.7333333333333325,59.166666666666664,0.0,AGRICOLA
S508800M-8123555,3,0,9.75,29.625,0.0,AGRICOLA
S508807M-8122265,2,0,42.166666666666664,25.541666666666668,0.0,AGRICOLA
S508808M-8122180,1,0,97.83333333333333,21.541666666666668,0.0,AGRICOLA
S508809M-8122178,1,1,10.533333333333333,54.875,0.0,AGRICOLA
S508827M-8122216,1,0,6.916666666666666,29.416666666666668,0.0,AGRICOLA
S508828M-8122218,5,1,2.321405614587433,155.79166666666666,0.0,AGRICOLA
S508829M-8122221,1,0,298.0,11.958333333333334,0.0,AGRICOLA
S508830M-8122222,1,0,12.0,23.208333333333332,25.0,AGRICOLA
S508831M-8122219,4,0,2.451388888888889,75.125,0.0,AGRICOLA
S508832M-8122215,3,0,91.33333333333333,8.875,0.0,AGRICOLA
S508833M-8122217,7,0,15.375000000000002,64.25,0.0,AGRICOLA
S508834M-8122276,4,0,82.11111111111111,27.875,0.0,AGRICOLA
S508835M-8122274,2,0,13.0,8.5,0.0,AGRICOLA
S508836M-8122287,1,0,3.3333333333333335,1.5833333333333333,0.0,AGRICOLA
S508837M-8122283,2,0,1.484209656084656,6.0,0.0,AGRICOLA
S508838M-8122286,3,0,17.833333333333336,37.083333333333336,8.0,AGRICOLA
S508840M-8122269,11,1,9.385101010101009,96.875,16.0,AGRICOLA
S508842M-8121267,1,1,65.06944444444444,46.5,0.0,AGRICOLA
S508844M-8121272,2,0,184.0,16.125,0.0,AGRICOLA
S508845M-8121281,3,0,74.66666666666667,22.5,0.0,AGRICOLA
S508846M-8121275,1,0,0.0,18.916666666666668,0.0,AGRICOLA
S508848M-8121168,2,0,4.833333333333334,41.666666666666664,0.0,AGRICOLA
S508850M-8121157,8,0,6.013442460317461,103.125,0.0,AGRICOLA
S508853M-8121284,2,0,229.99999999999997,12.333333333333334,0.0,AGRICOLA
S508854M-8121169,9,0,4.6305555555555555,105.5,0.0,AGRICOLA
S508855M-8121266,3,0,88.33333333333333,16.166666666666668,0.0,AGRICOLA
S508857M-8121269,3,0,131.0,23.333333333333332,0.0,AGRICOLA
S508858M-8121286,2,0,138.0,16.625,0.0,AGRICOLA
S508859M-8121270,6,0,2.497777777777778,65.95833333333333,0.0,AGRICOLA
S508860M-8121278,2,0,33.0,26.041666666666668,0.0,AGRICOLA
S508861M-8124058,3,0,20.515555555555558,58.916666666666664,0.0,AGRICOLA
S508862M-8124059,5,0,17.588888888888892,59.875,0.0,AGRICOLA
S508872M-8121264,2,0,33.0,23.791666666666668,24.0,AGRICOLA
S508873M,1,0,11.36111111111111,38.875,67.0,AGRICOLA
S508877M-8121159,3,0,0.0,23.666666666666668,0.0,AGRICOLA
S508878M-8121277,3,0,0.0,25.541666666666668,0.0,AGRICOLA
S508880M-8121288,2,0,1.6666666666666667,20.666666666666668,0.0,AGRICOLA
S508883M-8121155,2,0,19.333333333333332,6.791666666666667,0.0,AGRICOLA
S508887M,3,0,0.0,34.625,0.0,AGRICOLA
S508888M,2,0,0.0,24.416666666666668,0.0,AGRICOLA
S508889M,8,0,0.15151515151515152,106.5,0.0,AGRICOLA
S508891M-8122481,5,0,57.6,13.5,0.0,AGRICOLA
S508892M-8122175,1,0,82.66666666666667,33.791666666666664,0.0,AGRICOLA
S508893M-8122196,3,0,144.0,24.583333333333332,0.0,AGRICOLA
S508894M-8122266,10,0,0.9533333333333334,124.70833333333333,0.0,AGRICOLA
S508897M-8122258,1,0,54.666666666666664,25.333333333333332,9.0,AGRICOLA
S508900M-8122198,1,0,33.38888888888889,27.75,0.0,AGRICOLA
S508901M-8122500,3,0,129.5,23.583333333333332,0.0,AGRICOLA
S508903M-8122268,7,0,1.2261904761904763,25.25,0.0,AGRICOLA
S508910M-8122506,1,0,3.0000000000000004,38.041666666666664,0.0,AGRICOLA
S508911M-8122482,3,0,21.583333333333332,37.833333333333336,11.0,AGRICOLA
S508912M-8123298,3,1,135.0,32.083333333333336,0.0,AGRICOLA
S508913M-8120984,3,0,11.166666666666668,28.5,0.0,AGRICOLA
S508914M-8123259,1,0,88.33333333333333,24.416666666666668,0.0,AGRICOLA
S508915M-8120977,1,0,36.833333333333336,22.541666666666668,0.0,AGRICOLA
S508916M-8121165,2,0,18.5,23.0,13.0,AGRICOLA
S508917M-8121158,2,0,28.666666666666668,24.25,0.0,AGRICOLA
S508918M-8121167,1,0,157.5,17.791666666666668,0.0,AGRICOLA
S508919M-8121162,2,0,46.444444444444436,23.541666666666668,0.0,AGRICOLA
S508920M-8123910,3,0,8.333333333333332,37.208333333333336,0.0,AGRICOLA
S508923M-8123909,9,1,0.11396011396011395,8.833333333333334,0.0,AGRICOLA
S508925M-8123911,3,0,0.0,0.7083333333333334,0.0,AGRICOLA
S508926M-8123912,3,0,0.0,25.541666666666668,0.0,AGRICOLA
S508929M-8123928,2,0,29.333333333333336,18.416666666666668,0.0,AGRICOLA
S508935M-8122494,2,0,26.0,15.25,10.0,AGRICOLA
S508936M-8122489,3,0,67.83333333333333,21.875,1.0,AGRICOLA
S508937M-8122498,3,0,19.416666666666668,35.083333333333336,0.0,AGRICOLA
S508940M-8125651,5,0,0.0,45.208333333333336,0.0,AGRICOLA
S508943M-8125659,1,0,9.0,16.25,0.0,AGRICOLA
S508945M-8122177,3,1,0.3611111111111111,47.041666666666664,0.0,AGRICOLA
S508946M-8125646,1,0,9.166666666666666,37.375,0.0,AGRICOLA
S508949M-8124197,1,0,158.66666666666666,20.541666666666668,0.0,AGRICOLA
S508950M-8124198,3,0,5.783730158730159,81.91666666666667,0.0,AGRICOLA
S508952M-8125858,3,0,54.722222222222214,49.75,51.0,AGRICOLA
S508959M-8125660,3,1,17.333333333333336,26.583333333333332,0.0,AGRICOLA
S508960M-8124200,4,0,3.314814814814815,45.166666666666664,0.0,AGRICOLA
S508963M-8123943,6,1,0.6,32.166666666666664,0.0,AGRICOLA
S508966M-8123940,3,0,3.25,35.625,0.0,AGRICOLA
S508967M-8123925,1,0,216.0,15.875,0.0,AGRICOLA
S508968M-8123941,2,0,23.895833333333332,48.833333333333336,0.0,AGRICOLA
S508971M-8124056,4,0,1.7685185185185184,52.083333333333336,0.0,AGRICOLA
S508974M-8124244,1,0,2.4722222222222223,39.75,0.0,AGRICOLA
S508975M-8124245,9,0,34.42469135802469,89.75,0.0,AGRICOLA
S508976M-8123935,2,0,10.0,15.541666666666666,0.0,AGRICOLA
S508979M-8125656,3,0,5.0,47.125,0.0,AGRICOLA
S508982M-8123921,4,1,5.851851851851852,46.625,0.0,AGRICOLA
S508986M-8124238,8,0,0.0,97.79166666666667,0.0,AGRICOLA
S508989M-8125653,1,0,92.0,7.5,0.0,AGRICOLA
S508990M-8124247,1,0,32.07222222222222,50.875,0.0,AGRICOLA
S508994M-8124199,2,0,10.0,15.0,0.0,AGRICOLA
S508996M-8123937,4,0,30.888888888888886,27.125,0.0,AGRICOLA
S508998M-8123926,2,0,90.0,0.16666666666666666,0.0,AGRICOLA
S509006M-8126666,1,0,11.0,15.833333333333334,0.0,AGRICOLA
S509009M-8126671,2,0,3.3148809523809524,92.75,0.0,AGRICOLA
S509010M-8126655,5,1,0.75,40.875,0.0,AGRICOLA
S509011M-8126623,5,0,0.0,36.625,0.0,AGRICOLA
S509013M-8126624,3,0,31.222222222222225,25.875,0.0,AGRICOLA
S509014M-8126668,2,0,0.0,30.25,0.0,AGRICOLA
S509016M-8126665,3,0,33.333333333333336,31.791666666666668,0.0,AGRICOLA
S509017M-8126656,1,0,2.3666666666666667,58.708333333333336,0.0,AGRICOLA
S509020M-8123934,2,0,94.0,22.875,0.0,AGRICOLA
S509023M-8127621,2,0,0.0,21.041666666666668,0.0,AGRICOLA
S509024M-8126631,2,0,10.666666666666668,18.041666666666668,3.0,AGRICOLA
S509025M-8126635,3,0,5.333333333333334,17.833333333333332,0.0,AGRICOLA
S509026M-8125814,2,0,6.333333333333334,26.375,0.0,AGRICOLA
S509030M-8125756,1,0,7.166666666666667,17.25,0.0,AGRICOLA
S509032M-8126620,2,0,10.222222222222223,32.458333333333336,0.0,AGRICOLA
S509033M-8126617,3,0,14.180555555555555,45.5,0.0,AGRICOLA
S509034M-8126625,4,0,47.5,42.291666666666664,1.0,AGRICOLA
S509035M-8126637,5,0,13.708333333333334,41.25,0.0,AGRICOLA
S509036M-8125811,3,0,4.666666666666667,23.916666666666668,0.0,AGRICOLA
S509037M-8126615,5,0,1.027777777777778,48.541666666666664,0.0,AGRICOLA
S509041M-8126679,2,1,7.527777777777778,47.208333333333336,0.0,AGRICOLA
S509043M-8126647,5,0,3.0833333333333335,55.458333333333336,0.0,AGRICOLA
S509046M-8125813,2,0,4.0,13.833333333333334,0.0,AGRICOLA
S509047M-8125755,2,0,12.333333333333334,43.166666666666664,0.0,AGRICOLA
S509050M-8126642,2,0,5.3388888888888895,56.375,0.0,AGRICOLA
S509052M-8125758,4,0,6.277777777777778,3.5416666666666665,14.0,AGRICOLA
S509054M-8126667,2,0,7.919179894179893,3.75,0.0,AGRICOLA
S509055M-8125652,2,0,36.077777777777776,46.333333333333336,0.0,AGRICOLA
S509056M-8126643,1,1,7.492828720101448,123.75,0.0,AGRICOLA
S509058M-8126650,2,0,0.0,15.458333333333334,0.0,AGRICOLA
S509059M-8126646,2,0,8.166666666666668,21.75,0.0,AGRICOLA
S509060M-8126664,2,0,4.583333333333334,56.916666666666664,31.0,AGRICOLA
S509064M-8126672,2,1,2.0,20.458333333333332,0.0,AGRICOLA
S509065M-8126621,5,0,60.277777777777786,50.75,0.0,AGRICOLA
S509067M-8125856,8,0,4.512925170068027,68.83333333333333,0.0,AGRICOLA
S509069M-8125759,1,1,7.115740740740741,68.54166666666667,0.0,AGRICOLA
S509071M-8125817,1,0,30.0,15.833333333333334,0.0,AGRICOLA
S509072M-8125752,1,0,7.666666666666667,23.875,0.0,AGRICOLA
S509074M-8125754,7,0,68.37777777777778,27.583333333333332,0.0,AGRICOLA
S509075M-8125751,9,1,0.9865319865319866,31.5,0.0,AGRICOLA
S509076M-8125757,7,0,30.810185185185187,61.208333333333336,0.0,AGRICOLA
S509078M-8125812,1,0,6.222222222222222,39.541666666666664,0.0,AGRICOLA
S509079M-8125820,2,0,32.0,23.5,0.0,AGRICOLA
S509083M-8127567,3,0,5.416666666666667,35.083333333333336,7.0,AGRICOLA
S509084M-8127568,3,0,9.25,36.541666666666664,0.0,AGRICOLA
S509085M-8127564,2,1,5.333333333333334,28.666666666666668,0.0,AGRICOLA
S509086M-8127557,2,0,302.0,10.916666666666666,0.0,AGRICOLA
S509088M-8127569,5,0,70.875,27.375,0.0,AGRICOLA
S509089M-8126673,3,0,105.33333333333333,26.083333333333332,0.0,AGRICOLA
S509090M-8127625,3,0,73.16666666666666,0.0,0.0,AGRICOLA
S509091M-8126649,3,0,52.5,21.916666666666668,0.0,AGRICOLA
S509092M-8127471,6,0,1.3333333333333335,63.5,0.0,AGRICOLA
S509093M-8127550,1,0,36.21666666666667,52.833333333333336,0.0,AGRICOLA
S509095M-8127622,3,1,29.055555555555557,50.041666666666664,0.0,AGRICOLA
S509096M-8127444,2,0,19.666666666666668,19.916666666666668,0.0,AGRICOLA
S509098M-8127467,2,0,26.833333333333332,21.208333333333332,0.0,AGRICOLA
S509099M-8127457,2,0,120.0,15.625,0.0,AGRICOLA
S509100M-8125855,1,0,8.944444444444445,47.041666666666664,0.0,AGRICOLA
S509101M-8127620,3,0,27.166666666666668,17.958333333333332,0.0,AGRICOLA
S509103M-8128257,6,0,3.194444444444444,53.416666666666664,0.0,AGRICOLA
S509104M-8128206,5,0,40.09722222222223,66.75,0.0,AGRICOLA
S509106M-8128261,1,0,158.0,17.708333333333332,0.0,AGRICOLA
S509110M-8128265,1,0,85.77777777777777,56.791666666666664,0.0,AGRICOLA
S509111M-8128266,1,0,23.833333333333332,30.0,0.0,AGRICOLA
S509114M-8128264,5,0,0.5333333333333334,48.5,0.0,AGRICOLA
S509115M-8127546,2,0,74.0,15.666666666666666,0.0,AGRICOLA
S509116M-8127452,4,0,20.48888888888889,50.583333333333336,23.0,AGRICOLA
S509117M-8128269,4,0,6.711111111111111,55.208333333333336,0.0,AGRICOLA
S509118M-8127553,4,0,3.9666666666666672,53.375,0.0,AGRICOLA
S509119M-8127551,3,0,6.383333333333334,44.0,0.0,AGRICOLA
S509121M-8127566,2,0,20.59259259259259,34.875,4.0,AGRICOLA
S509124M-8127559,12,0,0.10101010101010101,110.70833333333333,0.0,AGRICOLA
S509125M-8128259,5,1,5.2666666666666675,11.416666666666666,0.0,AGRICOLA
S509126M-8128260,5,0,0.0,13.833333333333334,0.0,AGRICOLA
S509129M-8126644,2,0,6.0,14.416666666666666,39.0,AGRICOLA
S509130M-8127465,1,0,87.33333333333333,32.083333333333336,17.0,AGRICOLA
S509131M-8127565,1,0,134.0,11.375,0.0,AGRICOLA
S509132M-8127555,8,0,1.4333333333333333,84.91666666666667,0.0,AGRICOLA
S509134M-8127561,5,0,0.0,20.916666666666668,0.0,AGRICOLA
S509136M-8127448,3,0,18.333333333333332,16.208333333333332,52.0,AGRICOLA
S509137M-8127458,3,0,58.83333333333333,20.5,0.0,AGRICOLA
S509138M-8127447,3,0,19.0,14.583333333333334,0.0,AGRICOLA
S509139M-8127470,9,0,4.489980158730159,89.66666666666667,0.0,AGRICOLA
S509140M-8127461,10,0,4.0,101.41666666666667,0.0,AGRICOLA
S509143M-8127563,3,0,40.0,23.25,0.0,AGRICOLA
S509146M-8127446,4,0,21.88888888888889,55.375,0.0,AGRICOLA
S509147M-8127560,6,0,25.15555555555556,55.708333333333336,0.0,AGRICOLA
S509148M-8126651,1,0,62.0,13.125,0.0,AGRICOLA
S509149M-8127445,5,0,29.63888888888889,40.5,0.0,AGRICOLA
S509150M-8127548,3,0,46.666666666666664,26.458333333333332,12.0,AGRICOLA
S509153M-8127549,5,0,6.986111111111111,37.375,0.0,AGRICOLA
S509156M-8127443,1,0,16.59259259259259,29.833333333333332,0.0,AGRICOLA
S509157M-8127464,2,0,0.0,19.541666666666668,0.0,AGRICOLA
S509162M-8127468,2,0,0.0,15.375,0.0,AGRICOLA
S509164M-8127547,5,0,4.0,55.666666666666664,0.0,AGRICOLA
S509166M-8127450,2,0,0.0,3.125,0.0,AGRICOLA
S509167M-8129053,1,0,0.0,3.3333333333333335,0.0,AGRICOLA
S509168M-8129139,1,0,7.333333333333333,32.541666666666664,0.0,AGRICOLA
S509169M-8129073,4,0,9.0,9.541666666666666,0.0,AGRICOLA
S509173M-8129058,2,0,10.0,19.25,0.0,AGRICOLA
S509175M-8129065,7,0,2.598148148148148,92.33333333333333,0.0,AGRICOLA
S509177M-8129074,3,0,108.33333333333333,19.708333333333332,0.0,AGRICOLA
S509179M-8129052,5,1,88.16666666666667,56.166666666666664,35.0,AGRICOLA
S509180M-8129061,2,0,5.0,20.333333333333332,0.0,AGRICOLA
S509181M-8129056,4,0,0.851851851851852,12.583333333333334,0.0,AGRICOLA
S509183M-8129077,1,0,16.0,19.125,0.0,AGRICOLA
S509184M-8129050,2,0,13.333333333333334,11.708333333333334,11.0,AGRICOLA
S509185M-8129148,2,0,0.0,15.0,11.0,AGRICOLA
S509187M-8129057,4,0,69.22222222222221,33.625,0.0,AGRICOLA
S509188M-8129068,1,0,166.0,9.791666666666666,0.0,AGRICOLA
S509189M-8128203,3,0,85.66666666666667,24.583333333333332,0.0,AGRICOLA
S509190M-8129075,6,1,4.111111111111112,56.541666666666664,84.0,AGRICOLA
S509193M-8129078,6,0,1.6888888888888889,75.875,0.0,AGRICOLA
S509196M-8129145,2,0,18.746825396825393,75.875,0.0,AGRICOLA
S509197M-8129153,1,0,74.66666666666667,31.666666666666668,0.0,AGRICOLA
S509199M-8129684,2,0,42.0,14.75,0.0,AGRICOLA
S509203M-8129048,2,1,6.0,13.333333333333334,38.0,AGRICOLA
S509205M-8129055,3,0,59.0,22.041666666666668,0.0,AGRICOLA
S509206M-8129143,2,0,0.0,12.916666666666666,0.0,AGRICOLA
S509209M-8128256,2,0,0.0,12.166666666666666,0.0,AGRICOLA
S509212M-8129141,5,0,0.5333333333333334,10.416666666666666,0.0,AGRICOLA
S509216M-8129146,1,0,99.3888888888889,23.583333333333332,0.0,AGRICOLA
S509217M-8129049,6,0,3.655555555555556,59.625,0.0,AGRICOLA
S509221M-8129584,1,0,99.8888888888889,34.958333333333336,0.0,AGRICOLA
S509224M-8129583,3,1,26.622222222222224,61.375,0.0,AGRICOLA
S509225M-8129071,1,0,4.333333333333334,22.0,0.0,AGRICOLA
S509227M-8129140,4,1,29.222222222222225,47.083333333333336,0.0,AGRICOLA
S509229M-8130081,2,0,26.0,15.583333333333334,0.0,AGRICOLA
S509230M-8130094,3,0,9.25,22.166666666666668,0.0,AGRICOLA
S509231M-8130100,2,0,10.722222222222221,38.208333333333336,0.0,AGRICOLA
S509238M-8130105,1,0,24.0,10.166666666666666,0.0,AGRICOLA
S509245M-8130038,3,1,103.83333333333333,29.541666666666668,0.0,AGRICOLA
S509250M-8130063,2,0,0.0,15.458333333333334,0.0,AGRICOLA
S509256M-8130010,6,1,22.77777777777778,45.541666666666664,31.0,AGRICOLA
S509267M-8130057,1,0,4.333333333333334,30.958333333333332,0.0,AGRICOLA
S509268M-8130058,3,0,26.444444444444443,33.333333333333336,0.0,AGRICOLA
S509271M-8130064,2,0,10.666666666666668,22.0,0.0,AGRICOLA
S509273M-8130110,3,0,106.33333333333333,20.833333333333332,0.0,AGRICOLA
S509274M-8130066,2,0,49.55555555555556,52.125,0.0,AGRICOLA
S509276M-8130090,3,0,9.5,43.458333333333336,0.0,AGRICOLA
S509277M-8129686,4,0,7.805555555555555,48.041666666666664,0.0,AGRICOLA
S509278M-8129687,4,0,69.0,51.083333333333336,0.0,AGRICOLA
S509279M-8129688,5,0,4.783201058201058,67.33333333333333,0.0,AGRICOLA
S509280M-8130096,4,1,14.965277777777777,50.75,0.0,AGRICOLA
S509281M-8129577,2,0,0.0,0.75,0.0,AGRICOLA
S509282M-8129586,1,0,86.0,19.166666666666668,0.0,AGRICOLA
S509283M-8129689,4,0,98.5925925925926,27.25,34.0,AGRICOLA
S509284M-8129685,3,0,7.0,21.208333333333332,0.0,AGRICOLA
S509286M-8130011,2,1,103.61111111111111,48.0,0.0,AGRICOLA
S509288M-8130079,5,0,1.2,53.416666666666664,0.0,AGRICOLA
S509305M-8130018,3,0,52.30555555555556,40.166666666666664,0.0,AGRICOLA
S509307M-8130029,4,0,11.648511904761905,74.625,0.0,AGRICOLA
S509310M-8130108,4,0,0.0,41.083333333333336,0.0,AGRICOLA
S509315M-8130099,6,0,10.533333333333335,53.958333333333336,0.0,AGRICOLA
S509325M-8130071,2,0,188.0,18.458333333333332,0.0,AGRICOLA
S509326M-8130044,3,0,13.944444444444445,39.041666666666664,0.0,AGRICOLA
S509332M-8130093,2,1,0.0,21.458333333333332,0.0,AGRICOLA
S509335M-8131377,2,0,40.0,12.0,0.0,AGRICOLA
S509336M-8131369,1,0,40.5,24.125,0.0,AGRICOLA
S509343M-8131400,2,0,4.0,16.416666666666668,0.0,AGRICOLA
S509345M-8131374,1,0,7.194444444444445,45.083333333333336,72.0,AGRICOLA
S509346M-8131399,1,0,5.333333333333333,32.666666666666664,0.0,AGRICOLA
S509348M-8131364,2,0,0.0,18.458333333333332,0.0,AGRICOLA
S509349M-8131405,6,1,4.203703703703703,0.0,68.0,AGRICOLA
S509350M-8131404,4,0,0.8333333333333334,0.125,0.0,AGRICOLA
S509351M-8131368,6,0,0.0,54.25,0.0,AGRICOLA
S509352M-8131472,4,0,4.055555555555555,43.958333333333336,0.0,AGRICOLA
S509354M-8131367,3,0,0.0,16.708333333333332,0.0,AGRICOLA
S509358M-8131482,4,1,19.2,54.541666666666664,20.0,AGRICOLA
S509360M-8131476,3,0,16.0,17.25,15.0,AGRICOLA
S509361M-8130654,4,0,99.33333333333333,28.291666666666668,0.0,AGRICOLA
S509365M-8131480,6,0,0.25,0.0,0.0,AGRICOLA
S509367M-8131470,3,0,4.037037037037037,31.958333333333332,0.0,AGRICOLA
S509369M-8131408,4,0,5.462962962962963,44.25,0.0,AGRICOLA
S509371M-8131489,1,0,28.000000000000004,11.041666666666666,0.0,AGRICOLA
S509373M-8131481,1,0,6.0,14.333333333333334,38.0,AGRICOLA
S509381M-8131389,2,0,8.0,20.291666666666668,0.0,AGRICOLA
S509382M-8131977,3,0,23.333333333333336,20.5,0.0,AGRICOLA
S509383M-8132043,1,0,10.0,16.041666666666668,35.0,AGRICOLA
S509386M-8131698,1,0,78.0,10.125,0.0,AGRICOLA
S509401M-8131379,2,0,32.166666666666664,26.916666666666668,0.0,AGRICOLA
S509402M-8131471,1,0,3.833333333333333,24.958333333333332,0.0,AGRICOLA
S509403M-8131378,4,0,7.9444444444444455,39.666666666666664,12.0,AGRICOLA
S509406M-8131365,3,0,0.0,1.6666666666666667,0.0,AGRICOLA
S509407M-8131483,1,0,0.0,0.125,0.0,AGRICOLA
S509408M-8131490,3,1,0.0,0.4583333333333333,0.0,AGRICOLA
S509414M-8131477,3,0,6.666666666666667,17.083333333333332,0.0,AGRICOLA
S509418M-8131974,5,0,0.0,32.75,0.0,AGRICOLA
S509419M-8132049,4,1,0.8333333333333334,42.458333333333336,0.0,AGRICOLA
S509421M-8131697,4,0,5.092592592592593,60.5,71.0,AGRICOLA
S509428M-8133110,3,0,4.861111111111112,45.5,0.0,AGRICOLA
S509433M-8133163,2,0,10.0,12.708333333333334,0.0,AGRICOLA
S509434M-8133111,2,0,0.0,12.875,0.0,AGRICOLA
S509436M-8133123,2,0,40.0,9.875,0.0,AGRICOLA
S509437M-8133284,4,0,6.291666666666667,41.666666666666664,0.0,AGRICOLA
S509438M-8133119,4,0,28.61111111111111,28.375,0.0,AGRICOLA
S509442M-8132044,2,0,92.0,10.791666666666666,0.0,AGRICOLA
S509444M-8131393,2,0,28.000000000000004,16.666666666666668,0.0,AGRICOLA
S509445M-8131382,2,0,13.0,11.625,0.0,AGRICOLA
S509446M-8131402,1,0,2.0,9.333333333333334,0.0,AGRICOLA
S509449M-8130644,1,0,41.22222222222222,35.541666666666664,0.0,AGRICOLA
S509450M-8130651,2,0,2.0,17.625,9.0,AGRICOLA
S509452M-8130650,2,0,9.666666666666666,18.833333333333332,1.0,AGRICOLA
S509454M-8131385,2,0,7.000000000000001,27.958333333333332,0.0,AGRICOLA
S509455M-8130647,3,0,6.074074074074075,39.916666666666664,0.0,AGRICOLA
S509457M-6302506,2,0,12.0,12.0,0.0,AGRICOLA
S509458M-6302457,2,0,18.0,13.333333333333334,9.0,AGRICOLA
S509461M-6302477,1,0,5.333333333333334,19.166666666666668,0.0,AGRICOLA
S509462M-6302476,3,0,8.833333333333332,13.541666666666666,30.0,AGRICOLA
S509474M-6302699,6,1,9.866666666666667,59.125,0.0,AGRICOLA
S509475M-6302697,2,0,19.5,17.833333333333332,0.0,AGRICOLA
S509478M-6302800,2,0,46.0,15.541666666666666,0.0,AGRICOLA
S509481M-6302784,2,0,28.000000000000004,10.916666666666666,0.0,AGRICOLA
S509482M-6302731,2,0,11.666666666666668,21.791666666666668,0.0,AGRICOLA
S509484M-6302733,3,0,6.037037037037037,36.958333333333336,3.0,AGRICOLA
S509486M-6302754,1,0,80.0,12.916666666666666,0.0,AGRICOLA
S509491M-6302826,2,0,42.0,10.666666666666666,0.0,AGRICOLA
S509494M-6302878,2,0,13.833333333333334,27.833333333333332,0.0,AGRICOLA
S509506M-6302799,3,0,11.5,25.375,0.0,AGRICOLA
S509510M-6302880,3,0,5.166666666666667,16.666666666666668,83.0,AGRICOLA
S509512M-6308236,2,0,16.0,3.625,0.0,AGRICOLA
S509513M-6302910,5,0,4.805555555555555,42.791666666666664,231.0,AGRICOLA
S509515M-6308299,4,0,4.833333333333333,29.208333333333332,0.0,AGRICOLA
S509516M-6306336,4,0,4.851851851851852,27.333333333333332,15.0,AGRICOLA
S509518M-6306364,4,0,9.277777777777779,22.958333333333332,0.0,AGRICOLA
S509519M-6306338,2,0,231.99999999999997,3.0,0.0,AGRICOLA
S509522M-6306337,3,0,3.3333333333333335,22.0,34.0,AGRICOLA
S509525M-6306449,2,0,16.0,19.041666666666668,0.0,AGRICOLA
S509527M-6306462,3,0,17.037037037037035,30.208333333333332,29.0,AGRICOLA
S509529M-6306429,3,0,30.333333333333332,32.541666666666664,0.0,AGRICOLA
S509530M-6306450,1,0,4.0,12.666666666666666,0.0,AGRICOLA
S509533M-6306187,5,0,10.5625,41.916666666666664,67.0,AGRICOLA
S509534M-6306186,2,0,18.0,16.916666666666668,0.0,AGRICOLA
S509535M-6306184,4,0,6.027777777777778,45.291666666666664,0.0,AGRICOLA
S509539M-6306436,2,1,3.7555555555555555,55.791666666666664,0.0,AGRICOLA
S509540M-6306428,1,0,0.0,9.791666666666666,0.0,AGRICOLA
S509541M-6306448,3,0,19.333333333333332,27.625,0.0,AGRICOLA
S509543M-6304925,4,1,4.354166666666666,50.083333333333336,0.0,AGRICOLA
S509545M-6304991,3,0,0.0,26.5,0.0,AGRICOLA
S509546M-6305023,2,0,0.0,17.958333333333332,0.0,AGRICOLA
S509547M-6305002,2,0,13.333333333333334,16.0,6.0,AGRICOLA
S509548M-6308116,2,0,13.333333333333334,13.708333333333334,0.0,AGRICOLA
S509552M-6308113,2,0,7.333333333333334,26.791666666666668,0.0,AGRICOLA
S509556M-6306530,1,0,11.666666666666666,29.833333333333332,0.0,AGRICOLA
S509557M-6308194,4,1,0.0,40.5,0.0,AGRICOLA
S509558M-6308467,3,0,0.0,28.708333333333332,0.0,AGRICOLA
S509560M-6308468,2,0,6.666666666666667,11.0,0.0,AGRICOLA
S509561M-6308469,5,0,0.0,47.5,0.0,AGRICOLA
S509562M-6308115,2,0,0.0,20.375,0.0,AGRICOLA
S509564M-6308114,1,0,6.2592592592592595,34.833333333333336,16.0,AGRICOLA
S509575M-6305188,1,0,11.0,13.791666666666666,0.0,AGRICOLA
S509576M-6306439,3,0,0.0,37.208333333333336,0.0,AGRICOLA
S509579M-6304950,3,0,0.0,23.75,0.0,AGRICOLA
S509587M-6306547,2,0,6.0,16.416666666666668,0.0,AGRICOLA
S509588M-6306529,2,0,33.666666666666664,13.916666666666666,0.0,AGRICOLA
S509589M-6306531,1,0,72.0,10.0,0.0,AGRICOLA
S509592M-6306649,1,1,16.416666666666668,29.25,0.0,AGRICOLA
S509595M-6306650,1,0,28.000000000000004,19.166666666666668,0.0,AGRICOLA
S509599M-6304822,1,0,10.0,15.791666666666666,0.0,AGRICOLA
S509600M-6304443,1,0,52.0,10.333333333333334,0.0,AGRICOLA
S509602M-6304440,2,0,7.333333333333334,25.166666666666668,6.0,AGRICOLA
S509603M-6304441,2,0,52.0,15.541666666666666,0.0,AGRICOLA
S509610M-6304347,1,0,48.0,8.333333333333334,0.0,AGRICOLA
S509633M-6307882,3,1,0.0,24.958333333333332,0.0,AGRICOLA
S509634M-6307872,2,0,0.0,14.0,0.0,AGRICOLA
S509654M-6307827,2,0,0.0,0.16666666666666666,0.0,AGRICOLA
S509662M-6305004,2,0,13.333333333333334,11.083333333333334,0.0,AGRICOLA
S509665M-6304924,2,0,0.0,2.0833333333333335,0.0,AGRICOLA
S509674M-6304556,2,0,72.0,15.958333333333334,0.0,AGRICOLA
S509676M-6304780,2,0,10.0,12.416666666666666,0.0,AGRICOLA
S509744M-6316044,2,0,4.0,12.375,0.0,AGRICOLA
S509804M-6318356,3,1,1.6666666666666667,37.125,60.0,AGRICOLA
S509898M-6319520,1,0,0.0,15.625,216.0,AGRICOLA
S509993M-6320391,2,0,80.0,26.833333333333332,0.0,AGRICOLA
T049411M,2,0,4.583333333333333,21.708333333333332,0.0,AGRICOLA
T049451M,1,0,6.545194003527338,24.958333333333332,0.0,AGRICOLA
T049517M-715307455,1,0,13.0,26.208333333333332,0.0,AGRICOLA
T049653M,2,0,17.333333333333336,16.375,0.0,AGRICOLA
T049732M-715335039,4,0,2.6851851851851856,49.291666666666664,82.0,AGRICOLA
T049745M-715335037,2,0,1.7708994708994708,38.666666666666664,0.0,AGRICOLA
T049777M,2,0,5.166666666666667,24.541666666666668,139.0,AGRICOLA
T049863M,4,0,8.824074074074074,43.625,54.0,AGRICOLA
T049945M,5,0,13.722420634920635,51.25,0.0,AGRICOLA
T049959M-715348200,1,0,1.756613756613757,35.666666666666664,30.0,AGRICOLA
T049994M,1,0,0.0,9.958333333333334,0.0,AGRICOLA
T050043M,4,0,2.4307936507936505,65.08333333333333,0.0,AGRICOLA
T050055M,8,1,54.6873531230674,38.125,0.0,AGRICOLA
T050062M,4,0,11.64814814814815,31.625,0.0,AGRICOLA
T050080M,7,0,9.777481160814494,67.45833333333333,0.0,AGRICOLA
T050203M-715363826,1,0,1.4166666666666665,23.5,0.0,AGRICOLA
T050257M,1,0,1.670748299319728,69.16666666666667,0.0,AGRICOLA
T050293M-715367781,2,0,4.0,18.708333333333332,0.0,AGRICOLA
T050297M-715366896,2,0,0.3888888888888889,34.041666666666664,232.0,AGRICOLA
T050311M,1,0,2.466666666666667,21.583333333333332,0.0,AGRICOLA
T050332M-715371720,3,0,4.6759259259259265,47.083333333333336,0.0,AGRICOLA
T050373M-715370061,4,0,4.777777777777778,55.125,0.0,AGRICOLA
T050379M-715375873,3,0,1.4777777777777779,67.25,124.0,AGRICOLA
T050405M-715375870,5,0,6.131944444444445,59.083333333333336,0.0,AGRICOLA
T050410M-715377804,4,0,8.166666666666666,35.208333333333336,0.0,AGRICOLA
T050411M-715378248,1,0,9.083333333333334,36.166666666666664,0.0,AGRICOLA
T050420M-715378499,1,0,2.3333333333333335,46.375,0.0,AGRICOLA
T050423M,4,0,4.314814814814815,41.833333333333336,16.0,AGRICOLA
T050447M-715374125,1,0,5.027777777777778,35.041666666666664,0.0,AGRICOLA
T050471M-715375077,2,0,4.972222222222222,31.666666666666668,0.0,AGRICOLA
T050483M-715377399,1,0,167.33333333333334,9.208333333333334,0.0,AGRICOLA
T050487M-715376401,4,0,3.9111111111111114,58.458333333333336,0.0,AGRICOLA
T050516M-715377991,3,0,61.333333333333336,36.333333333333336,0.0,AGRICOLA
T050518M-715378502,1,0,2.5055555555555555,38.708333333333336,0.0,AGRICOLA
T050540M-715379494,2,0,6.166666666666667,25.791666666666668,0.0,AGRICOLA
T050554M-715379342,1,0,2.0,11.875,0.0,AGRICOLA
T050560M-715379341,1,0,11.666666666666666,21.916666666666668,0.0,AGRICOLA
T050562M-715377802,2,0,2.25,32.375,0.0,AGRICOLA
T050579M-715389560,2,0,90.0,20.041666666666668,0.0,AGRICOLA
T050606M-715405684,2,0,104.0,14.833333333333334,0.0,AGRICOLA
T050626M,3,0,70.5,27.625,0.0,AGRICOLA
T050689M-715407204,3,0,9.217857142857143,72.54166666666667,0.0,AGRICOLA
T050700M-715411674,4,0,5.814814814814814,64.08333333333333,0.0,AGRICOLA
T050746M-715410636,1,0,8.0,12.083333333333334,0.0,AGRICOLA
T050840M-715426070,3,0,77.40277777777777,33.875,0.0,AGRICOLA
T050845M-715425632,1,0,104.0,10.0,0.0,AGRICOLA
T050861M-715426432,3,0,13.5,9.083333333333334,0.0,AGRICOLA
T050962M-715435873,1,0,5.0740740740740735,56.416666666666664,0.0,AGRICOLA
T050987M-715435872,2,0,8.666666666666666,30.125,0.0,AGRICOLA
T050996M-715405511,1,0,115.99999999999999,17.75,0.0,AGRICOLA
T051025M-715433690,1,0,2.0,13.958333333333334,0.0,AGRICOLA
T051067M-715439506,1,0,21.666666666666668,23.583333333333332,0.0,AGRICOLA
T051078M-715441868,2,0,6.0,19.166666666666668,0.0,AGRICOLA
T051186M-715445601,1,0,42.0,9.416666666666666,0.0,AGRICOLA
T41421M-4848604,2,0,5.5,17.208333333333332,0.0,AGRICOLA
T48610M-715228941,1,0,3.1481481481481484,51.458333333333336,0.0,AGRICOLA
T49342M-715270606,1,0,1.866666666666667,26.291666666666668,0.0,AGRICOLA
T49350M-715270481,1,0,3.4027777777777777,32.125,0.0,AGRICOLA
